[2026-09-21 18:21:49 IST] INFO [Service Name -> bookstore-account-service], [TraceId -> ], [SpanId -> ] 
      <background-preinit> org.hibernate.validator.internal.util.Version : HV000001: Hibernate Validator 6.1.5.Final
[2026-09-21 18:21:52 IST] INFO [Service Name -> bookstore-account-service], [TraceId -> ], [SpanId -> ] 
      <main> org.springframework.context.support.PostProcessorRegistrationDelegate$BeanPostProcessorChecker : Bean 'org.springframework.cloud.autoconfigure.ConfigurationPropertiesRebinderAutoConfiguration' of type [org.springframework.cloud.autoconfigure.ConfigurationPropertiesRebinderAutoConfiguration] is not eligible for getting processed by all BeanPostProcessors (for example: not eligible for auto-proxying)
[2026-09-21 18:21:58 IST] INFO [Service Name -> bookstore-account-service], [TraceId -> ], [SpanId -> ] 
      <main> com.devd.spring.bookstoreaccountservice.BookstoreAccountServiceApplication : The following profiles are active: local
[2026-09-21 18:22:07 IST] INFO [Service Name -> bookstore-account-service], [TraceId -> ], [SpanId -> ] 
      <main> org.springframework.data.repository.config.RepositoryConfigurationDelegate : Bootstrapping Spring Data JPA repositories in DEFERRED mode.
[2026-09-21 18:22:07 IST] INFO [Service Name -> bookstore-account-service], [TraceId -> ], [SpanId -> ] 
      <main> org.springframework.data.repository.config.RepositoryConfigurationDelegate : Finished Spring Data repository scanning in 373ms. Found 3 JPA repository interfaces.
[2026-09-21 18:22:10 IST] INFO [Service Name -> bookstore-account-service], [TraceId -> ], [SpanId -> ] 
      <main> org.springframework.cloud.context.scope.GenericScope : BeanFactory id=c19287f0-2c68-3951-8c69-787e7c5975e6
[2026-09-21 18:22:12 IST] INFO [Service Name -> bookstore-account-service], [TraceId -> ], [SpanId -> ] 
      <main> org.springframework.context.support.PostProcessorRegistrationDelegate$BeanPostProcessorChecker : Bean 'org.springframework.security.access.expression.method.DefaultMethodSecurityExpressionHandler@1c84d80a' of type [org.springframework.security.access.expression.method.DefaultMethodSecurityExpressionHandler] is not eligible for getting processed by all BeanPostProcessors (for example: not eligible for auto-proxying)
[2026-09-21 18:22:12 IST] INFO [Service Name -> bookstore-account-service], [TraceId -> ], [SpanId -> ] 
      <main> org.springframework.context.support.PostProcessorRegistrationDelegate$BeanPostProcessorChecker : Bean 'methodSecurityMetadataSource' of type [org.springframework.security.access.method.DelegatingMethodSecurityMetadataSource] is not eligible for getting processed by all BeanPostProcessors (for example: not eligible for auto-proxying)
[2026-09-21 18:22:13 IST] INFO [Service Name -> bookstore-account-service], [TraceId -> ], [SpanId -> ] 
      <main> org.springframework.context.support.PostProcessorRegistrationDelegate$BeanPostProcessorChecker : Bean 'org.springframework.cloud.autoconfigure.ConfigurationPropertiesRebinderAutoConfiguration' of type [org.springframework.cloud.autoconfigure.ConfigurationPropertiesRebinderAutoConfiguration] is not eligible for getting processed by all BeanPostProcessors (for example: not eligible for auto-proxying)
[2026-09-21 18:22:14 IST] INFO [Service Name -> bookstore-account-service], [TraceId -> ], [SpanId -> ] 
      <main> org.springframework.boot.web.embedded.tomcat.TomcatWebServer : Tomcat initialized with port(s): 4001 (http)
[2026-09-21 18:22:14 IST] INFO [Service Name -> bookstore-account-service], [TraceId -> ], [SpanId -> ] 
      <main> org.apache.coyote.http11.Http11NioProtocol : Initializing ProtocolHandler ["http-nio-4001"]
[2026-09-21 18:22:14 IST] INFO [Service Name -> bookstore-account-service], [TraceId -> ], [SpanId -> ] 
      <main> org.apache.catalina.core.StandardService : Starting service [Tomcat]
[2026-09-21 18:22:14 IST] INFO [Service Name -> bookstore-account-service], [TraceId -> ], [SpanId -> ] 
      <main> org.apache.catalina.core.StandardEngine : Starting Servlet engine: [Apache Tomcat/9.0.38]
[2026-09-21 18:22:15 IST] INFO [Service Name -> bookstore-account-service], [TraceId -> ], [SpanId -> ] 
      <main> org.apache.catalina.core.ContainerBase.[Tomcat].[localhost].[/] : Initializing Spring embedded WebApplicationContext
[2026-09-21 18:22:15 IST] INFO [Service Name -> bookstore-account-service], [TraceId -> ], [SpanId -> ] 
      <main> org.springframework.boot.web.servlet.context.ServletWebServerApplicationContext : Root WebApplicationContext: initialization completed in 16479 ms
[2026-09-21 18:22:16 IST] WARN [Service Name -> bookstore-account-service], [TraceId -> ], [SpanId -> ] 
      <main> com.netflix.config.sources.URLConfigurationSource : No URLs will be polled as dynamic configuration sources.
[2026-09-21 18:22:16 IST] INFO [Service Name -> bookstore-account-service], [TraceId -> ], [SpanId -> ] 
      <main> com.netflix.config.sources.URLConfigurationSource : To enable URLs as dynamic configuration sources, define System property archaius.configurationSource.additionalUrls or make config.properties available on classpath.
[2026-09-21 18:22:16 IST] INFO [Service Name -> bookstore-account-service], [TraceId -> ], [SpanId -> ] 
      <main> com.netflix.config.DynamicPropertyFactory : DynamicPropertyFactory is initialized with configuration sources: com.netflix.config.ConcurrentCompositeConfiguration@27afbf14
[2026-09-21 18:22:17 IST] INFO [Service Name -> bookstore-account-service], [TraceId -> ], [SpanId -> ] 
      <main> com.zaxxer.hikari.HikariDataSource : HikariPool-1 - Starting...
[2026-09-21 18:22:17 IST] INFO [Service Name -> bookstore-account-service], [TraceId -> ], [SpanId -> ] 
      <main> com.zaxxer.hikari.HikariDataSource : HikariPool-1 - Start completed.
[2026-09-21 18:22:17 IST] INFO [Service Name -> bookstore-account-service], [TraceId -> ], [SpanId -> ] 
      <main> org.springframework.boot.autoconfigure.h2.H2ConsoleAutoConfiguration : H2 console available at '/h2-console'. Database available at 'jdbc:h2:mem:bookstore_db'
[2026-09-21 18:22:18 IST] WARN [Service Name -> bookstore-account-service], [TraceId -> ], [SpanId -> ] 
      <main> org.springframework.boot.actuate.endpoint.EndpointId : Endpoint ID 'service-registry' contains invalid characters, please migrate to a valid format.
[2026-09-21 18:22:20 IST] WARN [Service Name -> bookstore-account-service], [TraceId -> ], [SpanId -> ] 
      <main> org.springframework.cloud.sleuth.zipkin2.ZipkinAutoConfiguration : Check result of the [AsyncReporter{org.springframework.cloud.sleuth.zipkin2.sender.RestTemplateSender@350f18a6}] contains an error [CheckResult{ok=false, error=org.springframework.web.client.ResourceAccessException: I/O error on POST request for "http://localhost:9411/api/v2/spans": connect timed out; nested exception is java.net.SocketTimeoutException: connect timed out}]
[2026-09-21 18:22:23 IST] INFO [Service Name -> bookstore-account-service], [TraceId -> ], [SpanId -> ] 
      <main> org.flywaydb.core.internal.license.VersionPrinter : Flyway Community Edition 5.2.4 by Boxfuse
[2026-09-21 18:22:23 IST] INFO [Service Name -> bookstore-account-service], [TraceId -> ], [SpanId -> ] 
      <main> org.flywaydb.core.internal.database.DatabaseFactory : Database: jdbc:h2:mem:bookstore_db (H2 1.4)
[2026-09-21 18:22:23 IST] INFO [Service Name -> bookstore-account-service], [TraceId -> ], [SpanId -> ] 
      <main> org.flywaydb.core.internal.command.DbValidate : Successfully validated 2 migrations (execution time 00:00.234s)
[2026-09-21 18:22:24 IST] INFO [Service Name -> bookstore-account-service], [TraceId -> ], [SpanId -> ] 
      <main> org.flywaydb.core.internal.schemahistory.JdbcTableSchemaHistory : Creating Schema History table: "PUBLIC"."account_service_flyway_history"
[2026-09-21 18:22:24 IST] INFO [Service Name -> bookstore-account-service], [TraceId -> ], [SpanId -> ] 
      <main> org.flywaydb.core.internal.command.DbMigrate : Current version of schema "PUBLIC": << Empty Schema >>
[2026-09-21 18:22:24 IST] INFO [Service Name -> bookstore-account-service], [TraceId -> ], [SpanId -> ] 
      <main> org.flywaydb.core.internal.command.DbMigrate : Migrating schema "PUBLIC" to version 1 - account service schema
[2026-09-21 18:22:24 IST] INFO [Service Name -> bookstore-account-service], [TraceId -> ], [SpanId -> ] 
      <main> org.flywaydb.core.internal.command.DbMigrate : Migrating schema "PUBLIC" to version 2 - account service initial data
[2026-09-21 18:22:24 IST] INFO [Service Name -> bookstore-account-service], [TraceId -> ], [SpanId -> ] 
      <main> org.flywaydb.core.internal.command.DbMigrate : Successfully applied 2 migrations to schema "PUBLIC" (execution time 00:00.374s)
[2026-09-21 18:22:24 IST] INFO [Service Name -> bookstore-account-service], [TraceId -> ], [SpanId -> ] 
      <main> org.springframework.scheduling.concurrent.ThreadPoolTaskExecutor : Initializing ExecutorService 'applicationTaskExecutor'
[2026-09-21 18:22:25 IST] INFO [Service Name -> bookstore-account-service], [TraceId -> ], [SpanId -> ] 
      <task-1> org.hibernate.jpa.internal.util.LogHelper : HHH000204: Processing PersistenceUnitInfo [name: default]
[2026-09-21 18:22:25 IST] INFO [Service Name -> bookstore-account-service], [TraceId -> ], [SpanId -> ] 
      <task-1> org.hibernate.Version : HHH000412: Hibernate ORM core version 5.4.21.Final
[2026-09-21 18:22:26 IST] INFO [Service Name -> bookstore-account-service], [TraceId -> ], [SpanId -> ] 
      <task-1> org.hibernate.annotations.common.Version : HCANN000001: Hibernate Commons Annotations {5.1.0.Final}
[2026-09-21 18:22:27 IST] INFO [Service Name -> bookstore-account-service], [TraceId -> ], [SpanId -> ] 
      <task-1> org.hibernate.dialect.Dialect : HHH000400: Using dialect: org.hibernate.dialect.H2Dialect
[2026-09-21 18:22:31 IST] INFO [Service Name -> bookstore-account-service], [TraceId -> ], [SpanId -> ] 
      <task-1> org.hibernate.engine.transaction.jta.platform.internal.JtaPlatformInitiator : HHH000490: Using JtaPlatform implementation: [org.hibernate.engine.transaction.jta.platform.internal.NoJtaPlatform]
[2026-09-21 18:22:31 IST] INFO [Service Name -> bookstore-account-service], [TraceId -> ], [SpanId -> ] 
      <task-1> org.springframework.orm.jpa.LocalContainerEntityManagerFactoryBean : Initialized JPA EntityManagerFactory for persistence unit 'default'
[2026-09-21 18:22:36 IST] INFO [Service Name -> bookstore-account-service], [TraceId -> ], [SpanId -> ] 
      <main> org.springframework.boot.actuate.endpoint.web.EndpointLinksResolver : Exposing 22 endpoint(s) beneath base path '/actuator'
[2026-09-21 18:22:38 IST] INFO [Service Name -> bookstore-account-service], [TraceId -> ], [SpanId -> ] 
      <main> org.springframework.security.web.DefaultSecurityFilterChain : Creating filter chain: Ant [pattern='/v2/api-docs'], []
[2026-09-21 18:22:38 IST] INFO [Service Name -> bookstore-account-service], [TraceId -> ], [SpanId -> ] 
      <main> org.springframework.security.web.DefaultSecurityFilterChain : Creating filter chain: Ant [pattern='/configuration/ui'], []
[2026-09-21 18:22:38 IST] INFO [Service Name -> bookstore-account-service], [TraceId -> ], [SpanId -> ] 
      <main> org.springframework.security.web.DefaultSecurityFilterChain : Creating filter chain: Ant [pattern='/swagger-resources/**'], []
[2026-09-21 18:22:38 IST] INFO [Service Name -> bookstore-account-service], [TraceId -> ], [SpanId -> ] 
      <main> org.springframework.security.web.DefaultSecurityFilterChain : Creating filter chain: Ant [pattern='/configuration/**'], []
[2026-09-21 18:22:38 IST] INFO [Service Name -> bookstore-account-service], [TraceId -> ], [SpanId -> ] 
      <main> org.springframework.security.web.DefaultSecurityFilterChain : Creating filter chain: Ant [pattern='/swagger-ui.html'], []
[2026-09-21 18:22:38 IST] INFO [Service Name -> bookstore-account-service], [TraceId -> ], [SpanId -> ] 
      <main> org.springframework.security.web.DefaultSecurityFilterChain : Creating filter chain: Ant [pattern='/webjars/**'], []
[2026-09-21 18:22:39 IST] INFO [Service Name -> bookstore-account-service], [TraceId -> ], [SpanId -> ] 
      <main> org.springframework.security.web.DefaultSecurityFilterChain : Creating filter chain: OrRequestMatcher [requestMatchers=[Ant [pattern='/oauth/token'], Ant [pattern='/oauth/token_key'], Ant [pattern='/oauth/check_token']]], [org.springframework.security.web.context.request.async.WebAsyncManagerIntegrationFilter@52d181ed, org.springframework.security.web.context.SecurityContextPersistenceFilter@261b6c8c, org.springframework.security.web.header.HeaderWriterFilter@7b92ea9d, org.springframework.security.web.authentication.logout.LogoutFilter@3db5195, org.springframework.security.web.authentication.www.BasicAuthenticationFilter@4a8bf1dc, org.springframework.security.web.savedrequest.RequestCacheAwareFilter@548f4f60, org.springframework.security.web.servletapi.SecurityContextHolderAwareRequestFilter@6fd2acf5, org.springframework.security.web.authentication.AnonymousAuthenticationFilter@43efe064, org.springframework.security.web.session.SessionManagementFilter@1b5623b4, org.springframework.security.web.access.ExceptionTranslationFilter@20e3b165, org.springframework.security.web.access.intercept.FilterSecurityInterceptor@4fc2933e]
[2026-09-21 18:22:40 IST] INFO [Service Name -> bookstore-account-service], [TraceId -> ], [SpanId -> ] 
      <main> org.springframework.security.web.DefaultSecurityFilterChain : Creating filter chain: org.springframework.security.oauth2.config.annotation.web.configuration.ResourceServerConfiguration$NotOAuthRequestMatcher@5c81ddab, [org.springframework.security.web.context.request.async.WebAsyncManagerIntegrationFilter@24ee6faa, org.springframework.security.web.context.SecurityContextPersistenceFilter@3c74d846, org.springframework.security.web.header.HeaderWriterFilter@488b46da, org.springframework.web.filter.CorsFilter@6d4f266, org.springframework.security.web.authentication.logout.LogoutFilter@219dd935, org.springframework.security.oauth2.provider.authentication.OAuth2AuthenticationProcessingFilter@782143e8, org.springframework.security.web.savedrequest.RequestCacheAwareFilter@17fa14a3, org.springframework.security.web.servletapi.SecurityContextHolderAwareRequestFilter@5552d10, org.springframework.security.web.authentication.AnonymousAuthenticationFilter@6b756a62, org.springframework.security.web.session.SessionManagementFilter@5e777b0, org.springframework.security.web.access.ExceptionTranslationFilter@515d615, org.springframework.security.web.access.intercept.FilterSecurityInterceptor@96c840a]
[2026-09-21 18:22:40 IST] INFO [Service Name -> bookstore-account-service], [TraceId -> ], [SpanId -> ] 
      <main> org.springframework.security.web.DefaultSecurityFilterChain : Creating filter chain: any request, [org.springframework.security.web.context.request.async.WebAsyncManagerIntegrationFilter@2d3768ce, org.springframework.security.web.context.SecurityContextPersistenceFilter@3f838072, org.springframework.security.web.header.HeaderWriterFilter@fdf029a, org.springframework.web.filter.CorsFilter@2a9ea03f, org.springframework.security.web.authentication.logout.LogoutFilter@3a9040f0, org.springframework.security.web.authentication.www.BasicAuthenticationFilter@33214124, org.springframework.security.web.savedrequest.RequestCacheAwareFilter@46c9ee28, org.springframework.security.web.servletapi.SecurityContextHolderAwareRequestFilter@31f5ffb9, org.springframework.security.web.authentication.AnonymousAuthenticationFilter@1231f25c, org.springframework.security.web.session.SessionManagementFilter@63896cf7, org.springframework.security.web.access.ExceptionTranslationFilter@7fe0ca60]
[2026-09-21 18:22:40 IST] WARN [Service Name -> bookstore-account-service], [TraceId -> ], [SpanId -> ] 
      <main> com.netflix.config.sources.URLConfigurationSource : No URLs will be polled as dynamic configuration sources.
[2026-09-21 18:22:40 IST] INFO [Service Name -> bookstore-account-service], [TraceId -> ], [SpanId -> ] 
      <main> com.netflix.config.sources.URLConfigurationSource : To enable URLs as dynamic configuration sources, define System property archaius.configurationSource.additionalUrls or make config.properties available on classpath.
[2026-09-21 18:22:49 IST] WARN [Service Name -> bookstore-account-service], [TraceId -> ], [SpanId -> ] 
      <main> org.springframework.cloud.loadbalancer.config.BlockingLoadBalancerClientAutoConfiguration$BlockingLoadBalancerClientRibbonWarnLogger : You already have RibbonLoadBalancerClient on your classpath. It will be used by default. As Spring Cloud Ribbon is in maintenance mode. We recommend switching to BlockingLoadBalancerClient instead. In order to use it, set the value of `spring.cloud.loadbalancer.ribbon.enabled` to `false` or remove spring-cloud-starter-netflix-ribbon from your project.
[2026-09-21 18:22:51 IST] WARN [Service Name -> bookstore-account-service], [TraceId -> ], [SpanId -> ] 
      <main> org.springframework.cloud.loadbalancer.config.LoadBalancerCacheAutoConfiguration$LoadBalancerCaffeineWarnLogger : Spring Cloud LoadBalancer is currently working with default default cache. You can switch to using Caffeine cache, by adding it to the classpath.
[2026-09-21 18:22:52 IST] INFO [Service Name -> bookstore-account-service], [TraceId -> ], [SpanId -> ] 
      <main> org.springframework.cloud.netflix.eureka.InstanceInfoFactory : Setting initial instance status as: STARTING
[2026-09-21 18:22:52 IST] INFO [Service Name -> bookstore-account-service], [TraceId -> ], [SpanId -> ] 
      <main> com.netflix.discovery.DiscoveryClient : Initializing Eureka in region us-east-1
[2026-09-21 18:22:53 IST] INFO [Service Name -> bookstore-account-service], [TraceId -> ], [SpanId -> ] 
      <main> com.netflix.discovery.provider.DiscoveryJerseyProvider : Using JSON encoding codec LegacyJacksonJson
[2026-09-21 18:22:53 IST] INFO [Service Name -> bookstore-account-service], [TraceId -> ], [SpanId -> ] 
      <main> com.netflix.discovery.provider.DiscoveryJerseyProvider : Using JSON decoding codec LegacyJacksonJson
[2026-09-21 18:22:54 IST] INFO [Service Name -> bookstore-account-service], [TraceId -> ], [SpanId -> ] 
      <main> com.netflix.discovery.provider.DiscoveryJerseyProvider : Using XML encoding codec XStreamXml
[2026-09-21 18:22:54 IST] INFO [Service Name -> bookstore-account-service], [TraceId -> ], [SpanId -> ] 
      <main> com.netflix.discovery.provider.DiscoveryJerseyProvider : Using XML decoding codec XStreamXml
[2026-09-21 18:22:54 IST] INFO [Service Name -> bookstore-account-service], [TraceId -> ], [SpanId -> ] 
      <main> com.netflix.discovery.shared.resolver.aws.ConfigClusterResolver : Resolving eureka endpoints via configuration
[2026-09-21 18:22:56 IST] INFO [Service Name -> bookstore-account-service], [TraceId -> ], [SpanId -> ] 
      <main> com.netflix.discovery.DiscoveryClient : Disable delta property : false
[2026-09-21 18:22:56 IST] INFO [Service Name -> bookstore-account-service], [TraceId -> ], [SpanId -> ] 
      <main> com.netflix.discovery.DiscoveryClient : Single vip registry refresh property : null
[2026-09-21 18:22:56 IST] INFO [Service Name -> bookstore-account-service], [TraceId -> ], [SpanId -> ] 
      <main> com.netflix.discovery.DiscoveryClient : Force full registry fetch : false
[2026-09-21 18:22:56 IST] INFO [Service Name -> bookstore-account-service], [TraceId -> ], [SpanId -> ] 
      <main> com.netflix.discovery.DiscoveryClient : Application is null : false
[2026-09-21 18:22:56 IST] INFO [Service Name -> bookstore-account-service], [TraceId -> ], [SpanId -> ] 
      <main> com.netflix.discovery.DiscoveryClient : Registered Applications size is zero : true
[2026-09-21 18:22:56 IST] INFO [Service Name -> bookstore-account-service], [TraceId -> ], [SpanId -> ] 
      <main> com.netflix.discovery.DiscoveryClient : Application version is -1: true
[2026-09-21 18:22:56 IST] INFO [Service Name -> bookstore-account-service], [TraceId -> ], [SpanId -> ] 
      <main> com.netflix.discovery.DiscoveryClient : Getting all instance registry info from the eureka server
[2026-09-21 18:23:00 IST] ERROR [Service Name -> bookstore-account-service], [TraceId -> ], [SpanId -> ] 
      <main> com.netflix.discovery.shared.transport.decorator.RedirectingEurekaHttpClient : Request execution error. endpoint=DefaultEndpoint{ serviceUrl='http://localhost:8761/eureka/}
com.sun.jersey.api.client.ClientHandlerException: java.net.ConnectException: Connection refused: connect
	at com.sun.jersey.client.apache4.ApacheHttpClient4Handler.handle(ApacheHttpClient4Handler.java:187)
	at com.sun.jersey.api.client.filter.GZIPContentEncodingFilter.handle(GZIPContentEncodingFilter.java:123)
	at com.netflix.discovery.EurekaIdentityHeaderFilter.handle(EurekaIdentityHeaderFilter.java:27)
	at com.sun.jersey.api.client.Client.handle(Client.java:652)
	at com.sun.jersey.api.client.WebResource.handle(WebResource.java:682)
	at com.sun.jersey.api.client.WebResource.access$200(WebResource.java:74)
	at com.sun.jersey.api.client.WebResource$Builder.get(WebResource.java:509)
	at com.netflix.discovery.shared.transport.jersey.AbstractJerseyEurekaHttpClient.getApplicationsInternal(AbstractJerseyEurekaHttpClient.java:194)
	at com.netflix.discovery.shared.transport.jersey.AbstractJerseyEurekaHttpClient.getApplications(AbstractJerseyEurekaHttpClient.java:165)
	at com.netflix.discovery.shared.transport.decorator.EurekaHttpClientDecorator$6.execute(EurekaHttpClientDecorator.java:137)
	at com.netflix.discovery.shared.transport.decorator.MetricsCollectingEurekaHttpClient.execute(MetricsCollectingEurekaHttpClient.java:73)
	at com.netflix.discovery.shared.transport.decorator.EurekaHttpClientDecorator.getApplications(EurekaHttpClientDecorator.java:134)
	at com.netflix.discovery.shared.transport.decorator.EurekaHttpClientDecorator$6.execute(EurekaHttpClientDecorator.java:137)
	at com.netflix.discovery.shared.transport.decorator.RedirectingEurekaHttpClient.executeOnNewServer(RedirectingEurekaHttpClient.java:118)
	at com.netflix.discovery.shared.transport.decorator.RedirectingEurekaHttpClient.execute(RedirectingEurekaHttpClient.java:79)
	at com.netflix.discovery.shared.transport.decorator.EurekaHttpClientDecorator.getApplications(EurekaHttpClientDecorator.java:134)
	at com.netflix.discovery.shared.transport.decorator.EurekaHttpClientDecorator$6.execute(EurekaHttpClientDecorator.java:137)
	at com.netflix.discovery.shared.transport.decorator.RetryableEurekaHttpClient.execute(RetryableEurekaHttpClient.java:120)
	at com.netflix.discovery.shared.transport.decorator.EurekaHttpClientDecorator.getApplications(EurekaHttpClientDecorator.java:134)
	at com.netflix.discovery.shared.transport.decorator.EurekaHttpClientDecorator$6.execute(EurekaHttpClientDecorator.java:137)
	at com.netflix.discovery.shared.transport.decorator.SessionedEurekaHttpClient.execute(SessionedEurekaHttpClient.java:77)
	at com.netflix.discovery.shared.transport.decorator.EurekaHttpClientDecorator.getApplications(EurekaHttpClientDecorator.java:134)
	at com.netflix.discovery.DiscoveryClient.getAndStoreFullRegistry(DiscoveryClient.java:1069)
	at com.netflix.discovery.DiscoveryClient.fetchRegistry(DiscoveryClient.java:983)
	at com.netflix.discovery.DiscoveryClient.<init>(DiscoveryClient.java:430)
	at com.netflix.discovery.DiscoveryClient.<init>(DiscoveryClient.java:276)
	at com.netflix.discovery.DiscoveryClient.<init>(DiscoveryClient.java:272)
	at org.springframework.cloud.netflix.eureka.CloudEurekaClient.<init>(CloudEurekaClient.java:67)
	at org.springframework.cloud.netflix.eureka.EurekaClientAutoConfiguration$RefreshableEurekaClientConfiguration.eurekaClient(EurekaClientAutoConfiguration.java:324)
	at sun.reflect.NativeMethodAccessorImpl.invoke0(Native Method)
	at sun.reflect.NativeMethodAccessorImpl.invoke(NativeMethodAccessorImpl.java:62)
	at sun.reflect.DelegatingMethodAccessorImpl.invoke(DelegatingMethodAccessorImpl.java:43)
	at java.lang.reflect.Method.invoke(Method.java:498)
	at org.springframework.beans.factory.support.SimpleInstantiationStrategy.instantiate(SimpleInstantiationStrategy.java:154)
	at org.springframework.beans.factory.support.ConstructorResolver.instantiate(ConstructorResolver.java:650)
	at org.springframework.beans.factory.support.ConstructorResolver.instantiateUsingFactoryMethod(ConstructorResolver.java:635)
	at org.springframework.beans.factory.support.AbstractAutowireCapableBeanFactory.instantiateUsingFactoryMethod(AbstractAutowireCapableBeanFactory.java:1336)
	at org.springframework.beans.factory.support.AbstractAutowireCapableBeanFactory.createBeanInstance(AbstractAutowireCapableBeanFactory.java:1176)
	at org.springframework.beans.factory.support.AbstractAutowireCapableBeanFactory.doCreateBean(AbstractAutowireCapableBeanFactory.java:556)
	at org.springframework.beans.factory.support.AbstractAutowireCapableBeanFactory.createBean(AbstractAutowireCapableBeanFactory.java:516)
	at org.springframework.beans.factory.support.AbstractBeanFactory.lambda$doGetBean$1(AbstractBeanFactory.java:363)
	at org.springframework.cloud.context.scope.GenericScope$BeanLifecycleWrapper.getBean(GenericScope.java:389)
	at org.springframework.cloud.context.scope.GenericScope.get(GenericScope.java:186)
	at org.springframework.beans.factory.support.AbstractBeanFactory.doGetBean(AbstractBeanFactory.java:360)
	at org.springframework.beans.factory.support.AbstractBeanFactory.getBean(AbstractBeanFactory.java:202)
	at org.springframework.aop.target.SimpleBeanTargetSource.getTarget(SimpleBeanTargetSource.java:35)
	at org.springframework.cloud.netflix.eureka.serviceregistry.EurekaRegistration.getTargetObject(EurekaRegistration.java:129)
	at org.springframework.cloud.netflix.eureka.serviceregistry.EurekaRegistration.getEurekaClient(EurekaRegistration.java:117)
	at sun.reflect.NativeMethodAccessorImpl.invoke0(Native Method)
	at sun.reflect.NativeMethodAccessorImpl.invoke(NativeMethodAccessorImpl.java:62)
	at sun.reflect.DelegatingMethodAccessorImpl.invoke(DelegatingMethodAccessorImpl.java:43)
	at java.lang.reflect.Method.invoke(Method.java:498)
	at org.springframework.util.ReflectionUtils.invokeMethod(ReflectionUtils.java:282)
	at org.springframework.cloud.context.scope.GenericScope$LockedScopedProxyFactoryBean.invoke(GenericScope.java:499)
	at org.springframework.aop.framework.ReflectiveMethodInvocation.proceed(ReflectiveMethodInvocation.java:186)
	at org.springframework.aop.framework.CglibAopProxy$CglibMethodInvocation.proceed(CglibAopProxy.java:749)
	at org.springframework.aop.framework.CglibAopProxy$DynamicAdvisedInterceptor.intercept(CglibAopProxy.java:691)
	at org.springframework.cloud.netflix.eureka.serviceregistry.EurekaRegistration$$EnhancerBySpringCGLIB$$2304a237.getEurekaClient(<generated>)
	at org.springframework.cloud.netflix.eureka.serviceregistry.EurekaServiceRegistry.maybeInitializeClient(EurekaServiceRegistry.java:57)
	at org.springframework.cloud.netflix.eureka.serviceregistry.EurekaServiceRegistry.register(EurekaServiceRegistry.java:38)
	at org.springframework.cloud.netflix.eureka.serviceregistry.EurekaAutoServiceRegistration.start(EurekaAutoServiceRegistration.java:83)
	at org.springframework.context.support.DefaultLifecycleProcessor.doStart(DefaultLifecycleProcessor.java:182)
	at org.springframework.context.support.DefaultLifecycleProcessor.access$200(DefaultLifecycleProcessor.java:53)
	at org.springframework.context.support.DefaultLifecycleProcessor$LifecycleGroup.start(DefaultLifecycleProcessor.java:360)
	at org.springframework.context.support.DefaultLifecycleProcessor.startBeans(DefaultLifecycleProcessor.java:158)
	at org.springframework.context.support.DefaultLifecycleProcessor.onRefresh(DefaultLifecycleProcessor.java:122)
	at org.springframework.context.support.AbstractApplicationContext.finishRefresh(AbstractApplicationContext.java:895)
	at org.springframework.context.support.AbstractApplicationContext.refresh(AbstractApplicationContext.java:554)
	at org.springframework.boot.web.servlet.context.ServletWebServerApplicationContext.refresh(ServletWebServerApplicationContext.java:143)
	at org.springframework.boot.SpringApplication.refresh(SpringApplication.java:758)
	at org.springframework.boot.SpringApplication.refresh(SpringApplication.java:750)
	at org.springframework.boot.SpringApplication.refreshContext(SpringApplication.java:397)
	at org.springframework.boot.SpringApplication.run(SpringApplication.java:315)
	at org.springframework.boot.SpringApplication.run(SpringApplication.java:1237)
	at org.springframework.boot.SpringApplication.run(SpringApplication.java:1226)
	at com.devd.spring.bookstoreaccountservice.BookstoreAccountServiceApplication.main(BookstoreAccountServiceApplication.java:22)
Caused by: java.net.ConnectException: Connection refused: connect
	at java.net.DualStackPlainSocketImpl.waitForConnect(Native Method)
	at java.net.DualStackPlainSocketImpl.socketConnect(DualStackPlainSocketImpl.java:85)
	at java.net.AbstractPlainSocketImpl.doConnect(AbstractPlainSocketImpl.java:350)
	at java.net.AbstractPlainSocketImpl.connectToAddress(AbstractPlainSocketImpl.java:206)
	at java.net.AbstractPlainSocketImpl.connect(AbstractPlainSocketImpl.java:188)
	at java.net.PlainSocketImpl.connect(PlainSocketImpl.java:172)
	at java.net.SocksSocketImpl.connect(SocksSocketImpl.java:392)
	at java.net.Socket.connect(Socket.java:607)
	at org.apache.http.conn.scheme.PlainSocketFactory.connectSocket(PlainSocketFactory.java:121)
	at org.apache.http.impl.conn.DefaultClientConnectionOperator.openConnection(DefaultClientConnectionOperator.java:180)
	at org.apache.http.impl.conn.AbstractPoolEntry.open(AbstractPoolEntry.java:144)
	at org.apache.http.impl.conn.AbstractPooledConnAdapter.open(AbstractPooledConnAdapter.java:134)
	at org.apache.http.impl.client.DefaultRequestDirector.tryConnect(DefaultRequestDirector.java:605)
	at org.apache.http.impl.client.DefaultRequestDirector.execute(DefaultRequestDirector.java:440)
	at org.apache.http.impl.client.AbstractHttpClient.doExecute(AbstractHttpClient.java:835)
	at org.apache.http.impl.client.CloseableHttpClient.execute(CloseableHttpClient.java:118)
	at org.apache.http.impl.client.CloseableHttpClient.execute(CloseableHttpClient.java:56)
	at com.sun.jersey.client.apache4.ApacheHttpClient4Handler.handle(ApacheHttpClient4Handler.java:173)
	... 75 common frames omitted
[2026-09-21 18:23:00 IST] WARN [Service Name -> bookstore-account-service], [TraceId -> ], [SpanId -> ] 
      <main> com.netflix.discovery.shared.transport.decorator.RetryableEurekaHttpClient : Request execution failed with message: java.net.ConnectException: Connection refused: connect
[2026-09-21 18:23:00 IST] ERROR [Service Name -> bookstore-account-service], [TraceId -> ], [SpanId -> ] 
      <main> com.netflix.discovery.DiscoveryClient : DiscoveryClient_BOOKSTORE-ACCOUNT-SERVICE/LAPTOP-PIAE5DDA:bookstore-account-service:4001 - was unable to refresh its cache! status = Cannot execute request on any known server
com.netflix.discovery.shared.transport.TransportException: Cannot execute request on any known server
	at com.netflix.discovery.shared.transport.decorator.RetryableEurekaHttpClient.execute(RetryableEurekaHttpClient.java:112)
	at com.netflix.discovery.shared.transport.decorator.EurekaHttpClientDecorator.getApplications(EurekaHttpClientDecorator.java:134)
	at com.netflix.discovery.shared.transport.decorator.EurekaHttpClientDecorator$6.execute(EurekaHttpClientDecorator.java:137)
	at com.netflix.discovery.shared.transport.decorator.SessionedEurekaHttpClient.execute(SessionedEurekaHttpClient.java:77)
	at com.netflix.discovery.shared.transport.decorator.EurekaHttpClientDecorator.getApplications(EurekaHttpClientDecorator.java:134)
	at com.netflix.discovery.DiscoveryClient.getAndStoreFullRegistry(DiscoveryClient.java:1069)
	at com.netflix.discovery.DiscoveryClient.fetchRegistry(DiscoveryClient.java:983)
	at com.netflix.discovery.DiscoveryClient.<init>(DiscoveryClient.java:430)
	at com.netflix.discovery.DiscoveryClient.<init>(DiscoveryClient.java:276)
	at com.netflix.discovery.DiscoveryClient.<init>(DiscoveryClient.java:272)
	at org.springframework.cloud.netflix.eureka.CloudEurekaClient.<init>(CloudEurekaClient.java:67)
	at org.springframework.cloud.netflix.eureka.EurekaClientAutoConfiguration$RefreshableEurekaClientConfiguration.eurekaClient(EurekaClientAutoConfiguration.java:324)
	at sun.reflect.NativeMethodAccessorImpl.invoke0(Native Method)
	at sun.reflect.NativeMethodAccessorImpl.invoke(NativeMethodAccessorImpl.java:62)
	at sun.reflect.DelegatingMethodAccessorImpl.invoke(DelegatingMethodAccessorImpl.java:43)
	at java.lang.reflect.Method.invoke(Method.java:498)
	at org.springframework.beans.factory.support.SimpleInstantiationStrategy.instantiate(SimpleInstantiationStrategy.java:154)
	at org.springframework.beans.factory.support.ConstructorResolver.instantiate(ConstructorResolver.java:650)
	at org.springframework.beans.factory.support.ConstructorResolver.instantiateUsingFactoryMethod(ConstructorResolver.java:635)
	at org.springframework.beans.factory.support.AbstractAutowireCapableBeanFactory.instantiateUsingFactoryMethod(AbstractAutowireCapableBeanFactory.java:1336)
	at org.springframework.beans.factory.support.AbstractAutowireCapableBeanFactory.createBeanInstance(AbstractAutowireCapableBeanFactory.java:1176)
	at org.springframework.beans.factory.support.AbstractAutowireCapableBeanFactory.doCreateBean(AbstractAutowireCapableBeanFactory.java:556)
	at org.springframework.beans.factory.support.AbstractAutowireCapableBeanFactory.createBean(AbstractAutowireCapableBeanFactory.java:516)
	at org.springframework.beans.factory.support.AbstractBeanFactory.lambda$doGetBean$1(AbstractBeanFactory.java:363)
	at org.springframework.cloud.context.scope.GenericScope$BeanLifecycleWrapper.getBean(GenericScope.java:389)
	at org.springframework.cloud.context.scope.GenericScope.get(GenericScope.java:186)
	at org.springframework.beans.factory.support.AbstractBeanFactory.doGetBean(AbstractBeanFactory.java:360)
	at org.springframework.beans.factory.support.AbstractBeanFactory.getBean(AbstractBeanFactory.java:202)
	at org.springframework.aop.target.SimpleBeanTargetSource.getTarget(SimpleBeanTargetSource.java:35)
	at org.springframework.cloud.netflix.eureka.serviceregistry.EurekaRegistration.getTargetObject(EurekaRegistration.java:129)
	at org.springframework.cloud.netflix.eureka.serviceregistry.EurekaRegistration.getEurekaClient(EurekaRegistration.java:117)
	at sun.reflect.NativeMethodAccessorImpl.invoke0(Native Method)
	at sun.reflect.NativeMethodAccessorImpl.invoke(NativeMethodAccessorImpl.java:62)
	at sun.reflect.DelegatingMethodAccessorImpl.invoke(DelegatingMethodAccessorImpl.java:43)
	at java.lang.reflect.Method.invoke(Method.java:498)
	at org.springframework.util.ReflectionUtils.invokeMethod(ReflectionUtils.java:282)
	at org.springframework.cloud.context.scope.GenericScope$LockedScopedProxyFactoryBean.invoke(GenericScope.java:499)
	at org.springframework.aop.framework.ReflectiveMethodInvocation.proceed(ReflectiveMethodInvocation.java:186)
	at org.springframework.aop.framework.CglibAopProxy$CglibMethodInvocation.proceed(CglibAopProxy.java:749)
	at org.springframework.aop.framework.CglibAopProxy$DynamicAdvisedInterceptor.intercept(CglibAopProxy.java:691)
	at org.springframework.cloud.netflix.eureka.serviceregistry.EurekaRegistration$$EnhancerBySpringCGLIB$$2304a237.getEurekaClient(<generated>)
	at org.springframework.cloud.netflix.eureka.serviceregistry.EurekaServiceRegistry.maybeInitializeClient(EurekaServiceRegistry.java:57)
	at org.springframework.cloud.netflix.eureka.serviceregistry.EurekaServiceRegistry.register(EurekaServiceRegistry.java:38)
	at org.springframework.cloud.netflix.eureka.serviceregistry.EurekaAutoServiceRegistration.start(EurekaAutoServiceRegistration.java:83)
	at org.springframework.context.support.DefaultLifecycleProcessor.doStart(DefaultLifecycleProcessor.java:182)
	at org.springframework.context.support.DefaultLifecycleProcessor.access$200(DefaultLifecycleProcessor.java:53)
	at org.springframework.context.support.DefaultLifecycleProcessor$LifecycleGroup.start(DefaultLifecycleProcessor.java:360)
	at org.springframework.context.support.DefaultLifecycleProcessor.startBeans(DefaultLifecycleProcessor.java:158)
	at org.springframework.context.support.DefaultLifecycleProcessor.onRefresh(DefaultLifecycleProcessor.java:122)
	at org.springframework.context.support.AbstractApplicationContext.finishRefresh(AbstractApplicationContext.java:895)
	at org.springframework.context.support.AbstractApplicationContext.refresh(AbstractApplicationContext.java:554)
	at org.springframework.boot.web.servlet.context.ServletWebServerApplicationContext.refresh(ServletWebServerApplicationContext.java:143)
	at org.springframework.boot.SpringApplication.refresh(SpringApplication.java:758)
	at org.springframework.boot.SpringApplication.refresh(SpringApplication.java:750)
	at org.springframework.boot.SpringApplication.refreshContext(SpringApplication.java:397)
	at org.springframework.boot.SpringApplication.run(SpringApplication.java:315)
	at org.springframework.boot.SpringApplication.run(SpringApplication.java:1237)
	at org.springframework.boot.SpringApplication.run(SpringApplication.java:1226)
	at com.devd.spring.bookstoreaccountservice.BookstoreAccountServiceApplication.main(BookstoreAccountServiceApplication.java:22)
[2026-09-21 18:23:00 IST] WARN [Service Name -> bookstore-account-service], [TraceId -> ], [SpanId -> ] 
      <main> com.netflix.discovery.DiscoveryClient : Using default backup registry implementation which does not do anything.
[2026-09-21 18:23:00 IST] INFO [Service Name -> bookstore-account-service], [TraceId -> ], [SpanId -> ] 
      <main> com.netflix.discovery.DiscoveryClient : Starting heartbeat executor: renew interval is: 30
[2026-09-21 18:23:00 IST] INFO [Service Name -> bookstore-account-service], [TraceId -> ], [SpanId -> ] 
      <main> com.netflix.discovery.InstanceInfoReplicator : InstanceInfoReplicator onDemand update allowed rate per min is 4
[2026-09-21 18:23:00 IST] INFO [Service Name -> bookstore-account-service], [TraceId -> ], [SpanId -> ] 
      <main> com.netflix.discovery.DiscoveryClient : Discovery Client initialized at timestamp 1789995180970 with initial instances count: 0
[2026-09-21 18:23:01 IST] INFO [Service Name -> bookstore-account-service], [TraceId -> ], [SpanId -> ] 
      <main> org.springframework.cloud.netflix.eureka.serviceregistry.EurekaServiceRegistry : Registering application BOOKSTORE-ACCOUNT-SERVICE with eureka with status UP
[2026-09-21 18:23:01 IST] INFO [Service Name -> bookstore-account-service], [TraceId -> ], [SpanId -> ] 
      <main> com.netflix.discovery.DiscoveryClient : Saw local status change event StatusChangeEvent [timestamp=1789995181008, current=UP, previous=STARTING]
[2026-09-21 18:23:01 IST] INFO [Service Name -> bookstore-account-service], [TraceId -> ], [SpanId -> ] 
      <main> org.apache.coyote.http11.Http11NioProtocol : Starting ProtocolHandler ["http-nio-4001"]
[2026-09-21 18:23:01 IST] INFO [Service Name -> bookstore-account-service], [TraceId -> ], [SpanId -> ] 
      <DiscoveryClient-InstanceInfoReplicator-0> com.netflix.discovery.DiscoveryClient : DiscoveryClient_BOOKSTORE-ACCOUNT-SERVICE/LAPTOP-PIAE5DDA:bookstore-account-service:4001: registering service...
[2026-09-21 18:23:01 IST] INFO [Service Name -> bookstore-account-service], [TraceId -> ], [SpanId -> ] 
      <main> org.springframework.boot.web.embedded.tomcat.TomcatWebServer : Tomcat started on port(s): 4001 (http) with context path ''
[2026-09-21 18:23:01 IST] INFO [Service Name -> bookstore-account-service], [TraceId -> ], [SpanId -> ] 
      <main> org.springframework.cloud.netflix.eureka.serviceregistry.EurekaAutoServiceRegistration : Updating port to 4001
[2026-09-21 18:23:05 IST] ERROR [Service Name -> bookstore-account-service], [TraceId -> ], [SpanId -> ] 
      <DiscoveryClient-InstanceInfoReplicator-0> com.netflix.discovery.shared.transport.decorator.RedirectingEurekaHttpClient : Request execution error. endpoint=DefaultEndpoint{ serviceUrl='http://localhost:8761/eureka/}
com.sun.jersey.api.client.ClientHandlerException: java.net.ConnectException: Connection refused: connect
	at com.sun.jersey.client.apache4.ApacheHttpClient4Handler.handle(ApacheHttpClient4Handler.java:187)
	at com.sun.jersey.api.client.filter.GZIPContentEncodingFilter.handle(GZIPContentEncodingFilter.java:123)
	at com.netflix.discovery.EurekaIdentityHeaderFilter.handle(EurekaIdentityHeaderFilter.java:27)
	at com.sun.jersey.api.client.Client.handle(Client.java:652)
	at com.sun.jersey.api.client.WebResource.handle(WebResource.java:682)
	at com.sun.jersey.api.client.WebResource.access$200(WebResource.java:74)
	at com.sun.jersey.api.client.WebResource$Builder.post(WebResource.java:570)
	at com.netflix.discovery.shared.transport.jersey.AbstractJerseyEurekaHttpClient.register(AbstractJerseyEurekaHttpClient.java:56)
	at com.netflix.discovery.shared.transport.decorator.EurekaHttpClientDecorator$1.execute(EurekaHttpClientDecorator.java:59)
	at com.netflix.discovery.shared.transport.decorator.MetricsCollectingEurekaHttpClient.execute(MetricsCollectingEurekaHttpClient.java:73)
	at com.netflix.discovery.shared.transport.decorator.EurekaHttpClientDecorator.register(EurekaHttpClientDecorator.java:56)
	at com.netflix.discovery.shared.transport.decorator.EurekaHttpClientDecorator$1.execute(EurekaHttpClientDecorator.java:59)
	at com.netflix.discovery.shared.transport.decorator.RedirectingEurekaHttpClient.executeOnNewServer(RedirectingEurekaHttpClient.java:118)
	at com.netflix.discovery.shared.transport.decorator.RedirectingEurekaHttpClient.execute(RedirectingEurekaHttpClient.java:79)
	at com.netflix.discovery.shared.transport.decorator.EurekaHttpClientDecorator.register(EurekaHttpClientDecorator.java:56)
	at com.netflix.discovery.shared.transport.decorator.EurekaHttpClientDecorator$1.execute(EurekaHttpClientDecorator.java:59)
	at com.netflix.discovery.shared.transport.decorator.RetryableEurekaHttpClient.execute(RetryableEurekaHttpClient.java:120)
	at com.netflix.discovery.shared.transport.decorator.EurekaHttpClientDecorator.register(EurekaHttpClientDecorator.java:56)
	at com.netflix.discovery.shared.transport.decorator.EurekaHttpClientDecorator$1.execute(EurekaHttpClientDecorator.java:59)
	at com.netflix.discovery.shared.transport.decorator.SessionedEurekaHttpClient.execute(SessionedEurekaHttpClient.java:77)
	at com.netflix.discovery.shared.transport.decorator.EurekaHttpClientDecorator.register(EurekaHttpClientDecorator.java:56)
	at com.netflix.discovery.DiscoveryClient.register(DiscoveryClient.java:847)
	at com.netflix.discovery.InstanceInfoReplicator.run(InstanceInfoReplicator.java:121)
	at com.netflix.discovery.InstanceInfoReplicator$1.run(InstanceInfoReplicator.java:101)
	at java.util.concurrent.Executors$RunnableAdapter.call(Executors.java:511)
	at java.util.concurrent.FutureTask.run(FutureTask.java:266)
	at java.util.concurrent.ScheduledThreadPoolExecutor$ScheduledFutureTask.access$201(ScheduledThreadPoolExecutor.java:180)
	at java.util.concurrent.ScheduledThreadPoolExecutor$ScheduledFutureTask.run(ScheduledThreadPoolExecutor.java:293)
	at java.util.concurrent.ThreadPoolExecutor.runWorker(ThreadPoolExecutor.java:1149)
	at java.util.concurrent.ThreadPoolExecutor$Worker.run(ThreadPoolExecutor.java:624)
	at java.lang.Thread.run(Thread.java:750)
Caused by: java.net.ConnectException: Connection refused: connect
	at java.net.DualStackPlainSocketImpl.waitForConnect(Native Method)
	at java.net.DualStackPlainSocketImpl.socketConnect(DualStackPlainSocketImpl.java:85)
	at java.net.AbstractPlainSocketImpl.doConnect(AbstractPlainSocketImpl.java:350)
	at java.net.AbstractPlainSocketImpl.connectToAddress(AbstractPlainSocketImpl.java:206)
	at java.net.AbstractPlainSocketImpl.connect(AbstractPlainSocketImpl.java:188)
	at java.net.PlainSocketImpl.connect(PlainSocketImpl.java:172)
	at java.net.SocksSocketImpl.connect(SocksSocketImpl.java:392)
	at java.net.Socket.connect(Socket.java:607)
	at org.apache.http.conn.scheme.PlainSocketFactory.connectSocket(PlainSocketFactory.java:121)
	at org.apache.http.impl.conn.DefaultClientConnectionOperator.openConnection(DefaultClientConnectionOperator.java:180)
	at org.apache.http.impl.conn.AbstractPoolEntry.open(AbstractPoolEntry.java:144)
	at org.apache.http.impl.conn.AbstractPooledConnAdapter.open(AbstractPooledConnAdapter.java:134)
	at org.apache.http.impl.client.DefaultRequestDirector.tryConnect(DefaultRequestDirector.java:605)
	at org.apache.http.impl.client.DefaultRequestDirector.execute(DefaultRequestDirector.java:440)
	at org.apache.http.impl.client.AbstractHttpClient.doExecute(AbstractHttpClient.java:835)
	at org.apache.http.impl.client.CloseableHttpClient.execute(CloseableHttpClient.java:118)
	at org.apache.http.impl.client.CloseableHttpClient.execute(CloseableHttpClient.java:56)
	at com.sun.jersey.client.apache4.ApacheHttpClient4Handler.handle(ApacheHttpClient4Handler.java:173)
	... 30 common frames omitted
[2026-09-21 18:23:05 IST] WARN [Service Name -> bookstore-account-service], [TraceId -> ], [SpanId -> ] 
      <DiscoveryClient-InstanceInfoReplicator-0> com.netflix.discovery.shared.transport.decorator.RetryableEurekaHttpClient : Request execution failed with message: java.net.ConnectException: Connection refused: connect
[2026-09-21 18:23:05 IST] WARN [Service Name -> bookstore-account-service], [TraceId -> ], [SpanId -> ] 
      <DiscoveryClient-InstanceInfoReplicator-0> com.netflix.discovery.DiscoveryClient : DiscoveryClient_BOOKSTORE-ACCOUNT-SERVICE/LAPTOP-PIAE5DDA:bookstore-account-service:4001 - registration failed Cannot execute request on any known server
com.netflix.discovery.shared.transport.TransportException: Cannot execute request on any known server
	at com.netflix.discovery.shared.transport.decorator.RetryableEurekaHttpClient.execute(RetryableEurekaHttpClient.java:112)
	at com.netflix.discovery.shared.transport.decorator.EurekaHttpClientDecorator.register(EurekaHttpClientDecorator.java:56)
	at com.netflix.discovery.shared.transport.decorator.EurekaHttpClientDecorator$1.execute(EurekaHttpClientDecorator.java:59)
	at com.netflix.discovery.shared.transport.decorator.SessionedEurekaHttpClient.execute(SessionedEurekaHttpClient.java:77)
	at com.netflix.discovery.shared.transport.decorator.EurekaHttpClientDecorator.register(EurekaHttpClientDecorator.java:56)
	at com.netflix.discovery.DiscoveryClient.register(DiscoveryClient.java:847)
	at com.netflix.discovery.InstanceInfoReplicator.run(InstanceInfoReplicator.java:121)
	at com.netflix.discovery.InstanceInfoReplicator$1.run(InstanceInfoReplicator.java:101)
	at java.util.concurrent.Executors$RunnableAdapter.call(Executors.java:511)
	at java.util.concurrent.FutureTask.run(FutureTask.java:266)
	at java.util.concurrent.ScheduledThreadPoolExecutor$ScheduledFutureTask.access$201(ScheduledThreadPoolExecutor.java:180)
	at java.util.concurrent.ScheduledThreadPoolExecutor$ScheduledFutureTask.run(ScheduledThreadPoolExecutor.java:293)
	at java.util.concurrent.ThreadPoolExecutor.runWorker(ThreadPoolExecutor.java:1149)
	at java.util.concurrent.ThreadPoolExecutor$Worker.run(ThreadPoolExecutor.java:624)
	at java.lang.Thread.run(Thread.java:750)
[2026-09-21 18:23:05 IST] WARN [Service Name -> bookstore-account-service], [TraceId -> ], [SpanId -> ] 
      <DiscoveryClient-InstanceInfoReplicator-0> com.netflix.discovery.InstanceInfoReplicator : There was a problem with the instance info replicator
com.netflix.discovery.shared.transport.TransportException: Cannot execute request on any known server
	at com.netflix.discovery.shared.transport.decorator.RetryableEurekaHttpClient.execute(RetryableEurekaHttpClient.java:112)
	at com.netflix.discovery.shared.transport.decorator.EurekaHttpClientDecorator.register(EurekaHttpClientDecorator.java:56)
	at com.netflix.discovery.shared.transport.decorator.EurekaHttpClientDecorator$1.execute(EurekaHttpClientDecorator.java:59)
	at com.netflix.discovery.shared.transport.decorator.SessionedEurekaHttpClient.execute(SessionedEurekaHttpClient.java:77)
	at com.netflix.discovery.shared.transport.decorator.EurekaHttpClientDecorator.register(EurekaHttpClientDecorator.java:56)
	at com.netflix.discovery.DiscoveryClient.register(DiscoveryClient.java:847)
	at com.netflix.discovery.InstanceInfoReplicator.run(InstanceInfoReplicator.java:121)
	at com.netflix.discovery.InstanceInfoReplicator$1.run(InstanceInfoReplicator.java:101)
	at java.util.concurrent.Executors$RunnableAdapter.call(Executors.java:511)
	at java.util.concurrent.FutureTask.run(FutureTask.java:266)
	at java.util.concurrent.ScheduledThreadPoolExecutor$ScheduledFutureTask.access$201(ScheduledThreadPoolExecutor.java:180)
	at java.util.concurrent.ScheduledThreadPoolExecutor$ScheduledFutureTask.run(ScheduledThreadPoolExecutor.java:293)
	at java.util.concurrent.ThreadPoolExecutor.runWorker(ThreadPoolExecutor.java:1149)
	at java.util.concurrent.ThreadPoolExecutor$Worker.run(ThreadPoolExecutor.java:624)
	at java.lang.Thread.run(Thread.java:750)
[2026-09-21 18:23:06 IST] INFO [Service Name -> bookstore-account-service], [TraceId -> ], [SpanId -> ] 
      <main> org.springframework.data.repository.config.DeferredRepositoryInitializationListener : Triggering deferred initialization of Spring Data repositories…
[2026-09-21 18:23:08 IST] INFO [Service Name -> bookstore-account-service], [TraceId -> ], [SpanId -> ] 
      <main> org.springframework.data.repository.config.DeferredRepositoryInitializationListener : Spring Data repositories initialized!
[2026-09-21 18:23:08 IST] INFO [Service Name -> bookstore-account-service], [TraceId -> ], [SpanId -> ] 
      <main> com.devd.spring.bookstoreaccountservice.BookstoreAccountServiceApplication : Started BookstoreAccountServiceApplication in 86.551 seconds (JVM running for 92.841)
[2026-09-21 18:23:19 IST] INFO [Service Name -> bookstore-account-service], [TraceId -> ], [SpanId -> ] 
      <RMI TCP Connection(12)-172.27.176.1> org.apache.catalina.core.ContainerBase.[Tomcat].[localhost].[/] : Initializing Spring DispatcherServlet 'dispatcherServlet'
[2026-09-21 18:23:19 IST] INFO [Service Name -> bookstore-account-service], [TraceId -> ], [SpanId -> ] 
      <RMI TCP Connection(12)-172.27.176.1> org.springframework.web.servlet.DispatcherServlet : Initializing Servlet 'dispatcherServlet'
[2026-09-21 18:23:19 IST] INFO [Service Name -> bookstore-account-service], [TraceId -> ], [SpanId -> ] 
      <RMI TCP Connection(12)-172.27.176.1> org.springframework.web.servlet.DispatcherServlet : Completed initialization in 102 ms
[2026-09-21 18:23:30 IST] INFO [Service Name -> bookstore-account-service], [TraceId -> ], [SpanId -> ] 
      <DiscoveryClient-CacheRefreshExecutor-0> com.netflix.discovery.DiscoveryClient : Disable delta property : false
[2026-09-21 18:23:30 IST] INFO [Service Name -> bookstore-account-service], [TraceId -> ], [SpanId -> ] 
      <DiscoveryClient-CacheRefreshExecutor-0> com.netflix.discovery.DiscoveryClient : Single vip registry refresh property : null
[2026-09-21 18:23:30 IST] INFO [Service Name -> bookstore-account-service], [TraceId -> ], [SpanId -> ] 
      <DiscoveryClient-CacheRefreshExecutor-0> com.netflix.discovery.DiscoveryClient : Force full registry fetch : false
[2026-09-21 18:23:30 IST] INFO [Service Name -> bookstore-account-service], [TraceId -> ], [SpanId -> ] 
      <DiscoveryClient-CacheRefreshExecutor-0> com.netflix.discovery.DiscoveryClient : Application is null : false
[2026-09-21 18:23:30 IST] INFO [Service Name -> bookstore-account-service], [TraceId -> ], [SpanId -> ] 
      <DiscoveryClient-CacheRefreshExecutor-0> com.netflix.discovery.DiscoveryClient : Registered Applications size is zero : true
[2026-09-21 18:23:30 IST] INFO [Service Name -> bookstore-account-service], [TraceId -> ], [SpanId -> ] 
      <DiscoveryClient-CacheRefreshExecutor-0> com.netflix.discovery.DiscoveryClient : Application version is -1: true
[2026-09-21 18:23:30 IST] INFO [Service Name -> bookstore-account-service], [TraceId -> ], [SpanId -> ] 
      <DiscoveryClient-CacheRefreshExecutor-0> com.netflix.discovery.DiscoveryClient : Getting all instance registry info from the eureka server
[2026-09-21 18:23:35 IST] ERROR [Service Name -> bookstore-account-service], [TraceId -> ], [SpanId -> ] 
      <DiscoveryClient-HeartbeatExecutor-0> com.netflix.discovery.shared.transport.decorator.RedirectingEurekaHttpClient : Request execution error. endpoint=DefaultEndpoint{ serviceUrl='http://localhost:8761/eureka/}
com.sun.jersey.api.client.ClientHandlerException: java.net.ConnectException: Connection refused: connect
	at com.sun.jersey.client.apache4.ApacheHttpClient4Handler.handle(ApacheHttpClient4Handler.java:187)
	at com.sun.jersey.api.client.filter.GZIPContentEncodingFilter.handle(GZIPContentEncodingFilter.java:123)
	at com.netflix.discovery.EurekaIdentityHeaderFilter.handle(EurekaIdentityHeaderFilter.java:27)
	at com.sun.jersey.api.client.Client.handle(Client.java:652)
	at com.sun.jersey.api.client.WebResource.handle(WebResource.java:682)
	at com.sun.jersey.api.client.WebResource.access$200(WebResource.java:74)
	at com.sun.jersey.api.client.WebResource$Builder.put(WebResource.java:529)
	at com.netflix.discovery.shared.transport.jersey.AbstractJerseyEurekaHttpClient.sendHeartBeat(AbstractJerseyEurekaHttpClient.java:102)
	at com.netflix.discovery.shared.transport.decorator.EurekaHttpClientDecorator$3.execute(EurekaHttpClientDecorator.java:92)
	at com.netflix.discovery.shared.transport.decorator.MetricsCollectingEurekaHttpClient.execute(MetricsCollectingEurekaHttpClient.java:73)
	at com.netflix.discovery.shared.transport.decorator.EurekaHttpClientDecorator.sendHeartBeat(EurekaHttpClientDecorator.java:89)
	at com.netflix.discovery.shared.transport.decorator.EurekaHttpClientDecorator$3.execute(EurekaHttpClientDecorator.java:92)
	at com.netflix.discovery.shared.transport.decorator.RedirectingEurekaHttpClient.executeOnNewServer(RedirectingEurekaHttpClient.java:118)
	at com.netflix.discovery.shared.transport.decorator.RedirectingEurekaHttpClient.execute(RedirectingEurekaHttpClient.java:79)
	at com.netflix.discovery.shared.transport.decorator.EurekaHttpClientDecorator.sendHeartBeat(EurekaHttpClientDecorator.java:89)
	at com.netflix.discovery.shared.transport.decorator.EurekaHttpClientDecorator$3.execute(EurekaHttpClientDecorator.java:92)
	at com.netflix.discovery.shared.transport.decorator.RetryableEurekaHttpClient.execute(RetryableEurekaHttpClient.java:120)
	at com.netflix.discovery.shared.transport.decorator.EurekaHttpClientDecorator.sendHeartBeat(EurekaHttpClientDecorator.java:89)
	at com.netflix.discovery.shared.transport.decorator.EurekaHttpClientDecorator$3.execute(EurekaHttpClientDecorator.java:92)
	at com.netflix.discovery.shared.transport.decorator.SessionedEurekaHttpClient.execute(SessionedEurekaHttpClient.java:77)
	at com.netflix.discovery.shared.transport.decorator.EurekaHttpClientDecorator.sendHeartBeat(EurekaHttpClientDecorator.java:89)
	at com.netflix.discovery.DiscoveryClient.renew(DiscoveryClient.java:864)
	at com.netflix.discovery.DiscoveryClient$HeartbeatThread.run(DiscoveryClient.java:1423)
	at java.util.concurrent.Executors$RunnableAdapter.call(Executors.java:511)
	at java.util.concurrent.FutureTask.run(FutureTask.java:266)
	at java.util.concurrent.ThreadPoolExecutor.runWorker(ThreadPoolExecutor.java:1149)
	at java.util.concurrent.ThreadPoolExecutor$Worker.run(ThreadPoolExecutor.java:624)
	at java.lang.Thread.run(Thread.java:750)
Caused by: java.net.ConnectException: Connection refused: connect
	at java.net.DualStackPlainSocketImpl.waitForConnect(Native Method)
	at java.net.DualStackPlainSocketImpl.socketConnect(DualStackPlainSocketImpl.java:85)
	at java.net.AbstractPlainSocketImpl.doConnect(AbstractPlainSocketImpl.java:350)
	at java.net.AbstractPlainSocketImpl.connectToAddress(AbstractPlainSocketImpl.java:206)
	at java.net.AbstractPlainSocketImpl.connect(AbstractPlainSocketImpl.java:188)
	at java.net.PlainSocketImpl.connect(PlainSocketImpl.java:172)
	at java.net.SocksSocketImpl.connect(SocksSocketImpl.java:392)
	at java.net.Socket.connect(Socket.java:607)
	at org.apache.http.conn.scheme.PlainSocketFactory.connectSocket(PlainSocketFactory.java:121)
	at org.apache.http.impl.conn.DefaultClientConnectionOperator.openConnection(DefaultClientConnectionOperator.java:180)
	at org.apache.http.impl.conn.AbstractPoolEntry.open(AbstractPoolEntry.java:144)
	at org.apache.http.impl.conn.AbstractPooledConnAdapter.open(AbstractPooledConnAdapter.java:134)
	at org.apache.http.impl.client.DefaultRequestDirector.tryConnect(DefaultRequestDirector.java:605)
	at org.apache.http.impl.client.DefaultRequestDirector.execute(DefaultRequestDirector.java:440)
	at org.apache.http.impl.client.AbstractHttpClient.doExecute(AbstractHttpClient.java:835)
	at org.apache.http.impl.client.CloseableHttpClient.execute(CloseableHttpClient.java:118)
	at org.apache.http.impl.client.CloseableHttpClient.execute(CloseableHttpClient.java:56)
	at com.sun.jersey.client.apache4.ApacheHttpClient4Handler.handle(ApacheHttpClient4Handler.java:173)
	... 27 common frames omitted
[2026-09-21 18:23:35 IST] ERROR [Service Name -> bookstore-account-service], [TraceId -> ], [SpanId -> ] 
      <DiscoveryClient-CacheRefreshExecutor-0> com.netflix.discovery.shared.transport.decorator.RedirectingEurekaHttpClient : Request execution error. endpoint=DefaultEndpoint{ serviceUrl='http://localhost:8761/eureka/}
com.sun.jersey.api.client.ClientHandlerException: java.net.ConnectException: Connection refused: connect
	at com.sun.jersey.client.apache4.ApacheHttpClient4Handler.handle(ApacheHttpClient4Handler.java:187)
	at com.sun.jersey.api.client.filter.GZIPContentEncodingFilter.handle(GZIPContentEncodingFilter.java:123)
	at com.netflix.discovery.EurekaIdentityHeaderFilter.handle(EurekaIdentityHeaderFilter.java:27)
	at com.sun.jersey.api.client.Client.handle(Client.java:652)
	at com.sun.jersey.api.client.WebResource.handle(WebResource.java:682)
	at com.sun.jersey.api.client.WebResource.access$200(WebResource.java:74)
	at com.sun.jersey.api.client.WebResource$Builder.get(WebResource.java:509)
	at com.netflix.discovery.shared.transport.jersey.AbstractJerseyEurekaHttpClient.getApplicationsInternal(AbstractJerseyEurekaHttpClient.java:194)
	at com.netflix.discovery.shared.transport.jersey.AbstractJerseyEurekaHttpClient.getApplications(AbstractJerseyEurekaHttpClient.java:165)
	at com.netflix.discovery.shared.transport.decorator.EurekaHttpClientDecorator$6.execute(EurekaHttpClientDecorator.java:137)
	at com.netflix.discovery.shared.transport.decorator.MetricsCollectingEurekaHttpClient.execute(MetricsCollectingEurekaHttpClient.java:73)
	at com.netflix.discovery.shared.transport.decorator.EurekaHttpClientDecorator.getApplications(EurekaHttpClientDecorator.java:134)
	at com.netflix.discovery.shared.transport.decorator.EurekaHttpClientDecorator$6.execute(EurekaHttpClientDecorator.java:137)
	at com.netflix.discovery.shared.transport.decorator.RedirectingEurekaHttpClient.executeOnNewServer(RedirectingEurekaHttpClient.java:118)
	at com.netflix.discovery.shared.transport.decorator.RedirectingEurekaHttpClient.execute(RedirectingEurekaHttpClient.java:79)
	at com.netflix.discovery.shared.transport.decorator.EurekaHttpClientDecorator.getApplications(EurekaHttpClientDecorator.java:134)
	at com.netflix.discovery.shared.transport.decorator.EurekaHttpClientDecorator$6.execute(EurekaHttpClientDecorator.java:137)
	at com.netflix.discovery.shared.transport.decorator.RetryableEurekaHttpClient.execute(RetryableEurekaHttpClient.java:120)
	at com.netflix.discovery.shared.transport.decorator.EurekaHttpClientDecorator.getApplications(EurekaHttpClientDecorator.java:134)
	at com.netflix.discovery.shared.transport.decorator.EurekaHttpClientDecorator$6.execute(EurekaHttpClientDecorator.java:137)
	at com.netflix.discovery.shared.transport.decorator.SessionedEurekaHttpClient.execute(SessionedEurekaHttpClient.java:77)
	at com.netflix.discovery.shared.transport.decorator.EurekaHttpClientDecorator.getApplications(EurekaHttpClientDecorator.java:134)
	at com.netflix.discovery.DiscoveryClient.getAndStoreFullRegistry(DiscoveryClient.java:1069)
	at com.netflix.discovery.DiscoveryClient.fetchRegistry(DiscoveryClient.java:983)
	at com.netflix.discovery.DiscoveryClient.refreshRegistry(DiscoveryClient.java:1497)
	at com.netflix.discovery.DiscoveryClient$CacheRefreshThread.run(DiscoveryClient.java:1464)
	at java.util.concurrent.Executors$RunnableAdapter.call(Executors.java:511)
	at java.util.concurrent.FutureTask.run(FutureTask.java:266)
	at java.util.concurrent.ThreadPoolExecutor.runWorker(ThreadPoolExecutor.java:1149)
	at java.util.concurrent.ThreadPoolExecutor$Worker.run(ThreadPoolExecutor.java:624)
	at java.lang.Thread.run(Thread.java:750)
Caused by: java.net.ConnectException: Connection refused: connect
	at java.net.DualStackPlainSocketImpl.waitForConnect(Native Method)
	at java.net.DualStackPlainSocketImpl.socketConnect(DualStackPlainSocketImpl.java:85)
	at java.net.AbstractPlainSocketImpl.doConnect(AbstractPlainSocketImpl.java:350)
	at java.net.AbstractPlainSocketImpl.connectToAddress(AbstractPlainSocketImpl.java:206)
	at java.net.AbstractPlainSocketImpl.connect(AbstractPlainSocketImpl.java:188)
	at java.net.PlainSocketImpl.connect(PlainSocketImpl.java:172)
	at java.net.SocksSocketImpl.connect(SocksSocketImpl.java:392)
	at java.net.Socket.connect(Socket.java:607)
	at org.apache.http.conn.scheme.PlainSocketFactory.connectSocket(PlainSocketFactory.java:121)
	at org.apache.http.impl.conn.DefaultClientConnectionOperator.openConnection(DefaultClientConnectionOperator.java:180)
	at org.apache.http.impl.conn.AbstractPoolEntry.open(AbstractPoolEntry.java:144)
	at org.apache.http.impl.conn.AbstractPooledConnAdapter.open(AbstractPooledConnAdapter.java:134)
	at org.apache.http.impl.client.DefaultRequestDirector.tryConnect(DefaultRequestDirector.java:605)
	at org.apache.http.impl.client.DefaultRequestDirector.execute(DefaultRequestDirector.java:440)
	at org.apache.http.impl.client.AbstractHttpClient.doExecute(AbstractHttpClient.java:835)
	at org.apache.http.impl.client.CloseableHttpClient.execute(CloseableHttpClient.java:118)
	at org.apache.http.impl.client.CloseableHttpClient.execute(CloseableHttpClient.java:56)
	at com.sun.jersey.client.apache4.ApacheHttpClient4Handler.handle(ApacheHttpClient4Handler.java:173)
	... 30 common frames omitted
[2026-09-21 18:23:35 IST] WARN [Service Name -> bookstore-account-service], [TraceId -> ], [SpanId -> ] 
      <DiscoveryClient-CacheRefreshExecutor-0> com.netflix.discovery.shared.transport.decorator.RetryableEurekaHttpClient : Request execution failed with message: java.net.ConnectException: Connection refused: connect
[2026-09-21 18:23:35 IST] WARN [Service Name -> bookstore-account-service], [TraceId -> ], [SpanId -> ] 
      <DiscoveryClient-HeartbeatExecutor-0> com.netflix.discovery.shared.transport.decorator.RetryableEurekaHttpClient : Request execution failed with message: java.net.ConnectException: Connection refused: connect
[2026-09-21 18:23:35 IST] ERROR [Service Name -> bookstore-account-service], [TraceId -> ], [SpanId -> ] 
      <DiscoveryClient-HeartbeatExecutor-0> com.netflix.discovery.DiscoveryClient : DiscoveryClient_BOOKSTORE-ACCOUNT-SERVICE/LAPTOP-PIAE5DDA:bookstore-account-service:4001 - was unable to send heartbeat!
com.netflix.discovery.shared.transport.TransportException: Cannot execute request on any known server
	at com.netflix.discovery.shared.transport.decorator.RetryableEurekaHttpClient.execute(RetryableEurekaHttpClient.java:112)
	at com.netflix.discovery.shared.transport.decorator.EurekaHttpClientDecorator.sendHeartBeat(EurekaHttpClientDecorator.java:89)
	at com.netflix.discovery.shared.transport.decorator.EurekaHttpClientDecorator$3.execute(EurekaHttpClientDecorator.java:92)
	at com.netflix.discovery.shared.transport.decorator.SessionedEurekaHttpClient.execute(SessionedEurekaHttpClient.java:77)
	at com.netflix.discovery.shared.transport.decorator.EurekaHttpClientDecorator.sendHeartBeat(EurekaHttpClientDecorator.java:89)
	at com.netflix.discovery.DiscoveryClient.renew(DiscoveryClient.java:864)
	at com.netflix.discovery.DiscoveryClient$HeartbeatThread.run(DiscoveryClient.java:1423)
	at java.util.concurrent.Executors$RunnableAdapter.call(Executors.java:511)
	at java.util.concurrent.FutureTask.run(FutureTask.java:266)
	at java.util.concurrent.ThreadPoolExecutor.runWorker(ThreadPoolExecutor.java:1149)
	at java.util.concurrent.ThreadPoolExecutor$Worker.run(ThreadPoolExecutor.java:624)
	at java.lang.Thread.run(Thread.java:750)
[2026-09-21 18:23:35 IST] ERROR [Service Name -> bookstore-account-service], [TraceId -> ], [SpanId -> ] 
      <DiscoveryClient-CacheRefreshExecutor-0> com.netflix.discovery.DiscoveryClient : DiscoveryClient_BOOKSTORE-ACCOUNT-SERVICE/LAPTOP-PIAE5DDA:bookstore-account-service:4001 - was unable to refresh its cache! status = Cannot execute request on any known server
com.netflix.discovery.shared.transport.TransportException: Cannot execute request on any known server
	at com.netflix.discovery.shared.transport.decorator.RetryableEurekaHttpClient.execute(RetryableEurekaHttpClient.java:112)
	at com.netflix.discovery.shared.transport.decorator.EurekaHttpClientDecorator.getApplications(EurekaHttpClientDecorator.java:134)
	at com.netflix.discovery.shared.transport.decorator.EurekaHttpClientDecorator$6.execute(EurekaHttpClientDecorator.java:137)
	at com.netflix.discovery.shared.transport.decorator.SessionedEurekaHttpClient.execute(SessionedEurekaHttpClient.java:77)
	at com.netflix.discovery.shared.transport.decorator.EurekaHttpClientDecorator.getApplications(EurekaHttpClientDecorator.java:134)
	at com.netflix.discovery.DiscoveryClient.getAndStoreFullRegistry(DiscoveryClient.java:1069)
	at com.netflix.discovery.DiscoveryClient.fetchRegistry(DiscoveryClient.java:983)
	at com.netflix.discovery.DiscoveryClient.refreshRegistry(DiscoveryClient.java:1497)
	at com.netflix.discovery.DiscoveryClient$CacheRefreshThread.run(DiscoveryClient.java:1464)
	at java.util.concurrent.Executors$RunnableAdapter.call(Executors.java:511)
	at java.util.concurrent.FutureTask.run(FutureTask.java:266)
	at java.util.concurrent.ThreadPoolExecutor.runWorker(ThreadPoolExecutor.java:1149)
	at java.util.concurrent.ThreadPoolExecutor$Worker.run(ThreadPoolExecutor.java:624)
	at java.lang.Thread.run(Thread.java:750)
[2026-09-21 18:23:35 IST] INFO [Service Name -> bookstore-account-service], [TraceId -> ], [SpanId -> ] 
      <DiscoveryClient-InstanceInfoReplicator-0> com.netflix.discovery.DiscoveryClient : DiscoveryClient_BOOKSTORE-ACCOUNT-SERVICE/LAPTOP-PIAE5DDA:bookstore-account-service:4001: registering service...
[2026-09-21 18:23:39 IST] ERROR [Service Name -> bookstore-account-service], [TraceId -> ], [SpanId -> ] 
      <DiscoveryClient-InstanceInfoReplicator-0> com.netflix.discovery.shared.transport.decorator.RedirectingEurekaHttpClient : Request execution error. endpoint=DefaultEndpoint{ serviceUrl='http://localhost:8761/eureka/}
com.sun.jersey.api.client.ClientHandlerException: java.net.ConnectException: Connection refused: connect
	at com.sun.jersey.client.apache4.ApacheHttpClient4Handler.handle(ApacheHttpClient4Handler.java:187)
	at com.sun.jersey.api.client.filter.GZIPContentEncodingFilter.handle(GZIPContentEncodingFilter.java:123)
	at com.netflix.discovery.EurekaIdentityHeaderFilter.handle(EurekaIdentityHeaderFilter.java:27)
	at com.sun.jersey.api.client.Client.handle(Client.java:652)
	at com.sun.jersey.api.client.WebResource.handle(WebResource.java:682)
	at com.sun.jersey.api.client.WebResource.access$200(WebResource.java:74)
	at com.sun.jersey.api.client.WebResource$Builder.post(WebResource.java:570)
	at com.netflix.discovery.shared.transport.jersey.AbstractJerseyEurekaHttpClient.register(AbstractJerseyEurekaHttpClient.java:56)
	at com.netflix.discovery.shared.transport.decorator.EurekaHttpClientDecorator$1.execute(EurekaHttpClientDecorator.java:59)
	at com.netflix.discovery.shared.transport.decorator.MetricsCollectingEurekaHttpClient.execute(MetricsCollectingEurekaHttpClient.java:73)
	at com.netflix.discovery.shared.transport.decorator.EurekaHttpClientDecorator.register(EurekaHttpClientDecorator.java:56)
	at com.netflix.discovery.shared.transport.decorator.EurekaHttpClientDecorator$1.execute(EurekaHttpClientDecorator.java:59)
	at com.netflix.discovery.shared.transport.decorator.RedirectingEurekaHttpClient.executeOnNewServer(RedirectingEurekaHttpClient.java:118)
	at com.netflix.discovery.shared.transport.decorator.RedirectingEurekaHttpClient.execute(RedirectingEurekaHttpClient.java:79)
	at com.netflix.discovery.shared.transport.decorator.EurekaHttpClientDecorator.register(EurekaHttpClientDecorator.java:56)
	at com.netflix.discovery.shared.transport.decorator.EurekaHttpClientDecorator$1.execute(EurekaHttpClientDecorator.java:59)
	at com.netflix.discovery.shared.transport.decorator.RetryableEurekaHttpClient.execute(RetryableEurekaHttpClient.java:120)
	at com.netflix.discovery.shared.transport.decorator.EurekaHttpClientDecorator.register(EurekaHttpClientDecorator.java:56)
	at com.netflix.discovery.shared.transport.decorator.EurekaHttpClientDecorator$1.execute(EurekaHttpClientDecorator.java:59)
	at com.netflix.discovery.shared.transport.decorator.SessionedEurekaHttpClient.execute(SessionedEurekaHttpClient.java:77)
	at com.netflix.discovery.shared.transport.decorator.EurekaHttpClientDecorator.register(EurekaHttpClientDecorator.java:56)
	at com.netflix.discovery.DiscoveryClient.register(DiscoveryClient.java:847)
	at com.netflix.discovery.InstanceInfoReplicator.run(InstanceInfoReplicator.java:121)
	at java.util.concurrent.Executors$RunnableAdapter.call(Executors.java:511)
	at java.util.concurrent.FutureTask.run(FutureTask.java:266)
	at java.util.concurrent.ScheduledThreadPoolExecutor$ScheduledFutureTask.access$201(ScheduledThreadPoolExecutor.java:180)
	at java.util.concurrent.ScheduledThreadPoolExecutor$ScheduledFutureTask.run(ScheduledThreadPoolExecutor.java:293)
	at java.util.concurrent.ThreadPoolExecutor.runWorker(ThreadPoolExecutor.java:1149)
	at java.util.concurrent.ThreadPoolExecutor$Worker.run(ThreadPoolExecutor.java:624)
	at java.lang.Thread.run(Thread.java:750)
Caused by: java.net.ConnectException: Connection refused: connect
	at java.net.DualStackPlainSocketImpl.waitForConnect(Native Method)
	at java.net.DualStackPlainSocketImpl.socketConnect(DualStackPlainSocketImpl.java:85)
	at java.net.AbstractPlainSocketImpl.doConnect(AbstractPlainSocketImpl.java:350)
	at java.net.AbstractPlainSocketImpl.connectToAddress(AbstractPlainSocketImpl.java:206)
	at java.net.AbstractPlainSocketImpl.connect(AbstractPlainSocketImpl.java:188)
	at java.net.PlainSocketImpl.connect(PlainSocketImpl.java:172)
	at java.net.SocksSocketImpl.connect(SocksSocketImpl.java:392)
	at java.net.Socket.connect(Socket.java:607)
	at org.apache.http.conn.scheme.PlainSocketFactory.connectSocket(PlainSocketFactory.java:121)
	at org.apache.http.impl.conn.DefaultClientConnectionOperator.openConnection(DefaultClientConnectionOperator.java:180)
	at org.apache.http.impl.conn.AbstractPoolEntry.open(AbstractPoolEntry.java:144)
	at org.apache.http.impl.conn.AbstractPooledConnAdapter.open(AbstractPooledConnAdapter.java:134)
	at org.apache.http.impl.client.DefaultRequestDirector.tryConnect(DefaultRequestDirector.java:605)
	at org.apache.http.impl.client.DefaultRequestDirector.execute(DefaultRequestDirector.java:440)
	at org.apache.http.impl.client.AbstractHttpClient.doExecute(AbstractHttpClient.java:835)
	at org.apache.http.impl.client.CloseableHttpClient.execute(CloseableHttpClient.java:118)
	at org.apache.http.impl.client.CloseableHttpClient.execute(CloseableHttpClient.java:56)
	at com.sun.jersey.client.apache4.ApacheHttpClient4Handler.handle(ApacheHttpClient4Handler.java:173)
	... 29 common frames omitted
[2026-09-21 18:23:39 IST] WARN [Service Name -> bookstore-account-service], [TraceId -> ], [SpanId -> ] 
      <DiscoveryClient-InstanceInfoReplicator-0> com.netflix.discovery.shared.transport.decorator.RetryableEurekaHttpClient : Request execution failed with message: java.net.ConnectException: Connection refused: connect
[2026-09-21 18:23:39 IST] WARN [Service Name -> bookstore-account-service], [TraceId -> ], [SpanId -> ] 
      <DiscoveryClient-InstanceInfoReplicator-0> com.netflix.discovery.DiscoveryClient : DiscoveryClient_BOOKSTORE-ACCOUNT-SERVICE/LAPTOP-PIAE5DDA:bookstore-account-service:4001 - registration failed Cannot execute request on any known server
com.netflix.discovery.shared.transport.TransportException: Cannot execute request on any known server
	at com.netflix.discovery.shared.transport.decorator.RetryableEurekaHttpClient.execute(RetryableEurekaHttpClient.java:112)
	at com.netflix.discovery.shared.transport.decorator.EurekaHttpClientDecorator.register(EurekaHttpClientDecorator.java:56)
	at com.netflix.discovery.shared.transport.decorator.EurekaHttpClientDecorator$1.execute(EurekaHttpClientDecorator.java:59)
	at com.netflix.discovery.shared.transport.decorator.SessionedEurekaHttpClient.execute(SessionedEurekaHttpClient.java:77)
	at com.netflix.discovery.shared.transport.decorator.EurekaHttpClientDecorator.register(EurekaHttpClientDecorator.java:56)
	at com.netflix.discovery.DiscoveryClient.register(DiscoveryClient.java:847)
	at com.netflix.discovery.InstanceInfoReplicator.run(InstanceInfoReplicator.java:121)
	at java.util.concurrent.Executors$RunnableAdapter.call(Executors.java:511)
	at java.util.concurrent.FutureTask.run(FutureTask.java:266)
	at java.util.concurrent.ScheduledThreadPoolExecutor$ScheduledFutureTask.access$201(ScheduledThreadPoolExecutor.java:180)
	at java.util.concurrent.ScheduledThreadPoolExecutor$ScheduledFutureTask.run(ScheduledThreadPoolExecutor.java:293)
	at java.util.concurrent.ThreadPoolExecutor.runWorker(ThreadPoolExecutor.java:1149)
	at java.util.concurrent.ThreadPoolExecutor$Worker.run(ThreadPoolExecutor.java:624)
	at java.lang.Thread.run(Thread.java:750)
[2026-09-21 18:23:39 IST] WARN [Service Name -> bookstore-account-service], [TraceId -> ], [SpanId -> ] 
      <DiscoveryClient-InstanceInfoReplicator-0> com.netflix.discovery.InstanceInfoReplicator : There was a problem with the instance info replicator
com.netflix.discovery.shared.transport.TransportException: Cannot execute request on any known server
	at com.netflix.discovery.shared.transport.decorator.RetryableEurekaHttpClient.execute(RetryableEurekaHttpClient.java:112)
	at com.netflix.discovery.shared.transport.decorator.EurekaHttpClientDecorator.register(EurekaHttpClientDecorator.java:56)
	at com.netflix.discovery.shared.transport.decorator.EurekaHttpClientDecorator$1.execute(EurekaHttpClientDecorator.java:59)
	at com.netflix.discovery.shared.transport.decorator.SessionedEurekaHttpClient.execute(SessionedEurekaHttpClient.java:77)
	at com.netflix.discovery.shared.transport.decorator.EurekaHttpClientDecorator.register(EurekaHttpClientDecorator.java:56)
	at com.netflix.discovery.DiscoveryClient.register(DiscoveryClient.java:847)
	at com.netflix.discovery.InstanceInfoReplicator.run(InstanceInfoReplicator.java:121)
	at java.util.concurrent.Executors$RunnableAdapter.call(Executors.java:511)
	at java.util.concurrent.FutureTask.run(FutureTask.java:266)
	at java.util.concurrent.ScheduledThreadPoolExecutor$ScheduledFutureTask.access$201(ScheduledThreadPoolExecutor.java:180)
	at java.util.concurrent.ScheduledThreadPoolExecutor$ScheduledFutureTask.run(ScheduledThreadPoolExecutor.java:293)
	at java.util.concurrent.ThreadPoolExecutor.runWorker(ThreadPoolExecutor.java:1149)
	at java.util.concurrent.ThreadPoolExecutor$Worker.run(ThreadPoolExecutor.java:624)
	at java.lang.Thread.run(Thread.java:750)
[2026-09-21 18:24:05 IST] INFO [Service Name -> bookstore-account-service], [TraceId -> ], [SpanId -> ] 
      <DiscoveryClient-CacheRefreshExecutor-0> com.netflix.discovery.DiscoveryClient : Disable delta property : false
[2026-09-21 18:24:05 IST] INFO [Service Name -> bookstore-account-service], [TraceId -> ], [SpanId -> ] 
      <DiscoveryClient-CacheRefreshExecutor-0> com.netflix.discovery.DiscoveryClient : Single vip registry refresh property : null
[2026-09-21 18:24:05 IST] INFO [Service Name -> bookstore-account-service], [TraceId -> ], [SpanId -> ] 
      <DiscoveryClient-CacheRefreshExecutor-0> com.netflix.discovery.DiscoveryClient : Force full registry fetch : false
[2026-09-21 18:24:05 IST] INFO [Service Name -> bookstore-account-service], [TraceId -> ], [SpanId -> ] 
      <DiscoveryClient-CacheRefreshExecutor-0> com.netflix.discovery.DiscoveryClient : Application is null : false
[2026-09-21 18:24:05 IST] INFO [Service Name -> bookstore-account-service], [TraceId -> ], [SpanId -> ] 
      <DiscoveryClient-CacheRefreshExecutor-0> com.netflix.discovery.DiscoveryClient : Registered Applications size is zero : true
[2026-09-21 18:24:05 IST] INFO [Service Name -> bookstore-account-service], [TraceId -> ], [SpanId -> ] 
      <DiscoveryClient-CacheRefreshExecutor-0> com.netflix.discovery.DiscoveryClient : Application version is -1: true
[2026-09-21 18:24:05 IST] INFO [Service Name -> bookstore-account-service], [TraceId -> ], [SpanId -> ] 
      <DiscoveryClient-CacheRefreshExecutor-0> com.netflix.discovery.DiscoveryClient : Getting all instance registry info from the eureka server
[2026-09-21 18:24:09 IST] ERROR [Service Name -> bookstore-account-service], [TraceId -> ], [SpanId -> ] 
      <DiscoveryClient-CacheRefreshExecutor-0> com.netflix.discovery.shared.transport.decorator.RedirectingEurekaHttpClient : Request execution error. endpoint=DefaultEndpoint{ serviceUrl='http://localhost:8761/eureka/}
com.sun.jersey.api.client.ClientHandlerException: java.net.ConnectException: Connection refused: connect
	at com.sun.jersey.client.apache4.ApacheHttpClient4Handler.handle(ApacheHttpClient4Handler.java:187)
	at com.sun.jersey.api.client.filter.GZIPContentEncodingFilter.handle(GZIPContentEncodingFilter.java:123)
	at com.netflix.discovery.EurekaIdentityHeaderFilter.handle(EurekaIdentityHeaderFilter.java:27)
	at com.sun.jersey.api.client.Client.handle(Client.java:652)
	at com.sun.jersey.api.client.WebResource.handle(WebResource.java:682)
	at com.sun.jersey.api.client.WebResource.access$200(WebResource.java:74)
	at com.sun.jersey.api.client.WebResource$Builder.get(WebResource.java:509)
	at com.netflix.discovery.shared.transport.jersey.AbstractJerseyEurekaHttpClient.getApplicationsInternal(AbstractJerseyEurekaHttpClient.java:194)
	at com.netflix.discovery.shared.transport.jersey.AbstractJerseyEurekaHttpClient.getApplications(AbstractJerseyEurekaHttpClient.java:165)
	at com.netflix.discovery.shared.transport.decorator.EurekaHttpClientDecorator$6.execute(EurekaHttpClientDecorator.java:137)
	at com.netflix.discovery.shared.transport.decorator.MetricsCollectingEurekaHttpClient.execute(MetricsCollectingEurekaHttpClient.java:73)
	at com.netflix.discovery.shared.transport.decorator.EurekaHttpClientDecorator.getApplications(EurekaHttpClientDecorator.java:134)
	at com.netflix.discovery.shared.transport.decorator.EurekaHttpClientDecorator$6.execute(EurekaHttpClientDecorator.java:137)
	at com.netflix.discovery.shared.transport.decorator.RedirectingEurekaHttpClient.executeOnNewServer(RedirectingEurekaHttpClient.java:118)
	at com.netflix.discovery.shared.transport.decorator.RedirectingEurekaHttpClient.execute(RedirectingEurekaHttpClient.java:79)
	at com.netflix.discovery.shared.transport.decorator.EurekaHttpClientDecorator.getApplications(EurekaHttpClientDecorator.java:134)
	at com.netflix.discovery.shared.transport.decorator.EurekaHttpClientDecorator$6.execute(EurekaHttpClientDecorator.java:137)
	at com.netflix.discovery.shared.transport.decorator.RetryableEurekaHttpClient.execute(RetryableEurekaHttpClient.java:120)
	at com.netflix.discovery.shared.transport.decorator.EurekaHttpClientDecorator.getApplications(EurekaHttpClientDecorator.java:134)
	at com.netflix.discovery.shared.transport.decorator.EurekaHttpClientDecorator$6.execute(EurekaHttpClientDecorator.java:137)
	at com.netflix.discovery.shared.transport.decorator.SessionedEurekaHttpClient.execute(SessionedEurekaHttpClient.java:77)
	at com.netflix.discovery.shared.transport.decorator.EurekaHttpClientDecorator.getApplications(EurekaHttpClientDecorator.java:134)
	at com.netflix.discovery.DiscoveryClient.getAndStoreFullRegistry(DiscoveryClient.java:1069)
	at com.netflix.discovery.DiscoveryClient.fetchRegistry(DiscoveryClient.java:983)
	at com.netflix.discovery.DiscoveryClient.refreshRegistry(DiscoveryClient.java:1497)
	at com.netflix.discovery.DiscoveryClient$CacheRefreshThread.run(DiscoveryClient.java:1464)
	at java.util.concurrent.Executors$RunnableAdapter.call(Executors.java:511)
	at java.util.concurrent.FutureTask.run(FutureTask.java:266)
	at java.util.concurrent.ThreadPoolExecutor.runWorker(ThreadPoolExecutor.java:1149)
	at java.util.concurrent.ThreadPoolExecutor$Worker.run(ThreadPoolExecutor.java:624)
	at java.lang.Thread.run(Thread.java:750)
Caused by: java.net.ConnectException: Connection refused: connect
	at java.net.DualStackPlainSocketImpl.waitForConnect(Native Method)
	at java.net.DualStackPlainSocketImpl.socketConnect(DualStackPlainSocketImpl.java:85)
	at java.net.AbstractPlainSocketImpl.doConnect(AbstractPlainSocketImpl.java:350)
	at java.net.AbstractPlainSocketImpl.connectToAddress(AbstractPlainSocketImpl.java:206)
	at java.net.AbstractPlainSocketImpl.connect(AbstractPlainSocketImpl.java:188)
	at java.net.PlainSocketImpl.connect(PlainSocketImpl.java:172)
	at java.net.SocksSocketImpl.connect(SocksSocketImpl.java:392)
	at java.net.Socket.connect(Socket.java:607)
	at org.apache.http.conn.scheme.PlainSocketFactory.connectSocket(PlainSocketFactory.java:121)
	at org.apache.http.impl.conn.DefaultClientConnectionOperator.openConnection(DefaultClientConnectionOperator.java:180)
	at org.apache.http.impl.conn.AbstractPoolEntry.open(AbstractPoolEntry.java:144)
	at org.apache.http.impl.conn.AbstractPooledConnAdapter.open(AbstractPooledConnAdapter.java:134)
	at org.apache.http.impl.client.DefaultRequestDirector.tryConnect(DefaultRequestDirector.java:605)
	at org.apache.http.impl.client.DefaultRequestDirector.execute(DefaultRequestDirector.java:440)
	at org.apache.http.impl.client.AbstractHttpClient.doExecute(AbstractHttpClient.java:835)
	at org.apache.http.impl.client.CloseableHttpClient.execute(CloseableHttpClient.java:118)
	at org.apache.http.impl.client.CloseableHttpClient.execute(CloseableHttpClient.java:56)
	at com.sun.jersey.client.apache4.ApacheHttpClient4Handler.handle(ApacheHttpClient4Handler.java:173)
	... 30 common frames omitted
[2026-09-21 18:24:09 IST] ERROR [Service Name -> bookstore-account-service], [TraceId -> ], [SpanId -> ] 
      <DiscoveryClient-HeartbeatExecutor-0> com.netflix.discovery.shared.transport.decorator.RedirectingEurekaHttpClient : Request execution error. endpoint=DefaultEndpoint{ serviceUrl='http://localhost:8761/eureka/}
com.sun.jersey.api.client.ClientHandlerException: java.net.ConnectException: Connection refused: connect
	at com.sun.jersey.client.apache4.ApacheHttpClient4Handler.handle(ApacheHttpClient4Handler.java:187)
	at com.sun.jersey.api.client.filter.GZIPContentEncodingFilter.handle(GZIPContentEncodingFilter.java:123)
	at com.netflix.discovery.EurekaIdentityHeaderFilter.handle(EurekaIdentityHeaderFilter.java:27)
	at com.sun.jersey.api.client.Client.handle(Client.java:652)
	at com.sun.jersey.api.client.WebResource.handle(WebResource.java:682)
	at com.sun.jersey.api.client.WebResource.access$200(WebResource.java:74)
	at com.sun.jersey.api.client.WebResource$Builder.put(WebResource.java:529)
	at com.netflix.discovery.shared.transport.jersey.AbstractJerseyEurekaHttpClient.sendHeartBeat(AbstractJerseyEurekaHttpClient.java:102)
	at com.netflix.discovery.shared.transport.decorator.EurekaHttpClientDecorator$3.execute(EurekaHttpClientDecorator.java:92)
	at com.netflix.discovery.shared.transport.decorator.MetricsCollectingEurekaHttpClient.execute(MetricsCollectingEurekaHttpClient.java:73)
	at com.netflix.discovery.shared.transport.decorator.EurekaHttpClientDecorator.sendHeartBeat(EurekaHttpClientDecorator.java:89)
	at com.netflix.discovery.shared.transport.decorator.EurekaHttpClientDecorator$3.execute(EurekaHttpClientDecorator.java:92)
	at com.netflix.discovery.shared.transport.decorator.RedirectingEurekaHttpClient.executeOnNewServer(RedirectingEurekaHttpClient.java:118)
	at com.netflix.discovery.shared.transport.decorator.RedirectingEurekaHttpClient.execute(RedirectingEurekaHttpClient.java:79)
	at com.netflix.discovery.shared.transport.decorator.EurekaHttpClientDecorator.sendHeartBeat(EurekaHttpClientDecorator.java:89)
	at com.netflix.discovery.shared.transport.decorator.EurekaHttpClientDecorator$3.execute(EurekaHttpClientDecorator.java:92)
	at com.netflix.discovery.shared.transport.decorator.RetryableEurekaHttpClient.execute(RetryableEurekaHttpClient.java:120)
	at com.netflix.discovery.shared.transport.decorator.EurekaHttpClientDecorator.sendHeartBeat(EurekaHttpClientDecorator.java:89)
	at com.netflix.discovery.shared.transport.decorator.EurekaHttpClientDecorator$3.execute(EurekaHttpClientDecorator.java:92)
	at com.netflix.discovery.shared.transport.decorator.SessionedEurekaHttpClient.execute(SessionedEurekaHttpClient.java:77)
	at com.netflix.discovery.shared.transport.decorator.EurekaHttpClientDecorator.sendHeartBeat(EurekaHttpClientDecorator.java:89)
	at com.netflix.discovery.DiscoveryClient.renew(DiscoveryClient.java:864)
	at com.netflix.discovery.DiscoveryClient$HeartbeatThread.run(DiscoveryClient.java:1423)
	at java.util.concurrent.Executors$RunnableAdapter.call(Executors.java:511)
	at java.util.concurrent.FutureTask.run(FutureTask.java:266)
	at java.util.concurrent.ThreadPoolExecutor.runWorker(ThreadPoolExecutor.java:1149)
	at java.util.concurrent.ThreadPoolExecutor$Worker.run(ThreadPoolExecutor.java:624)
	at java.lang.Thread.run(Thread.java:750)
Caused by: java.net.ConnectException: Connection refused: connect
	at java.net.DualStackPlainSocketImpl.waitForConnect(Native Method)
	at java.net.DualStackPlainSocketImpl.socketConnect(DualStackPlainSocketImpl.java:85)
	at java.net.AbstractPlainSocketImpl.doConnect(AbstractPlainSocketImpl.java:350)
	at java.net.AbstractPlainSocketImpl.connectToAddress(AbstractPlainSocketImpl.java:206)
	at java.net.AbstractPlainSocketImpl.connect(AbstractPlainSocketImpl.java:188)
	at java.net.PlainSocketImpl.connect(PlainSocketImpl.java:172)
	at java.net.SocksSocketImpl.connect(SocksSocketImpl.java:392)
	at java.net.Socket.connect(Socket.java:607)
	at org.apache.http.conn.scheme.PlainSocketFactory.connectSocket(PlainSocketFactory.java:121)
	at org.apache.http.impl.conn.DefaultClientConnectionOperator.openConnection(DefaultClientConnectionOperator.java:180)
	at org.apache.http.impl.conn.AbstractPoolEntry.open(AbstractPoolEntry.java:144)
	at org.apache.http.impl.conn.AbstractPooledConnAdapter.open(AbstractPooledConnAdapter.java:134)
	at org.apache.http.impl.client.DefaultRequestDirector.tryConnect(DefaultRequestDirector.java:605)
	at org.apache.http.impl.client.DefaultRequestDirector.execute(DefaultRequestDirector.java:440)
	at org.apache.http.impl.client.AbstractHttpClient.doExecute(AbstractHttpClient.java:835)
	at org.apache.http.impl.client.CloseableHttpClient.execute(CloseableHttpClient.java:118)
	at org.apache.http.impl.client.CloseableHttpClient.execute(CloseableHttpClient.java:56)
	at com.sun.jersey.client.apache4.ApacheHttpClient4Handler.handle(ApacheHttpClient4Handler.java:173)
	... 27 common frames omitted
[2026-09-21 18:24:09 IST] WARN [Service Name -> bookstore-account-service], [TraceId -> ], [SpanId -> ] 
      <DiscoveryClient-HeartbeatExecutor-0> com.netflix.discovery.shared.transport.decorator.RetryableEurekaHttpClient : Request execution failed with message: java.net.ConnectException: Connection refused: connect
[2026-09-21 18:24:09 IST] WARN [Service Name -> bookstore-account-service], [TraceId -> ], [SpanId -> ] 
      <DiscoveryClient-CacheRefreshExecutor-0> com.netflix.discovery.shared.transport.decorator.RetryableEurekaHttpClient : Request execution failed with message: java.net.ConnectException: Connection refused: connect
[2026-09-21 18:24:09 IST] ERROR [Service Name -> bookstore-account-service], [TraceId -> ], [SpanId -> ] 
      <DiscoveryClient-HeartbeatExecutor-0> com.netflix.discovery.DiscoveryClient : DiscoveryClient_BOOKSTORE-ACCOUNT-SERVICE/LAPTOP-PIAE5DDA:bookstore-account-service:4001 - was unable to send heartbeat!
com.netflix.discovery.shared.transport.TransportException: Cannot execute request on any known server
	at com.netflix.discovery.shared.transport.decorator.RetryableEurekaHttpClient.execute(RetryableEurekaHttpClient.java:112)
	at com.netflix.discovery.shared.transport.decorator.EurekaHttpClientDecorator.sendHeartBeat(EurekaHttpClientDecorator.java:89)
	at com.netflix.discovery.shared.transport.decorator.EurekaHttpClientDecorator$3.execute(EurekaHttpClientDecorator.java:92)
	at com.netflix.discovery.shared.transport.decorator.SessionedEurekaHttpClient.execute(SessionedEurekaHttpClient.java:77)
	at com.netflix.discovery.shared.transport.decorator.EurekaHttpClientDecorator.sendHeartBeat(EurekaHttpClientDecorator.java:89)
	at com.netflix.discovery.DiscoveryClient.renew(DiscoveryClient.java:864)
	at com.netflix.discovery.DiscoveryClient$HeartbeatThread.run(DiscoveryClient.java:1423)
	at java.util.concurrent.Executors$RunnableAdapter.call(Executors.java:511)
	at java.util.concurrent.FutureTask.run(FutureTask.java:266)
	at java.util.concurrent.ThreadPoolExecutor.runWorker(ThreadPoolExecutor.java:1149)
	at java.util.concurrent.ThreadPoolExecutor$Worker.run(ThreadPoolExecutor.java:624)
	at java.lang.Thread.run(Thread.java:750)
[2026-09-21 18:24:09 IST] ERROR [Service Name -> bookstore-account-service], [TraceId -> ], [SpanId -> ] 
      <DiscoveryClient-CacheRefreshExecutor-0> com.netflix.discovery.DiscoveryClient : DiscoveryClient_BOOKSTORE-ACCOUNT-SERVICE/LAPTOP-PIAE5DDA:bookstore-account-service:4001 - was unable to refresh its cache! status = Cannot execute request on any known server
com.netflix.discovery.shared.transport.TransportException: Cannot execute request on any known server
	at com.netflix.discovery.shared.transport.decorator.RetryableEurekaHttpClient.execute(RetryableEurekaHttpClient.java:112)
	at com.netflix.discovery.shared.transport.decorator.EurekaHttpClientDecorator.getApplications(EurekaHttpClientDecorator.java:134)
	at com.netflix.discovery.shared.transport.decorator.EurekaHttpClientDecorator$6.execute(EurekaHttpClientDecorator.java:137)
	at com.netflix.discovery.shared.transport.decorator.SessionedEurekaHttpClient.execute(SessionedEurekaHttpClient.java:77)
	at com.netflix.discovery.shared.transport.decorator.EurekaHttpClientDecorator.getApplications(EurekaHttpClientDecorator.java:134)
	at com.netflix.discovery.DiscoveryClient.getAndStoreFullRegistry(DiscoveryClient.java:1069)
	at com.netflix.discovery.DiscoveryClient.fetchRegistry(DiscoveryClient.java:983)
	at com.netflix.discovery.DiscoveryClient.refreshRegistry(DiscoveryClient.java:1497)
	at com.netflix.discovery.DiscoveryClient$CacheRefreshThread.run(DiscoveryClient.java:1464)
	at java.util.concurrent.Executors$RunnableAdapter.call(Executors.java:511)
	at java.util.concurrent.FutureTask.run(FutureTask.java:266)
	at java.util.concurrent.ThreadPoolExecutor.runWorker(ThreadPoolExecutor.java:1149)
	at java.util.concurrent.ThreadPoolExecutor$Worker.run(ThreadPoolExecutor.java:624)
	at java.lang.Thread.run(Thread.java:750)
[2026-09-21 18:24:09 IST] INFO [Service Name -> bookstore-account-service], [TraceId -> ], [SpanId -> ] 
      <DiscoveryClient-InstanceInfoReplicator-0> com.netflix.discovery.DiscoveryClient : DiscoveryClient_BOOKSTORE-ACCOUNT-SERVICE/LAPTOP-PIAE5DDA:bookstore-account-service:4001: registering service...
[2026-09-21 18:24:13 IST] ERROR [Service Name -> bookstore-account-service], [TraceId -> ], [SpanId -> ] 
      <DiscoveryClient-InstanceInfoReplicator-0> com.netflix.discovery.shared.transport.decorator.RedirectingEurekaHttpClient : Request execution error. endpoint=DefaultEndpoint{ serviceUrl='http://localhost:8761/eureka/}
com.sun.jersey.api.client.ClientHandlerException: java.net.ConnectException: Connection refused: connect
	at com.sun.jersey.client.apache4.ApacheHttpClient4Handler.handle(ApacheHttpClient4Handler.java:187)
	at com.sun.jersey.api.client.filter.GZIPContentEncodingFilter.handle(GZIPContentEncodingFilter.java:123)
	at com.netflix.discovery.EurekaIdentityHeaderFilter.handle(EurekaIdentityHeaderFilter.java:27)
	at com.sun.jersey.api.client.Client.handle(Client.java:652)
	at com.sun.jersey.api.client.WebResource.handle(WebResource.java:682)
	at com.sun.jersey.api.client.WebResource.access$200(WebResource.java:74)
	at com.sun.jersey.api.client.WebResource$Builder.post(WebResource.java:570)
	at com.netflix.discovery.shared.transport.jersey.AbstractJerseyEurekaHttpClient.register(AbstractJerseyEurekaHttpClient.java:56)
	at com.netflix.discovery.shared.transport.decorator.EurekaHttpClientDecorator$1.execute(EurekaHttpClientDecorator.java:59)
	at com.netflix.discovery.shared.transport.decorator.MetricsCollectingEurekaHttpClient.execute(MetricsCollectingEurekaHttpClient.java:73)
	at com.netflix.discovery.shared.transport.decorator.EurekaHttpClientDecorator.register(EurekaHttpClientDecorator.java:56)
	at com.netflix.discovery.shared.transport.decorator.EurekaHttpClientDecorator$1.execute(EurekaHttpClientDecorator.java:59)
	at com.netflix.discovery.shared.transport.decorator.RedirectingEurekaHttpClient.executeOnNewServer(RedirectingEurekaHttpClient.java:118)
	at com.netflix.discovery.shared.transport.decorator.RedirectingEurekaHttpClient.execute(RedirectingEurekaHttpClient.java:79)
	at com.netflix.discovery.shared.transport.decorator.EurekaHttpClientDecorator.register(EurekaHttpClientDecorator.java:56)
	at com.netflix.discovery.shared.transport.decorator.EurekaHttpClientDecorator$1.execute(EurekaHttpClientDecorator.java:59)
	at com.netflix.discovery.shared.transport.decorator.RetryableEurekaHttpClient.execute(RetryableEurekaHttpClient.java:120)
	at com.netflix.discovery.shared.transport.decorator.EurekaHttpClientDecorator.register(EurekaHttpClientDecorator.java:56)
	at com.netflix.discovery.shared.transport.decorator.EurekaHttpClientDecorator$1.execute(EurekaHttpClientDecorator.java:59)
	at com.netflix.discovery.shared.transport.decorator.SessionedEurekaHttpClient.execute(SessionedEurekaHttpClient.java:77)
	at com.netflix.discovery.shared.transport.decorator.EurekaHttpClientDecorator.register(EurekaHttpClientDecorator.java:56)
	at com.netflix.discovery.DiscoveryClient.register(DiscoveryClient.java:847)
	at com.netflix.discovery.InstanceInfoReplicator.run(InstanceInfoReplicator.java:121)
	at java.util.concurrent.Executors$RunnableAdapter.call(Executors.java:511)
	at java.util.concurrent.FutureTask.run(FutureTask.java:266)
	at java.util.concurrent.ScheduledThreadPoolExecutor$ScheduledFutureTask.access$201(ScheduledThreadPoolExecutor.java:180)
	at java.util.concurrent.ScheduledThreadPoolExecutor$ScheduledFutureTask.run(ScheduledThreadPoolExecutor.java:293)
	at java.util.concurrent.ThreadPoolExecutor.runWorker(ThreadPoolExecutor.java:1149)
	at java.util.concurrent.ThreadPoolExecutor$Worker.run(ThreadPoolExecutor.java:624)
	at java.lang.Thread.run(Thread.java:750)
Caused by: java.net.ConnectException: Connection refused: connect
	at java.net.DualStackPlainSocketImpl.waitForConnect(Native Method)
	at java.net.DualStackPlainSocketImpl.socketConnect(DualStackPlainSocketImpl.java:85)
	at java.net.AbstractPlainSocketImpl.doConnect(AbstractPlainSocketImpl.java:350)
	at java.net.AbstractPlainSocketImpl.connectToAddress(AbstractPlainSocketImpl.java:206)
	at java.net.AbstractPlainSocketImpl.connect(AbstractPlainSocketImpl.java:188)
	at java.net.PlainSocketImpl.connect(PlainSocketImpl.java:172)
	at java.net.SocksSocketImpl.connect(SocksSocketImpl.java:392)
	at java.net.Socket.connect(Socket.java:607)
	at org.apache.http.conn.scheme.PlainSocketFactory.connectSocket(PlainSocketFactory.java:121)
	at org.apache.http.impl.conn.DefaultClientConnectionOperator.openConnection(DefaultClientConnectionOperator.java:180)
	at org.apache.http.impl.conn.AbstractPoolEntry.open(AbstractPoolEntry.java:144)
	at org.apache.http.impl.conn.AbstractPooledConnAdapter.open(AbstractPooledConnAdapter.java:134)
	at org.apache.http.impl.client.DefaultRequestDirector.tryConnect(DefaultRequestDirector.java:605)
	at org.apache.http.impl.client.DefaultRequestDirector.execute(DefaultRequestDirector.java:440)
	at org.apache.http.impl.client.AbstractHttpClient.doExecute(AbstractHttpClient.java:835)
	at org.apache.http.impl.client.CloseableHttpClient.execute(CloseableHttpClient.java:118)
	at org.apache.http.impl.client.CloseableHttpClient.execute(CloseableHttpClient.java:56)
	at com.sun.jersey.client.apache4.ApacheHttpClient4Handler.handle(ApacheHttpClient4Handler.java:173)
	... 29 common frames omitted
[2026-09-21 18:24:13 IST] WARN [Service Name -> bookstore-account-service], [TraceId -> ], [SpanId -> ] 
      <DiscoveryClient-InstanceInfoReplicator-0> com.netflix.discovery.shared.transport.decorator.RetryableEurekaHttpClient : Request execution failed with message: java.net.ConnectException: Connection refused: connect
[2026-09-21 18:24:13 IST] WARN [Service Name -> bookstore-account-service], [TraceId -> ], [SpanId -> ] 
      <DiscoveryClient-InstanceInfoReplicator-0> com.netflix.discovery.DiscoveryClient : DiscoveryClient_BOOKSTORE-ACCOUNT-SERVICE/LAPTOP-PIAE5DDA:bookstore-account-service:4001 - registration failed Cannot execute request on any known server
com.netflix.discovery.shared.transport.TransportException: Cannot execute request on any known server
	at com.netflix.discovery.shared.transport.decorator.RetryableEurekaHttpClient.execute(RetryableEurekaHttpClient.java:112)
	at com.netflix.discovery.shared.transport.decorator.EurekaHttpClientDecorator.register(EurekaHttpClientDecorator.java:56)
	at com.netflix.discovery.shared.transport.decorator.EurekaHttpClientDecorator$1.execute(EurekaHttpClientDecorator.java:59)
	at com.netflix.discovery.shared.transport.decorator.SessionedEurekaHttpClient.execute(SessionedEurekaHttpClient.java:77)
	at com.netflix.discovery.shared.transport.decorator.EurekaHttpClientDecorator.register(EurekaHttpClientDecorator.java:56)
	at com.netflix.discovery.DiscoveryClient.register(DiscoveryClient.java:847)
	at com.netflix.discovery.InstanceInfoReplicator.run(InstanceInfoReplicator.java:121)
	at java.util.concurrent.Executors$RunnableAdapter.call(Executors.java:511)
	at java.util.concurrent.FutureTask.run(FutureTask.java:266)
	at java.util.concurrent.ScheduledThreadPoolExecutor$ScheduledFutureTask.access$201(ScheduledThreadPoolExecutor.java:180)
	at java.util.concurrent.ScheduledThreadPoolExecutor$ScheduledFutureTask.run(ScheduledThreadPoolExecutor.java:293)
	at java.util.concurrent.ThreadPoolExecutor.runWorker(ThreadPoolExecutor.java:1149)
	at java.util.concurrent.ThreadPoolExecutor$Worker.run(ThreadPoolExecutor.java:624)
	at java.lang.Thread.run(Thread.java:750)
[2026-09-21 18:24:13 IST] WARN [Service Name -> bookstore-account-service], [TraceId -> ], [SpanId -> ] 
      <DiscoveryClient-InstanceInfoReplicator-0> com.netflix.discovery.InstanceInfoReplicator : There was a problem with the instance info replicator
com.netflix.discovery.shared.transport.TransportException: Cannot execute request on any known server
	at com.netflix.discovery.shared.transport.decorator.RetryableEurekaHttpClient.execute(RetryableEurekaHttpClient.java:112)
	at com.netflix.discovery.shared.transport.decorator.EurekaHttpClientDecorator.register(EurekaHttpClientDecorator.java:56)
	at com.netflix.discovery.shared.transport.decorator.EurekaHttpClientDecorator$1.execute(EurekaHttpClientDecorator.java:59)
	at com.netflix.discovery.shared.transport.decorator.SessionedEurekaHttpClient.execute(SessionedEurekaHttpClient.java:77)
	at com.netflix.discovery.shared.transport.decorator.EurekaHttpClientDecorator.register(EurekaHttpClientDecorator.java:56)
	at com.netflix.discovery.DiscoveryClient.register(DiscoveryClient.java:847)
	at com.netflix.discovery.InstanceInfoReplicator.run(InstanceInfoReplicator.java:121)
	at java.util.concurrent.Executors$RunnableAdapter.call(Executors.java:511)
	at java.util.concurrent.FutureTask.run(FutureTask.java:266)
	at java.util.concurrent.ScheduledThreadPoolExecutor$ScheduledFutureTask.access$201(ScheduledThreadPoolExecutor.java:180)
	at java.util.concurrent.ScheduledThreadPoolExecutor$ScheduledFutureTask.run(ScheduledThreadPoolExecutor.java:293)
	at java.util.concurrent.ThreadPoolExecutor.runWorker(ThreadPoolExecutor.java:1149)
	at java.util.concurrent.ThreadPoolExecutor$Worker.run(ThreadPoolExecutor.java:624)
	at java.lang.Thread.run(Thread.java:750)
[2026-09-21 18:24:39 IST] INFO [Service Name -> bookstore-account-service], [TraceId -> ], [SpanId -> ] 
      <DiscoveryClient-CacheRefreshExecutor-0> com.netflix.discovery.DiscoveryClient : Disable delta property : false
[2026-09-21 18:24:39 IST] INFO [Service Name -> bookstore-account-service], [TraceId -> ], [SpanId -> ] 
      <DiscoveryClient-CacheRefreshExecutor-0> com.netflix.discovery.DiscoveryClient : Single vip registry refresh property : null
[2026-09-21 18:24:39 IST] INFO [Service Name -> bookstore-account-service], [TraceId -> ], [SpanId -> ] 
      <DiscoveryClient-CacheRefreshExecutor-0> com.netflix.discovery.DiscoveryClient : Force full registry fetch : false
[2026-09-21 18:24:39 IST] INFO [Service Name -> bookstore-account-service], [TraceId -> ], [SpanId -> ] 
      <DiscoveryClient-CacheRefreshExecutor-0> com.netflix.discovery.DiscoveryClient : Application is null : false
[2026-09-21 18:24:39 IST] INFO [Service Name -> bookstore-account-service], [TraceId -> ], [SpanId -> ] 
      <DiscoveryClient-CacheRefreshExecutor-0> com.netflix.discovery.DiscoveryClient : Registered Applications size is zero : true
[2026-09-21 18:24:39 IST] INFO [Service Name -> bookstore-account-service], [TraceId -> ], [SpanId -> ] 
      <DiscoveryClient-CacheRefreshExecutor-0> com.netflix.discovery.DiscoveryClient : Application version is -1: true
[2026-09-21 18:24:39 IST] INFO [Service Name -> bookstore-account-service], [TraceId -> ], [SpanId -> ] 
      <DiscoveryClient-CacheRefreshExecutor-0> com.netflix.discovery.DiscoveryClient : Getting all instance registry info from the eureka server
[2026-09-21 18:24:43 IST] ERROR [Service Name -> bookstore-account-service], [TraceId -> ], [SpanId -> ] 
      <DiscoveryClient-HeartbeatExecutor-0> com.netflix.discovery.shared.transport.decorator.RedirectingEurekaHttpClient : Request execution error. endpoint=DefaultEndpoint{ serviceUrl='http://localhost:8761/eureka/}
com.sun.jersey.api.client.ClientHandlerException: java.net.ConnectException: Connection refused: connect
	at com.sun.jersey.client.apache4.ApacheHttpClient4Handler.handle(ApacheHttpClient4Handler.java:187)
	at com.sun.jersey.api.client.filter.GZIPContentEncodingFilter.handle(GZIPContentEncodingFilter.java:123)
	at com.netflix.discovery.EurekaIdentityHeaderFilter.handle(EurekaIdentityHeaderFilter.java:27)
	at com.sun.jersey.api.client.Client.handle(Client.java:652)
	at com.sun.jersey.api.client.WebResource.handle(WebResource.java:682)
	at com.sun.jersey.api.client.WebResource.access$200(WebResource.java:74)
	at com.sun.jersey.api.client.WebResource$Builder.put(WebResource.java:529)
	at com.netflix.discovery.shared.transport.jersey.AbstractJerseyEurekaHttpClient.sendHeartBeat(AbstractJerseyEurekaHttpClient.java:102)
	at com.netflix.discovery.shared.transport.decorator.EurekaHttpClientDecorator$3.execute(EurekaHttpClientDecorator.java:92)
	at com.netflix.discovery.shared.transport.decorator.MetricsCollectingEurekaHttpClient.execute(MetricsCollectingEurekaHttpClient.java:73)
	at com.netflix.discovery.shared.transport.decorator.EurekaHttpClientDecorator.sendHeartBeat(EurekaHttpClientDecorator.java:89)
	at com.netflix.discovery.shared.transport.decorator.EurekaHttpClientDecorator$3.execute(EurekaHttpClientDecorator.java:92)
	at com.netflix.discovery.shared.transport.decorator.RedirectingEurekaHttpClient.executeOnNewServer(RedirectingEurekaHttpClient.java:118)
	at com.netflix.discovery.shared.transport.decorator.RedirectingEurekaHttpClient.execute(RedirectingEurekaHttpClient.java:79)
	at com.netflix.discovery.shared.transport.decorator.EurekaHttpClientDecorator.sendHeartBeat(EurekaHttpClientDecorator.java:89)
	at com.netflix.discovery.shared.transport.decorator.EurekaHttpClientDecorator$3.execute(EurekaHttpClientDecorator.java:92)
	at com.netflix.discovery.shared.transport.decorator.RetryableEurekaHttpClient.execute(RetryableEurekaHttpClient.java:120)
	at com.netflix.discovery.shared.transport.decorator.EurekaHttpClientDecorator.sendHeartBeat(EurekaHttpClientDecorator.java:89)
	at com.netflix.discovery.shared.transport.decorator.EurekaHttpClientDecorator$3.execute(EurekaHttpClientDecorator.java:92)
	at com.netflix.discovery.shared.transport.decorator.SessionedEurekaHttpClient.execute(SessionedEurekaHttpClient.java:77)
	at com.netflix.discovery.shared.transport.decorator.EurekaHttpClientDecorator.sendHeartBeat(EurekaHttpClientDecorator.java:89)
	at com.netflix.discovery.DiscoveryClient.renew(DiscoveryClient.java:864)
	at com.netflix.discovery.DiscoveryClient$HeartbeatThread.run(DiscoveryClient.java:1423)
	at java.util.concurrent.Executors$RunnableAdapter.call(Executors.java:511)
	at java.util.concurrent.FutureTask.run(FutureTask.java:266)
	at java.util.concurrent.ThreadPoolExecutor.runWorker(ThreadPoolExecutor.java:1149)
	at java.util.concurrent.ThreadPoolExecutor$Worker.run(ThreadPoolExecutor.java:624)
	at java.lang.Thread.run(Thread.java:750)
Caused by: java.net.ConnectException: Connection refused: connect
	at java.net.DualStackPlainSocketImpl.waitForConnect(Native Method)
	at java.net.DualStackPlainSocketImpl.socketConnect(DualStackPlainSocketImpl.java:85)
	at java.net.AbstractPlainSocketImpl.doConnect(AbstractPlainSocketImpl.java:350)
	at java.net.AbstractPlainSocketImpl.connectToAddress(AbstractPlainSocketImpl.java:206)
	at java.net.AbstractPlainSocketImpl.connect(AbstractPlainSocketImpl.java:188)
	at java.net.PlainSocketImpl.connect(PlainSocketImpl.java:172)
	at java.net.SocksSocketImpl.connect(SocksSocketImpl.java:392)
	at java.net.Socket.connect(Socket.java:607)
	at org.apache.http.conn.scheme.PlainSocketFactory.connectSocket(PlainSocketFactory.java:121)
	at org.apache.http.impl.conn.DefaultClientConnectionOperator.openConnection(DefaultClientConnectionOperator.java:180)
	at org.apache.http.impl.conn.AbstractPoolEntry.open(AbstractPoolEntry.java:144)
	at org.apache.http.impl.conn.AbstractPooledConnAdapter.open(AbstractPooledConnAdapter.java:134)
	at org.apache.http.impl.client.DefaultRequestDirector.tryConnect(DefaultRequestDirector.java:605)
	at org.apache.http.impl.client.DefaultRequestDirector.execute(DefaultRequestDirector.java:440)
	at org.apache.http.impl.client.AbstractHttpClient.doExecute(AbstractHttpClient.java:835)
	at org.apache.http.impl.client.CloseableHttpClient.execute(CloseableHttpClient.java:118)
	at org.apache.http.impl.client.CloseableHttpClient.execute(CloseableHttpClient.java:56)
	at com.sun.jersey.client.apache4.ApacheHttpClient4Handler.handle(ApacheHttpClient4Handler.java:173)
	... 27 common frames omitted
[2026-09-21 18:24:43 IST] WARN [Service Name -> bookstore-account-service], [TraceId -> ], [SpanId -> ] 
      <DiscoveryClient-HeartbeatExecutor-0> com.netflix.discovery.shared.transport.decorator.RetryableEurekaHttpClient : Request execution failed with message: java.net.ConnectException: Connection refused: connect
[2026-09-21 18:24:43 IST] ERROR [Service Name -> bookstore-account-service], [TraceId -> ], [SpanId -> ] 
      <DiscoveryClient-HeartbeatExecutor-0> com.netflix.discovery.DiscoveryClient : DiscoveryClient_BOOKSTORE-ACCOUNT-SERVICE/LAPTOP-PIAE5DDA:bookstore-account-service:4001 - was unable to send heartbeat!
com.netflix.discovery.shared.transport.TransportException: Cannot execute request on any known server
	at com.netflix.discovery.shared.transport.decorator.RetryableEurekaHttpClient.execute(RetryableEurekaHttpClient.java:112)
	at com.netflix.discovery.shared.transport.decorator.EurekaHttpClientDecorator.sendHeartBeat(EurekaHttpClientDecorator.java:89)
	at com.netflix.discovery.shared.transport.decorator.EurekaHttpClientDecorator$3.execute(EurekaHttpClientDecorator.java:92)
	at com.netflix.discovery.shared.transport.decorator.SessionedEurekaHttpClient.execute(SessionedEurekaHttpClient.java:77)
	at com.netflix.discovery.shared.transport.decorator.EurekaHttpClientDecorator.sendHeartBeat(EurekaHttpClientDecorator.java:89)
	at com.netflix.discovery.DiscoveryClient.renew(DiscoveryClient.java:864)
	at com.netflix.discovery.DiscoveryClient$HeartbeatThread.run(DiscoveryClient.java:1423)
	at java.util.concurrent.Executors$RunnableAdapter.call(Executors.java:511)
	at java.util.concurrent.FutureTask.run(FutureTask.java:266)
	at java.util.concurrent.ThreadPoolExecutor.runWorker(ThreadPoolExecutor.java:1149)
	at java.util.concurrent.ThreadPoolExecutor$Worker.run(ThreadPoolExecutor.java:624)
	at java.lang.Thread.run(Thread.java:750)
[2026-09-21 18:24:43 IST] ERROR [Service Name -> bookstore-account-service], [TraceId -> ], [SpanId -> ] 
      <DiscoveryClient-CacheRefreshExecutor-0> com.netflix.discovery.shared.transport.decorator.RedirectingEurekaHttpClient : Request execution error. endpoint=DefaultEndpoint{ serviceUrl='http://localhost:8761/eureka/}
com.sun.jersey.api.client.ClientHandlerException: java.net.ConnectException: Connection refused: connect
	at com.sun.jersey.client.apache4.ApacheHttpClient4Handler.handle(ApacheHttpClient4Handler.java:187)
	at com.sun.jersey.api.client.filter.GZIPContentEncodingFilter.handle(GZIPContentEncodingFilter.java:123)
	at com.netflix.discovery.EurekaIdentityHeaderFilter.handle(EurekaIdentityHeaderFilter.java:27)
	at com.sun.jersey.api.client.Client.handle(Client.java:652)
	at com.sun.jersey.api.client.WebResource.handle(WebResource.java:682)
	at com.sun.jersey.api.client.WebResource.access$200(WebResource.java:74)
	at com.sun.jersey.api.client.WebResource$Builder.get(WebResource.java:509)
	at com.netflix.discovery.shared.transport.jersey.AbstractJerseyEurekaHttpClient.getApplicationsInternal(AbstractJerseyEurekaHttpClient.java:194)
	at com.netflix.discovery.shared.transport.jersey.AbstractJerseyEurekaHttpClient.getApplications(AbstractJerseyEurekaHttpClient.java:165)
	at com.netflix.discovery.shared.transport.decorator.EurekaHttpClientDecorator$6.execute(EurekaHttpClientDecorator.java:137)
	at com.netflix.discovery.shared.transport.decorator.MetricsCollectingEurekaHttpClient.execute(MetricsCollectingEurekaHttpClient.java:73)
	at com.netflix.discovery.shared.transport.decorator.EurekaHttpClientDecorator.getApplications(EurekaHttpClientDecorator.java:134)
	at com.netflix.discovery.shared.transport.decorator.EurekaHttpClientDecorator$6.execute(EurekaHttpClientDecorator.java:137)
	at com.netflix.discovery.shared.transport.decorator.RedirectingEurekaHttpClient.executeOnNewServer(RedirectingEurekaHttpClient.java:118)
	at com.netflix.discovery.shared.transport.decorator.RedirectingEurekaHttpClient.execute(RedirectingEurekaHttpClient.java:79)
	at com.netflix.discovery.shared.transport.decorator.EurekaHttpClientDecorator.getApplications(EurekaHttpClientDecorator.java:134)
	at com.netflix.discovery.shared.transport.decorator.EurekaHttpClientDecorator$6.execute(EurekaHttpClientDecorator.java:137)
	at com.netflix.discovery.shared.transport.decorator.RetryableEurekaHttpClient.execute(RetryableEurekaHttpClient.java:120)
	at com.netflix.discovery.shared.transport.decorator.EurekaHttpClientDecorator.getApplications(EurekaHttpClientDecorator.java:134)
	at com.netflix.discovery.shared.transport.decorator.EurekaHttpClientDecorator$6.execute(EurekaHttpClientDecorator.java:137)
	at com.netflix.discovery.shared.transport.decorator.SessionedEurekaHttpClient.execute(SessionedEurekaHttpClient.java:77)
	at com.netflix.discovery.shared.transport.decorator.EurekaHttpClientDecorator.getApplications(EurekaHttpClientDecorator.java:134)
	at com.netflix.discovery.DiscoveryClient.getAndStoreFullRegistry(DiscoveryClient.java:1069)
	at com.netflix.discovery.DiscoveryClient.fetchRegistry(DiscoveryClient.java:983)
	at com.netflix.discovery.DiscoveryClient.refreshRegistry(DiscoveryClient.java:1497)
	at com.netflix.discovery.DiscoveryClient$CacheRefreshThread.run(DiscoveryClient.java:1464)
	at java.util.concurrent.Executors$RunnableAdapter.call(Executors.java:511)
	at java.util.concurrent.FutureTask.run(FutureTask.java:266)
	at java.util.concurrent.ThreadPoolExecutor.runWorker(ThreadPoolExecutor.java:1149)
	at java.util.concurrent.ThreadPoolExecutor$Worker.run(ThreadPoolExecutor.java:624)
	at java.lang.Thread.run(Thread.java:750)
Caused by: java.net.ConnectException: Connection refused: connect
	at java.net.DualStackPlainSocketImpl.waitForConnect(Native Method)
	at java.net.DualStackPlainSocketImpl.socketConnect(DualStackPlainSocketImpl.java:85)
	at java.net.AbstractPlainSocketImpl.doConnect(AbstractPlainSocketImpl.java:350)
	at java.net.AbstractPlainSocketImpl.connectToAddress(AbstractPlainSocketImpl.java:206)
	at java.net.AbstractPlainSocketImpl.connect(AbstractPlainSocketImpl.java:188)
	at java.net.PlainSocketImpl.connect(PlainSocketImpl.java:172)
	at java.net.SocksSocketImpl.connect(SocksSocketImpl.java:392)
	at java.net.Socket.connect(Socket.java:607)
	at org.apache.http.conn.scheme.PlainSocketFactory.connectSocket(PlainSocketFactory.java:121)
	at org.apache.http.impl.conn.DefaultClientConnectionOperator.openConnection(DefaultClientConnectionOperator.java:180)
	at org.apache.http.impl.conn.AbstractPoolEntry.open(AbstractPoolEntry.java:144)
	at org.apache.http.impl.conn.AbstractPooledConnAdapter.open(AbstractPooledConnAdapter.java:134)
	at org.apache.http.impl.client.DefaultRequestDirector.tryConnect(DefaultRequestDirector.java:605)
	at org.apache.http.impl.client.DefaultRequestDirector.execute(DefaultRequestDirector.java:440)
	at org.apache.http.impl.client.AbstractHttpClient.doExecute(AbstractHttpClient.java:835)
	at org.apache.http.impl.client.CloseableHttpClient.execute(CloseableHttpClient.java:118)
	at org.apache.http.impl.client.CloseableHttpClient.execute(CloseableHttpClient.java:56)
	at com.sun.jersey.client.apache4.ApacheHttpClient4Handler.handle(ApacheHttpClient4Handler.java:173)
	... 30 common frames omitted
[2026-09-21 18:24:43 IST] WARN [Service Name -> bookstore-account-service], [TraceId -> ], [SpanId -> ] 
      <DiscoveryClient-CacheRefreshExecutor-0> com.netflix.discovery.shared.transport.decorator.RetryableEurekaHttpClient : Request execution failed with message: java.net.ConnectException: Connection refused: connect
[2026-09-21 18:24:43 IST] ERROR [Service Name -> bookstore-account-service], [TraceId -> ], [SpanId -> ] 
      <DiscoveryClient-CacheRefreshExecutor-0> com.netflix.discovery.DiscoveryClient : DiscoveryClient_BOOKSTORE-ACCOUNT-SERVICE/LAPTOP-PIAE5DDA:bookstore-account-service:4001 - was unable to refresh its cache! status = Cannot execute request on any known server
com.netflix.discovery.shared.transport.TransportException: Cannot execute request on any known server
	at com.netflix.discovery.shared.transport.decorator.RetryableEurekaHttpClient.execute(RetryableEurekaHttpClient.java:112)
	at com.netflix.discovery.shared.transport.decorator.EurekaHttpClientDecorator.getApplications(EurekaHttpClientDecorator.java:134)
	at com.netflix.discovery.shared.transport.decorator.EurekaHttpClientDecorator$6.execute(EurekaHttpClientDecorator.java:137)
	at com.netflix.discovery.shared.transport.decorator.SessionedEurekaHttpClient.execute(SessionedEurekaHttpClient.java:77)
	at com.netflix.discovery.shared.transport.decorator.EurekaHttpClientDecorator.getApplications(EurekaHttpClientDecorator.java:134)
	at com.netflix.discovery.DiscoveryClient.getAndStoreFullRegistry(DiscoveryClient.java:1069)
	at com.netflix.discovery.DiscoveryClient.fetchRegistry(DiscoveryClient.java:983)
	at com.netflix.discovery.DiscoveryClient.refreshRegistry(DiscoveryClient.java:1497)
	at com.netflix.discovery.DiscoveryClient$CacheRefreshThread.run(DiscoveryClient.java:1464)
	at java.util.concurrent.Executors$RunnableAdapter.call(Executors.java:511)
	at java.util.concurrent.FutureTask.run(FutureTask.java:266)
	at java.util.concurrent.ThreadPoolExecutor.runWorker(ThreadPoolExecutor.java:1149)
	at java.util.concurrent.ThreadPoolExecutor$Worker.run(ThreadPoolExecutor.java:624)
	at java.lang.Thread.run(Thread.java:750)
[2026-09-21 18:24:43 IST] INFO [Service Name -> bookstore-account-service], [TraceId -> ], [SpanId -> ] 
      <DiscoveryClient-InstanceInfoReplicator-0> com.netflix.discovery.DiscoveryClient : DiscoveryClient_BOOKSTORE-ACCOUNT-SERVICE/LAPTOP-PIAE5DDA:bookstore-account-service:4001: registering service...
[2026-09-21 18:24:47 IST] ERROR [Service Name -> bookstore-account-service], [TraceId -> ], [SpanId -> ] 
      <DiscoveryClient-InstanceInfoReplicator-0> com.netflix.discovery.shared.transport.decorator.RedirectingEurekaHttpClient : Request execution error. endpoint=DefaultEndpoint{ serviceUrl='http://localhost:8761/eureka/}
com.sun.jersey.api.client.ClientHandlerException: java.net.ConnectException: Connection refused: connect
	at com.sun.jersey.client.apache4.ApacheHttpClient4Handler.handle(ApacheHttpClient4Handler.java:187)
	at com.sun.jersey.api.client.filter.GZIPContentEncodingFilter.handle(GZIPContentEncodingFilter.java:123)
	at com.netflix.discovery.EurekaIdentityHeaderFilter.handle(EurekaIdentityHeaderFilter.java:27)
	at com.sun.jersey.api.client.Client.handle(Client.java:652)
	at com.sun.jersey.api.client.WebResource.handle(WebResource.java:682)
	at com.sun.jersey.api.client.WebResource.access$200(WebResource.java:74)
	at com.sun.jersey.api.client.WebResource$Builder.post(WebResource.java:570)
	at com.netflix.discovery.shared.transport.jersey.AbstractJerseyEurekaHttpClient.register(AbstractJerseyEurekaHttpClient.java:56)
	at com.netflix.discovery.shared.transport.decorator.EurekaHttpClientDecorator$1.execute(EurekaHttpClientDecorator.java:59)
	at com.netflix.discovery.shared.transport.decorator.MetricsCollectingEurekaHttpClient.execute(MetricsCollectingEurekaHttpClient.java:73)
	at com.netflix.discovery.shared.transport.decorator.EurekaHttpClientDecorator.register(EurekaHttpClientDecorator.java:56)
	at com.netflix.discovery.shared.transport.decorator.EurekaHttpClientDecorator$1.execute(EurekaHttpClientDecorator.java:59)
	at com.netflix.discovery.shared.transport.decorator.RedirectingEurekaHttpClient.executeOnNewServer(RedirectingEurekaHttpClient.java:118)
	at com.netflix.discovery.shared.transport.decorator.RedirectingEurekaHttpClient.execute(RedirectingEurekaHttpClient.java:79)
	at com.netflix.discovery.shared.transport.decorator.EurekaHttpClientDecorator.register(EurekaHttpClientDecorator.java:56)
	at com.netflix.discovery.shared.transport.decorator.EurekaHttpClientDecorator$1.execute(EurekaHttpClientDecorator.java:59)
	at com.netflix.discovery.shared.transport.decorator.RetryableEurekaHttpClient.execute(RetryableEurekaHttpClient.java:120)
	at com.netflix.discovery.shared.transport.decorator.EurekaHttpClientDecorator.register(EurekaHttpClientDecorator.java:56)
	at com.netflix.discovery.shared.transport.decorator.EurekaHttpClientDecorator$1.execute(EurekaHttpClientDecorator.java:59)
	at com.netflix.discovery.shared.transport.decorator.SessionedEurekaHttpClient.execute(SessionedEurekaHttpClient.java:77)
	at com.netflix.discovery.shared.transport.decorator.EurekaHttpClientDecorator.register(EurekaHttpClientDecorator.java:56)
	at com.netflix.discovery.DiscoveryClient.register(DiscoveryClient.java:847)
	at com.netflix.discovery.InstanceInfoReplicator.run(InstanceInfoReplicator.java:121)
	at java.util.concurrent.Executors$RunnableAdapter.call(Executors.java:511)
	at java.util.concurrent.FutureTask.run(FutureTask.java:266)
	at java.util.concurrent.ScheduledThreadPoolExecutor$ScheduledFutureTask.access$201(ScheduledThreadPoolExecutor.java:180)
	at java.util.concurrent.ScheduledThreadPoolExecutor$ScheduledFutureTask.run(ScheduledThreadPoolExecutor.java:293)
	at java.util.concurrent.ThreadPoolExecutor.runWorker(ThreadPoolExecutor.java:1149)
	at java.util.concurrent.ThreadPoolExecutor$Worker.run(ThreadPoolExecutor.java:624)
	at java.lang.Thread.run(Thread.java:750)
Caused by: java.net.ConnectException: Connection refused: connect
	at java.net.DualStackPlainSocketImpl.waitForConnect(Native Method)
	at java.net.DualStackPlainSocketImpl.socketConnect(DualStackPlainSocketImpl.java:85)
	at java.net.AbstractPlainSocketImpl.doConnect(AbstractPlainSocketImpl.java:350)
	at java.net.AbstractPlainSocketImpl.connectToAddress(AbstractPlainSocketImpl.java:206)
	at java.net.AbstractPlainSocketImpl.connect(AbstractPlainSocketImpl.java:188)
	at java.net.PlainSocketImpl.connect(PlainSocketImpl.java:172)
	at java.net.SocksSocketImpl.connect(SocksSocketImpl.java:392)
	at java.net.Socket.connect(Socket.java:607)
	at org.apache.http.conn.scheme.PlainSocketFactory.connectSocket(PlainSocketFactory.java:121)
	at org.apache.http.impl.conn.DefaultClientConnectionOperator.openConnection(DefaultClientConnectionOperator.java:180)
	at org.apache.http.impl.conn.AbstractPoolEntry.open(AbstractPoolEntry.java:144)
	at org.apache.http.impl.conn.AbstractPooledConnAdapter.open(AbstractPooledConnAdapter.java:134)
	at org.apache.http.impl.client.DefaultRequestDirector.tryConnect(DefaultRequestDirector.java:605)
	at org.apache.http.impl.client.DefaultRequestDirector.execute(DefaultRequestDirector.java:440)
	at org.apache.http.impl.client.AbstractHttpClient.doExecute(AbstractHttpClient.java:835)
	at org.apache.http.impl.client.CloseableHttpClient.execute(CloseableHttpClient.java:118)
	at org.apache.http.impl.client.CloseableHttpClient.execute(CloseableHttpClient.java:56)
	at com.sun.jersey.client.apache4.ApacheHttpClient4Handler.handle(ApacheHttpClient4Handler.java:173)
	... 29 common frames omitted
[2026-09-21 18:24:47 IST] WARN [Service Name -> bookstore-account-service], [TraceId -> ], [SpanId -> ] 
      <DiscoveryClient-InstanceInfoReplicator-0> com.netflix.discovery.shared.transport.decorator.RetryableEurekaHttpClient : Request execution failed with message: java.net.ConnectException: Connection refused: connect
[2026-09-21 18:24:47 IST] WARN [Service Name -> bookstore-account-service], [TraceId -> ], [SpanId -> ] 
      <DiscoveryClient-InstanceInfoReplicator-0> com.netflix.discovery.DiscoveryClient : DiscoveryClient_BOOKSTORE-ACCOUNT-SERVICE/LAPTOP-PIAE5DDA:bookstore-account-service:4001 - registration failed Cannot execute request on any known server
com.netflix.discovery.shared.transport.TransportException: Cannot execute request on any known server
	at com.netflix.discovery.shared.transport.decorator.RetryableEurekaHttpClient.execute(RetryableEurekaHttpClient.java:112)
	at com.netflix.discovery.shared.transport.decorator.EurekaHttpClientDecorator.register(EurekaHttpClientDecorator.java:56)
	at com.netflix.discovery.shared.transport.decorator.EurekaHttpClientDecorator$1.execute(EurekaHttpClientDecorator.java:59)
	at com.netflix.discovery.shared.transport.decorator.SessionedEurekaHttpClient.execute(SessionedEurekaHttpClient.java:77)
	at com.netflix.discovery.shared.transport.decorator.EurekaHttpClientDecorator.register(EurekaHttpClientDecorator.java:56)
	at com.netflix.discovery.DiscoveryClient.register(DiscoveryClient.java:847)
	at com.netflix.discovery.InstanceInfoReplicator.run(InstanceInfoReplicator.java:121)
	at java.util.concurrent.Executors$RunnableAdapter.call(Executors.java:511)
	at java.util.concurrent.FutureTask.run(FutureTask.java:266)
	at java.util.concurrent.ScheduledThreadPoolExecutor$ScheduledFutureTask.access$201(ScheduledThreadPoolExecutor.java:180)
	at java.util.concurrent.ScheduledThreadPoolExecutor$ScheduledFutureTask.run(ScheduledThreadPoolExecutor.java:293)
	at java.util.concurrent.ThreadPoolExecutor.runWorker(ThreadPoolExecutor.java:1149)
	at java.util.concurrent.ThreadPoolExecutor$Worker.run(ThreadPoolExecutor.java:624)
	at java.lang.Thread.run(Thread.java:750)
[2026-09-21 18:24:47 IST] WARN [Service Name -> bookstore-account-service], [TraceId -> ], [SpanId -> ] 
      <DiscoveryClient-InstanceInfoReplicator-0> com.netflix.discovery.InstanceInfoReplicator : There was a problem with the instance info replicator
com.netflix.discovery.shared.transport.TransportException: Cannot execute request on any known server
	at com.netflix.discovery.shared.transport.decorator.RetryableEurekaHttpClient.execute(RetryableEurekaHttpClient.java:112)
	at com.netflix.discovery.shared.transport.decorator.EurekaHttpClientDecorator.register(EurekaHttpClientDecorator.java:56)
	at com.netflix.discovery.shared.transport.decorator.EurekaHttpClientDecorator$1.execute(EurekaHttpClientDecorator.java:59)
	at com.netflix.discovery.shared.transport.decorator.SessionedEurekaHttpClient.execute(SessionedEurekaHttpClient.java:77)
	at com.netflix.discovery.shared.transport.decorator.EurekaHttpClientDecorator.register(EurekaHttpClientDecorator.java:56)
	at com.netflix.discovery.DiscoveryClient.register(DiscoveryClient.java:847)
	at com.netflix.discovery.InstanceInfoReplicator.run(InstanceInfoReplicator.java:121)
	at java.util.concurrent.Executors$RunnableAdapter.call(Executors.java:511)
	at java.util.concurrent.FutureTask.run(FutureTask.java:266)
	at java.util.concurrent.ScheduledThreadPoolExecutor$ScheduledFutureTask.access$201(ScheduledThreadPoolExecutor.java:180)
	at java.util.concurrent.ScheduledThreadPoolExecutor$ScheduledFutureTask.run(ScheduledThreadPoolExecutor.java:293)
	at java.util.concurrent.ThreadPoolExecutor.runWorker(ThreadPoolExecutor.java:1149)
	at java.util.concurrent.ThreadPoolExecutor$Worker.run(ThreadPoolExecutor.java:624)
	at java.lang.Thread.run(Thread.java:750)
[2026-09-21 18:25:13 IST] INFO [Service Name -> bookstore-account-service], [TraceId -> ], [SpanId -> ] 
      <DiscoveryClient-CacheRefreshExecutor-0> com.netflix.discovery.DiscoveryClient : Disable delta property : false
[2026-09-21 18:25:13 IST] INFO [Service Name -> bookstore-account-service], [TraceId -> ], [SpanId -> ] 
      <DiscoveryClient-CacheRefreshExecutor-0> com.netflix.discovery.DiscoveryClient : Single vip registry refresh property : null
[2026-09-21 18:25:13 IST] INFO [Service Name -> bookstore-account-service], [TraceId -> ], [SpanId -> ] 
      <DiscoveryClient-CacheRefreshExecutor-0> com.netflix.discovery.DiscoveryClient : Force full registry fetch : false
[2026-09-21 18:25:13 IST] INFO [Service Name -> bookstore-account-service], [TraceId -> ], [SpanId -> ] 
      <DiscoveryClient-CacheRefreshExecutor-0> com.netflix.discovery.DiscoveryClient : Application is null : false
[2026-09-21 18:25:13 IST] INFO [Service Name -> bookstore-account-service], [TraceId -> ], [SpanId -> ] 
      <DiscoveryClient-CacheRefreshExecutor-0> com.netflix.discovery.DiscoveryClient : Registered Applications size is zero : true
[2026-09-21 18:25:13 IST] INFO [Service Name -> bookstore-account-service], [TraceId -> ], [SpanId -> ] 
      <DiscoveryClient-CacheRefreshExecutor-0> com.netflix.discovery.DiscoveryClient : Application version is -1: true
[2026-09-21 18:25:13 IST] INFO [Service Name -> bookstore-account-service], [TraceId -> ], [SpanId -> ] 
      <DiscoveryClient-CacheRefreshExecutor-0> com.netflix.discovery.DiscoveryClient : Getting all instance registry info from the eureka server
[2026-09-21 18:25:17 IST] ERROR [Service Name -> bookstore-account-service], [TraceId -> ], [SpanId -> ] 
      <DiscoveryClient-HeartbeatExecutor-0> com.netflix.discovery.shared.transport.decorator.RedirectingEurekaHttpClient : Request execution error. endpoint=DefaultEndpoint{ serviceUrl='http://localhost:8761/eureka/}
com.sun.jersey.api.client.ClientHandlerException: java.net.ConnectException: Connection refused: connect
	at com.sun.jersey.client.apache4.ApacheHttpClient4Handler.handle(ApacheHttpClient4Handler.java:187)
	at com.sun.jersey.api.client.filter.GZIPContentEncodingFilter.handle(GZIPContentEncodingFilter.java:123)
	at com.netflix.discovery.EurekaIdentityHeaderFilter.handle(EurekaIdentityHeaderFilter.java:27)
	at com.sun.jersey.api.client.Client.handle(Client.java:652)
	at com.sun.jersey.api.client.WebResource.handle(WebResource.java:682)
	at com.sun.jersey.api.client.WebResource.access$200(WebResource.java:74)
	at com.sun.jersey.api.client.WebResource$Builder.put(WebResource.java:529)
	at com.netflix.discovery.shared.transport.jersey.AbstractJerseyEurekaHttpClient.sendHeartBeat(AbstractJerseyEurekaHttpClient.java:102)
	at com.netflix.discovery.shared.transport.decorator.EurekaHttpClientDecorator$3.execute(EurekaHttpClientDecorator.java:92)
	at com.netflix.discovery.shared.transport.decorator.MetricsCollectingEurekaHttpClient.execute(MetricsCollectingEurekaHttpClient.java:73)
	at com.netflix.discovery.shared.transport.decorator.EurekaHttpClientDecorator.sendHeartBeat(EurekaHttpClientDecorator.java:89)
	at com.netflix.discovery.shared.transport.decorator.EurekaHttpClientDecorator$3.execute(EurekaHttpClientDecorator.java:92)
	at com.netflix.discovery.shared.transport.decorator.RedirectingEurekaHttpClient.executeOnNewServer(RedirectingEurekaHttpClient.java:118)
	at com.netflix.discovery.shared.transport.decorator.RedirectingEurekaHttpClient.execute(RedirectingEurekaHttpClient.java:79)
	at com.netflix.discovery.shared.transport.decorator.EurekaHttpClientDecorator.sendHeartBeat(EurekaHttpClientDecorator.java:89)
	at com.netflix.discovery.shared.transport.decorator.EurekaHttpClientDecorator$3.execute(EurekaHttpClientDecorator.java:92)
	at com.netflix.discovery.shared.transport.decorator.RetryableEurekaHttpClient.execute(RetryableEurekaHttpClient.java:120)
	at com.netflix.discovery.shared.transport.decorator.EurekaHttpClientDecorator.sendHeartBeat(EurekaHttpClientDecorator.java:89)
	at com.netflix.discovery.shared.transport.decorator.EurekaHttpClientDecorator$3.execute(EurekaHttpClientDecorator.java:92)
	at com.netflix.discovery.shared.transport.decorator.SessionedEurekaHttpClient.execute(SessionedEurekaHttpClient.java:77)
	at com.netflix.discovery.shared.transport.decorator.EurekaHttpClientDecorator.sendHeartBeat(EurekaHttpClientDecorator.java:89)
	at com.netflix.discovery.DiscoveryClient.renew(DiscoveryClient.java:864)
	at com.netflix.discovery.DiscoveryClient$HeartbeatThread.run(DiscoveryClient.java:1423)
	at java.util.concurrent.Executors$RunnableAdapter.call(Executors.java:511)
	at java.util.concurrent.FutureTask.run(FutureTask.java:266)
	at java.util.concurrent.ThreadPoolExecutor.runWorker(ThreadPoolExecutor.java:1149)
	at java.util.concurrent.ThreadPoolExecutor$Worker.run(ThreadPoolExecutor.java:624)
	at java.lang.Thread.run(Thread.java:750)
Caused by: java.net.ConnectException: Connection refused: connect
	at java.net.DualStackPlainSocketImpl.waitForConnect(Native Method)
	at java.net.DualStackPlainSocketImpl.socketConnect(DualStackPlainSocketImpl.java:85)
	at java.net.AbstractPlainSocketImpl.doConnect(AbstractPlainSocketImpl.java:350)
	at java.net.AbstractPlainSocketImpl.connectToAddress(AbstractPlainSocketImpl.java:206)
	at java.net.AbstractPlainSocketImpl.connect(AbstractPlainSocketImpl.java:188)
	at java.net.PlainSocketImpl.connect(PlainSocketImpl.java:172)
	at java.net.SocksSocketImpl.connect(SocksSocketImpl.java:392)
	at java.net.Socket.connect(Socket.java:607)
	at org.apache.http.conn.scheme.PlainSocketFactory.connectSocket(PlainSocketFactory.java:121)
	at org.apache.http.impl.conn.DefaultClientConnectionOperator.openConnection(DefaultClientConnectionOperator.java:180)
	at org.apache.http.impl.conn.AbstractPoolEntry.open(AbstractPoolEntry.java:144)
	at org.apache.http.impl.conn.AbstractPooledConnAdapter.open(AbstractPooledConnAdapter.java:134)
	at org.apache.http.impl.client.DefaultRequestDirector.tryConnect(DefaultRequestDirector.java:605)
	at org.apache.http.impl.client.DefaultRequestDirector.execute(DefaultRequestDirector.java:440)
	at org.apache.http.impl.client.AbstractHttpClient.doExecute(AbstractHttpClient.java:835)
	at org.apache.http.impl.client.CloseableHttpClient.execute(CloseableHttpClient.java:118)
	at org.apache.http.impl.client.CloseableHttpClient.execute(CloseableHttpClient.java:56)
	at com.sun.jersey.client.apache4.ApacheHttpClient4Handler.handle(ApacheHttpClient4Handler.java:173)
	... 27 common frames omitted
[2026-09-21 18:25:17 IST] WARN [Service Name -> bookstore-account-service], [TraceId -> ], [SpanId -> ] 
      <DiscoveryClient-HeartbeatExecutor-0> com.netflix.discovery.shared.transport.decorator.RetryableEurekaHttpClient : Request execution failed with message: java.net.ConnectException: Connection refused: connect
[2026-09-21 18:25:17 IST] ERROR [Service Name -> bookstore-account-service], [TraceId -> ], [SpanId -> ] 
      <DiscoveryClient-HeartbeatExecutor-0> com.netflix.discovery.DiscoveryClient : DiscoveryClient_BOOKSTORE-ACCOUNT-SERVICE/LAPTOP-PIAE5DDA:bookstore-account-service:4001 - was unable to send heartbeat!
com.netflix.discovery.shared.transport.TransportException: Cannot execute request on any known server
	at com.netflix.discovery.shared.transport.decorator.RetryableEurekaHttpClient.execute(RetryableEurekaHttpClient.java:112)
	at com.netflix.discovery.shared.transport.decorator.EurekaHttpClientDecorator.sendHeartBeat(EurekaHttpClientDecorator.java:89)
	at com.netflix.discovery.shared.transport.decorator.EurekaHttpClientDecorator$3.execute(EurekaHttpClientDecorator.java:92)
	at com.netflix.discovery.shared.transport.decorator.SessionedEurekaHttpClient.execute(SessionedEurekaHttpClient.java:77)
	at com.netflix.discovery.shared.transport.decorator.EurekaHttpClientDecorator.sendHeartBeat(EurekaHttpClientDecorator.java:89)
	at com.netflix.discovery.DiscoveryClient.renew(DiscoveryClient.java:864)
	at com.netflix.discovery.DiscoveryClient$HeartbeatThread.run(DiscoveryClient.java:1423)
	at java.util.concurrent.Executors$RunnableAdapter.call(Executors.java:511)
	at java.util.concurrent.FutureTask.run(FutureTask.java:266)
	at java.util.concurrent.ThreadPoolExecutor.runWorker(ThreadPoolExecutor.java:1149)
	at java.util.concurrent.ThreadPoolExecutor$Worker.run(ThreadPoolExecutor.java:624)
	at java.lang.Thread.run(Thread.java:750)
[2026-09-21 18:25:17 IST] ERROR [Service Name -> bookstore-account-service], [TraceId -> ], [SpanId -> ] 
      <DiscoveryClient-CacheRefreshExecutor-0> com.netflix.discovery.shared.transport.decorator.RedirectingEurekaHttpClient : Request execution error. endpoint=DefaultEndpoint{ serviceUrl='http://localhost:8761/eureka/}
com.sun.jersey.api.client.ClientHandlerException: java.net.ConnectException: Connection refused: connect
	at com.sun.jersey.client.apache4.ApacheHttpClient4Handler.handle(ApacheHttpClient4Handler.java:187)
	at com.sun.jersey.api.client.filter.GZIPContentEncodingFilter.handle(GZIPContentEncodingFilter.java:123)
	at com.netflix.discovery.EurekaIdentityHeaderFilter.handle(EurekaIdentityHeaderFilter.java:27)
	at com.sun.jersey.api.client.Client.handle(Client.java:652)
	at com.sun.jersey.api.client.WebResource.handle(WebResource.java:682)
	at com.sun.jersey.api.client.WebResource.access$200(WebResource.java:74)
	at com.sun.jersey.api.client.WebResource$Builder.get(WebResource.java:509)
	at com.netflix.discovery.shared.transport.jersey.AbstractJerseyEurekaHttpClient.getApplicationsInternal(AbstractJerseyEurekaHttpClient.java:194)
	at com.netflix.discovery.shared.transport.jersey.AbstractJerseyEurekaHttpClient.getApplications(AbstractJerseyEurekaHttpClient.java:165)
	at com.netflix.discovery.shared.transport.decorator.EurekaHttpClientDecorator$6.execute(EurekaHttpClientDecorator.java:137)
	at com.netflix.discovery.shared.transport.decorator.MetricsCollectingEurekaHttpClient.execute(MetricsCollectingEurekaHttpClient.java:73)
	at com.netflix.discovery.shared.transport.decorator.EurekaHttpClientDecorator.getApplications(EurekaHttpClientDecorator.java:134)
	at com.netflix.discovery.shared.transport.decorator.EurekaHttpClientDecorator$6.execute(EurekaHttpClientDecorator.java:137)
	at com.netflix.discovery.shared.transport.decorator.RedirectingEurekaHttpClient.executeOnNewServer(RedirectingEurekaHttpClient.java:118)
	at com.netflix.discovery.shared.transport.decorator.RedirectingEurekaHttpClient.execute(RedirectingEurekaHttpClient.java:79)
	at com.netflix.discovery.shared.transport.decorator.EurekaHttpClientDecorator.getApplications(EurekaHttpClientDecorator.java:134)
	at com.netflix.discovery.shared.transport.decorator.EurekaHttpClientDecorator$6.execute(EurekaHttpClientDecorator.java:137)
	at com.netflix.discovery.shared.transport.decorator.RetryableEurekaHttpClient.execute(RetryableEurekaHttpClient.java:120)
	at com.netflix.discovery.shared.transport.decorator.EurekaHttpClientDecorator.getApplications(EurekaHttpClientDecorator.java:134)
	at com.netflix.discovery.shared.transport.decorator.EurekaHttpClientDecorator$6.execute(EurekaHttpClientDecorator.java:137)
	at com.netflix.discovery.shared.transport.decorator.SessionedEurekaHttpClient.execute(SessionedEurekaHttpClient.java:77)
	at com.netflix.discovery.shared.transport.decorator.EurekaHttpClientDecorator.getApplications(EurekaHttpClientDecorator.java:134)
	at com.netflix.discovery.DiscoveryClient.getAndStoreFullRegistry(DiscoveryClient.java:1069)
	at com.netflix.discovery.DiscoveryClient.fetchRegistry(DiscoveryClient.java:983)
	at com.netflix.discovery.DiscoveryClient.refreshRegistry(DiscoveryClient.java:1497)
	at com.netflix.discovery.DiscoveryClient$CacheRefreshThread.run(DiscoveryClient.java:1464)
	at java.util.concurrent.Executors$RunnableAdapter.call(Executors.java:511)
	at java.util.concurrent.FutureTask.run(FutureTask.java:266)
	at java.util.concurrent.ThreadPoolExecutor.runWorker(ThreadPoolExecutor.java:1149)
	at java.util.concurrent.ThreadPoolExecutor$Worker.run(ThreadPoolExecutor.java:624)
	at java.lang.Thread.run(Thread.java:750)
Caused by: java.net.ConnectException: Connection refused: connect
	at java.net.DualStackPlainSocketImpl.waitForConnect(Native Method)
	at java.net.DualStackPlainSocketImpl.socketConnect(DualStackPlainSocketImpl.java:85)
	at java.net.AbstractPlainSocketImpl.doConnect(AbstractPlainSocketImpl.java:350)
	at java.net.AbstractPlainSocketImpl.connectToAddress(AbstractPlainSocketImpl.java:206)
	at java.net.AbstractPlainSocketImpl.connect(AbstractPlainSocketImpl.java:188)
	at java.net.PlainSocketImpl.connect(PlainSocketImpl.java:172)
	at java.net.SocksSocketImpl.connect(SocksSocketImpl.java:392)
	at java.net.Socket.connect(Socket.java:607)
	at org.apache.http.conn.scheme.PlainSocketFactory.connectSocket(PlainSocketFactory.java:121)
	at org.apache.http.impl.conn.DefaultClientConnectionOperator.openConnection(DefaultClientConnectionOperator.java:180)
	at org.apache.http.impl.conn.AbstractPoolEntry.open(AbstractPoolEntry.java:144)
	at org.apache.http.impl.conn.AbstractPooledConnAdapter.open(AbstractPooledConnAdapter.java:134)
	at org.apache.http.impl.client.DefaultRequestDirector.tryConnect(DefaultRequestDirector.java:605)
	at org.apache.http.impl.client.DefaultRequestDirector.execute(DefaultRequestDirector.java:440)
	at org.apache.http.impl.client.AbstractHttpClient.doExecute(AbstractHttpClient.java:835)
	at org.apache.http.impl.client.CloseableHttpClient.execute(CloseableHttpClient.java:118)
	at org.apache.http.impl.client.CloseableHttpClient.execute(CloseableHttpClient.java:56)
	at com.sun.jersey.client.apache4.ApacheHttpClient4Handler.handle(ApacheHttpClient4Handler.java:173)
	... 30 common frames omitted
[2026-09-21 18:25:17 IST] WARN [Service Name -> bookstore-account-service], [TraceId -> ], [SpanId -> ] 
      <DiscoveryClient-CacheRefreshExecutor-0> com.netflix.discovery.shared.transport.decorator.RetryableEurekaHttpClient : Request execution failed with message: java.net.ConnectException: Connection refused: connect
[2026-09-21 18:25:17 IST] ERROR [Service Name -> bookstore-account-service], [TraceId -> ], [SpanId -> ] 
      <DiscoveryClient-CacheRefreshExecutor-0> com.netflix.discovery.DiscoveryClient : DiscoveryClient_BOOKSTORE-ACCOUNT-SERVICE/LAPTOP-PIAE5DDA:bookstore-account-service:4001 - was unable to refresh its cache! status = Cannot execute request on any known server
com.netflix.discovery.shared.transport.TransportException: Cannot execute request on any known server
	at com.netflix.discovery.shared.transport.decorator.RetryableEurekaHttpClient.execute(RetryableEurekaHttpClient.java:112)
	at com.netflix.discovery.shared.transport.decorator.EurekaHttpClientDecorator.getApplications(EurekaHttpClientDecorator.java:134)
	at com.netflix.discovery.shared.transport.decorator.EurekaHttpClientDecorator$6.execute(EurekaHttpClientDecorator.java:137)
	at com.netflix.discovery.shared.transport.decorator.SessionedEurekaHttpClient.execute(SessionedEurekaHttpClient.java:77)
	at com.netflix.discovery.shared.transport.decorator.EurekaHttpClientDecorator.getApplications(EurekaHttpClientDecorator.java:134)
	at com.netflix.discovery.DiscoveryClient.getAndStoreFullRegistry(DiscoveryClient.java:1069)
	at com.netflix.discovery.DiscoveryClient.fetchRegistry(DiscoveryClient.java:983)
	at com.netflix.discovery.DiscoveryClient.refreshRegistry(DiscoveryClient.java:1497)
	at com.netflix.discovery.DiscoveryClient$CacheRefreshThread.run(DiscoveryClient.java:1464)
	at java.util.concurrent.Executors$RunnableAdapter.call(Executors.java:511)
	at java.util.concurrent.FutureTask.run(FutureTask.java:266)
	at java.util.concurrent.ThreadPoolExecutor.runWorker(ThreadPoolExecutor.java:1149)
	at java.util.concurrent.ThreadPoolExecutor$Worker.run(ThreadPoolExecutor.java:624)
	at java.lang.Thread.run(Thread.java:750)
[2026-09-21 18:25:17 IST] INFO [Service Name -> bookstore-account-service], [TraceId -> ], [SpanId -> ] 
      <DiscoveryClient-InstanceInfoReplicator-0> com.netflix.discovery.DiscoveryClient : DiscoveryClient_BOOKSTORE-ACCOUNT-SERVICE/LAPTOP-PIAE5DDA:bookstore-account-service:4001: registering service...
[2026-09-21 18:25:21 IST] ERROR [Service Name -> bookstore-account-service], [TraceId -> ], [SpanId -> ] 
      <DiscoveryClient-InstanceInfoReplicator-0> com.netflix.discovery.shared.transport.decorator.RedirectingEurekaHttpClient : Request execution error. endpoint=DefaultEndpoint{ serviceUrl='http://localhost:8761/eureka/}
com.sun.jersey.api.client.ClientHandlerException: java.net.ConnectException: Connection refused: connect
	at com.sun.jersey.client.apache4.ApacheHttpClient4Handler.handle(ApacheHttpClient4Handler.java:187)
	at com.sun.jersey.api.client.filter.GZIPContentEncodingFilter.handle(GZIPContentEncodingFilter.java:123)
	at com.netflix.discovery.EurekaIdentityHeaderFilter.handle(EurekaIdentityHeaderFilter.java:27)
	at com.sun.jersey.api.client.Client.handle(Client.java:652)
	at com.sun.jersey.api.client.WebResource.handle(WebResource.java:682)
	at com.sun.jersey.api.client.WebResource.access$200(WebResource.java:74)
	at com.sun.jersey.api.client.WebResource$Builder.post(WebResource.java:570)
	at com.netflix.discovery.shared.transport.jersey.AbstractJerseyEurekaHttpClient.register(AbstractJerseyEurekaHttpClient.java:56)
	at com.netflix.discovery.shared.transport.decorator.EurekaHttpClientDecorator$1.execute(EurekaHttpClientDecorator.java:59)
	at com.netflix.discovery.shared.transport.decorator.MetricsCollectingEurekaHttpClient.execute(MetricsCollectingEurekaHttpClient.java:73)
	at com.netflix.discovery.shared.transport.decorator.EurekaHttpClientDecorator.register(EurekaHttpClientDecorator.java:56)
	at com.netflix.discovery.shared.transport.decorator.EurekaHttpClientDecorator$1.execute(EurekaHttpClientDecorator.java:59)
	at com.netflix.discovery.shared.transport.decorator.RedirectingEurekaHttpClient.executeOnNewServer(RedirectingEurekaHttpClient.java:118)
	at com.netflix.discovery.shared.transport.decorator.RedirectingEurekaHttpClient.execute(RedirectingEurekaHttpClient.java:79)
	at com.netflix.discovery.shared.transport.decorator.EurekaHttpClientDecorator.register(EurekaHttpClientDecorator.java:56)
	at com.netflix.discovery.shared.transport.decorator.EurekaHttpClientDecorator$1.execute(EurekaHttpClientDecorator.java:59)
	at com.netflix.discovery.shared.transport.decorator.RetryableEurekaHttpClient.execute(RetryableEurekaHttpClient.java:120)
	at com.netflix.discovery.shared.transport.decorator.EurekaHttpClientDecorator.register(EurekaHttpClientDecorator.java:56)
	at com.netflix.discovery.shared.transport.decorator.EurekaHttpClientDecorator$1.execute(EurekaHttpClientDecorator.java:59)
	at com.netflix.discovery.shared.transport.decorator.SessionedEurekaHttpClient.execute(SessionedEurekaHttpClient.java:77)
	at com.netflix.discovery.shared.transport.decorator.EurekaHttpClientDecorator.register(EurekaHttpClientDecorator.java:56)
	at com.netflix.discovery.DiscoveryClient.register(DiscoveryClient.java:847)
	at com.netflix.discovery.InstanceInfoReplicator.run(InstanceInfoReplicator.java:121)
	at java.util.concurrent.Executors$RunnableAdapter.call(Executors.java:511)
	at java.util.concurrent.FutureTask.run(FutureTask.java:266)
	at java.util.concurrent.ScheduledThreadPoolExecutor$ScheduledFutureTask.access$201(ScheduledThreadPoolExecutor.java:180)
	at java.util.concurrent.ScheduledThreadPoolExecutor$ScheduledFutureTask.run(ScheduledThreadPoolExecutor.java:293)
	at java.util.concurrent.ThreadPoolExecutor.runWorker(ThreadPoolExecutor.java:1149)
	at java.util.concurrent.ThreadPoolExecutor$Worker.run(ThreadPoolExecutor.java:624)
	at java.lang.Thread.run(Thread.java:750)
Caused by: java.net.ConnectException: Connection refused: connect
	at java.net.DualStackPlainSocketImpl.waitForConnect(Native Method)
	at java.net.DualStackPlainSocketImpl.socketConnect(DualStackPlainSocketImpl.java:85)
	at java.net.AbstractPlainSocketImpl.doConnect(AbstractPlainSocketImpl.java:350)
	at java.net.AbstractPlainSocketImpl.connectToAddress(AbstractPlainSocketImpl.java:206)
	at java.net.AbstractPlainSocketImpl.connect(AbstractPlainSocketImpl.java:188)
	at java.net.PlainSocketImpl.connect(PlainSocketImpl.java:172)
	at java.net.SocksSocketImpl.connect(SocksSocketImpl.java:392)
	at java.net.Socket.connect(Socket.java:607)
	at org.apache.http.conn.scheme.PlainSocketFactory.connectSocket(PlainSocketFactory.java:121)
	at org.apache.http.impl.conn.DefaultClientConnectionOperator.openConnection(DefaultClientConnectionOperator.java:180)
	at org.apache.http.impl.conn.AbstractPoolEntry.open(AbstractPoolEntry.java:144)
	at org.apache.http.impl.conn.AbstractPooledConnAdapter.open(AbstractPooledConnAdapter.java:134)
	at org.apache.http.impl.client.DefaultRequestDirector.tryConnect(DefaultRequestDirector.java:605)
	at org.apache.http.impl.client.DefaultRequestDirector.execute(DefaultRequestDirector.java:440)
	at org.apache.http.impl.client.AbstractHttpClient.doExecute(AbstractHttpClient.java:835)
	at org.apache.http.impl.client.CloseableHttpClient.execute(CloseableHttpClient.java:118)
	at org.apache.http.impl.client.CloseableHttpClient.execute(CloseableHttpClient.java:56)
	at com.sun.jersey.client.apache4.ApacheHttpClient4Handler.handle(ApacheHttpClient4Handler.java:173)
	... 29 common frames omitted
[2026-09-21 18:25:21 IST] WARN [Service Name -> bookstore-account-service], [TraceId -> ], [SpanId -> ] 
      <DiscoveryClient-InstanceInfoReplicator-0> com.netflix.discovery.shared.transport.decorator.RetryableEurekaHttpClient : Request execution failed with message: java.net.ConnectException: Connection refused: connect
[2026-09-21 18:25:21 IST] WARN [Service Name -> bookstore-account-service], [TraceId -> ], [SpanId -> ] 
      <DiscoveryClient-InstanceInfoReplicator-0> com.netflix.discovery.DiscoveryClient : DiscoveryClient_BOOKSTORE-ACCOUNT-SERVICE/LAPTOP-PIAE5DDA:bookstore-account-service:4001 - registration failed Cannot execute request on any known server
com.netflix.discovery.shared.transport.TransportException: Cannot execute request on any known server
	at com.netflix.discovery.shared.transport.decorator.RetryableEurekaHttpClient.execute(RetryableEurekaHttpClient.java:112)
	at com.netflix.discovery.shared.transport.decorator.EurekaHttpClientDecorator.register(EurekaHttpClientDecorator.java:56)
	at com.netflix.discovery.shared.transport.decorator.EurekaHttpClientDecorator$1.execute(EurekaHttpClientDecorator.java:59)
	at com.netflix.discovery.shared.transport.decorator.SessionedEurekaHttpClient.execute(SessionedEurekaHttpClient.java:77)
	at com.netflix.discovery.shared.transport.decorator.EurekaHttpClientDecorator.register(EurekaHttpClientDecorator.java:56)
	at com.netflix.discovery.DiscoveryClient.register(DiscoveryClient.java:847)
	at com.netflix.discovery.InstanceInfoReplicator.run(InstanceInfoReplicator.java:121)
	at java.util.concurrent.Executors$RunnableAdapter.call(Executors.java:511)
	at java.util.concurrent.FutureTask.run(FutureTask.java:266)
	at java.util.concurrent.ScheduledThreadPoolExecutor$ScheduledFutureTask.access$201(ScheduledThreadPoolExecutor.java:180)
	at java.util.concurrent.ScheduledThreadPoolExecutor$ScheduledFutureTask.run(ScheduledThreadPoolExecutor.java:293)
	at java.util.concurrent.ThreadPoolExecutor.runWorker(ThreadPoolExecutor.java:1149)
	at java.util.concurrent.ThreadPoolExecutor$Worker.run(ThreadPoolExecutor.java:624)
	at java.lang.Thread.run(Thread.java:750)
[2026-09-21 18:25:21 IST] WARN [Service Name -> bookstore-account-service], [TraceId -> ], [SpanId -> ] 
      <DiscoveryClient-InstanceInfoReplicator-0> com.netflix.discovery.InstanceInfoReplicator : There was a problem with the instance info replicator
com.netflix.discovery.shared.transport.TransportException: Cannot execute request on any known server
	at com.netflix.discovery.shared.transport.decorator.RetryableEurekaHttpClient.execute(RetryableEurekaHttpClient.java:112)
	at com.netflix.discovery.shared.transport.decorator.EurekaHttpClientDecorator.register(EurekaHttpClientDecorator.java:56)
	at com.netflix.discovery.shared.transport.decorator.EurekaHttpClientDecorator$1.execute(EurekaHttpClientDecorator.java:59)
	at com.netflix.discovery.shared.transport.decorator.SessionedEurekaHttpClient.execute(SessionedEurekaHttpClient.java:77)
	at com.netflix.discovery.shared.transport.decorator.EurekaHttpClientDecorator.register(EurekaHttpClientDecorator.java:56)
	at com.netflix.discovery.DiscoveryClient.register(DiscoveryClient.java:847)
	at com.netflix.discovery.InstanceInfoReplicator.run(InstanceInfoReplicator.java:121)
	at java.util.concurrent.Executors$RunnableAdapter.call(Executors.java:511)
	at java.util.concurrent.FutureTask.run(FutureTask.java:266)
	at java.util.concurrent.ScheduledThreadPoolExecutor$ScheduledFutureTask.access$201(ScheduledThreadPoolExecutor.java:180)
	at java.util.concurrent.ScheduledThreadPoolExecutor$ScheduledFutureTask.run(ScheduledThreadPoolExecutor.java:293)
	at java.util.concurrent.ThreadPoolExecutor.runWorker(ThreadPoolExecutor.java:1149)
	at java.util.concurrent.ThreadPoolExecutor$Worker.run(ThreadPoolExecutor.java:624)
	at java.lang.Thread.run(Thread.java:750)
[2026-09-21 18:25:47 IST] INFO [Service Name -> bookstore-account-service], [TraceId -> ], [SpanId -> ] 
      <DiscoveryClient-CacheRefreshExecutor-0> com.netflix.discovery.DiscoveryClient : Disable delta property : false
[2026-09-21 18:25:47 IST] INFO [Service Name -> bookstore-account-service], [TraceId -> ], [SpanId -> ] 
      <DiscoveryClient-CacheRefreshExecutor-0> com.netflix.discovery.DiscoveryClient : Single vip registry refresh property : null
[2026-09-21 18:25:47 IST] INFO [Service Name -> bookstore-account-service], [TraceId -> ], [SpanId -> ] 
      <DiscoveryClient-CacheRefreshExecutor-0> com.netflix.discovery.DiscoveryClient : Force full registry fetch : false
[2026-09-21 18:25:47 IST] INFO [Service Name -> bookstore-account-service], [TraceId -> ], [SpanId -> ] 
      <DiscoveryClient-CacheRefreshExecutor-0> com.netflix.discovery.DiscoveryClient : Application is null : false
[2026-09-21 18:25:47 IST] INFO [Service Name -> bookstore-account-service], [TraceId -> ], [SpanId -> ] 
      <DiscoveryClient-CacheRefreshExecutor-0> com.netflix.discovery.DiscoveryClient : Registered Applications size is zero : true
[2026-09-21 18:25:47 IST] INFO [Service Name -> bookstore-account-service], [TraceId -> ], [SpanId -> ] 
      <DiscoveryClient-CacheRefreshExecutor-0> com.netflix.discovery.DiscoveryClient : Application version is -1: true
[2026-09-21 18:25:47 IST] INFO [Service Name -> bookstore-account-service], [TraceId -> ], [SpanId -> ] 
      <DiscoveryClient-CacheRefreshExecutor-0> com.netflix.discovery.DiscoveryClient : Getting all instance registry info from the eureka server
[2026-09-21 18:25:48 IST] INFO [Service Name -> bookstore-account-service], [TraceId -> ], [SpanId -> ] 
      <DiscoveryClient-HeartbeatExecutor-0> com.netflix.discovery.DiscoveryClient : DiscoveryClient_BOOKSTORE-ACCOUNT-SERVICE/LAPTOP-PIAE5DDA:bookstore-account-service:4001 - Re-registering apps/BOOKSTORE-ACCOUNT-SERVICE
[2026-09-21 18:25:48 IST] INFO [Service Name -> bookstore-account-service], [TraceId -> ], [SpanId -> ] 
      <DiscoveryClient-HeartbeatExecutor-0> com.netflix.discovery.DiscoveryClient : DiscoveryClient_BOOKSTORE-ACCOUNT-SERVICE/LAPTOP-PIAE5DDA:bookstore-account-service:4001: registering service...
[2026-09-21 18:25:48 IST] INFO [Service Name -> bookstore-account-service], [TraceId -> ], [SpanId -> ] 
      <DiscoveryClient-CacheRefreshExecutor-0> com.netflix.discovery.DiscoveryClient : The response status is 200
[2026-09-21 18:25:48 IST] INFO [Service Name -> bookstore-account-service], [TraceId -> ], [SpanId -> ] 
      <DiscoveryClient-HeartbeatExecutor-0> com.netflix.discovery.DiscoveryClient : DiscoveryClient_BOOKSTORE-ACCOUNT-SERVICE/LAPTOP-PIAE5DDA:bookstore-account-service:4001 - registration status: 204
[2026-09-21 18:26:18 IST] INFO [Service Name -> bookstore-account-service], [TraceId -> ], [SpanId -> ] 
      <DiscoveryClient-CacheRefreshExecutor-0> com.netflix.discovery.DiscoveryClient : Disable delta property : false
[2026-09-21 18:26:18 IST] INFO [Service Name -> bookstore-account-service], [TraceId -> ], [SpanId -> ] 
      <DiscoveryClient-CacheRefreshExecutor-0> com.netflix.discovery.DiscoveryClient : Single vip registry refresh property : null
[2026-09-21 18:26:18 IST] INFO [Service Name -> bookstore-account-service], [TraceId -> ], [SpanId -> ] 
      <DiscoveryClient-CacheRefreshExecutor-0> com.netflix.discovery.DiscoveryClient : Force full registry fetch : false
[2026-09-21 18:26:18 IST] INFO [Service Name -> bookstore-account-service], [TraceId -> ], [SpanId -> ] 
      <DiscoveryClient-CacheRefreshExecutor-0> com.netflix.discovery.DiscoveryClient : Application is null : false
[2026-09-21 18:26:18 IST] INFO [Service Name -> bookstore-account-service], [TraceId -> ], [SpanId -> ] 
      <DiscoveryClient-CacheRefreshExecutor-0> com.netflix.discovery.DiscoveryClient : Registered Applications size is zero : true
[2026-09-21 18:26:18 IST] INFO [Service Name -> bookstore-account-service], [TraceId -> ], [SpanId -> ] 
      <DiscoveryClient-CacheRefreshExecutor-0> com.netflix.discovery.DiscoveryClient : Application version is -1: false
[2026-09-21 18:26:18 IST] INFO [Service Name -> bookstore-account-service], [TraceId -> ], [SpanId -> ] 
      <DiscoveryClient-CacheRefreshExecutor-0> com.netflix.discovery.DiscoveryClient : Getting all instance registry info from the eureka server
[2026-09-21 18:26:22 IST] INFO [Service Name -> bookstore-account-service], [TraceId -> ], [SpanId -> ] 
      <DiscoveryClient-CacheRefreshExecutor-0> com.netflix.discovery.DiscoveryClient : The response status is 200
[2026-09-21 18:27:57 IST] INFO [Service Name -> bookstore-account-service], [TraceId -> ], [SpanId -> ] 
      <AsyncResolver-bootstrap-executor-0> com.netflix.discovery.shared.resolver.aws.ConfigClusterResolver : Resolving eureka endpoints via configuration
[2026-09-21 18:32:58 IST] INFO [Service Name -> bookstore-account-service], [TraceId -> ], [SpanId -> ] 
      <AsyncResolver-bootstrap-executor-0> com.netflix.discovery.shared.resolver.aws.ConfigClusterResolver : Resolving eureka endpoints via configuration
[2026-09-21 18:37:59 IST] INFO [Service Name -> bookstore-account-service], [TraceId -> ], [SpanId -> ] 
      <AsyncResolver-bootstrap-executor-0> com.netflix.discovery.shared.resolver.aws.ConfigClusterResolver : Resolving eureka endpoints via configuration
[2026-09-21 18:42:59 IST] INFO [Service Name -> bookstore-account-service], [TraceId -> ], [SpanId -> ] 
      <AsyncResolver-bootstrap-executor-0> com.netflix.discovery.shared.resolver.aws.ConfigClusterResolver : Resolving eureka endpoints via configuration
[2026-09-21 18:47:59 IST] INFO [Service Name -> bookstore-account-service], [TraceId -> ], [SpanId -> ] 
      <AsyncResolver-bootstrap-executor-0> com.netflix.discovery.shared.resolver.aws.ConfigClusterResolver : Resolving eureka endpoints via configuration
[2026-09-21 18:52:59 IST] INFO [Service Name -> bookstore-account-service], [TraceId -> ], [SpanId -> ] 
      <AsyncResolver-bootstrap-executor-0> com.netflix.discovery.shared.resolver.aws.ConfigClusterResolver : Resolving eureka endpoints via configuration
[2026-09-21 18:57:59 IST] INFO [Service Name -> bookstore-account-service], [TraceId -> ], [SpanId -> ] 
      <AsyncResolver-bootstrap-executor-0> com.netflix.discovery.shared.resolver.aws.ConfigClusterResolver : Resolving eureka endpoints via configuration
