[2026-09-26 10:50:12 IST] INFO [Service Name -> bookstore-account-service], [TraceId -> ], [SpanId -> ] 
      <background-preinit> org.hibernate.validator.internal.util.Version : HV000001: Hibernate Validator 6.1.5.Final
[2026-09-26 10:50:13 IST] INFO [Service Name -> bookstore-account-service], [TraceId -> ], [SpanId -> ] 
      <main> org.springframework.context.support.PostProcessorRegistrationDelegate$BeanPostProcessorChecker : Bean 'org.springframework.cloud.autoconfigure.ConfigurationPropertiesRebinderAutoConfiguration' of type [org.springframework.cloud.autoconfigure.ConfigurationPropertiesRebinderAutoConfiguration] is not eligible for getting processed by all BeanPostProcessors (for example: not eligible for auto-proxying)
[2026-09-26 10:50:15 IST] INFO [Service Name -> bookstore-account-service], [TraceId -> ], [SpanId -> ] 
      <main> com.devd.spring.bookstoreaccountservice.BookstoreAccountServiceApplication : The following profiles are active: GOOGLE_CLIENT_ID=588602021149-k3e2vm6c05civnvleod2dumog2tj4f1a.apps.googleusercontent.com
[2026-09-26 10:50:23 IST] INFO [Service Name -> bookstore-account-service], [TraceId -> ], [SpanId -> ] 
      <main> org.springframework.data.repository.config.RepositoryConfigurationDelegate : Bootstrapping Spring Data JPA repositories in DEFERRED mode.
[2026-09-26 10:50:24 IST] INFO [Service Name -> bookstore-account-service], [TraceId -> ], [SpanId -> ] 
      <main> org.springframework.data.repository.config.RepositoryConfigurationDelegate : Finished Spring Data repository scanning in 293ms. Found 3 JPA repository interfaces.
[2026-09-26 10:50:25 IST] INFO [Service Name -> bookstore-account-service], [TraceId -> ], [SpanId -> ] 
      <main> org.springframework.cloud.context.scope.GenericScope : BeanFactory id=23cdc7bc-a995-3281-ba74-af8c875975ef
[2026-09-26 10:50:26 IST] INFO [Service Name -> bookstore-account-service], [TraceId -> ], [SpanId -> ] 
      <main> org.springframework.context.support.PostProcessorRegistrationDelegate$BeanPostProcessorChecker : Bean 'org.springframework.security.access.expression.method.DefaultMethodSecurityExpressionHandler@154b8cb6' of type [org.springframework.security.access.expression.method.DefaultMethodSecurityExpressionHandler] is not eligible for getting processed by all BeanPostProcessors (for example: not eligible for auto-proxying)
[2026-09-26 10:50:26 IST] INFO [Service Name -> bookstore-account-service], [TraceId -> ], [SpanId -> ] 
      <main> org.springframework.context.support.PostProcessorRegistrationDelegate$BeanPostProcessorChecker : Bean 'methodSecurityMetadataSource' of type [org.springframework.security.access.method.DelegatingMethodSecurityMetadataSource] is not eligible for getting processed by all BeanPostProcessors (for example: not eligible for auto-proxying)
[2026-09-26 10:50:26 IST] INFO [Service Name -> bookstore-account-service], [TraceId -> ], [SpanId -> ] 
      <main> org.springframework.context.support.PostProcessorRegistrationDelegate$BeanPostProcessorChecker : Bean 'org.springframework.cloud.autoconfigure.ConfigurationPropertiesRebinderAutoConfiguration' of type [org.springframework.cloud.autoconfigure.ConfigurationPropertiesRebinderAutoConfiguration] is not eligible for getting processed by all BeanPostProcessors (for example: not eligible for auto-proxying)
[2026-09-26 10:50:27 IST] INFO [Service Name -> bookstore-account-service], [TraceId -> ], [SpanId -> ] 
      <main> org.springframework.boot.web.embedded.tomcat.TomcatWebServer : Tomcat initialized with port(s): 4001 (http)
[2026-09-26 10:50:27 IST] INFO [Service Name -> bookstore-account-service], [TraceId -> ], [SpanId -> ] 
      <main> org.apache.coyote.http11.Http11NioProtocol : Initializing ProtocolHandler ["http-nio-4001"]
[2026-09-26 10:50:27 IST] INFO [Service Name -> bookstore-account-service], [TraceId -> ], [SpanId -> ] 
      <main> org.apache.catalina.core.StandardService : Starting service [Tomcat]
[2026-09-26 10:50:27 IST] INFO [Service Name -> bookstore-account-service], [TraceId -> ], [SpanId -> ] 
      <main> org.apache.catalina.core.StandardEngine : Starting Servlet engine: [Apache Tomcat/9.0.38]
[2026-09-26 10:50:28 IST] INFO [Service Name -> bookstore-account-service], [TraceId -> ], [SpanId -> ] 
      <main> org.apache.catalina.core.ContainerBase.[Tomcat].[localhost].[/] : Initializing Spring embedded WebApplicationContext
[2026-09-26 10:50:28 IST] INFO [Service Name -> bookstore-account-service], [TraceId -> ], [SpanId -> ] 
      <main> org.springframework.boot.web.servlet.context.ServletWebServerApplicationContext : Root WebApplicationContext: initialization completed in 13039 ms
[2026-09-26 10:50:28 IST] INFO [Service Name -> bookstore-account-service], [TraceId -> ], [SpanId -> ] 
      <main> io.micrometer.core.instrument.push.PushMeterRegistry : publishing metrics for InfluxMeterRegistry every 1m
[2026-09-26 10:50:28 IST] WARN [Service Name -> bookstore-account-service], [TraceId -> ], [SpanId -> ] 
      <main> com.netflix.config.sources.URLConfigurationSource : No URLs will be polled as dynamic configuration sources.
[2026-09-26 10:50:28 IST] INFO [Service Name -> bookstore-account-service], [TraceId -> ], [SpanId -> ] 
      <main> com.netflix.config.sources.URLConfigurationSource : To enable URLs as dynamic configuration sources, define System property archaius.configurationSource.additionalUrls or make config.properties available on classpath.
[2026-09-26 10:50:28 IST] INFO [Service Name -> bookstore-account-service], [TraceId -> ], [SpanId -> ] 
      <main> com.netflix.config.DynamicPropertyFactory : DynamicPropertyFactory is initialized with configuration sources: com.netflix.config.ConcurrentCompositeConfiguration@7ed7ae
[2026-09-26 10:50:29 IST] WARN [Service Name -> bookstore-account-service], [TraceId -> ], [SpanId -> ] 
      <main> org.springframework.boot.actuate.endpoint.EndpointId : Endpoint ID 'service-registry' contains invalid characters, please migrate to a valid format.
[2026-09-26 10:50:30 IST] WARN [Service Name -> bookstore-account-service], [TraceId -> ], [SpanId -> ] 
      <main> org.springframework.cloud.sleuth.zipkin2.ZipkinAutoConfiguration : Check result of the [AsyncReporter{org.springframework.cloud.sleuth.zipkin2.sender.RestTemplateSender@429e7914}] contains an error [CheckResult{ok=false, error=org.springframework.web.client.ResourceAccessException: I/O error on POST request for "http://localhost:9411/api/v2/spans": connect timed out; nested exception is java.net.SocketTimeoutException: connect timed out}]
[2026-09-26 10:50:31 IST] INFO [Service Name -> bookstore-account-service], [TraceId -> ], [SpanId -> ] 
      <main> org.flywaydb.core.internal.license.VersionPrinter : Flyway Community Edition 5.2.4 by Boxfuse
[2026-09-26 10:50:32 IST] INFO [Service Name -> bookstore-account-service], [TraceId -> ], [SpanId -> ] 
      <main> com.zaxxer.hikari.HikariDataSource : HikariPool-1 - Starting...
[2026-09-26 10:50:32 IST] INFO [Service Name -> bookstore-account-service], [TraceId -> ], [SpanId -> ] 
      <main> com.zaxxer.hikari.HikariDataSource : HikariPool-1 - Start completed.
[2026-09-26 10:50:32 IST] INFO [Service Name -> bookstore-account-service], [TraceId -> ], [SpanId -> ] 
      <main> org.flywaydb.core.internal.database.DatabaseFactory : Database: jdbc:h2:mem:b2af58c1-7f47-4efa-8630-f106ca1081cd (H2 1.4)
[2026-09-26 10:50:32 IST] INFO [Service Name -> bookstore-account-service], [TraceId -> ], [SpanId -> ] 
      <main> org.flywaydb.core.internal.command.DbValidate : Successfully validated 2 migrations (execution time 00:00.152s)
[2026-09-26 10:50:32 IST] INFO [Service Name -> bookstore-account-service], [TraceId -> ], [SpanId -> ] 
      <main> org.flywaydb.core.internal.schemahistory.JdbcTableSchemaHistory : Creating Schema History table: "PUBLIC"."account_service_flyway_history"
[2026-09-26 10:50:32 IST] INFO [Service Name -> bookstore-account-service], [TraceId -> ], [SpanId -> ] 
      <main> org.flywaydb.core.internal.command.DbMigrate : Current version of schema "PUBLIC": << Empty Schema >>
[2026-09-26 10:50:32 IST] INFO [Service Name -> bookstore-account-service], [TraceId -> ], [SpanId -> ] 
      <main> org.flywaydb.core.internal.command.DbMigrate : Migrating schema "PUBLIC" to version 1 - account service schema
[2026-09-26 10:50:32 IST] INFO [Service Name -> bookstore-account-service], [TraceId -> ], [SpanId -> ] 
      <main> org.flywaydb.core.internal.command.DbMigrate : Migrating schema "PUBLIC" to version 2 - account service initial data
[2026-09-26 10:50:32 IST] INFO [Service Name -> bookstore-account-service], [TraceId -> ], [SpanId -> ] 
      <main> org.flywaydb.core.internal.command.DbMigrate : Successfully applied 2 migrations to schema "PUBLIC" (execution time 00:00.150s)
[2026-09-26 10:50:33 IST] INFO [Service Name -> bookstore-account-service], [TraceId -> ], [SpanId -> ] 
      <main> org.springframework.scheduling.concurrent.ThreadPoolTaskExecutor : Initializing ExecutorService 'applicationTaskExecutor'
[2026-09-26 10:50:33 IST] INFO [Service Name -> bookstore-account-service], [TraceId -> ], [SpanId -> ] 
      <task-1> org.hibernate.jpa.internal.util.LogHelper : HHH000204: Processing PersistenceUnitInfo [name: default]
[2026-09-26 10:50:33 IST] INFO [Service Name -> bookstore-account-service], [TraceId -> ], [SpanId -> ] 
      <task-1> org.hibernate.Version : HHH000412: Hibernate ORM core version 5.4.21.Final
[2026-09-26 10:50:33 IST] WARN [Service Name -> bookstore-account-service], [TraceId -> ], [SpanId -> ] 
      <main> org.springframework.boot.autoconfigure.orm.jpa.JpaBaseConfiguration$JpaWebConfiguration : spring.jpa.open-in-view is enabled by default. Therefore, database queries may be performed during view rendering. Explicitly configure spring.jpa.open-in-view to disable this warning
[2026-09-26 10:50:34 IST] INFO [Service Name -> bookstore-account-service], [TraceId -> ], [SpanId -> ] 
      <task-1> org.hibernate.annotations.common.Version : HCANN000001: Hibernate Commons Annotations {5.1.0.Final}
[2026-09-26 10:50:34 IST] INFO [Service Name -> bookstore-account-service], [TraceId -> ], [SpanId -> ] 
      <task-1> org.hibernate.dialect.Dialect : HHH000400: Using dialect: org.hibernate.dialect.H2Dialect
[2026-09-26 10:50:38 IST] INFO [Service Name -> bookstore-account-service], [TraceId -> ], [SpanId -> ] 
      <task-1> org.hibernate.engine.transaction.jta.platform.internal.JtaPlatformInitiator : HHH000490: Using JtaPlatform implementation: [org.hibernate.engine.transaction.jta.platform.internal.NoJtaPlatform]
[2026-09-26 10:50:38 IST] INFO [Service Name -> bookstore-account-service], [TraceId -> ], [SpanId -> ] 
      <task-1> org.springframework.orm.jpa.LocalContainerEntityManagerFactoryBean : Initialized JPA EntityManagerFactory for persistence unit 'default'
[2026-09-26 10:50:40 IST] WARN [Service Name -> bookstore-account-service], [TraceId -> ], [SpanId -> ] 
      <main> org.springframework.boot.web.servlet.context.AnnotationConfigServletWebServerApplicationContext : Exception encountered during context initialization - cancelling refresh attempt: org.springframework.beans.factory.UnsatisfiedDependencyException: Error creating bean with name 'documentationPluginsBootstrapper' defined in URL [jar:file:/C:/Users/ASUS/.m2/repository/io/springfox/springfox-spring-web/3.0.0/springfox-spring-web-3.0.0.jar!/springfox/documentation/spring/web/plugins/DocumentationPluginsBootstrapper.class]: Unsatisfied dependency expressed through constructor parameter 1; nested exception is org.springframework.beans.factory.UnsatisfiedDependencyException: Error creating bean with name 'webMvcRequestHandlerProvider' defined in URL [jar:file:/C:/Users/ASUS/.m2/repository/io/springfox/springfox-spring-webmvc/3.0.0/springfox-spring-webmvc-3.0.0.jar!/springfox/documentation/spring/web/plugins/WebMvcRequestHandlerProvider.class]: Unsatisfied dependency expressed through constructor parameter 2; nested exception is org.springframework.beans.factory.BeanCreationException: Error creating bean with name 'webEndpointServletHandlerMapping' defined in class path resource [org/springframework/boot/actuate/autoconfigure/endpoint/web/servlet/WebMvcEndpointManagementContextConfiguration.class]: Bean instantiation via factory method failed; nested exception is org.springframework.beans.BeanInstantiationException: Failed to instantiate [org.springframework.boot.actuate.endpoint.web.servlet.WebMvcEndpointHandlerMapping]: Factory method 'webEndpointServletHandlerMapping' threw exception; nested exception is org.springframework.beans.factory.UnsatisfiedDependencyException: Error creating bean with name 'org.springframework.cloud.client.serviceregistry.ServiceRegistryAutoConfiguration$ServiceRegistryEndpointConfiguration': Unsatisfied dependency expressed through field 'registration'; nested exception is org.springframework.beans.factory.NoUniqueBeanDefinitionException: No qualifying bean of type 'org.springframework.cloud.client.serviceregistry.Registration' available: expected single matching bean but found 2: eurekaRegistration,consulRegistration
[2026-09-26 10:50:41 IST] INFO [Service Name -> bookstore-account-service], [TraceId -> ], [SpanId -> ] 
      <main> org.springframework.orm.jpa.LocalContainerEntityManagerFactoryBean : Closing JPA EntityManagerFactory for persistence unit 'default'
[2026-09-26 10:50:41 IST] INFO [Service Name -> bookstore-account-service], [TraceId -> ], [SpanId -> ] 
      <main> org.springframework.scheduling.concurrent.ThreadPoolTaskExecutor : Shutting down ExecutorService 'applicationTaskExecutor'
[2026-09-26 10:50:42 IST] WARN [Service Name -> bookstore-account-service], [TraceId -> ], [SpanId -> ] 
      <main> zipkin2.reporter.AsyncReporter$BoundedAsyncReporter : Timed out waiting for in-flight spans to send
[2026-09-26 10:50:43 IST] ERROR [Service Name -> bookstore-account-service], [TraceId -> ], [SpanId -> ] 
      <main> io.micrometer.influx.InfluxMeterRegistry : unable to create database 'mydb'
java.net.SocketTimeoutException: connect timed out
	at java.net.DualStackPlainSocketImpl.waitForConnect(Native Method)
	at java.net.DualStackPlainSocketImpl.socketConnect(DualStackPlainSocketImpl.java:85)
	at java.net.AbstractPlainSocketImpl.doConnect(AbstractPlainSocketImpl.java:350)
	at java.net.AbstractPlainSocketImpl.connectToAddress(AbstractPlainSocketImpl.java:206)
	at java.net.AbstractPlainSocketImpl.connect(AbstractPlainSocketImpl.java:188)
	at java.net.PlainSocketImpl.connect(PlainSocketImpl.java:172)
	at java.net.SocksSocketImpl.connect(SocksSocketImpl.java:392)
	at java.net.Socket.connect(Socket.java:607)
	at sun.net.NetworkClient.doConnect(NetworkClient.java:175)
	at sun.net.www.http.HttpClient.openServer(HttpClient.java:473)
	at sun.net.www.http.HttpClient.openServer(HttpClient.java:568)
	at sun.net.www.http.HttpClient.<init>(HttpClient.java:254)
	at sun.net.www.http.HttpClient.New(HttpClient.java:349)
	at sun.net.www.http.HttpClient.New(HttpClient.java:367)
	at sun.net.www.protocol.http.HttpURLConnection.getNewHttpClient(HttpURLConnection.java:1248)
	at sun.net.www.protocol.http.HttpURLConnection.plainConnect0(HttpURLConnection.java:1182)
	at sun.net.www.protocol.http.HttpURLConnection.plainConnect(HttpURLConnection.java:1076)
	at sun.net.www.protocol.http.HttpURLConnection.connect(HttpURLConnection.java:1010)
	at sun.net.www.protocol.http.HttpURLConnection.getOutputStream0(HttpURLConnection.java:1362)
	at sun.net.www.protocol.http.HttpURLConnection.getOutputStream(HttpURLConnection.java:1337)
	at io.micrometer.core.ipc.http.HttpUrlConnectionSender.send(HttpUrlConnectionSender.java:96)
	at io.micrometer.core.ipc.http.HttpSender$Request$Builder.send(HttpSender.java:284)
	at io.micrometer.influx.InfluxMeterRegistry.createDatabaseIfNecessary(InfluxMeterRegistry.java:91)
	at io.micrometer.influx.InfluxMeterRegistry.publish(InfluxMeterRegistry.java:104)
	at io.micrometer.core.instrument.push.PushMeterRegistry.publishSafely(PushMeterRegistry.java:52)
	at io.micrometer.core.instrument.push.PushMeterRegistry.close(PushMeterRegistry.java:89)
	at java.lang.Iterable.forEach(Iterable.java:75)
	at java.util.Collections$SetFromMap.forEach(Collections.java:5530)
	at io.micrometer.core.instrument.composite.CompositeMeterRegistry.close(CompositeMeterRegistry.java:232)
	at sun.reflect.NativeMethodAccessorImpl.invoke0(Native Method)
	at sun.reflect.NativeMethodAccessorImpl.invoke(NativeMethodAccessorImpl.java:62)
	at sun.reflect.DelegatingMethodAccessorImpl.invoke(DelegatingMethodAccessorImpl.java:43)
	at java.lang.reflect.Method.invoke(Method.java:498)
	at org.springframework.beans.factory.support.DisposableBeanAdapter.invokeCustomDestroyMethod(DisposableBeanAdapter.java:339)
	at org.springframework.beans.factory.support.DisposableBeanAdapter.destroy(DisposableBeanAdapter.java:273)
	at org.springframework.beans.factory.support.DefaultSingletonBeanRegistry.destroyBean(DefaultSingletonBeanRegistry.java:587)
	at org.springframework.beans.factory.support.DefaultSingletonBeanRegistry.destroySingleton(DefaultSingletonBeanRegistry.java:559)
	at org.springframework.beans.factory.support.DefaultListableBeanFactory.destroySingleton(DefaultListableBeanFactory.java:1092)
	at org.springframework.beans.factory.support.DefaultSingletonBeanRegistry.destroySingletons(DefaultSingletonBeanRegistry.java:520)
	at org.springframework.beans.factory.support.DefaultListableBeanFactory.destroySingletons(DefaultListableBeanFactory.java:1085)
	at org.springframework.context.support.AbstractApplicationContext.destroyBeans(AbstractApplicationContext.java:1061)
	at org.springframework.context.support.AbstractApplicationContext.refresh(AbstractApplicationContext.java:564)
	at org.springframework.boot.web.servlet.context.ServletWebServerApplicationContext.refresh(ServletWebServerApplicationContext.java:143)
	at org.springframework.boot.SpringApplication.refresh(SpringApplication.java:758)
	at org.springframework.boot.SpringApplication.refresh(SpringApplication.java:750)
	at org.springframework.boot.SpringApplication.refreshContext(SpringApplication.java:397)
	at org.springframework.boot.SpringApplication.run(SpringApplication.java:315)
	at org.springframework.boot.SpringApplication.run(SpringApplication.java:1237)
	at org.springframework.boot.SpringApplication.run(SpringApplication.java:1226)
	at com.devd.spring.bookstoreaccountservice.BookstoreAccountServiceApplication.main(BookstoreAccountServiceApplication.java:22)
[2026-09-26 10:50:46 IST] ERROR [Service Name -> bookstore-account-service], [TraceId -> ], [SpanId -> ] 
      <main> io.micrometer.influx.InfluxMeterRegistry : failed to send metrics to influx
java.net.SocketTimeoutException: connect timed out
	at java.net.DualStackPlainSocketImpl.waitForConnect(Native Method)
	at java.net.DualStackPlainSocketImpl.socketConnect(DualStackPlainSocketImpl.java:85)
	at java.net.AbstractPlainSocketImpl.doConnect(AbstractPlainSocketImpl.java:350)
	at java.net.AbstractPlainSocketImpl.connectToAddress(AbstractPlainSocketImpl.java:206)
	at java.net.AbstractPlainSocketImpl.connect(AbstractPlainSocketImpl.java:188)
	at java.net.PlainSocketImpl.connect(PlainSocketImpl.java:172)
	at java.net.SocksSocketImpl.connect(SocksSocketImpl.java:392)
	at java.net.Socket.connect(Socket.java:607)
	at sun.net.NetworkClient.doConnect(NetworkClient.java:175)
	at sun.net.www.http.HttpClient.openServer(HttpClient.java:473)
	at sun.net.www.http.HttpClient.openServer(HttpClient.java:568)
	at sun.net.www.http.HttpClient.<init>(HttpClient.java:254)
	at sun.net.www.http.HttpClient.New(HttpClient.java:349)
	at sun.net.www.http.HttpClient.New(HttpClient.java:367)
	at sun.net.www.protocol.http.HttpURLConnection.getNewHttpClient(HttpURLConnection.java:1248)
	at sun.net.www.protocol.http.HttpURLConnection.plainConnect0(HttpURLConnection.java:1182)
	at sun.net.www.protocol.http.HttpURLConnection.plainConnect(HttpURLConnection.java:1076)
	at sun.net.www.protocol.http.HttpURLConnection.connect(HttpURLConnection.java:1010)
	at sun.net.www.protocol.http.HttpURLConnection.getOutputStream0(HttpURLConnection.java:1362)
	at sun.net.www.protocol.http.HttpURLConnection.getOutputStream(HttpURLConnection.java:1337)
	at io.micrometer.core.ipc.http.HttpUrlConnectionSender.send(HttpUrlConnectionSender.java:96)
	at io.micrometer.core.ipc.http.HttpSender$Request$Builder.send(HttpSender.java:284)
	at io.micrometer.influx.InfluxMeterRegistry.publish(InfluxMeterRegistry.java:128)
	at io.micrometer.core.instrument.push.PushMeterRegistry.publishSafely(PushMeterRegistry.java:52)
	at io.micrometer.core.instrument.push.PushMeterRegistry.close(PushMeterRegistry.java:89)
	at java.lang.Iterable.forEach(Iterable.java:75)
	at java.util.Collections$SetFromMap.forEach(Collections.java:5530)
	at io.micrometer.core.instrument.composite.CompositeMeterRegistry.close(CompositeMeterRegistry.java:232)
	at sun.reflect.NativeMethodAccessorImpl.invoke0(Native Method)
	at sun.reflect.NativeMethodAccessorImpl.invoke(NativeMethodAccessorImpl.java:62)
	at sun.reflect.DelegatingMethodAccessorImpl.invoke(DelegatingMethodAccessorImpl.java:43)
	at java.lang.reflect.Method.invoke(Method.java:498)
	at org.springframework.beans.factory.support.DisposableBeanAdapter.invokeCustomDestroyMethod(DisposableBeanAdapter.java:339)
	at org.springframework.beans.factory.support.DisposableBeanAdapter.destroy(DisposableBeanAdapter.java:273)
	at org.springframework.beans.factory.support.DefaultSingletonBeanRegistry.destroyBean(DefaultSingletonBeanRegistry.java:587)
	at org.springframework.beans.factory.support.DefaultSingletonBeanRegistry.destroySingleton(DefaultSingletonBeanRegistry.java:559)
	at org.springframework.beans.factory.support.DefaultListableBeanFactory.destroySingleton(DefaultListableBeanFactory.java:1092)
	at org.springframework.beans.factory.support.DefaultSingletonBeanRegistry.destroySingletons(DefaultSingletonBeanRegistry.java:520)
	at org.springframework.beans.factory.support.DefaultListableBeanFactory.destroySingletons(DefaultListableBeanFactory.java:1085)
	at org.springframework.context.support.AbstractApplicationContext.destroyBeans(AbstractApplicationContext.java:1061)
	at org.springframework.context.support.AbstractApplicationContext.refresh(AbstractApplicationContext.java:564)
	at org.springframework.boot.web.servlet.context.ServletWebServerApplicationContext.refresh(ServletWebServerApplicationContext.java:143)
	at org.springframework.boot.SpringApplication.refresh(SpringApplication.java:758)
	at org.springframework.boot.SpringApplication.refresh(SpringApplication.java:750)
	at org.springframework.boot.SpringApplication.refreshContext(SpringApplication.java:397)
	at org.springframework.boot.SpringApplication.run(SpringApplication.java:315)
	at org.springframework.boot.SpringApplication.run(SpringApplication.java:1237)
	at org.springframework.boot.SpringApplication.run(SpringApplication.java:1226)
	at com.devd.spring.bookstoreaccountservice.BookstoreAccountServiceApplication.main(BookstoreAccountServiceApplication.java:22)
[2026-09-26 10:50:47 IST] ERROR [Service Name -> bookstore-account-service], [TraceId -> ], [SpanId -> ] 
      <main> io.micrometer.influx.InfluxMeterRegistry : unable to create database 'mydb'
java.net.SocketTimeoutException: connect timed out
	at java.net.DualStackPlainSocketImpl.waitForConnect(Native Method)
	at java.net.DualStackPlainSocketImpl.socketConnect(DualStackPlainSocketImpl.java:85)
	at java.net.AbstractPlainSocketImpl.doConnect(AbstractPlainSocketImpl.java:350)
	at java.net.AbstractPlainSocketImpl.connectToAddress(AbstractPlainSocketImpl.java:206)
	at java.net.AbstractPlainSocketImpl.connect(AbstractPlainSocketImpl.java:188)
	at java.net.PlainSocketImpl.connect(PlainSocketImpl.java:172)
	at java.net.SocksSocketImpl.connect(SocksSocketImpl.java:392)
	at java.net.Socket.connect(Socket.java:607)
	at sun.net.NetworkClient.doConnect(NetworkClient.java:175)
	at sun.net.www.http.HttpClient.openServer(HttpClient.java:473)
	at sun.net.www.http.HttpClient.openServer(HttpClient.java:568)
	at sun.net.www.http.HttpClient.<init>(HttpClient.java:254)
	at sun.net.www.http.HttpClient.New(HttpClient.java:349)
	at sun.net.www.http.HttpClient.New(HttpClient.java:367)
	at sun.net.www.protocol.http.HttpURLConnection.getNewHttpClient(HttpURLConnection.java:1248)
	at sun.net.www.protocol.http.HttpURLConnection.plainConnect0(HttpURLConnection.java:1182)
	at sun.net.www.protocol.http.HttpURLConnection.plainConnect(HttpURLConnection.java:1076)
	at sun.net.www.protocol.http.HttpURLConnection.connect(HttpURLConnection.java:1010)
	at sun.net.www.protocol.http.HttpURLConnection.getOutputStream0(HttpURLConnection.java:1362)
	at sun.net.www.protocol.http.HttpURLConnection.getOutputStream(HttpURLConnection.java:1337)
	at io.micrometer.core.ipc.http.HttpUrlConnectionSender.send(HttpUrlConnectionSender.java:96)
	at io.micrometer.core.ipc.http.HttpSender$Request$Builder.send(HttpSender.java:284)
	at io.micrometer.influx.InfluxMeterRegistry.createDatabaseIfNecessary(InfluxMeterRegistry.java:91)
	at io.micrometer.influx.InfluxMeterRegistry.publish(InfluxMeterRegistry.java:104)
	at io.micrometer.core.instrument.push.PushMeterRegistry.publishSafely(PushMeterRegistry.java:52)
	at io.micrometer.core.instrument.push.PushMeterRegistry.close(PushMeterRegistry.java:89)
	at sun.reflect.NativeMethodAccessorImpl.invoke0(Native Method)
	at sun.reflect.NativeMethodAccessorImpl.invoke(NativeMethodAccessorImpl.java:62)
	at sun.reflect.DelegatingMethodAccessorImpl.invoke(DelegatingMethodAccessorImpl.java:43)
	at java.lang.reflect.Method.invoke(Method.java:498)
	at org.springframework.beans.factory.support.DisposableBeanAdapter.invokeCustomDestroyMethod(DisposableBeanAdapter.java:339)
	at org.springframework.beans.factory.support.DisposableBeanAdapter.destroy(DisposableBeanAdapter.java:273)
	at org.springframework.beans.factory.support.DefaultSingletonBeanRegistry.destroyBean(DefaultSingletonBeanRegistry.java:587)
	at org.springframework.beans.factory.support.DefaultSingletonBeanRegistry.destroySingleton(DefaultSingletonBeanRegistry.java:559)
	at org.springframework.beans.factory.support.DefaultListableBeanFactory.destroySingleton(DefaultListableBeanFactory.java:1092)
	at org.springframework.beans.factory.support.DefaultSingletonBeanRegistry.destroySingletons(DefaultSingletonBeanRegistry.java:520)
	at org.springframework.beans.factory.support.DefaultListableBeanFactory.destroySingletons(DefaultListableBeanFactory.java:1085)
	at org.springframework.context.support.AbstractApplicationContext.destroyBeans(AbstractApplicationContext.java:1061)
	at org.springframework.context.support.AbstractApplicationContext.refresh(AbstractApplicationContext.java:564)
	at org.springframework.boot.web.servlet.context.ServletWebServerApplicationContext.refresh(ServletWebServerApplicationContext.java:143)
	at org.springframework.boot.SpringApplication.refresh(SpringApplication.java:758)
	at org.springframework.boot.SpringApplication.refresh(SpringApplication.java:750)
	at org.springframework.boot.SpringApplication.refreshContext(SpringApplication.java:397)
	at org.springframework.boot.SpringApplication.run(SpringApplication.java:315)
	at org.springframework.boot.SpringApplication.run(SpringApplication.java:1237)
	at org.springframework.boot.SpringApplication.run(SpringApplication.java:1226)
	at com.devd.spring.bookstoreaccountservice.BookstoreAccountServiceApplication.main(BookstoreAccountServiceApplication.java:22)
[2026-09-26 10:50:48 IST] ERROR [Service Name -> bookstore-account-service], [TraceId -> ], [SpanId -> ] 
      <main> io.micrometer.influx.InfluxMeterRegistry : failed to send metrics to influx
java.net.SocketTimeoutException: connect timed out
	at java.net.DualStackPlainSocketImpl.waitForConnect(Native Method)
	at java.net.DualStackPlainSocketImpl.socketConnect(DualStackPlainSocketImpl.java:85)
	at java.net.AbstractPlainSocketImpl.doConnect(AbstractPlainSocketImpl.java:350)
	at java.net.AbstractPlainSocketImpl.connectToAddress(AbstractPlainSocketImpl.java:206)
	at java.net.AbstractPlainSocketImpl.connect(AbstractPlainSocketImpl.java:188)
	at java.net.PlainSocketImpl.connect(PlainSocketImpl.java:172)
	at java.net.SocksSocketImpl.connect(SocksSocketImpl.java:392)
	at java.net.Socket.connect(Socket.java:607)
	at sun.net.NetworkClient.doConnect(NetworkClient.java:175)
	at sun.net.www.http.HttpClient.openServer(HttpClient.java:473)
	at sun.net.www.http.HttpClient.openServer(HttpClient.java:568)
	at sun.net.www.http.HttpClient.<init>(HttpClient.java:254)
	at sun.net.www.http.HttpClient.New(HttpClient.java:349)
	at sun.net.www.http.HttpClient.New(HttpClient.java:367)
	at sun.net.www.protocol.http.HttpURLConnection.getNewHttpClient(HttpURLConnection.java:1248)
	at sun.net.www.protocol.http.HttpURLConnection.plainConnect0(HttpURLConnection.java:1182)
	at sun.net.www.protocol.http.HttpURLConnection.plainConnect(HttpURLConnection.java:1076)
	at sun.net.www.protocol.http.HttpURLConnection.connect(HttpURLConnection.java:1010)
	at sun.net.www.protocol.http.HttpURLConnection.getOutputStream0(HttpURLConnection.java:1362)
	at sun.net.www.protocol.http.HttpURLConnection.getOutputStream(HttpURLConnection.java:1337)
	at io.micrometer.core.ipc.http.HttpUrlConnectionSender.send(HttpUrlConnectionSender.java:96)
	at io.micrometer.core.ipc.http.HttpSender$Request$Builder.send(HttpSender.java:284)
	at io.micrometer.influx.InfluxMeterRegistry.publish(InfluxMeterRegistry.java:128)
	at io.micrometer.core.instrument.push.PushMeterRegistry.publishSafely(PushMeterRegistry.java:52)
	at io.micrometer.core.instrument.push.PushMeterRegistry.close(PushMeterRegistry.java:89)
	at sun.reflect.NativeMethodAccessorImpl.invoke0(Native Method)
	at sun.reflect.NativeMethodAccessorImpl.invoke(NativeMethodAccessorImpl.java:62)
	at sun.reflect.DelegatingMethodAccessorImpl.invoke(DelegatingMethodAccessorImpl.java:43)
	at java.lang.reflect.Method.invoke(Method.java:498)
	at org.springframework.beans.factory.support.DisposableBeanAdapter.invokeCustomDestroyMethod(DisposableBeanAdapter.java:339)
	at org.springframework.beans.factory.support.DisposableBeanAdapter.destroy(DisposableBeanAdapter.java:273)
	at org.springframework.beans.factory.support.DefaultSingletonBeanRegistry.destroyBean(DefaultSingletonBeanRegistry.java:587)
	at org.springframework.beans.factory.support.DefaultSingletonBeanRegistry.destroySingleton(DefaultSingletonBeanRegistry.java:559)
	at org.springframework.beans.factory.support.DefaultListableBeanFactory.destroySingleton(DefaultListableBeanFactory.java:1092)
	at org.springframework.beans.factory.support.DefaultSingletonBeanRegistry.destroySingletons(DefaultSingletonBeanRegistry.java:520)
	at org.springframework.beans.factory.support.DefaultListableBeanFactory.destroySingletons(DefaultListableBeanFactory.java:1085)
	at org.springframework.context.support.AbstractApplicationContext.destroyBeans(AbstractApplicationContext.java:1061)
	at org.springframework.context.support.AbstractApplicationContext.refresh(AbstractApplicationContext.java:564)
	at org.springframework.boot.web.servlet.context.ServletWebServerApplicationContext.refresh(ServletWebServerApplicationContext.java:143)
	at org.springframework.boot.SpringApplication.refresh(SpringApplication.java:758)
	at org.springframework.boot.SpringApplication.refresh(SpringApplication.java:750)
	at org.springframework.boot.SpringApplication.refreshContext(SpringApplication.java:397)
	at org.springframework.boot.SpringApplication.run(SpringApplication.java:315)
	at org.springframework.boot.SpringApplication.run(SpringApplication.java:1237)
	at org.springframework.boot.SpringApplication.run(SpringApplication.java:1226)
	at com.devd.spring.bookstoreaccountservice.BookstoreAccountServiceApplication.main(BookstoreAccountServiceApplication.java:22)
[2026-09-26 10:50:48 IST] INFO [Service Name -> bookstore-account-service], [TraceId -> ], [SpanId -> ] 
      <main> com.zaxxer.hikari.HikariDataSource : HikariPool-1 - Shutdown initiated...
[2026-09-26 10:50:48 IST] INFO [Service Name -> bookstore-account-service], [TraceId -> ], [SpanId -> ] 
      <main> com.zaxxer.hikari.HikariDataSource : HikariPool-1 - Shutdown completed.
[2026-09-26 10:50:48 IST] INFO [Service Name -> bookstore-account-service], [TraceId -> ], [SpanId -> ] 
      <main> org.apache.catalina.core.StandardService : Stopping service [Tomcat]
[2026-09-26 10:50:48 IST] WARN [Service Name -> bookstore-account-service], [TraceId -> ], [SpanId -> ] 
      <main> org.apache.catalina.loader.WebappClassLoaderBase : The web application [ROOT] appears to have started a thread named [AsyncReporter{org.springframework.cloud.sleuth.zipkin2.sender.RestTemplateSender@429e7914}] but has failed to stop it. This is very likely to create a memory leak. Stack trace of thread:
 sun.misc.Unsafe.park(Native Method)
 java.util.concurrent.locks.LockSupport.parkNanos(LockSupport.java:215)
 java.util.concurrent.locks.AbstractQueuedSynchronizer$ConditionObject.awaitNanos(AbstractQueuedSynchronizer.java:2078)
 zipkin2.reporter.ByteBoundedQueue.drainTo(ByteBoundedQueue.java:81)
 zipkin2.reporter.AsyncReporter$BoundedAsyncReporter.flush(AsyncReporter.java:256)
 zipkin2.reporter.AsyncReporter$Flusher.run(AsyncReporter.java:354)
 java.lang.Thread.run(Thread.java:750)
[2026-09-26 10:50:48 IST] INFO [Service Name -> bookstore-account-service], [TraceId -> ], [SpanId -> ] 
      <main> org.springframework.boot.autoconfigure.logging.ConditionEvaluationReportLoggingListener : 

Error starting ApplicationContext. To display the conditions report re-run your application with 'debug' enabled.
[2026-09-26 10:50:48 IST] ERROR [Service Name -> bookstore-account-service], [TraceId -> ], [SpanId -> ] 
      <main> org.springframework.boot.diagnostics.LoggingFailureAnalysisReporter : 

***************************
APPLICATION FAILED TO START
***************************

Description:

Field registration in org.springframework.cloud.client.serviceregistry.ServiceRegistryAutoConfiguration$ServiceRegistryEndpointConfiguration required a single bean, but 2 were found:
	- eurekaRegistration: defined in BeanDefinition defined in class path resource [org/springframework/cloud/netflix/eureka/EurekaClientAutoConfiguration$RefreshableEurekaClientConfiguration.class]
	- consulRegistration: defined by method 'consulRegistration' in class path resource [org/springframework/cloud/consul/serviceregistry/ConsulAutoServiceRegistrationAutoConfiguration.class]


Action:

Consider marking one of the beans as @Primary, updating the consumer to accept multiple beans, or using @Qualifier to identify the bean that should be consumed

[2026-09-26 10:52:04 IST] INFO [Service Name -> bookstore-account-service], [TraceId -> ], [SpanId -> ] 
      <background-preinit> org.hibernate.validator.internal.util.Version : HV000001: Hibernate Validator 6.1.5.Final
[2026-09-26 10:52:05 IST] INFO [Service Name -> bookstore-account-service], [TraceId -> ], [SpanId -> ] 
      <main> org.springframework.context.support.PostProcessorRegistrationDelegate$BeanPostProcessorChecker : Bean 'org.springframework.cloud.autoconfigure.ConfigurationPropertiesRebinderAutoConfiguration' of type [org.springframework.cloud.autoconfigure.ConfigurationPropertiesRebinderAutoConfiguration] is not eligible for getting processed by all BeanPostProcessors (for example: not eligible for auto-proxying)
[2026-09-26 10:52:06 IST] INFO [Service Name -> bookstore-account-service], [TraceId -> ], [SpanId -> ] 
      <main> com.devd.spring.bookstoreaccountservice.BookstoreAccountServiceApplication : The following profiles are active: GOOGLE_CLIENT_ID=588602021149-k3e2vm6c05civnvleod2dumog2tj4f1a.apps.googleusercontent.com
[2026-09-26 10:52:11 IST] INFO [Service Name -> bookstore-account-service], [TraceId -> ], [SpanId -> ] 
      <main> org.springframework.data.repository.config.RepositoryConfigurationDelegate : Bootstrapping Spring Data JPA repositories in DEFERRED mode.
[2026-09-26 10:52:11 IST] INFO [Service Name -> bookstore-account-service], [TraceId -> ], [SpanId -> ] 
      <main> org.springframework.data.repository.config.RepositoryConfigurationDelegate : Finished Spring Data repository scanning in 219ms. Found 3 JPA repository interfaces.
[2026-09-26 10:52:12 IST] INFO [Service Name -> bookstore-account-service], [TraceId -> ], [SpanId -> ] 
      <main> org.springframework.cloud.context.scope.GenericScope : BeanFactory id=23cdc7bc-a995-3281-ba74-af8c875975ef
[2026-09-26 10:52:13 IST] INFO [Service Name -> bookstore-account-service], [TraceId -> ], [SpanId -> ] 
      <main> org.springframework.context.support.PostProcessorRegistrationDelegate$BeanPostProcessorChecker : Bean 'org.springframework.security.access.expression.method.DefaultMethodSecurityExpressionHandler@154b8cb6' of type [org.springframework.security.access.expression.method.DefaultMethodSecurityExpressionHandler] is not eligible for getting processed by all BeanPostProcessors (for example: not eligible for auto-proxying)
[2026-09-26 10:52:13 IST] INFO [Service Name -> bookstore-account-service], [TraceId -> ], [SpanId -> ] 
      <main> org.springframework.context.support.PostProcessorRegistrationDelegate$BeanPostProcessorChecker : Bean 'methodSecurityMetadataSource' of type [org.springframework.security.access.method.DelegatingMethodSecurityMetadataSource] is not eligible for getting processed by all BeanPostProcessors (for example: not eligible for auto-proxying)
[2026-09-26 10:52:13 IST] INFO [Service Name -> bookstore-account-service], [TraceId -> ], [SpanId -> ] 
      <main> org.springframework.context.support.PostProcessorRegistrationDelegate$BeanPostProcessorChecker : Bean 'org.springframework.cloud.autoconfigure.ConfigurationPropertiesRebinderAutoConfiguration' of type [org.springframework.cloud.autoconfigure.ConfigurationPropertiesRebinderAutoConfiguration] is not eligible for getting processed by all BeanPostProcessors (for example: not eligible for auto-proxying)
[2026-09-26 10:52:14 IST] INFO [Service Name -> bookstore-account-service], [TraceId -> ], [SpanId -> ] 
      <main> org.springframework.boot.web.embedded.tomcat.TomcatWebServer : Tomcat initialized with port(s): 4001 (http)
[2026-09-26 10:52:14 IST] INFO [Service Name -> bookstore-account-service], [TraceId -> ], [SpanId -> ] 
      <main> org.apache.coyote.http11.Http11NioProtocol : Initializing ProtocolHandler ["http-nio-4001"]
[2026-09-26 10:52:14 IST] INFO [Service Name -> bookstore-account-service], [TraceId -> ], [SpanId -> ] 
      <main> org.apache.catalina.core.StandardService : Starting service [Tomcat]
[2026-09-26 10:52:14 IST] INFO [Service Name -> bookstore-account-service], [TraceId -> ], [SpanId -> ] 
      <main> org.apache.catalina.core.StandardEngine : Starting Servlet engine: [Apache Tomcat/9.0.38]
[2026-09-26 10:52:15 IST] INFO [Service Name -> bookstore-account-service], [TraceId -> ], [SpanId -> ] 
      <main> org.apache.catalina.core.ContainerBase.[Tomcat].[localhost].[/] : Initializing Spring embedded WebApplicationContext
[2026-09-26 10:52:15 IST] INFO [Service Name -> bookstore-account-service], [TraceId -> ], [SpanId -> ] 
      <main> org.springframework.boot.web.servlet.context.ServletWebServerApplicationContext : Root WebApplicationContext: initialization completed in 8421 ms
[2026-09-26 10:52:15 IST] INFO [Service Name -> bookstore-account-service], [TraceId -> ], [SpanId -> ] 
      <main> io.micrometer.core.instrument.push.PushMeterRegistry : publishing metrics for InfluxMeterRegistry every 1m
[2026-09-26 10:52:15 IST] WARN [Service Name -> bookstore-account-service], [TraceId -> ], [SpanId -> ] 
      <main> com.netflix.config.sources.URLConfigurationSource : No URLs will be polled as dynamic configuration sources.
[2026-09-26 10:52:15 IST] INFO [Service Name -> bookstore-account-service], [TraceId -> ], [SpanId -> ] 
      <main> com.netflix.config.sources.URLConfigurationSource : To enable URLs as dynamic configuration sources, define System property archaius.configurationSource.additionalUrls or make config.properties available on classpath.
[2026-09-26 10:52:15 IST] INFO [Service Name -> bookstore-account-service], [TraceId -> ], [SpanId -> ] 
      <main> com.netflix.config.DynamicPropertyFactory : DynamicPropertyFactory is initialized with configuration sources: com.netflix.config.ConcurrentCompositeConfiguration@7ed7ae
[2026-09-26 10:52:16 IST] WARN [Service Name -> bookstore-account-service], [TraceId -> ], [SpanId -> ] 
      <main> org.springframework.boot.actuate.endpoint.EndpointId : Endpoint ID 'service-registry' contains invalid characters, please migrate to a valid format.
[2026-09-26 10:52:17 IST] WARN [Service Name -> bookstore-account-service], [TraceId -> ], [SpanId -> ] 
      <main> org.springframework.cloud.sleuth.zipkin2.ZipkinAutoConfiguration : Check result of the [AsyncReporter{org.springframework.cloud.sleuth.zipkin2.sender.RestTemplateSender@466fedfa}] contains an error [CheckResult{ok=false, error=org.springframework.web.client.ResourceAccessException: I/O error on POST request for "http://localhost:9411/api/v2/spans": connect timed out; nested exception is java.net.SocketTimeoutException: connect timed out}]
[2026-09-26 10:52:18 IST] INFO [Service Name -> bookstore-account-service], [TraceId -> ], [SpanId -> ] 
      <main> org.flywaydb.core.internal.license.VersionPrinter : Flyway Community Edition 5.2.4 by Boxfuse
[2026-09-26 10:52:18 IST] INFO [Service Name -> bookstore-account-service], [TraceId -> ], [SpanId -> ] 
      <main> com.zaxxer.hikari.HikariDataSource : HikariPool-1 - Starting...
[2026-09-26 10:52:18 IST] INFO [Service Name -> bookstore-account-service], [TraceId -> ], [SpanId -> ] 
      <main> com.zaxxer.hikari.HikariDataSource : HikariPool-1 - Start completed.
[2026-09-26 10:52:18 IST] INFO [Service Name -> bookstore-account-service], [TraceId -> ], [SpanId -> ] 
      <main> org.flywaydb.core.internal.database.DatabaseFactory : Database: jdbc:h2:mem:7a4e447f-9cdb-419e-a544-c295fd0320f1 (H2 1.4)
[2026-09-26 10:52:19 IST] INFO [Service Name -> bookstore-account-service], [TraceId -> ], [SpanId -> ] 
      <main> org.flywaydb.core.internal.command.DbValidate : Successfully validated 2 migrations (execution time 00:00.074s)
[2026-09-26 10:52:19 IST] INFO [Service Name -> bookstore-account-service], [TraceId -> ], [SpanId -> ] 
      <main> org.flywaydb.core.internal.schemahistory.JdbcTableSchemaHistory : Creating Schema History table: "PUBLIC"."account_service_flyway_history"
[2026-09-26 10:52:19 IST] INFO [Service Name -> bookstore-account-service], [TraceId -> ], [SpanId -> ] 
      <main> org.flywaydb.core.internal.command.DbMigrate : Current version of schema "PUBLIC": << Empty Schema >>
[2026-09-26 10:52:19 IST] INFO [Service Name -> bookstore-account-service], [TraceId -> ], [SpanId -> ] 
      <main> org.flywaydb.core.internal.command.DbMigrate : Migrating schema "PUBLIC" to version 1 - account service schema
[2026-09-26 10:52:19 IST] INFO [Service Name -> bookstore-account-service], [TraceId -> ], [SpanId -> ] 
      <main> org.flywaydb.core.internal.command.DbMigrate : Migrating schema "PUBLIC" to version 2 - account service initial data
[2026-09-26 10:52:19 IST] INFO [Service Name -> bookstore-account-service], [TraceId -> ], [SpanId -> ] 
      <main> org.flywaydb.core.internal.command.DbMigrate : Successfully applied 2 migrations to schema "PUBLIC" (execution time 00:00.144s)
[2026-09-26 10:52:19 IST] INFO [Service Name -> bookstore-account-service], [TraceId -> ], [SpanId -> ] 
      <main> org.springframework.scheduling.concurrent.ThreadPoolTaskExecutor : Initializing ExecutorService 'applicationTaskExecutor'
[2026-09-26 10:52:19 IST] INFO [Service Name -> bookstore-account-service], [TraceId -> ], [SpanId -> ] 
      <task-1> org.hibernate.jpa.internal.util.LogHelper : HHH000204: Processing PersistenceUnitInfo [name: default]
[2026-09-26 10:52:19 IST] INFO [Service Name -> bookstore-account-service], [TraceId -> ], [SpanId -> ] 
      <task-1> org.hibernate.Version : HHH000412: Hibernate ORM core version 5.4.21.Final
[2026-09-26 10:52:20 IST] WARN [Service Name -> bookstore-account-service], [TraceId -> ], [SpanId -> ] 
      <main> org.springframework.boot.autoconfigure.orm.jpa.JpaBaseConfiguration$JpaWebConfiguration : spring.jpa.open-in-view is enabled by default. Therefore, database queries may be performed during view rendering. Explicitly configure spring.jpa.open-in-view to disable this warning
[2026-09-26 10:52:20 IST] INFO [Service Name -> bookstore-account-service], [TraceId -> ], [SpanId -> ] 
      <task-1> org.hibernate.annotations.common.Version : HCANN000001: Hibernate Commons Annotations {5.1.0.Final}
[2026-09-26 10:52:20 IST] INFO [Service Name -> bookstore-account-service], [TraceId -> ], [SpanId -> ] 
      <task-1> org.hibernate.dialect.Dialect : HHH000400: Using dialect: org.hibernate.dialect.H2Dialect
[2026-09-26 10:52:23 IST] INFO [Service Name -> bookstore-account-service], [TraceId -> ], [SpanId -> ] 
      <task-1> org.hibernate.engine.transaction.jta.platform.internal.JtaPlatformInitiator : HHH000490: Using JtaPlatform implementation: [org.hibernate.engine.transaction.jta.platform.internal.NoJtaPlatform]
[2026-09-26 10:52:23 IST] INFO [Service Name -> bookstore-account-service], [TraceId -> ], [SpanId -> ] 
      <task-1> org.springframework.orm.jpa.LocalContainerEntityManagerFactoryBean : Initialized JPA EntityManagerFactory for persistence unit 'default'
[2026-09-26 10:52:25 IST] WARN [Service Name -> bookstore-account-service], [TraceId -> ], [SpanId -> ] 
      <main> org.springframework.boot.web.servlet.context.AnnotationConfigServletWebServerApplicationContext : Exception encountered during context initialization - cancelling refresh attempt: org.springframework.beans.factory.UnsatisfiedDependencyException: Error creating bean with name 'documentationPluginsBootstrapper' defined in URL [jar:file:/C:/Users/ASUS/.m2/repository/io/springfox/springfox-spring-web/3.0.0/springfox-spring-web-3.0.0.jar!/springfox/documentation/spring/web/plugins/DocumentationPluginsBootstrapper.class]: Unsatisfied dependency expressed through constructor parameter 1; nested exception is org.springframework.beans.factory.UnsatisfiedDependencyException: Error creating bean with name 'webMvcRequestHandlerProvider' defined in URL [jar:file:/C:/Users/ASUS/.m2/repository/io/springfox/springfox-spring-webmvc/3.0.0/springfox-spring-webmvc-3.0.0.jar!/springfox/documentation/spring/web/plugins/WebMvcRequestHandlerProvider.class]: Unsatisfied dependency expressed through constructor parameter 2; nested exception is org.springframework.beans.factory.BeanCreationException: Error creating bean with name 'webEndpointServletHandlerMapping' defined in class path resource [org/springframework/boot/actuate/autoconfigure/endpoint/web/servlet/WebMvcEndpointManagementContextConfiguration.class]: Bean instantiation via factory method failed; nested exception is org.springframework.beans.BeanInstantiationException: Failed to instantiate [org.springframework.boot.actuate.endpoint.web.servlet.WebMvcEndpointHandlerMapping]: Factory method 'webEndpointServletHandlerMapping' threw exception; nested exception is org.springframework.beans.factory.UnsatisfiedDependencyException: Error creating bean with name 'org.springframework.cloud.client.serviceregistry.ServiceRegistryAutoConfiguration$ServiceRegistryEndpointConfiguration': Unsatisfied dependency expressed through field 'registration'; nested exception is org.springframework.beans.factory.NoUniqueBeanDefinitionException: No qualifying bean of type 'org.springframework.cloud.client.serviceregistry.Registration' available: expected single matching bean but found 2: eurekaRegistration,consulRegistration
[2026-09-26 10:52:27 IST] INFO [Service Name -> bookstore-account-service], [TraceId -> ], [SpanId -> ] 
      <main> org.springframework.orm.jpa.LocalContainerEntityManagerFactoryBean : Closing JPA EntityManagerFactory for persistence unit 'default'
[2026-09-26 10:52:27 IST] INFO [Service Name -> bookstore-account-service], [TraceId -> ], [SpanId -> ] 
      <main> org.springframework.scheduling.concurrent.ThreadPoolTaskExecutor : Shutting down ExecutorService 'applicationTaskExecutor'
[2026-09-26 10:52:28 IST] WARN [Service Name -> bookstore-account-service], [TraceId -> ], [SpanId -> ] 
      <main> zipkin2.reporter.AsyncReporter$BoundedAsyncReporter : Timed out waiting for in-flight spans to send
[2026-09-26 10:52:29 IST] ERROR [Service Name -> bookstore-account-service], [TraceId -> ], [SpanId -> ] 
      <main> io.micrometer.influx.InfluxMeterRegistry : unable to create database 'mydb'
java.net.SocketTimeoutException: connect timed out
	at java.net.DualStackPlainSocketImpl.waitForConnect(Native Method)
	at java.net.DualStackPlainSocketImpl.socketConnect(DualStackPlainSocketImpl.java:85)
	at java.net.AbstractPlainSocketImpl.doConnect(AbstractPlainSocketImpl.java:350)
	at java.net.AbstractPlainSocketImpl.connectToAddress(AbstractPlainSocketImpl.java:206)
	at java.net.AbstractPlainSocketImpl.connect(AbstractPlainSocketImpl.java:188)
	at java.net.PlainSocketImpl.connect(PlainSocketImpl.java:172)
	at java.net.SocksSocketImpl.connect(SocksSocketImpl.java:392)
	at java.net.Socket.connect(Socket.java:607)
	at sun.net.NetworkClient.doConnect(NetworkClient.java:175)
	at sun.net.www.http.HttpClient.openServer(HttpClient.java:473)
	at sun.net.www.http.HttpClient.openServer(HttpClient.java:568)
	at sun.net.www.http.HttpClient.<init>(HttpClient.java:254)
	at sun.net.www.http.HttpClient.New(HttpClient.java:349)
	at sun.net.www.http.HttpClient.New(HttpClient.java:367)
	at sun.net.www.protocol.http.HttpURLConnection.getNewHttpClient(HttpURLConnection.java:1248)
	at sun.net.www.protocol.http.HttpURLConnection.plainConnect0(HttpURLConnection.java:1182)
	at sun.net.www.protocol.http.HttpURLConnection.plainConnect(HttpURLConnection.java:1076)
	at sun.net.www.protocol.http.HttpURLConnection.connect(HttpURLConnection.java:1010)
	at sun.net.www.protocol.http.HttpURLConnection.getOutputStream0(HttpURLConnection.java:1362)
	at sun.net.www.protocol.http.HttpURLConnection.getOutputStream(HttpURLConnection.java:1337)
	at io.micrometer.core.ipc.http.HttpUrlConnectionSender.send(HttpUrlConnectionSender.java:96)
	at io.micrometer.core.ipc.http.HttpSender$Request$Builder.send(HttpSender.java:284)
	at io.micrometer.influx.InfluxMeterRegistry.createDatabaseIfNecessary(InfluxMeterRegistry.java:91)
	at io.micrometer.influx.InfluxMeterRegistry.publish(InfluxMeterRegistry.java:104)
	at io.micrometer.core.instrument.push.PushMeterRegistry.publishSafely(PushMeterRegistry.java:52)
	at io.micrometer.core.instrument.push.PushMeterRegistry.close(PushMeterRegistry.java:89)
	at java.lang.Iterable.forEach(Iterable.java:75)
	at java.util.Collections$SetFromMap.forEach(Collections.java:5530)
	at io.micrometer.core.instrument.composite.CompositeMeterRegistry.close(CompositeMeterRegistry.java:232)
	at sun.reflect.NativeMethodAccessorImpl.invoke0(Native Method)
	at sun.reflect.NativeMethodAccessorImpl.invoke(NativeMethodAccessorImpl.java:62)
	at sun.reflect.DelegatingMethodAccessorImpl.invoke(DelegatingMethodAccessorImpl.java:43)
	at java.lang.reflect.Method.invoke(Method.java:498)
	at org.springframework.beans.factory.support.DisposableBeanAdapter.invokeCustomDestroyMethod(DisposableBeanAdapter.java:339)
	at org.springframework.beans.factory.support.DisposableBeanAdapter.destroy(DisposableBeanAdapter.java:273)
	at org.springframework.beans.factory.support.DefaultSingletonBeanRegistry.destroyBean(DefaultSingletonBeanRegistry.java:587)
	at org.springframework.beans.factory.support.DefaultSingletonBeanRegistry.destroySingleton(DefaultSingletonBeanRegistry.java:559)
	at org.springframework.beans.factory.support.DefaultListableBeanFactory.destroySingleton(DefaultListableBeanFactory.java:1092)
	at org.springframework.beans.factory.support.DefaultSingletonBeanRegistry.destroySingletons(DefaultSingletonBeanRegistry.java:520)
	at org.springframework.beans.factory.support.DefaultListableBeanFactory.destroySingletons(DefaultListableBeanFactory.java:1085)
	at org.springframework.context.support.AbstractApplicationContext.destroyBeans(AbstractApplicationContext.java:1061)
	at org.springframework.context.support.AbstractApplicationContext.refresh(AbstractApplicationContext.java:564)
	at org.springframework.boot.web.servlet.context.ServletWebServerApplicationContext.refresh(ServletWebServerApplicationContext.java:143)
	at org.springframework.boot.SpringApplication.refresh(SpringApplication.java:758)
	at org.springframework.boot.SpringApplication.refresh(SpringApplication.java:750)
	at org.springframework.boot.SpringApplication.refreshContext(SpringApplication.java:397)
	at org.springframework.boot.SpringApplication.run(SpringApplication.java:315)
	at org.springframework.boot.SpringApplication.run(SpringApplication.java:1237)
	at org.springframework.boot.SpringApplication.run(SpringApplication.java:1226)
	at com.devd.spring.bookstoreaccountservice.BookstoreAccountServiceApplication.main(BookstoreAccountServiceApplication.java:22)
[2026-09-26 10:52:31 IST] ERROR [Service Name -> bookstore-account-service], [TraceId -> ], [SpanId -> ] 
      <main> io.micrometer.influx.InfluxMeterRegistry : failed to send metrics to influx
java.net.SocketTimeoutException: connect timed out
	at java.net.DualStackPlainSocketImpl.waitForConnect(Native Method)
	at java.net.DualStackPlainSocketImpl.socketConnect(DualStackPlainSocketImpl.java:85)
	at java.net.AbstractPlainSocketImpl.doConnect(AbstractPlainSocketImpl.java:350)
	at java.net.AbstractPlainSocketImpl.connectToAddress(AbstractPlainSocketImpl.java:206)
	at java.net.AbstractPlainSocketImpl.connect(AbstractPlainSocketImpl.java:188)
	at java.net.PlainSocketImpl.connect(PlainSocketImpl.java:172)
	at java.net.SocksSocketImpl.connect(SocksSocketImpl.java:392)
	at java.net.Socket.connect(Socket.java:607)
	at sun.net.NetworkClient.doConnect(NetworkClient.java:175)
	at sun.net.www.http.HttpClient.openServer(HttpClient.java:473)
	at sun.net.www.http.HttpClient.openServer(HttpClient.java:568)
	at sun.net.www.http.HttpClient.<init>(HttpClient.java:254)
	at sun.net.www.http.HttpClient.New(HttpClient.java:349)
	at sun.net.www.http.HttpClient.New(HttpClient.java:367)
	at sun.net.www.protocol.http.HttpURLConnection.getNewHttpClient(HttpURLConnection.java:1248)
	at sun.net.www.protocol.http.HttpURLConnection.plainConnect0(HttpURLConnection.java:1182)
	at sun.net.www.protocol.http.HttpURLConnection.plainConnect(HttpURLConnection.java:1076)
	at sun.net.www.protocol.http.HttpURLConnection.connect(HttpURLConnection.java:1010)
	at sun.net.www.protocol.http.HttpURLConnection.getOutputStream0(HttpURLConnection.java:1362)
	at sun.net.www.protocol.http.HttpURLConnection.getOutputStream(HttpURLConnection.java:1337)
	at io.micrometer.core.ipc.http.HttpUrlConnectionSender.send(HttpUrlConnectionSender.java:96)
	at io.micrometer.core.ipc.http.HttpSender$Request$Builder.send(HttpSender.java:284)
	at io.micrometer.influx.InfluxMeterRegistry.publish(InfluxMeterRegistry.java:128)
	at io.micrometer.core.instrument.push.PushMeterRegistry.publishSafely(PushMeterRegistry.java:52)
	at io.micrometer.core.instrument.push.PushMeterRegistry.close(PushMeterRegistry.java:89)
	at java.lang.Iterable.forEach(Iterable.java:75)
	at java.util.Collections$SetFromMap.forEach(Collections.java:5530)
	at io.micrometer.core.instrument.composite.CompositeMeterRegistry.close(CompositeMeterRegistry.java:232)
	at sun.reflect.NativeMethodAccessorImpl.invoke0(Native Method)
	at sun.reflect.NativeMethodAccessorImpl.invoke(NativeMethodAccessorImpl.java:62)
	at sun.reflect.DelegatingMethodAccessorImpl.invoke(DelegatingMethodAccessorImpl.java:43)
	at java.lang.reflect.Method.invoke(Method.java:498)
	at org.springframework.beans.factory.support.DisposableBeanAdapter.invokeCustomDestroyMethod(DisposableBeanAdapter.java:339)
	at org.springframework.beans.factory.support.DisposableBeanAdapter.destroy(DisposableBeanAdapter.java:273)
	at org.springframework.beans.factory.support.DefaultSingletonBeanRegistry.destroyBean(DefaultSingletonBeanRegistry.java:587)
	at org.springframework.beans.factory.support.DefaultSingletonBeanRegistry.destroySingleton(DefaultSingletonBeanRegistry.java:559)
	at org.springframework.beans.factory.support.DefaultListableBeanFactory.destroySingleton(DefaultListableBeanFactory.java:1092)
	at org.springframework.beans.factory.support.DefaultSingletonBeanRegistry.destroySingletons(DefaultSingletonBeanRegistry.java:520)
	at org.springframework.beans.factory.support.DefaultListableBeanFactory.destroySingletons(DefaultListableBeanFactory.java:1085)
	at org.springframework.context.support.AbstractApplicationContext.destroyBeans(AbstractApplicationContext.java:1061)
	at org.springframework.context.support.AbstractApplicationContext.refresh(AbstractApplicationContext.java:564)
	at org.springframework.boot.web.servlet.context.ServletWebServerApplicationContext.refresh(ServletWebServerApplicationContext.java:143)
	at org.springframework.boot.SpringApplication.refresh(SpringApplication.java:758)
	at org.springframework.boot.SpringApplication.refresh(SpringApplication.java:750)
	at org.springframework.boot.SpringApplication.refreshContext(SpringApplication.java:397)
	at org.springframework.boot.SpringApplication.run(SpringApplication.java:315)
	at org.springframework.boot.SpringApplication.run(SpringApplication.java:1237)
	at org.springframework.boot.SpringApplication.run(SpringApplication.java:1226)
	at com.devd.spring.bookstoreaccountservice.BookstoreAccountServiceApplication.main(BookstoreAccountServiceApplication.java:22)
[2026-09-26 10:52:32 IST] ERROR [Service Name -> bookstore-account-service], [TraceId -> ], [SpanId -> ] 
      <main> io.micrometer.influx.InfluxMeterRegistry : unable to create database 'mydb'
java.net.SocketTimeoutException: connect timed out
	at java.net.DualStackPlainSocketImpl.waitForConnect(Native Method)
	at java.net.DualStackPlainSocketImpl.socketConnect(DualStackPlainSocketImpl.java:85)
	at java.net.AbstractPlainSocketImpl.doConnect(AbstractPlainSocketImpl.java:350)
	at java.net.AbstractPlainSocketImpl.connectToAddress(AbstractPlainSocketImpl.java:206)
	at java.net.AbstractPlainSocketImpl.connect(AbstractPlainSocketImpl.java:188)
	at java.net.PlainSocketImpl.connect(PlainSocketImpl.java:172)
	at java.net.SocksSocketImpl.connect(SocksSocketImpl.java:392)
	at java.net.Socket.connect(Socket.java:607)
	at sun.net.NetworkClient.doConnect(NetworkClient.java:175)
	at sun.net.www.http.HttpClient.openServer(HttpClient.java:473)
	at sun.net.www.http.HttpClient.openServer(HttpClient.java:568)
	at sun.net.www.http.HttpClient.<init>(HttpClient.java:254)
	at sun.net.www.http.HttpClient.New(HttpClient.java:349)
	at sun.net.www.http.HttpClient.New(HttpClient.java:367)
	at sun.net.www.protocol.http.HttpURLConnection.getNewHttpClient(HttpURLConnection.java:1248)
	at sun.net.www.protocol.http.HttpURLConnection.plainConnect0(HttpURLConnection.java:1182)
	at sun.net.www.protocol.http.HttpURLConnection.plainConnect(HttpURLConnection.java:1076)
	at sun.net.www.protocol.http.HttpURLConnection.connect(HttpURLConnection.java:1010)
	at sun.net.www.protocol.http.HttpURLConnection.getOutputStream0(HttpURLConnection.java:1362)
	at sun.net.www.protocol.http.HttpURLConnection.getOutputStream(HttpURLConnection.java:1337)
	at io.micrometer.core.ipc.http.HttpUrlConnectionSender.send(HttpUrlConnectionSender.java:96)
	at io.micrometer.core.ipc.http.HttpSender$Request$Builder.send(HttpSender.java:284)
	at io.micrometer.influx.InfluxMeterRegistry.createDatabaseIfNecessary(InfluxMeterRegistry.java:91)
	at io.micrometer.influx.InfluxMeterRegistry.publish(InfluxMeterRegistry.java:104)
	at io.micrometer.core.instrument.push.PushMeterRegistry.publishSafely(PushMeterRegistry.java:52)
	at io.micrometer.core.instrument.push.PushMeterRegistry.close(PushMeterRegistry.java:89)
	at sun.reflect.NativeMethodAccessorImpl.invoke0(Native Method)
	at sun.reflect.NativeMethodAccessorImpl.invoke(NativeMethodAccessorImpl.java:62)
	at sun.reflect.DelegatingMethodAccessorImpl.invoke(DelegatingMethodAccessorImpl.java:43)
	at java.lang.reflect.Method.invoke(Method.java:498)
	at org.springframework.beans.factory.support.DisposableBeanAdapter.invokeCustomDestroyMethod(DisposableBeanAdapter.java:339)
	at org.springframework.beans.factory.support.DisposableBeanAdapter.destroy(DisposableBeanAdapter.java:273)
	at org.springframework.beans.factory.support.DefaultSingletonBeanRegistry.destroyBean(DefaultSingletonBeanRegistry.java:587)
	at org.springframework.beans.factory.support.DefaultSingletonBeanRegistry.destroySingleton(DefaultSingletonBeanRegistry.java:559)
	at org.springframework.beans.factory.support.DefaultListableBeanFactory.destroySingleton(DefaultListableBeanFactory.java:1092)
	at org.springframework.beans.factory.support.DefaultSingletonBeanRegistry.destroySingletons(DefaultSingletonBeanRegistry.java:520)
	at org.springframework.beans.factory.support.DefaultListableBeanFactory.destroySingletons(DefaultListableBeanFactory.java:1085)
	at org.springframework.context.support.AbstractApplicationContext.destroyBeans(AbstractApplicationContext.java:1061)
	at org.springframework.context.support.AbstractApplicationContext.refresh(AbstractApplicationContext.java:564)
	at org.springframework.boot.web.servlet.context.ServletWebServerApplicationContext.refresh(ServletWebServerApplicationContext.java:143)
	at org.springframework.boot.SpringApplication.refresh(SpringApplication.java:758)
	at org.springframework.boot.SpringApplication.refresh(SpringApplication.java:750)
	at org.springframework.boot.SpringApplication.refreshContext(SpringApplication.java:397)
	at org.springframework.boot.SpringApplication.run(SpringApplication.java:315)
	at org.springframework.boot.SpringApplication.run(SpringApplication.java:1237)
	at org.springframework.boot.SpringApplication.run(SpringApplication.java:1226)
	at com.devd.spring.bookstoreaccountservice.BookstoreAccountServiceApplication.main(BookstoreAccountServiceApplication.java:22)
[2026-09-26 10:52:33 IST] ERROR [Service Name -> bookstore-account-service], [TraceId -> ], [SpanId -> ] 
      <main> io.micrometer.influx.InfluxMeterRegistry : failed to send metrics to influx
java.net.SocketTimeoutException: connect timed out
	at java.net.DualStackPlainSocketImpl.waitForConnect(Native Method)
	at java.net.DualStackPlainSocketImpl.socketConnect(DualStackPlainSocketImpl.java:85)
	at java.net.AbstractPlainSocketImpl.doConnect(AbstractPlainSocketImpl.java:350)
	at java.net.AbstractPlainSocketImpl.connectToAddress(AbstractPlainSocketImpl.java:206)
	at java.net.AbstractPlainSocketImpl.connect(AbstractPlainSocketImpl.java:188)
	at java.net.PlainSocketImpl.connect(PlainSocketImpl.java:172)
	at java.net.SocksSocketImpl.connect(SocksSocketImpl.java:392)
	at java.net.Socket.connect(Socket.java:607)
	at sun.net.NetworkClient.doConnect(NetworkClient.java:175)
	at sun.net.www.http.HttpClient.openServer(HttpClient.java:473)
	at sun.net.www.http.HttpClient.openServer(HttpClient.java:568)
	at sun.net.www.http.HttpClient.<init>(HttpClient.java:254)
	at sun.net.www.http.HttpClient.New(HttpClient.java:349)
	at sun.net.www.http.HttpClient.New(HttpClient.java:367)
	at sun.net.www.protocol.http.HttpURLConnection.getNewHttpClient(HttpURLConnection.java:1248)
	at sun.net.www.protocol.http.HttpURLConnection.plainConnect0(HttpURLConnection.java:1182)
	at sun.net.www.protocol.http.HttpURLConnection.plainConnect(HttpURLConnection.java:1076)
	at sun.net.www.protocol.http.HttpURLConnection.connect(HttpURLConnection.java:1010)
	at sun.net.www.protocol.http.HttpURLConnection.getOutputStream0(HttpURLConnection.java:1362)
	at sun.net.www.protocol.http.HttpURLConnection.getOutputStream(HttpURLConnection.java:1337)
	at io.micrometer.core.ipc.http.HttpUrlConnectionSender.send(HttpUrlConnectionSender.java:96)
	at io.micrometer.core.ipc.http.HttpSender$Request$Builder.send(HttpSender.java:284)
	at io.micrometer.influx.InfluxMeterRegistry.publish(InfluxMeterRegistry.java:128)
	at io.micrometer.core.instrument.push.PushMeterRegistry.publishSafely(PushMeterRegistry.java:52)
	at io.micrometer.core.instrument.push.PushMeterRegistry.close(PushMeterRegistry.java:89)
	at sun.reflect.NativeMethodAccessorImpl.invoke0(Native Method)
	at sun.reflect.NativeMethodAccessorImpl.invoke(NativeMethodAccessorImpl.java:62)
	at sun.reflect.DelegatingMethodAccessorImpl.invoke(DelegatingMethodAccessorImpl.java:43)
	at java.lang.reflect.Method.invoke(Method.java:498)
	at org.springframework.beans.factory.support.DisposableBeanAdapter.invokeCustomDestroyMethod(DisposableBeanAdapter.java:339)
	at org.springframework.beans.factory.support.DisposableBeanAdapter.destroy(DisposableBeanAdapter.java:273)
	at org.springframework.beans.factory.support.DefaultSingletonBeanRegistry.destroyBean(DefaultSingletonBeanRegistry.java:587)
	at org.springframework.beans.factory.support.DefaultSingletonBeanRegistry.destroySingleton(DefaultSingletonBeanRegistry.java:559)
	at org.springframework.beans.factory.support.DefaultListableBeanFactory.destroySingleton(DefaultListableBeanFactory.java:1092)
	at org.springframework.beans.factory.support.DefaultSingletonBeanRegistry.destroySingletons(DefaultSingletonBeanRegistry.java:520)
	at org.springframework.beans.factory.support.DefaultListableBeanFactory.destroySingletons(DefaultListableBeanFactory.java:1085)
	at org.springframework.context.support.AbstractApplicationContext.destroyBeans(AbstractApplicationContext.java:1061)
	at org.springframework.context.support.AbstractApplicationContext.refresh(AbstractApplicationContext.java:564)
	at org.springframework.boot.web.servlet.context.ServletWebServerApplicationContext.refresh(ServletWebServerApplicationContext.java:143)
	at org.springframework.boot.SpringApplication.refresh(SpringApplication.java:758)
	at org.springframework.boot.SpringApplication.refresh(SpringApplication.java:750)
	at org.springframework.boot.SpringApplication.refreshContext(SpringApplication.java:397)
	at org.springframework.boot.SpringApplication.run(SpringApplication.java:315)
	at org.springframework.boot.SpringApplication.run(SpringApplication.java:1237)
	at org.springframework.boot.SpringApplication.run(SpringApplication.java:1226)
	at com.devd.spring.bookstoreaccountservice.BookstoreAccountServiceApplication.main(BookstoreAccountServiceApplication.java:22)
[2026-09-26 10:52:33 IST] INFO [Service Name -> bookstore-account-service], [TraceId -> ], [SpanId -> ] 
      <main> com.zaxxer.hikari.HikariDataSource : HikariPool-1 - Shutdown initiated...
[2026-09-26 10:52:33 IST] INFO [Service Name -> bookstore-account-service], [TraceId -> ], [SpanId -> ] 
      <main> com.zaxxer.hikari.HikariDataSource : HikariPool-1 - Shutdown completed.
[2026-09-26 10:52:33 IST] INFO [Service Name -> bookstore-account-service], [TraceId -> ], [SpanId -> ] 
      <main> org.apache.catalina.core.StandardService : Stopping service [Tomcat]
[2026-09-26 10:52:33 IST] WARN [Service Name -> bookstore-account-service], [TraceId -> ], [SpanId -> ] 
      <main> org.apache.catalina.loader.WebappClassLoaderBase : The web application [ROOT] appears to have started a thread named [AsyncReporter{org.springframework.cloud.sleuth.zipkin2.sender.RestTemplateSender@466fedfa}] but has failed to stop it. This is very likely to create a memory leak. Stack trace of thread:
 sun.misc.Unsafe.park(Native Method)
 java.util.concurrent.locks.LockSupport.parkNanos(LockSupport.java:215)
 java.util.concurrent.locks.AbstractQueuedSynchronizer$ConditionObject.awaitNanos(AbstractQueuedSynchronizer.java:2078)
 zipkin2.reporter.ByteBoundedQueue.drainTo(ByteBoundedQueue.java:81)
 zipkin2.reporter.AsyncReporter$BoundedAsyncReporter.flush(AsyncReporter.java:256)
 zipkin2.reporter.AsyncReporter$Flusher.run(AsyncReporter.java:354)
 java.lang.Thread.run(Thread.java:750)
[2026-09-26 10:52:33 IST] INFO [Service Name -> bookstore-account-service], [TraceId -> ], [SpanId -> ] 
      <main> org.springframework.boot.autoconfigure.logging.ConditionEvaluationReportLoggingListener : 

Error starting ApplicationContext. To display the conditions report re-run your application with 'debug' enabled.
[2026-09-26 10:52:33 IST] ERROR [Service Name -> bookstore-account-service], [TraceId -> ], [SpanId -> ] 
      <main> org.springframework.boot.diagnostics.LoggingFailureAnalysisReporter : 

***************************
APPLICATION FAILED TO START
***************************

Description:

Field registration in org.springframework.cloud.client.serviceregistry.ServiceRegistryAutoConfiguration$ServiceRegistryEndpointConfiguration required a single bean, but 2 were found:
	- eurekaRegistration: defined in BeanDefinition defined in class path resource [org/springframework/cloud/netflix/eureka/EurekaClientAutoConfiguration$RefreshableEurekaClientConfiguration.class]
	- consulRegistration: defined by method 'consulRegistration' in class path resource [org/springframework/cloud/consul/serviceregistry/ConsulAutoServiceRegistrationAutoConfiguration.class]


Action:

Consider marking one of the beans as @Primary, updating the consumer to accept multiple beans, or using @Qualifier to identify the bean that should be consumed

[2026-09-26 10:57:06 IST] INFO [Service Name -> bookstore-account-service], [TraceId -> ], [SpanId -> ] 
      <background-preinit> org.hibernate.validator.internal.util.Version : HV000001: Hibernate Validator 6.1.5.Final
[2026-09-26 10:57:06 IST] INFO [Service Name -> bookstore-account-service], [TraceId -> ], [SpanId -> ] 
      <main> org.springframework.context.support.PostProcessorRegistrationDelegate$BeanPostProcessorChecker : Bean 'org.springframework.cloud.autoconfigure.ConfigurationPropertiesRebinderAutoConfiguration' of type [org.springframework.cloud.autoconfigure.ConfigurationPropertiesRebinderAutoConfiguration] is not eligible for getting processed by all BeanPostProcessors (for example: not eligible for auto-proxying)
[2026-09-26 10:57:07 IST] INFO [Service Name -> bookstore-account-service], [TraceId -> ], [SpanId -> ] 
      <main> com.devd.spring.bookstoreaccountservice.BookstoreAccountServiceApplication : The following profiles are active: GOOGLE_CLIENT_ID=588602021149-k3e2vm6c05civnvleod2dumog2tj4f1a.apps.googleusercontent.com
[2026-09-26 10:57:11 IST] INFO [Service Name -> bookstore-account-service], [TraceId -> ], [SpanId -> ] 
      <main> org.springframework.data.repository.config.RepositoryConfigurationDelegate : Bootstrapping Spring Data JPA repositories in DEFERRED mode.
[2026-09-26 10:57:11 IST] INFO [Service Name -> bookstore-account-service], [TraceId -> ], [SpanId -> ] 
      <main> org.springframework.data.repository.config.RepositoryConfigurationDelegate : Finished Spring Data repository scanning in 183ms. Found 3 JPA repository interfaces.
[2026-09-26 10:57:13 IST] INFO [Service Name -> bookstore-account-service], [TraceId -> ], [SpanId -> ] 
      <main> org.springframework.cloud.context.scope.GenericScope : BeanFactory id=23cdc7bc-a995-3281-ba74-af8c875975ef
[2026-09-26 10:57:13 IST] INFO [Service Name -> bookstore-account-service], [TraceId -> ], [SpanId -> ] 
      <main> org.springframework.context.support.PostProcessorRegistrationDelegate$BeanPostProcessorChecker : Bean 'org.springframework.security.access.expression.method.DefaultMethodSecurityExpressionHandler@1b7554d4' of type [org.springframework.security.access.expression.method.DefaultMethodSecurityExpressionHandler] is not eligible for getting processed by all BeanPostProcessors (for example: not eligible for auto-proxying)
[2026-09-26 10:57:13 IST] INFO [Service Name -> bookstore-account-service], [TraceId -> ], [SpanId -> ] 
      <main> org.springframework.context.support.PostProcessorRegistrationDelegate$BeanPostProcessorChecker : Bean 'methodSecurityMetadataSource' of type [org.springframework.security.access.method.DelegatingMethodSecurityMetadataSource] is not eligible for getting processed by all BeanPostProcessors (for example: not eligible for auto-proxying)
[2026-09-26 10:57:14 IST] INFO [Service Name -> bookstore-account-service], [TraceId -> ], [SpanId -> ] 
      <main> org.springframework.context.support.PostProcessorRegistrationDelegate$BeanPostProcessorChecker : Bean 'org.springframework.cloud.autoconfigure.ConfigurationPropertiesRebinderAutoConfiguration' of type [org.springframework.cloud.autoconfigure.ConfigurationPropertiesRebinderAutoConfiguration] is not eligible for getting processed by all BeanPostProcessors (for example: not eligible for auto-proxying)
[2026-09-26 10:57:14 IST] INFO [Service Name -> bookstore-account-service], [TraceId -> ], [SpanId -> ] 
      <main> org.springframework.boot.web.embedded.tomcat.TomcatWebServer : Tomcat initialized with port(s): 4001 (http)
[2026-09-26 10:57:14 IST] INFO [Service Name -> bookstore-account-service], [TraceId -> ], [SpanId -> ] 
      <main> org.apache.coyote.http11.Http11NioProtocol : Initializing ProtocolHandler ["http-nio-4001"]
[2026-09-26 10:57:14 IST] INFO [Service Name -> bookstore-account-service], [TraceId -> ], [SpanId -> ] 
      <main> org.apache.catalina.core.StandardService : Starting service [Tomcat]
[2026-09-26 10:57:14 IST] INFO [Service Name -> bookstore-account-service], [TraceId -> ], [SpanId -> ] 
      <main> org.apache.catalina.core.StandardEngine : Starting Servlet engine: [Apache Tomcat/9.0.38]
[2026-09-26 10:57:15 IST] INFO [Service Name -> bookstore-account-service], [TraceId -> ], [SpanId -> ] 
      <main> org.apache.catalina.core.ContainerBase.[Tomcat].[localhost].[/] : Initializing Spring embedded WebApplicationContext
[2026-09-26 10:57:15 IST] INFO [Service Name -> bookstore-account-service], [TraceId -> ], [SpanId -> ] 
      <main> org.springframework.boot.web.servlet.context.ServletWebServerApplicationContext : Root WebApplicationContext: initialization completed in 7377 ms
[2026-09-26 10:57:15 IST] INFO [Service Name -> bookstore-account-service], [TraceId -> ], [SpanId -> ] 
      <main> io.micrometer.core.instrument.push.PushMeterRegistry : publishing metrics for InfluxMeterRegistry every 1m
[2026-09-26 10:57:15 IST] WARN [Service Name -> bookstore-account-service], [TraceId -> ], [SpanId -> ] 
      <main> com.netflix.config.sources.URLConfigurationSource : No URLs will be polled as dynamic configuration sources.
[2026-09-26 10:57:15 IST] INFO [Service Name -> bookstore-account-service], [TraceId -> ], [SpanId -> ] 
      <main> com.netflix.config.sources.URLConfigurationSource : To enable URLs as dynamic configuration sources, define System property archaius.configurationSource.additionalUrls or make config.properties available on classpath.
[2026-09-26 10:57:16 IST] INFO [Service Name -> bookstore-account-service], [TraceId -> ], [SpanId -> ] 
      <main> com.netflix.config.DynamicPropertyFactory : DynamicPropertyFactory is initialized with configuration sources: com.netflix.config.ConcurrentCompositeConfiguration@7ed7ae
[2026-09-26 10:57:16 IST] WARN [Service Name -> bookstore-account-service], [TraceId -> ], [SpanId -> ] 
      <main> org.springframework.boot.actuate.endpoint.EndpointId : Endpoint ID 'service-registry' contains invalid characters, please migrate to a valid format.
[2026-09-26 10:57:17 IST] WARN [Service Name -> bookstore-account-service], [TraceId -> ], [SpanId -> ] 
      <main> org.springframework.cloud.sleuth.zipkin2.ZipkinAutoConfiguration : Check result of the [AsyncReporter{org.springframework.cloud.sleuth.zipkin2.sender.RestTemplateSender@429e7914}] contains an error [CheckResult{ok=false, error=org.springframework.web.client.ResourceAccessException: I/O error on POST request for "http://localhost:9411/api/v2/spans": connect timed out; nested exception is java.net.SocketTimeoutException: connect timed out}]
[2026-09-26 10:57:18 IST] INFO [Service Name -> bookstore-account-service], [TraceId -> ], [SpanId -> ] 
      <main> org.flywaydb.core.internal.license.VersionPrinter : Flyway Community Edition 5.2.4 by Boxfuse
[2026-09-26 10:57:18 IST] INFO [Service Name -> bookstore-account-service], [TraceId -> ], [SpanId -> ] 
      <main> com.zaxxer.hikari.HikariDataSource : HikariPool-1 - Starting...
[2026-09-26 10:57:18 IST] INFO [Service Name -> bookstore-account-service], [TraceId -> ], [SpanId -> ] 
      <main> com.zaxxer.hikari.HikariDataSource : HikariPool-1 - Start completed.
[2026-09-26 10:57:18 IST] INFO [Service Name -> bookstore-account-service], [TraceId -> ], [SpanId -> ] 
      <main> org.flywaydb.core.internal.database.DatabaseFactory : Database: jdbc:h2:mem:6be14e5a-74c7-419c-9b45-a5b9ce3dfd60 (H2 1.4)
[2026-09-26 10:57:19 IST] INFO [Service Name -> bookstore-account-service], [TraceId -> ], [SpanId -> ] 
      <main> org.flywaydb.core.internal.command.DbValidate : Successfully validated 2 migrations (execution time 00:00.075s)
[2026-09-26 10:57:19 IST] INFO [Service Name -> bookstore-account-service], [TraceId -> ], [SpanId -> ] 
      <main> org.flywaydb.core.internal.schemahistory.JdbcTableSchemaHistory : Creating Schema History table: "PUBLIC"."account_service_flyway_history"
[2026-09-26 10:57:19 IST] INFO [Service Name -> bookstore-account-service], [TraceId -> ], [SpanId -> ] 
      <main> org.flywaydb.core.internal.command.DbMigrate : Current version of schema "PUBLIC": << Empty Schema >>
[2026-09-26 10:57:19 IST] INFO [Service Name -> bookstore-account-service], [TraceId -> ], [SpanId -> ] 
      <main> org.flywaydb.core.internal.command.DbMigrate : Migrating schema "PUBLIC" to version 1 - account service schema
[2026-09-26 10:57:19 IST] INFO [Service Name -> bookstore-account-service], [TraceId -> ], [SpanId -> ] 
      <main> org.flywaydb.core.internal.command.DbMigrate : Migrating schema "PUBLIC" to version 2 - account service initial data
[2026-09-26 10:57:19 IST] INFO [Service Name -> bookstore-account-service], [TraceId -> ], [SpanId -> ] 
      <main> org.flywaydb.core.internal.command.DbMigrate : Successfully applied 2 migrations to schema "PUBLIC" (execution time 00:00.139s)
[2026-09-26 10:57:19 IST] INFO [Service Name -> bookstore-account-service], [TraceId -> ], [SpanId -> ] 
      <main> org.springframework.scheduling.concurrent.ThreadPoolTaskExecutor : Initializing ExecutorService 'applicationTaskExecutor'
[2026-09-26 10:57:19 IST] INFO [Service Name -> bookstore-account-service], [TraceId -> ], [SpanId -> ] 
      <task-1> org.hibernate.jpa.internal.util.LogHelper : HHH000204: Processing PersistenceUnitInfo [name: default]
[2026-09-26 10:57:19 IST] INFO [Service Name -> bookstore-account-service], [TraceId -> ], [SpanId -> ] 
      <task-1> org.hibernate.Version : HHH000412: Hibernate ORM core version 5.4.21.Final
[2026-09-26 10:57:20 IST] WARN [Service Name -> bookstore-account-service], [TraceId -> ], [SpanId -> ] 
      <main> org.springframework.boot.autoconfigure.orm.jpa.JpaBaseConfiguration$JpaWebConfiguration : spring.jpa.open-in-view is enabled by default. Therefore, database queries may be performed during view rendering. Explicitly configure spring.jpa.open-in-view to disable this warning
[2026-09-26 10:57:20 IST] INFO [Service Name -> bookstore-account-service], [TraceId -> ], [SpanId -> ] 
      <task-1> org.hibernate.annotations.common.Version : HCANN000001: Hibernate Commons Annotations {5.1.0.Final}
[2026-09-26 10:57:20 IST] INFO [Service Name -> bookstore-account-service], [TraceId -> ], [SpanId -> ] 
      <task-1> org.hibernate.dialect.Dialect : HHH000400: Using dialect: org.hibernate.dialect.H2Dialect
[2026-09-26 10:57:23 IST] INFO [Service Name -> bookstore-account-service], [TraceId -> ], [SpanId -> ] 
      <task-1> org.hibernate.engine.transaction.jta.platform.internal.JtaPlatformInitiator : HHH000490: Using JtaPlatform implementation: [org.hibernate.engine.transaction.jta.platform.internal.NoJtaPlatform]
[2026-09-26 10:57:23 IST] INFO [Service Name -> bookstore-account-service], [TraceId -> ], [SpanId -> ] 
      <task-1> org.springframework.orm.jpa.LocalContainerEntityManagerFactoryBean : Initialized JPA EntityManagerFactory for persistence unit 'default'
[2026-09-26 10:57:25 IST] WARN [Service Name -> bookstore-account-service], [TraceId -> ], [SpanId -> ] 
      <main> org.springframework.boot.web.servlet.context.AnnotationConfigServletWebServerApplicationContext : Exception encountered during context initialization - cancelling refresh attempt: org.springframework.beans.factory.UnsatisfiedDependencyException: Error creating bean with name 'documentationPluginsBootstrapper' defined in URL [jar:file:/C:/Users/ASUS/.m2/repository/io/springfox/springfox-spring-web/3.0.0/springfox-spring-web-3.0.0.jar!/springfox/documentation/spring/web/plugins/DocumentationPluginsBootstrapper.class]: Unsatisfied dependency expressed through constructor parameter 1; nested exception is org.springframework.beans.factory.UnsatisfiedDependencyException: Error creating bean with name 'webMvcRequestHandlerProvider' defined in URL [jar:file:/C:/Users/ASUS/.m2/repository/io/springfox/springfox-spring-webmvc/3.0.0/springfox-spring-webmvc-3.0.0.jar!/springfox/documentation/spring/web/plugins/WebMvcRequestHandlerProvider.class]: Unsatisfied dependency expressed through constructor parameter 2; nested exception is org.springframework.beans.factory.BeanCreationException: Error creating bean with name 'webEndpointServletHandlerMapping' defined in class path resource [org/springframework/boot/actuate/autoconfigure/endpoint/web/servlet/WebMvcEndpointManagementContextConfiguration.class]: Bean instantiation via factory method failed; nested exception is org.springframework.beans.BeanInstantiationException: Failed to instantiate [org.springframework.boot.actuate.endpoint.web.servlet.WebMvcEndpointHandlerMapping]: Factory method 'webEndpointServletHandlerMapping' threw exception; nested exception is org.springframework.beans.factory.UnsatisfiedDependencyException: Error creating bean with name 'org.springframework.cloud.client.serviceregistry.ServiceRegistryAutoConfiguration$ServiceRegistryEndpointConfiguration': Unsatisfied dependency expressed through field 'registration'; nested exception is org.springframework.beans.factory.NoUniqueBeanDefinitionException: No qualifying bean of type 'org.springframework.cloud.client.serviceregistry.Registration' available: expected single matching bean but found 2: eurekaRegistration,consulRegistration
[2026-09-26 10:57:26 IST] INFO [Service Name -> bookstore-account-service], [TraceId -> ], [SpanId -> ] 
      <main> org.springframework.orm.jpa.LocalContainerEntityManagerFactoryBean : Closing JPA EntityManagerFactory for persistence unit 'default'
[2026-09-26 10:57:26 IST] INFO [Service Name -> bookstore-account-service], [TraceId -> ], [SpanId -> ] 
      <main> org.springframework.scheduling.concurrent.ThreadPoolTaskExecutor : Shutting down ExecutorService 'applicationTaskExecutor'
[2026-09-26 10:57:27 IST] WARN [Service Name -> bookstore-account-service], [TraceId -> ], [SpanId -> ] 
      <AsyncReporter{org.springframework.cloud.sleuth.zipkin2.sender.RestTemplateSender@429e7914}> zipkin2.reporter.AsyncReporter$BoundedAsyncReporter : Spans were dropped due to exceptions. All subsequent errors will be logged at FINE level.
[2026-09-26 10:57:27 IST] WARN [Service Name -> bookstore-account-service], [TraceId -> ], [SpanId -> ] 
      <AsyncReporter{org.springframework.cloud.sleuth.zipkin2.sender.RestTemplateSender@429e7914}> zipkin2.reporter.AsyncReporter$BoundedAsyncReporter : Dropped 0 spans due to ResourceAccessException(I/O error on POST request for "http://localhost:9411/api/v2/spans": connect timed out; nested exception is java.net.SocketTimeoutException: connect timed out)
org.springframework.web.client.ResourceAccessException: I/O error on POST request for "http://localhost:9411/api/v2/spans": connect timed out; nested exception is java.net.SocketTimeoutException: connect timed out
	at org.springframework.web.client.RestTemplate.doExecute(RestTemplate.java:748)
	at org.springframework.cloud.sleuth.zipkin2.sender.ZipkinRestTemplateWrapper.doExecute(ZipkinRestTemplateSenderConfiguration.java:228)
	at org.springframework.web.client.RestTemplate.exchange(RestTemplate.java:641)
	at org.springframework.cloud.sleuth.zipkin2.sender.RestTemplateSender.post(RestTemplateSender.java:129)
	at org.springframework.cloud.sleuth.zipkin2.sender.RestTemplateSender$HttpPostCall.doExecute(RestTemplateSender.java:142)
	at org.springframework.cloud.sleuth.zipkin2.sender.RestTemplateSender$HttpPostCall.doExecute(RestTemplateSender.java:132)
	at zipkin2.Call$Base.execute(Call.java:380)
	at zipkin2.reporter.AsyncReporter$BoundedAsyncReporter.flush(AsyncReporter.java:285)
	at zipkin2.reporter.AsyncReporter$Flusher.run(AsyncReporter.java:354)
	at java.lang.Thread.run(Thread.java:750)
Caused by: java.net.SocketTimeoutException: connect timed out
	at java.net.DualStackPlainSocketImpl.waitForConnect(Native Method)
	at java.net.DualStackPlainSocketImpl.socketConnect(DualStackPlainSocketImpl.java:85)
	at java.net.AbstractPlainSocketImpl.doConnect(AbstractPlainSocketImpl.java:350)
	at java.net.AbstractPlainSocketImpl.connectToAddress(AbstractPlainSocketImpl.java:206)
	at java.net.AbstractPlainSocketImpl.connect(AbstractPlainSocketImpl.java:188)
	at java.net.PlainSocketImpl.connect(PlainSocketImpl.java:172)
	at java.net.SocksSocketImpl.connect(SocksSocketImpl.java:392)
	at java.net.Socket.connect(Socket.java:607)
	at sun.net.NetworkClient.doConnect(NetworkClient.java:175)
	at sun.net.www.http.HttpClient.openServer(HttpClient.java:473)
	at sun.net.www.http.HttpClient.openServer(HttpClient.java:568)
	at sun.net.www.http.HttpClient.<init>(HttpClient.java:254)
	at sun.net.www.http.HttpClient.New(HttpClient.java:349)
	at sun.net.www.http.HttpClient.New(HttpClient.java:367)
	at sun.net.www.protocol.http.HttpURLConnection.getNewHttpClient(HttpURLConnection.java:1248)
	at sun.net.www.protocol.http.HttpURLConnection.plainConnect0(HttpURLConnection.java:1182)
	at sun.net.www.protocol.http.HttpURLConnection.plainConnect(HttpURLConnection.java:1076)
	at sun.net.www.protocol.http.HttpURLConnection.connect(HttpURLConnection.java:1010)
	at org.springframework.http.client.SimpleBufferingClientHttpRequest.executeInternal(SimpleBufferingClientHttpRequest.java:76)
	at org.springframework.http.client.AbstractBufferingClientHttpRequest.executeInternal(AbstractBufferingClientHttpRequest.java:48)
	at org.springframework.http.client.AbstractClientHttpRequest.execute(AbstractClientHttpRequest.java:53)
	at org.springframework.web.client.RestTemplate.doExecute(RestTemplate.java:739)
	... 9 common frames omitted
[2026-09-26 10:57:28 IST] ERROR [Service Name -> bookstore-account-service], [TraceId -> ], [SpanId -> ] 
      <main> io.micrometer.influx.InfluxMeterRegistry : unable to create database 'mydb'
java.net.SocketTimeoutException: connect timed out
	at java.net.DualStackPlainSocketImpl.waitForConnect(Native Method)
	at java.net.DualStackPlainSocketImpl.socketConnect(DualStackPlainSocketImpl.java:85)
	at java.net.AbstractPlainSocketImpl.doConnect(AbstractPlainSocketImpl.java:350)
	at java.net.AbstractPlainSocketImpl.connectToAddress(AbstractPlainSocketImpl.java:206)
	at java.net.AbstractPlainSocketImpl.connect(AbstractPlainSocketImpl.java:188)
	at java.net.PlainSocketImpl.connect(PlainSocketImpl.java:172)
	at java.net.SocksSocketImpl.connect(SocksSocketImpl.java:392)
	at java.net.Socket.connect(Socket.java:607)
	at sun.net.NetworkClient.doConnect(NetworkClient.java:175)
	at sun.net.www.http.HttpClient.openServer(HttpClient.java:473)
	at sun.net.www.http.HttpClient.openServer(HttpClient.java:568)
	at sun.net.www.http.HttpClient.<init>(HttpClient.java:254)
	at sun.net.www.http.HttpClient.New(HttpClient.java:349)
	at sun.net.www.http.HttpClient.New(HttpClient.java:367)
	at sun.net.www.protocol.http.HttpURLConnection.getNewHttpClient(HttpURLConnection.java:1248)
	at sun.net.www.protocol.http.HttpURLConnection.plainConnect0(HttpURLConnection.java:1182)
	at sun.net.www.protocol.http.HttpURLConnection.plainConnect(HttpURLConnection.java:1076)
	at sun.net.www.protocol.http.HttpURLConnection.connect(HttpURLConnection.java:1010)
	at sun.net.www.protocol.http.HttpURLConnection.getOutputStream0(HttpURLConnection.java:1362)
	at sun.net.www.protocol.http.HttpURLConnection.getOutputStream(HttpURLConnection.java:1337)
	at io.micrometer.core.ipc.http.HttpUrlConnectionSender.send(HttpUrlConnectionSender.java:96)
	at io.micrometer.core.ipc.http.HttpSender$Request$Builder.send(HttpSender.java:284)
	at io.micrometer.influx.InfluxMeterRegistry.createDatabaseIfNecessary(InfluxMeterRegistry.java:91)
	at io.micrometer.influx.InfluxMeterRegistry.publish(InfluxMeterRegistry.java:104)
	at io.micrometer.core.instrument.push.PushMeterRegistry.publishSafely(PushMeterRegistry.java:52)
	at io.micrometer.core.instrument.push.PushMeterRegistry.close(PushMeterRegistry.java:89)
	at java.lang.Iterable.forEach(Iterable.java:75)
	at java.util.Collections$SetFromMap.forEach(Collections.java:5530)
	at io.micrometer.core.instrument.composite.CompositeMeterRegistry.close(CompositeMeterRegistry.java:232)
	at sun.reflect.NativeMethodAccessorImpl.invoke0(Native Method)
	at sun.reflect.NativeMethodAccessorImpl.invoke(NativeMethodAccessorImpl.java:62)
	at sun.reflect.DelegatingMethodAccessorImpl.invoke(DelegatingMethodAccessorImpl.java:43)
	at java.lang.reflect.Method.invoke(Method.java:498)
	at org.springframework.beans.factory.support.DisposableBeanAdapter.invokeCustomDestroyMethod(DisposableBeanAdapter.java:339)
	at org.springframework.beans.factory.support.DisposableBeanAdapter.destroy(DisposableBeanAdapter.java:273)
	at org.springframework.beans.factory.support.DefaultSingletonBeanRegistry.destroyBean(DefaultSingletonBeanRegistry.java:587)
	at org.springframework.beans.factory.support.DefaultSingletonBeanRegistry.destroySingleton(DefaultSingletonBeanRegistry.java:559)
	at org.springframework.beans.factory.support.DefaultListableBeanFactory.destroySingleton(DefaultListableBeanFactory.java:1092)
	at org.springframework.beans.factory.support.DefaultSingletonBeanRegistry.destroySingletons(DefaultSingletonBeanRegistry.java:520)
	at org.springframework.beans.factory.support.DefaultListableBeanFactory.destroySingletons(DefaultListableBeanFactory.java:1085)
	at org.springframework.context.support.AbstractApplicationContext.destroyBeans(AbstractApplicationContext.java:1061)
	at org.springframework.context.support.AbstractApplicationContext.refresh(AbstractApplicationContext.java:564)
	at org.springframework.boot.web.servlet.context.ServletWebServerApplicationContext.refresh(ServletWebServerApplicationContext.java:143)
	at org.springframework.boot.SpringApplication.refresh(SpringApplication.java:758)
	at org.springframework.boot.SpringApplication.refresh(SpringApplication.java:750)
	at org.springframework.boot.SpringApplication.refreshContext(SpringApplication.java:397)
	at org.springframework.boot.SpringApplication.run(SpringApplication.java:315)
	at org.springframework.boot.SpringApplication.run(SpringApplication.java:1237)
	at org.springframework.boot.SpringApplication.run(SpringApplication.java:1226)
	at com.devd.spring.bookstoreaccountservice.BookstoreAccountServiceApplication.main(BookstoreAccountServiceApplication.java:22)
[2026-09-26 10:57:30 IST] ERROR [Service Name -> bookstore-account-service], [TraceId -> ], [SpanId -> ] 
      <main> io.micrometer.influx.InfluxMeterRegistry : failed to send metrics to influx
java.net.SocketTimeoutException: connect timed out
	at java.net.DualStackPlainSocketImpl.waitForConnect(Native Method)
	at java.net.DualStackPlainSocketImpl.socketConnect(DualStackPlainSocketImpl.java:85)
	at java.net.AbstractPlainSocketImpl.doConnect(AbstractPlainSocketImpl.java:350)
	at java.net.AbstractPlainSocketImpl.connectToAddress(AbstractPlainSocketImpl.java:206)
	at java.net.AbstractPlainSocketImpl.connect(AbstractPlainSocketImpl.java:188)
	at java.net.PlainSocketImpl.connect(PlainSocketImpl.java:172)
	at java.net.SocksSocketImpl.connect(SocksSocketImpl.java:392)
	at java.net.Socket.connect(Socket.java:607)
	at sun.net.NetworkClient.doConnect(NetworkClient.java:175)
	at sun.net.www.http.HttpClient.openServer(HttpClient.java:473)
	at sun.net.www.http.HttpClient.openServer(HttpClient.java:568)
	at sun.net.www.http.HttpClient.<init>(HttpClient.java:254)
	at sun.net.www.http.HttpClient.New(HttpClient.java:349)
	at sun.net.www.http.HttpClient.New(HttpClient.java:367)
	at sun.net.www.protocol.http.HttpURLConnection.getNewHttpClient(HttpURLConnection.java:1248)
	at sun.net.www.protocol.http.HttpURLConnection.plainConnect0(HttpURLConnection.java:1182)
	at sun.net.www.protocol.http.HttpURLConnection.plainConnect(HttpURLConnection.java:1076)
	at sun.net.www.protocol.http.HttpURLConnection.connect(HttpURLConnection.java:1010)
	at sun.net.www.protocol.http.HttpURLConnection.getOutputStream0(HttpURLConnection.java:1362)
	at sun.net.www.protocol.http.HttpURLConnection.getOutputStream(HttpURLConnection.java:1337)
	at io.micrometer.core.ipc.http.HttpUrlConnectionSender.send(HttpUrlConnectionSender.java:96)
	at io.micrometer.core.ipc.http.HttpSender$Request$Builder.send(HttpSender.java:284)
	at io.micrometer.influx.InfluxMeterRegistry.publish(InfluxMeterRegistry.java:128)
	at io.micrometer.core.instrument.push.PushMeterRegistry.publishSafely(PushMeterRegistry.java:52)
	at io.micrometer.core.instrument.push.PushMeterRegistry.close(PushMeterRegistry.java:89)
	at java.lang.Iterable.forEach(Iterable.java:75)
	at java.util.Collections$SetFromMap.forEach(Collections.java:5530)
	at io.micrometer.core.instrument.composite.CompositeMeterRegistry.close(CompositeMeterRegistry.java:232)
	at sun.reflect.NativeMethodAccessorImpl.invoke0(Native Method)
	at sun.reflect.NativeMethodAccessorImpl.invoke(NativeMethodAccessorImpl.java:62)
	at sun.reflect.DelegatingMethodAccessorImpl.invoke(DelegatingMethodAccessorImpl.java:43)
	at java.lang.reflect.Method.invoke(Method.java:498)
	at org.springframework.beans.factory.support.DisposableBeanAdapter.invokeCustomDestroyMethod(DisposableBeanAdapter.java:339)
	at org.springframework.beans.factory.support.DisposableBeanAdapter.destroy(DisposableBeanAdapter.java:273)
	at org.springframework.beans.factory.support.DefaultSingletonBeanRegistry.destroyBean(DefaultSingletonBeanRegistry.java:587)
	at org.springframework.beans.factory.support.DefaultSingletonBeanRegistry.destroySingleton(DefaultSingletonBeanRegistry.java:559)
	at org.springframework.beans.factory.support.DefaultListableBeanFactory.destroySingleton(DefaultListableBeanFactory.java:1092)
	at org.springframework.beans.factory.support.DefaultSingletonBeanRegistry.destroySingletons(DefaultSingletonBeanRegistry.java:520)
	at org.springframework.beans.factory.support.DefaultListableBeanFactory.destroySingletons(DefaultListableBeanFactory.java:1085)
	at org.springframework.context.support.AbstractApplicationContext.destroyBeans(AbstractApplicationContext.java:1061)
	at org.springframework.context.support.AbstractApplicationContext.refresh(AbstractApplicationContext.java:564)
	at org.springframework.boot.web.servlet.context.ServletWebServerApplicationContext.refresh(ServletWebServerApplicationContext.java:143)
	at org.springframework.boot.SpringApplication.refresh(SpringApplication.java:758)
	at org.springframework.boot.SpringApplication.refresh(SpringApplication.java:750)
	at org.springframework.boot.SpringApplication.refreshContext(SpringApplication.java:397)
	at org.springframework.boot.SpringApplication.run(SpringApplication.java:315)
	at org.springframework.boot.SpringApplication.run(SpringApplication.java:1237)
	at org.springframework.boot.SpringApplication.run(SpringApplication.java:1226)
	at com.devd.spring.bookstoreaccountservice.BookstoreAccountServiceApplication.main(BookstoreAccountServiceApplication.java:22)
[2026-09-26 10:57:31 IST] ERROR [Service Name -> bookstore-account-service], [TraceId -> ], [SpanId -> ] 
      <main> io.micrometer.influx.InfluxMeterRegistry : unable to create database 'mydb'
java.net.SocketTimeoutException: connect timed out
	at java.net.DualStackPlainSocketImpl.waitForConnect(Native Method)
	at java.net.DualStackPlainSocketImpl.socketConnect(DualStackPlainSocketImpl.java:85)
	at java.net.AbstractPlainSocketImpl.doConnect(AbstractPlainSocketImpl.java:350)
	at java.net.AbstractPlainSocketImpl.connectToAddress(AbstractPlainSocketImpl.java:206)
	at java.net.AbstractPlainSocketImpl.connect(AbstractPlainSocketImpl.java:188)
	at java.net.PlainSocketImpl.connect(PlainSocketImpl.java:172)
	at java.net.SocksSocketImpl.connect(SocksSocketImpl.java:392)
	at java.net.Socket.connect(Socket.java:607)
	at sun.net.NetworkClient.doConnect(NetworkClient.java:175)
	at sun.net.www.http.HttpClient.openServer(HttpClient.java:473)
	at sun.net.www.http.HttpClient.openServer(HttpClient.java:568)
	at sun.net.www.http.HttpClient.<init>(HttpClient.java:254)
	at sun.net.www.http.HttpClient.New(HttpClient.java:349)
	at sun.net.www.http.HttpClient.New(HttpClient.java:367)
	at sun.net.www.protocol.http.HttpURLConnection.getNewHttpClient(HttpURLConnection.java:1248)
	at sun.net.www.protocol.http.HttpURLConnection.plainConnect0(HttpURLConnection.java:1182)
	at sun.net.www.protocol.http.HttpURLConnection.plainConnect(HttpURLConnection.java:1076)
	at sun.net.www.protocol.http.HttpURLConnection.connect(HttpURLConnection.java:1010)
	at sun.net.www.protocol.http.HttpURLConnection.getOutputStream0(HttpURLConnection.java:1362)
	at sun.net.www.protocol.http.HttpURLConnection.getOutputStream(HttpURLConnection.java:1337)
	at io.micrometer.core.ipc.http.HttpUrlConnectionSender.send(HttpUrlConnectionSender.java:96)
	at io.micrometer.core.ipc.http.HttpSender$Request$Builder.send(HttpSender.java:284)
	at io.micrometer.influx.InfluxMeterRegistry.createDatabaseIfNecessary(InfluxMeterRegistry.java:91)
	at io.micrometer.influx.InfluxMeterRegistry.publish(InfluxMeterRegistry.java:104)
	at io.micrometer.core.instrument.push.PushMeterRegistry.publishSafely(PushMeterRegistry.java:52)
	at io.micrometer.core.instrument.push.PushMeterRegistry.close(PushMeterRegistry.java:89)
	at sun.reflect.NativeMethodAccessorImpl.invoke0(Native Method)
	at sun.reflect.NativeMethodAccessorImpl.invoke(NativeMethodAccessorImpl.java:62)
	at sun.reflect.DelegatingMethodAccessorImpl.invoke(DelegatingMethodAccessorImpl.java:43)
	at java.lang.reflect.Method.invoke(Method.java:498)
	at org.springframework.beans.factory.support.DisposableBeanAdapter.invokeCustomDestroyMethod(DisposableBeanAdapter.java:339)
	at org.springframework.beans.factory.support.DisposableBeanAdapter.destroy(DisposableBeanAdapter.java:273)
	at org.springframework.beans.factory.support.DefaultSingletonBeanRegistry.destroyBean(DefaultSingletonBeanRegistry.java:587)
	at org.springframework.beans.factory.support.DefaultSingletonBeanRegistry.destroySingleton(DefaultSingletonBeanRegistry.java:559)
	at org.springframework.beans.factory.support.DefaultListableBeanFactory.destroySingleton(DefaultListableBeanFactory.java:1092)
	at org.springframework.beans.factory.support.DefaultSingletonBeanRegistry.destroySingletons(DefaultSingletonBeanRegistry.java:520)
	at org.springframework.beans.factory.support.DefaultListableBeanFactory.destroySingletons(DefaultListableBeanFactory.java:1085)
	at org.springframework.context.support.AbstractApplicationContext.destroyBeans(AbstractApplicationContext.java:1061)
	at org.springframework.context.support.AbstractApplicationContext.refresh(AbstractApplicationContext.java:564)
	at org.springframework.boot.web.servlet.context.ServletWebServerApplicationContext.refresh(ServletWebServerApplicationContext.java:143)
	at org.springframework.boot.SpringApplication.refresh(SpringApplication.java:758)
	at org.springframework.boot.SpringApplication.refresh(SpringApplication.java:750)
	at org.springframework.boot.SpringApplication.refreshContext(SpringApplication.java:397)
	at org.springframework.boot.SpringApplication.run(SpringApplication.java:315)
	at org.springframework.boot.SpringApplication.run(SpringApplication.java:1237)
	at org.springframework.boot.SpringApplication.run(SpringApplication.java:1226)
	at com.devd.spring.bookstoreaccountservice.BookstoreAccountServiceApplication.main(BookstoreAccountServiceApplication.java:22)
[2026-09-26 10:57:32 IST] ERROR [Service Name -> bookstore-account-service], [TraceId -> ], [SpanId -> ] 
      <main> io.micrometer.influx.InfluxMeterRegistry : failed to send metrics to influx
java.net.SocketTimeoutException: connect timed out
	at java.net.DualStackPlainSocketImpl.waitForConnect(Native Method)
	at java.net.DualStackPlainSocketImpl.socketConnect(DualStackPlainSocketImpl.java:85)
	at java.net.AbstractPlainSocketImpl.doConnect(AbstractPlainSocketImpl.java:350)
	at java.net.AbstractPlainSocketImpl.connectToAddress(AbstractPlainSocketImpl.java:206)
	at java.net.AbstractPlainSocketImpl.connect(AbstractPlainSocketImpl.java:188)
	at java.net.PlainSocketImpl.connect(PlainSocketImpl.java:172)
	at java.net.SocksSocketImpl.connect(SocksSocketImpl.java:392)
	at java.net.Socket.connect(Socket.java:607)
	at sun.net.NetworkClient.doConnect(NetworkClient.java:175)
	at sun.net.www.http.HttpClient.openServer(HttpClient.java:473)
	at sun.net.www.http.HttpClient.openServer(HttpClient.java:568)
	at sun.net.www.http.HttpClient.<init>(HttpClient.java:254)
	at sun.net.www.http.HttpClient.New(HttpClient.java:349)
	at sun.net.www.http.HttpClient.New(HttpClient.java:367)
	at sun.net.www.protocol.http.HttpURLConnection.getNewHttpClient(HttpURLConnection.java:1248)
	at sun.net.www.protocol.http.HttpURLConnection.plainConnect0(HttpURLConnection.java:1182)
	at sun.net.www.protocol.http.HttpURLConnection.plainConnect(HttpURLConnection.java:1076)
	at sun.net.www.protocol.http.HttpURLConnection.connect(HttpURLConnection.java:1010)
	at sun.net.www.protocol.http.HttpURLConnection.getOutputStream0(HttpURLConnection.java:1362)
	at sun.net.www.protocol.http.HttpURLConnection.getOutputStream(HttpURLConnection.java:1337)
	at io.micrometer.core.ipc.http.HttpUrlConnectionSender.send(HttpUrlConnectionSender.java:96)
	at io.micrometer.core.ipc.http.HttpSender$Request$Builder.send(HttpSender.java:284)
	at io.micrometer.influx.InfluxMeterRegistry.publish(InfluxMeterRegistry.java:128)
	at io.micrometer.core.instrument.push.PushMeterRegistry.publishSafely(PushMeterRegistry.java:52)
	at io.micrometer.core.instrument.push.PushMeterRegistry.close(PushMeterRegistry.java:89)
	at sun.reflect.NativeMethodAccessorImpl.invoke0(Native Method)
	at sun.reflect.NativeMethodAccessorImpl.invoke(NativeMethodAccessorImpl.java:62)
	at sun.reflect.DelegatingMethodAccessorImpl.invoke(DelegatingMethodAccessorImpl.java:43)
	at java.lang.reflect.Method.invoke(Method.java:498)
	at org.springframework.beans.factory.support.DisposableBeanAdapter.invokeCustomDestroyMethod(DisposableBeanAdapter.java:339)
	at org.springframework.beans.factory.support.DisposableBeanAdapter.destroy(DisposableBeanAdapter.java:273)
	at org.springframework.beans.factory.support.DefaultSingletonBeanRegistry.destroyBean(DefaultSingletonBeanRegistry.java:587)
	at org.springframework.beans.factory.support.DefaultSingletonBeanRegistry.destroySingleton(DefaultSingletonBeanRegistry.java:559)
	at org.springframework.beans.factory.support.DefaultListableBeanFactory.destroySingleton(DefaultListableBeanFactory.java:1092)
	at org.springframework.beans.factory.support.DefaultSingletonBeanRegistry.destroySingletons(DefaultSingletonBeanRegistry.java:520)
	at org.springframework.beans.factory.support.DefaultListableBeanFactory.destroySingletons(DefaultListableBeanFactory.java:1085)
	at org.springframework.context.support.AbstractApplicationContext.destroyBeans(AbstractApplicationContext.java:1061)
	at org.springframework.context.support.AbstractApplicationContext.refresh(AbstractApplicationContext.java:564)
	at org.springframework.boot.web.servlet.context.ServletWebServerApplicationContext.refresh(ServletWebServerApplicationContext.java:143)
	at org.springframework.boot.SpringApplication.refresh(SpringApplication.java:758)
	at org.springframework.boot.SpringApplication.refresh(SpringApplication.java:750)
	at org.springframework.boot.SpringApplication.refreshContext(SpringApplication.java:397)
	at org.springframework.boot.SpringApplication.run(SpringApplication.java:315)
	at org.springframework.boot.SpringApplication.run(SpringApplication.java:1237)
	at org.springframework.boot.SpringApplication.run(SpringApplication.java:1226)
	at com.devd.spring.bookstoreaccountservice.BookstoreAccountServiceApplication.main(BookstoreAccountServiceApplication.java:22)
[2026-09-26 10:57:32 IST] INFO [Service Name -> bookstore-account-service], [TraceId -> ], [SpanId -> ] 
      <main> com.zaxxer.hikari.HikariDataSource : HikariPool-1 - Shutdown initiated...
[2026-09-26 10:57:32 IST] INFO [Service Name -> bookstore-account-service], [TraceId -> ], [SpanId -> ] 
      <main> com.zaxxer.hikari.HikariDataSource : HikariPool-1 - Shutdown completed.
[2026-09-26 10:57:32 IST] INFO [Service Name -> bookstore-account-service], [TraceId -> ], [SpanId -> ] 
      <main> org.apache.catalina.core.StandardService : Stopping service [Tomcat]
[2026-09-26 10:57:32 IST] INFO [Service Name -> bookstore-account-service], [TraceId -> ], [SpanId -> ] 
      <main> org.springframework.boot.autoconfigure.logging.ConditionEvaluationReportLoggingListener : 

Error starting ApplicationContext. To display the conditions report re-run your application with 'debug' enabled.
[2026-09-26 10:57:32 IST] ERROR [Service Name -> bookstore-account-service], [TraceId -> ], [SpanId -> ] 
      <main> org.springframework.boot.diagnostics.LoggingFailureAnalysisReporter : 

***************************
APPLICATION FAILED TO START
***************************

Description:

Field registration in org.springframework.cloud.client.serviceregistry.ServiceRegistryAutoConfiguration$ServiceRegistryEndpointConfiguration required a single bean, but 2 were found:
	- eurekaRegistration: defined in BeanDefinition defined in class path resource [org/springframework/cloud/netflix/eureka/EurekaClientAutoConfiguration$RefreshableEurekaClientConfiguration.class]
	- consulRegistration: defined by method 'consulRegistration' in class path resource [org/springframework/cloud/consul/serviceregistry/ConsulAutoServiceRegistrationAutoConfiguration.class]


Action:

Consider marking one of the beans as @Primary, updating the consumer to accept multiple beans, or using @Qualifier to identify the bean that should be consumed

[2026-09-26 11:07:12 IST] INFO [Service Name -> bookstore-account-service], [TraceId -> ], [SpanId -> ] 
      <background-preinit> org.hibernate.validator.internal.util.Version : HV000001: Hibernate Validator 6.1.5.Final
[2026-09-26 11:07:12 IST] INFO [Service Name -> bookstore-account-service], [TraceId -> ], [SpanId -> ] 
      <main> org.springframework.context.support.PostProcessorRegistrationDelegate$BeanPostProcessorChecker : Bean 'org.springframework.cloud.autoconfigure.ConfigurationPropertiesRebinderAutoConfiguration' of type [org.springframework.cloud.autoconfigure.ConfigurationPropertiesRebinderAutoConfiguration] is not eligible for getting processed by all BeanPostProcessors (for example: not eligible for auto-proxying)
[2026-09-26 11:07:14 IST] INFO [Service Name -> bookstore-account-service], [TraceId -> ], [SpanId -> ] 
      <main> com.devd.spring.bookstoreaccountservice.BookstoreAccountServiceApplication : The following profiles are active: -Dspring.profiles.active=local
[2026-09-26 11:07:18 IST] INFO [Service Name -> bookstore-account-service], [TraceId -> ], [SpanId -> ] 
      <main> org.springframework.data.repository.config.RepositoryConfigurationDelegate : Bootstrapping Spring Data JPA repositories in DEFERRED mode.
[2026-09-26 11:07:18 IST] INFO [Service Name -> bookstore-account-service], [TraceId -> ], [SpanId -> ] 
      <main> org.springframework.data.repository.config.RepositoryConfigurationDelegate : Finished Spring Data repository scanning in 188ms. Found 3 JPA repository interfaces.
[2026-09-26 11:07:19 IST] INFO [Service Name -> bookstore-account-service], [TraceId -> ], [SpanId -> ] 
      <main> org.springframework.cloud.context.scope.GenericScope : BeanFactory id=c68c838e-671d-3efa-998e-9177709d489a
[2026-09-26 11:07:20 IST] INFO [Service Name -> bookstore-account-service], [TraceId -> ], [SpanId -> ] 
      <main> org.springframework.context.support.PostProcessorRegistrationDelegate$BeanPostProcessorChecker : Bean 'org.springframework.security.access.expression.method.DefaultMethodSecurityExpressionHandler@1e56bc9b' of type [org.springframework.security.access.expression.method.DefaultMethodSecurityExpressionHandler] is not eligible for getting processed by all BeanPostProcessors (for example: not eligible for auto-proxying)
[2026-09-26 11:07:20 IST] INFO [Service Name -> bookstore-account-service], [TraceId -> ], [SpanId -> ] 
      <main> org.springframework.context.support.PostProcessorRegistrationDelegate$BeanPostProcessorChecker : Bean 'methodSecurityMetadataSource' of type [org.springframework.security.access.method.DelegatingMethodSecurityMetadataSource] is not eligible for getting processed by all BeanPostProcessors (for example: not eligible for auto-proxying)
[2026-09-26 11:07:20 IST] INFO [Service Name -> bookstore-account-service], [TraceId -> ], [SpanId -> ] 
      <main> org.springframework.context.support.PostProcessorRegistrationDelegate$BeanPostProcessorChecker : Bean 'org.springframework.cloud.autoconfigure.ConfigurationPropertiesRebinderAutoConfiguration' of type [org.springframework.cloud.autoconfigure.ConfigurationPropertiesRebinderAutoConfiguration] is not eligible for getting processed by all BeanPostProcessors (for example: not eligible for auto-proxying)
[2026-09-26 11:07:21 IST] INFO [Service Name -> bookstore-account-service], [TraceId -> ], [SpanId -> ] 
      <main> org.springframework.boot.web.embedded.tomcat.TomcatWebServer : Tomcat initialized with port(s): 4001 (http)
[2026-09-26 11:07:21 IST] INFO [Service Name -> bookstore-account-service], [TraceId -> ], [SpanId -> ] 
      <main> org.apache.coyote.http11.Http11NioProtocol : Initializing ProtocolHandler ["http-nio-4001"]
[2026-09-26 11:07:21 IST] INFO [Service Name -> bookstore-account-service], [TraceId -> ], [SpanId -> ] 
      <main> org.apache.catalina.core.StandardService : Starting service [Tomcat]
[2026-09-26 11:07:21 IST] INFO [Service Name -> bookstore-account-service], [TraceId -> ], [SpanId -> ] 
      <main> org.apache.catalina.core.StandardEngine : Starting Servlet engine: [Apache Tomcat/9.0.38]
[2026-09-26 11:07:21 IST] INFO [Service Name -> bookstore-account-service], [TraceId -> ], [SpanId -> ] 
      <main> org.apache.catalina.core.ContainerBase.[Tomcat].[localhost].[/] : Initializing Spring embedded WebApplicationContext
[2026-09-26 11:07:21 IST] INFO [Service Name -> bookstore-account-service], [TraceId -> ], [SpanId -> ] 
      <main> org.springframework.boot.web.servlet.context.ServletWebServerApplicationContext : Root WebApplicationContext: initialization completed in 7290 ms
[2026-09-26 11:07:21 IST] INFO [Service Name -> bookstore-account-service], [TraceId -> ], [SpanId -> ] 
      <main> io.micrometer.core.instrument.push.PushMeterRegistry : publishing metrics for InfluxMeterRegistry every 1m
[2026-09-26 11:07:22 IST] WARN [Service Name -> bookstore-account-service], [TraceId -> ], [SpanId -> ] 
      <main> com.netflix.config.sources.URLConfigurationSource : No URLs will be polled as dynamic configuration sources.
[2026-09-26 11:07:22 IST] INFO [Service Name -> bookstore-account-service], [TraceId -> ], [SpanId -> ] 
      <main> com.netflix.config.sources.URLConfigurationSource : To enable URLs as dynamic configuration sources, define System property archaius.configurationSource.additionalUrls or make config.properties available on classpath.
[2026-09-26 11:07:22 IST] INFO [Service Name -> bookstore-account-service], [TraceId -> ], [SpanId -> ] 
      <main> com.netflix.config.DynamicPropertyFactory : DynamicPropertyFactory is initialized with configuration sources: com.netflix.config.ConcurrentCompositeConfiguration@5beb6be2
[2026-09-26 11:07:22 IST] WARN [Service Name -> bookstore-account-service], [TraceId -> ], [SpanId -> ] 
      <main> org.springframework.boot.actuate.endpoint.EndpointId : Endpoint ID 'service-registry' contains invalid characters, please migrate to a valid format.
[2026-09-26 11:07:24 IST] WARN [Service Name -> bookstore-account-service], [TraceId -> ], [SpanId -> ] 
      <main> org.springframework.cloud.sleuth.zipkin2.ZipkinAutoConfiguration : Check result of the [AsyncReporter{org.springframework.cloud.sleuth.zipkin2.sender.RestTemplateSender@1c6ac73c}] contains an error [CheckResult{ok=false, error=org.springframework.web.client.ResourceAccessException: I/O error on POST request for "http://localhost:9411/api/v2/spans": connect timed out; nested exception is java.net.SocketTimeoutException: connect timed out}]
[2026-09-26 11:07:25 IST] INFO [Service Name -> bookstore-account-service], [TraceId -> ], [SpanId -> ] 
      <main> org.flywaydb.core.internal.license.VersionPrinter : Flyway Community Edition 5.2.4 by Boxfuse
[2026-09-26 11:07:25 IST] INFO [Service Name -> bookstore-account-service], [TraceId -> ], [SpanId -> ] 
      <main> com.zaxxer.hikari.HikariDataSource : HikariPool-1 - Starting...
[2026-09-26 11:07:25 IST] INFO [Service Name -> bookstore-account-service], [TraceId -> ], [SpanId -> ] 
      <main> com.zaxxer.hikari.HikariDataSource : HikariPool-1 - Start completed.
[2026-09-26 11:07:25 IST] INFO [Service Name -> bookstore-account-service], [TraceId -> ], [SpanId -> ] 
      <main> org.flywaydb.core.internal.database.DatabaseFactory : Database: jdbc:h2:mem:dfe0a2f2-b7bf-441e-8d71-954c72d2972c (H2 1.4)
[2026-09-26 11:07:25 IST] INFO [Service Name -> bookstore-account-service], [TraceId -> ], [SpanId -> ] 
      <main> org.flywaydb.core.internal.command.DbValidate : Successfully validated 2 migrations (execution time 00:00.076s)
[2026-09-26 11:07:25 IST] INFO [Service Name -> bookstore-account-service], [TraceId -> ], [SpanId -> ] 
      <main> org.flywaydb.core.internal.schemahistory.JdbcTableSchemaHistory : Creating Schema History table: "PUBLIC"."account_service_flyway_history"
[2026-09-26 11:07:25 IST] INFO [Service Name -> bookstore-account-service], [TraceId -> ], [SpanId -> ] 
      <main> org.flywaydb.core.internal.command.DbMigrate : Current version of schema "PUBLIC": << Empty Schema >>
[2026-09-26 11:07:25 IST] INFO [Service Name -> bookstore-account-service], [TraceId -> ], [SpanId -> ] 
      <main> org.flywaydb.core.internal.command.DbMigrate : Migrating schema "PUBLIC" to version 1 - account service schema
[2026-09-26 11:07:25 IST] INFO [Service Name -> bookstore-account-service], [TraceId -> ], [SpanId -> ] 
      <main> org.flywaydb.core.internal.command.DbMigrate : Migrating schema "PUBLIC" to version 2 - account service initial data
[2026-09-26 11:07:25 IST] INFO [Service Name -> bookstore-account-service], [TraceId -> ], [SpanId -> ] 
      <main> org.flywaydb.core.internal.command.DbMigrate : Successfully applied 2 migrations to schema "PUBLIC" (execution time 00:00.145s)
[2026-09-26 11:07:26 IST] INFO [Service Name -> bookstore-account-service], [TraceId -> ], [SpanId -> ] 
      <main> org.springframework.scheduling.concurrent.ThreadPoolTaskExecutor : Initializing ExecutorService 'applicationTaskExecutor'
[2026-09-26 11:07:26 IST] INFO [Service Name -> bookstore-account-service], [TraceId -> ], [SpanId -> ] 
      <task-1> org.hibernate.jpa.internal.util.LogHelper : HHH000204: Processing PersistenceUnitInfo [name: default]
[2026-09-26 11:07:26 IST] INFO [Service Name -> bookstore-account-service], [TraceId -> ], [SpanId -> ] 
      <task-1> org.hibernate.Version : HHH000412: Hibernate ORM core version 5.4.21.Final
[2026-09-26 11:07:26 IST] WARN [Service Name -> bookstore-account-service], [TraceId -> ], [SpanId -> ] 
      <main> org.springframework.boot.autoconfigure.orm.jpa.JpaBaseConfiguration$JpaWebConfiguration : spring.jpa.open-in-view is enabled by default. Therefore, database queries may be performed during view rendering. Explicitly configure spring.jpa.open-in-view to disable this warning
[2026-09-26 11:07:26 IST] INFO [Service Name -> bookstore-account-service], [TraceId -> ], [SpanId -> ] 
      <task-1> org.hibernate.annotations.common.Version : HCANN000001: Hibernate Commons Annotations {5.1.0.Final}
[2026-09-26 11:07:27 IST] INFO [Service Name -> bookstore-account-service], [TraceId -> ], [SpanId -> ] 
      <task-1> org.hibernate.dialect.Dialect : HHH000400: Using dialect: org.hibernate.dialect.H2Dialect
[2026-09-26 11:07:30 IST] INFO [Service Name -> bookstore-account-service], [TraceId -> ], [SpanId -> ] 
      <task-1> org.hibernate.engine.transaction.jta.platform.internal.JtaPlatformInitiator : HHH000490: Using JtaPlatform implementation: [org.hibernate.engine.transaction.jta.platform.internal.NoJtaPlatform]
[2026-09-26 11:07:30 IST] INFO [Service Name -> bookstore-account-service], [TraceId -> ], [SpanId -> ] 
      <task-1> org.springframework.orm.jpa.LocalContainerEntityManagerFactoryBean : Initialized JPA EntityManagerFactory for persistence unit 'default'
[2026-09-26 11:07:32 IST] INFO [Service Name -> bookstore-account-service], [TraceId -> ], [SpanId -> ] 
      <main> org.springframework.boot.actuate.endpoint.web.EndpointLinksResolver : Exposing 22 endpoint(s) beneath base path '/actuator'
[2026-09-26 11:07:33 IST] INFO [Service Name -> bookstore-account-service], [TraceId -> ], [SpanId -> ] 
      <main> org.springframework.security.web.DefaultSecurityFilterChain : Creating filter chain: Ant [pattern='/v2/api-docs'], []
[2026-09-26 11:07:33 IST] INFO [Service Name -> bookstore-account-service], [TraceId -> ], [SpanId -> ] 
      <main> org.springframework.security.web.DefaultSecurityFilterChain : Creating filter chain: Ant [pattern='/configuration/ui'], []
[2026-09-26 11:07:33 IST] INFO [Service Name -> bookstore-account-service], [TraceId -> ], [SpanId -> ] 
      <main> org.springframework.security.web.DefaultSecurityFilterChain : Creating filter chain: Ant [pattern='/swagger-resources/**'], []
[2026-09-26 11:07:33 IST] INFO [Service Name -> bookstore-account-service], [TraceId -> ], [SpanId -> ] 
      <main> org.springframework.security.web.DefaultSecurityFilterChain : Creating filter chain: Ant [pattern='/configuration/**'], []
[2026-09-26 11:07:33 IST] INFO [Service Name -> bookstore-account-service], [TraceId -> ], [SpanId -> ] 
      <main> org.springframework.security.web.DefaultSecurityFilterChain : Creating filter chain: Ant [pattern='/swagger-ui.html'], []
[2026-09-26 11:07:33 IST] INFO [Service Name -> bookstore-account-service], [TraceId -> ], [SpanId -> ] 
      <main> org.springframework.security.web.DefaultSecurityFilterChain : Creating filter chain: Ant [pattern='/webjars/**'], []
[2026-09-26 11:07:33 IST] INFO [Service Name -> bookstore-account-service], [TraceId -> ], [SpanId -> ] 
      <main> org.springframework.security.web.DefaultSecurityFilterChain : Creating filter chain: OrRequestMatcher [requestMatchers=[Ant [pattern='/oauth/token'], Ant [pattern='/oauth/token_key'], Ant [pattern='/oauth/check_token']]], [org.springframework.security.web.context.request.async.WebAsyncManagerIntegrationFilter@57f83c82, org.springframework.security.web.context.SecurityContextPersistenceFilter@16120270, org.springframework.security.web.header.HeaderWriterFilter@5f877009, org.springframework.security.web.authentication.logout.LogoutFilter@35e357b, org.springframework.security.web.authentication.www.BasicAuthenticationFilter@630febd7, org.springframework.security.web.savedrequest.RequestCacheAwareFilter@48697181, org.springframework.security.web.servletapi.SecurityContextHolderAwareRequestFilter@346690d6, org.springframework.security.web.authentication.AnonymousAuthenticationFilter@7a600e21, org.springframework.security.web.session.SessionManagementFilter@988c126, org.springframework.security.web.access.ExceptionTranslationFilter@47eff554, org.springframework.security.web.access.intercept.FilterSecurityInterceptor@4797023d]
[2026-09-26 11:07:34 IST] INFO [Service Name -> bookstore-account-service], [TraceId -> ], [SpanId -> ] 
      <main> org.springframework.security.web.DefaultSecurityFilterChain : Creating filter chain: org.springframework.security.oauth2.config.annotation.web.configuration.ResourceServerConfiguration$NotOAuthRequestMatcher@583b4af4, [org.springframework.security.web.context.request.async.WebAsyncManagerIntegrationFilter@72c175f1, org.springframework.security.web.context.SecurityContextPersistenceFilter@32c08610, org.springframework.security.web.header.HeaderWriterFilter@7bf94e91, org.springframework.web.filter.CorsFilter@9fd3b61, org.springframework.security.web.authentication.logout.LogoutFilter@2190508d, org.springframework.security.oauth2.provider.authentication.OAuth2AuthenticationProcessingFilter@5d515e2c, org.springframework.security.web.savedrequest.RequestCacheAwareFilter@44ec4a38, org.springframework.security.web.servletapi.SecurityContextHolderAwareRequestFilter@755009f2, org.springframework.security.web.authentication.AnonymousAuthenticationFilter@4a34de5e, org.springframework.security.web.session.SessionManagementFilter@3fdbb7ee, org.springframework.security.web.access.ExceptionTranslationFilter@1add90e0, org.springframework.security.web.access.intercept.FilterSecurityInterceptor@b791e6e]
[2026-09-26 11:07:34 IST] INFO [Service Name -> bookstore-account-service], [TraceId -> ], [SpanId -> ] 
      <main> org.springframework.security.web.DefaultSecurityFilterChain : Creating filter chain: any request, [org.springframework.security.web.context.request.async.WebAsyncManagerIntegrationFilter@1db9c2cf, org.springframework.security.web.context.SecurityContextPersistenceFilter@4ef277ef, org.springframework.security.web.header.HeaderWriterFilter@43201f84, org.springframework.web.filter.CorsFilter@32e7df65, org.springframework.security.web.authentication.logout.LogoutFilter@219a2203, org.springframework.security.web.authentication.www.BasicAuthenticationFilter@58fbfefb, org.springframework.security.web.savedrequest.RequestCacheAwareFilter@1ddc889b, org.springframework.security.web.servletapi.SecurityContextHolderAwareRequestFilter@5ec3689b, org.springframework.security.web.authentication.AnonymousAuthenticationFilter@421d7900, org.springframework.security.web.session.SessionManagementFilter@2c51c756, org.springframework.security.web.access.ExceptionTranslationFilter@77648321]
[2026-09-26 11:07:34 IST] WARN [Service Name -> bookstore-account-service], [TraceId -> ], [SpanId -> ] 
      <main> com.netflix.config.sources.URLConfigurationSource : No URLs will be polled as dynamic configuration sources.
[2026-09-26 11:07:34 IST] INFO [Service Name -> bookstore-account-service], [TraceId -> ], [SpanId -> ] 
      <main> com.netflix.config.sources.URLConfigurationSource : To enable URLs as dynamic configuration sources, define System property archaius.configurationSource.additionalUrls or make config.properties available on classpath.
[2026-09-26 11:07:37 IST] WARN [Service Name -> bookstore-account-service], [TraceId -> ], [SpanId -> ] 
      <main> org.springframework.cloud.loadbalancer.config.BlockingLoadBalancerClientAutoConfiguration$BlockingLoadBalancerClientRibbonWarnLogger : You already have RibbonLoadBalancerClient on your classpath. It will be used by default. As Spring Cloud Ribbon is in maintenance mode. We recommend switching to BlockingLoadBalancerClient instead. In order to use it, set the value of `spring.cloud.loadbalancer.ribbon.enabled` to `false` or remove spring-cloud-starter-netflix-ribbon from your project.
[2026-09-26 11:07:38 IST] WARN [Service Name -> bookstore-account-service], [TraceId -> ], [SpanId -> ] 
      <main> org.springframework.cloud.loadbalancer.config.LoadBalancerCacheAutoConfiguration$LoadBalancerCaffeineWarnLogger : Spring Cloud LoadBalancer is currently working with default default cache. You can switch to using Caffeine cache, by adding it to the classpath.
[2026-09-26 11:07:39 IST] INFO [Service Name -> bookstore-account-service], [TraceId -> ], [SpanId -> ] 
      <main> org.springframework.cloud.netflix.eureka.InstanceInfoFactory : Setting initial instance status as: STARTING
[2026-09-26 11:07:39 IST] INFO [Service Name -> bookstore-account-service], [TraceId -> ], [SpanId -> ] 
      <main> com.netflix.discovery.DiscoveryClient : Initializing Eureka in region us-east-1
[2026-09-26 11:07:39 IST] INFO [Service Name -> bookstore-account-service], [TraceId -> ], [SpanId -> ] 
      <main> com.netflix.discovery.provider.DiscoveryJerseyProvider : Using JSON encoding codec LegacyJacksonJson
[2026-09-26 11:07:39 IST] INFO [Service Name -> bookstore-account-service], [TraceId -> ], [SpanId -> ] 
      <main> com.netflix.discovery.provider.DiscoveryJerseyProvider : Using JSON decoding codec LegacyJacksonJson
[2026-09-26 11:07:39 IST] INFO [Service Name -> bookstore-account-service], [TraceId -> ], [SpanId -> ] 
      <main> com.netflix.discovery.provider.DiscoveryJerseyProvider : Using XML encoding codec XStreamXml
[2026-09-26 11:07:39 IST] INFO [Service Name -> bookstore-account-service], [TraceId -> ], [SpanId -> ] 
      <main> com.netflix.discovery.provider.DiscoveryJerseyProvider : Using XML decoding codec XStreamXml
[2026-09-26 11:07:40 IST] INFO [Service Name -> bookstore-account-service], [TraceId -> ], [SpanId -> ] 
      <main> com.netflix.discovery.shared.resolver.aws.ConfigClusterResolver : Resolving eureka endpoints via configuration
[2026-09-26 11:07:40 IST] INFO [Service Name -> bookstore-account-service], [TraceId -> ], [SpanId -> ] 
      <main> com.netflix.discovery.DiscoveryClient : Disable delta property : false
[2026-09-26 11:07:40 IST] INFO [Service Name -> bookstore-account-service], [TraceId -> ], [SpanId -> ] 
      <main> com.netflix.discovery.DiscoveryClient : Single vip registry refresh property : null
[2026-09-26 11:07:40 IST] INFO [Service Name -> bookstore-account-service], [TraceId -> ], [SpanId -> ] 
      <main> com.netflix.discovery.DiscoveryClient : Force full registry fetch : false
[2026-09-26 11:07:40 IST] INFO [Service Name -> bookstore-account-service], [TraceId -> ], [SpanId -> ] 
      <main> com.netflix.discovery.DiscoveryClient : Application is null : false
[2026-09-26 11:07:40 IST] INFO [Service Name -> bookstore-account-service], [TraceId -> ], [SpanId -> ] 
      <main> com.netflix.discovery.DiscoveryClient : Registered Applications size is zero : true
[2026-09-26 11:07:40 IST] INFO [Service Name -> bookstore-account-service], [TraceId -> ], [SpanId -> ] 
      <main> com.netflix.discovery.DiscoveryClient : Application version is -1: true
[2026-09-26 11:07:40 IST] INFO [Service Name -> bookstore-account-service], [TraceId -> ], [SpanId -> ] 
      <main> com.netflix.discovery.DiscoveryClient : Getting all instance registry info from the eureka server
[2026-09-26 11:07:41 IST] INFO [Service Name -> bookstore-account-service], [TraceId -> ], [SpanId -> ] 
      <main> com.netflix.discovery.DiscoveryClient : The response status is 200
[2026-09-26 11:07:41 IST] INFO [Service Name -> bookstore-account-service], [TraceId -> ], [SpanId -> ] 
      <main> com.netflix.discovery.DiscoveryClient : Starting heartbeat executor: renew interval is: 30
[2026-09-26 11:07:41 IST] INFO [Service Name -> bookstore-account-service], [TraceId -> ], [SpanId -> ] 
      <main> com.netflix.discovery.InstanceInfoReplicator : InstanceInfoReplicator onDemand update allowed rate per min is 4
[2026-09-26 11:07:41 IST] INFO [Service Name -> bookstore-account-service], [TraceId -> ], [SpanId -> ] 
      <main> com.netflix.discovery.DiscoveryClient : Discovery Client initialized at timestamp 1790401061158 with initial instances count: 1
[2026-09-26 11:07:41 IST] INFO [Service Name -> bookstore-account-service], [TraceId -> ], [SpanId -> ] 
      <main> org.springframework.cloud.netflix.eureka.serviceregistry.EurekaServiceRegistry : Registering application BOOKSTORE-ACCOUNT-SERVICE with eureka with status UP
[2026-09-26 11:07:41 IST] INFO [Service Name -> bookstore-account-service], [TraceId -> ], [SpanId -> ] 
      <main> com.netflix.discovery.DiscoveryClient : Saw local status change event StatusChangeEvent [timestamp=1790401061177, current=UP, previous=STARTING]
[2026-09-26 11:07:41 IST] INFO [Service Name -> bookstore-account-service], [TraceId -> ], [SpanId -> ] 
      <main> org.apache.coyote.http11.Http11NioProtocol : Starting ProtocolHandler ["http-nio-4001"]
[2026-09-26 11:07:41 IST] INFO [Service Name -> bookstore-account-service], [TraceId -> ], [SpanId -> ] 
      <DiscoveryClient-InstanceInfoReplicator-0> com.netflix.discovery.DiscoveryClient : DiscoveryClient_BOOKSTORE-ACCOUNT-SERVICE/LAPTOP-PIAE5DDA:bookstore-account-service:4001: registering service...
[2026-09-26 11:07:41 IST] INFO [Service Name -> bookstore-account-service], [TraceId -> ], [SpanId -> ] 
      <main> org.springframework.boot.web.embedded.tomcat.TomcatWebServer : Tomcat started on port(s): 4001 (http) with context path ''
[2026-09-26 11:07:41 IST] INFO [Service Name -> bookstore-account-service], [TraceId -> ], [SpanId -> ] 
      <main> org.springframework.cloud.netflix.eureka.serviceregistry.EurekaAutoServiceRegistration : Updating port to 4001
[2026-09-26 11:07:41 IST] INFO [Service Name -> bookstore-account-service], [TraceId -> ], [SpanId -> ] 
      <DiscoveryClient-InstanceInfoReplicator-0> com.netflix.discovery.DiscoveryClient : DiscoveryClient_BOOKSTORE-ACCOUNT-SERVICE/LAPTOP-PIAE5DDA:bookstore-account-service:4001 - registration status: 204
[2026-09-26 11:07:42 IST] INFO [Service Name -> bookstore-account-service], [TraceId -> ], [SpanId -> ] 
      <main> org.springframework.data.repository.config.DeferredRepositoryInitializationListener : Triggering deferred initialization of Spring Data repositories…
[2026-09-26 11:07:43 IST] INFO [Service Name -> bookstore-account-service], [TraceId -> ], [SpanId -> ] 
      <main> org.springframework.data.repository.config.DeferredRepositoryInitializationListener : Spring Data repositories initialized!
[2026-09-26 11:07:43 IST] INFO [Service Name -> bookstore-account-service], [TraceId -> ], [SpanId -> ] 
      <main> com.devd.spring.bookstoreaccountservice.BookstoreAccountServiceApplication : Started BookstoreAccountServiceApplication in 33.613 seconds (JVM running for 36.835)
[2026-09-26 11:07:45 IST] INFO [Service Name -> bookstore-account-service], [TraceId -> ], [SpanId -> ] 
      <RMI TCP Connection(4)-172.27.176.1> org.apache.catalina.core.ContainerBase.[Tomcat].[localhost].[/] : Initializing Spring DispatcherServlet 'dispatcherServlet'
[2026-09-26 11:07:45 IST] INFO [Service Name -> bookstore-account-service], [TraceId -> ], [SpanId -> ] 
      <RMI TCP Connection(4)-172.27.176.1> org.springframework.web.servlet.DispatcherServlet : Initializing Servlet 'dispatcherServlet'
[2026-09-26 11:07:45 IST] INFO [Service Name -> bookstore-account-service], [TraceId -> ], [SpanId -> ] 
      <RMI TCP Connection(4)-172.27.176.1> org.springframework.web.servlet.DispatcherServlet : Completed initialization in 50 ms
[2026-09-26 11:08:22 IST] ERROR [Service Name -> bookstore-account-service], [TraceId -> ], [SpanId -> ] 
      <influx-metrics-publisher> io.micrometer.influx.InfluxMeterRegistry : unable to create database 'mydb'
java.net.SocketTimeoutException: connect timed out
	at java.net.DualStackPlainSocketImpl.waitForConnect(Native Method)
	at java.net.DualStackPlainSocketImpl.socketConnect(DualStackPlainSocketImpl.java:85)
	at java.net.AbstractPlainSocketImpl.doConnect(AbstractPlainSocketImpl.java:350)
	at java.net.AbstractPlainSocketImpl.connectToAddress(AbstractPlainSocketImpl.java:206)
	at java.net.AbstractPlainSocketImpl.connect(AbstractPlainSocketImpl.java:188)
	at java.net.PlainSocketImpl.connect(PlainSocketImpl.java:172)
	at java.net.SocksSocketImpl.connect(SocksSocketImpl.java:392)
	at java.net.Socket.connect(Socket.java:607)
	at sun.net.NetworkClient.doConnect(NetworkClient.java:175)
	at sun.net.www.http.HttpClient.openServer(HttpClient.java:473)
	at sun.net.www.http.HttpClient.openServer(HttpClient.java:568)
	at sun.net.www.http.HttpClient.<init>(HttpClient.java:254)
	at sun.net.www.http.HttpClient.New(HttpClient.java:349)
	at sun.net.www.http.HttpClient.New(HttpClient.java:367)
	at sun.net.www.protocol.http.HttpURLConnection.getNewHttpClient(HttpURLConnection.java:1248)
	at sun.net.www.protocol.http.HttpURLConnection.plainConnect0(HttpURLConnection.java:1182)
	at sun.net.www.protocol.http.HttpURLConnection.plainConnect(HttpURLConnection.java:1076)
	at sun.net.www.protocol.http.HttpURLConnection.connect(HttpURLConnection.java:1010)
	at sun.net.www.protocol.http.HttpURLConnection.getOutputStream0(HttpURLConnection.java:1362)
	at sun.net.www.protocol.http.HttpURLConnection.getOutputStream(HttpURLConnection.java:1337)
	at io.micrometer.core.ipc.http.HttpUrlConnectionSender.send(HttpUrlConnectionSender.java:96)
	at io.micrometer.core.ipc.http.HttpSender$Request$Builder.send(HttpSender.java:284)
	at io.micrometer.influx.InfluxMeterRegistry.createDatabaseIfNecessary(InfluxMeterRegistry.java:91)
	at io.micrometer.influx.InfluxMeterRegistry.publish(InfluxMeterRegistry.java:104)
	at io.micrometer.core.instrument.push.PushMeterRegistry.publishSafely(PushMeterRegistry.java:52)
	at java.util.concurrent.Executors$RunnableAdapter.call(Executors.java:511)
	at java.util.concurrent.FutureTask.runAndReset(FutureTask.java:308)
	at java.util.concurrent.ScheduledThreadPoolExecutor$ScheduledFutureTask.access$301(ScheduledThreadPoolExecutor.java:180)
	at java.util.concurrent.ScheduledThreadPoolExecutor$ScheduledFutureTask.run(ScheduledThreadPoolExecutor.java:294)
	at java.util.concurrent.ThreadPoolExecutor.runWorker(ThreadPoolExecutor.java:1149)
	at java.util.concurrent.ThreadPoolExecutor$Worker.run(ThreadPoolExecutor.java:624)
	at java.lang.Thread.run(Thread.java:750)
[2026-09-26 11:08:26 IST] ERROR [Service Name -> bookstore-account-service], [TraceId -> ], [SpanId -> ] 
      <influx-metrics-publisher> io.micrometer.influx.InfluxMeterRegistry : failed to send metrics to influx
java.net.SocketTimeoutException: connect timed out
	at java.net.DualStackPlainSocketImpl.waitForConnect(Native Method)
	at java.net.DualStackPlainSocketImpl.socketConnect(DualStackPlainSocketImpl.java:85)
	at java.net.AbstractPlainSocketImpl.doConnect(AbstractPlainSocketImpl.java:350)
	at java.net.AbstractPlainSocketImpl.connectToAddress(AbstractPlainSocketImpl.java:206)
	at java.net.AbstractPlainSocketImpl.connect(AbstractPlainSocketImpl.java:188)
	at java.net.PlainSocketImpl.connect(PlainSocketImpl.java:172)
	at java.net.SocksSocketImpl.connect(SocksSocketImpl.java:392)
	at java.net.Socket.connect(Socket.java:607)
	at sun.net.NetworkClient.doConnect(NetworkClient.java:175)
	at sun.net.www.http.HttpClient.openServer(HttpClient.java:473)
	at sun.net.www.http.HttpClient.openServer(HttpClient.java:568)
	at sun.net.www.http.HttpClient.<init>(HttpClient.java:254)
	at sun.net.www.http.HttpClient.New(HttpClient.java:349)
	at sun.net.www.http.HttpClient.New(HttpClient.java:367)
	at sun.net.www.protocol.http.HttpURLConnection.getNewHttpClient(HttpURLConnection.java:1248)
	at sun.net.www.protocol.http.HttpURLConnection.plainConnect0(HttpURLConnection.java:1182)
	at sun.net.www.protocol.http.HttpURLConnection.plainConnect(HttpURLConnection.java:1076)
	at sun.net.www.protocol.http.HttpURLConnection.connect(HttpURLConnection.java:1010)
	at sun.net.www.protocol.http.HttpURLConnection.getOutputStream0(HttpURLConnection.java:1362)
	at sun.net.www.protocol.http.HttpURLConnection.getOutputStream(HttpURLConnection.java:1337)
	at io.micrometer.core.ipc.http.HttpUrlConnectionSender.send(HttpUrlConnectionSender.java:96)
	at io.micrometer.core.ipc.http.HttpSender$Request$Builder.send(HttpSender.java:284)
	at io.micrometer.influx.InfluxMeterRegistry.publish(InfluxMeterRegistry.java:128)
	at io.micrometer.core.instrument.push.PushMeterRegistry.publishSafely(PushMeterRegistry.java:52)
	at java.util.concurrent.Executors$RunnableAdapter.call(Executors.java:511)
	at java.util.concurrent.FutureTask.runAndReset(FutureTask.java:308)
	at java.util.concurrent.ScheduledThreadPoolExecutor$ScheduledFutureTask.access$301(ScheduledThreadPoolExecutor.java:180)
	at java.util.concurrent.ScheduledThreadPoolExecutor$ScheduledFutureTask.run(ScheduledThreadPoolExecutor.java:294)
	at java.util.concurrent.ThreadPoolExecutor.runWorker(ThreadPoolExecutor.java:1149)
	at java.util.concurrent.ThreadPoolExecutor$Worker.run(ThreadPoolExecutor.java:624)
	at java.lang.Thread.run(Thread.java:750)
[2026-09-26 11:09:22 IST] ERROR [Service Name -> bookstore-account-service], [TraceId -> ], [SpanId -> ] 
      <influx-metrics-publisher> io.micrometer.influx.InfluxMeterRegistry : unable to create database 'mydb'
java.net.SocketTimeoutException: connect timed out
	at java.net.DualStackPlainSocketImpl.waitForConnect(Native Method)
	at java.net.DualStackPlainSocketImpl.socketConnect(DualStackPlainSocketImpl.java:85)
	at java.net.AbstractPlainSocketImpl.doConnect(AbstractPlainSocketImpl.java:350)
	at java.net.AbstractPlainSocketImpl.connectToAddress(AbstractPlainSocketImpl.java:206)
	at java.net.AbstractPlainSocketImpl.connect(AbstractPlainSocketImpl.java:188)
	at java.net.PlainSocketImpl.connect(PlainSocketImpl.java:172)
	at java.net.SocksSocketImpl.connect(SocksSocketImpl.java:392)
	at java.net.Socket.connect(Socket.java:607)
	at sun.net.NetworkClient.doConnect(NetworkClient.java:175)
	at sun.net.www.http.HttpClient.openServer(HttpClient.java:473)
	at sun.net.www.http.HttpClient.openServer(HttpClient.java:568)
	at sun.net.www.http.HttpClient.<init>(HttpClient.java:254)
	at sun.net.www.http.HttpClient.New(HttpClient.java:349)
	at sun.net.www.http.HttpClient.New(HttpClient.java:367)
	at sun.net.www.protocol.http.HttpURLConnection.getNewHttpClient(HttpURLConnection.java:1248)
	at sun.net.www.protocol.http.HttpURLConnection.plainConnect0(HttpURLConnection.java:1182)
	at sun.net.www.protocol.http.HttpURLConnection.plainConnect(HttpURLConnection.java:1076)
	at sun.net.www.protocol.http.HttpURLConnection.connect(HttpURLConnection.java:1010)
	at sun.net.www.protocol.http.HttpURLConnection.getOutputStream0(HttpURLConnection.java:1362)
	at sun.net.www.protocol.http.HttpURLConnection.getOutputStream(HttpURLConnection.java:1337)
	at io.micrometer.core.ipc.http.HttpUrlConnectionSender.send(HttpUrlConnectionSender.java:96)
	at io.micrometer.core.ipc.http.HttpSender$Request$Builder.send(HttpSender.java:284)
	at io.micrometer.influx.InfluxMeterRegistry.createDatabaseIfNecessary(InfluxMeterRegistry.java:91)
	at io.micrometer.influx.InfluxMeterRegistry.publish(InfluxMeterRegistry.java:104)
	at io.micrometer.core.instrument.push.PushMeterRegistry.publishSafely(PushMeterRegistry.java:52)
	at java.util.concurrent.Executors$RunnableAdapter.call(Executors.java:511)
	at java.util.concurrent.FutureTask.runAndReset(FutureTask.java:308)
	at java.util.concurrent.ScheduledThreadPoolExecutor$ScheduledFutureTask.access$301(ScheduledThreadPoolExecutor.java:180)
	at java.util.concurrent.ScheduledThreadPoolExecutor$ScheduledFutureTask.run(ScheduledThreadPoolExecutor.java:294)
	at java.util.concurrent.ThreadPoolExecutor.runWorker(ThreadPoolExecutor.java:1149)
	at java.util.concurrent.ThreadPoolExecutor$Worker.run(ThreadPoolExecutor.java:624)
	at java.lang.Thread.run(Thread.java:750)
[2026-09-26 11:09:24 IST] ERROR [Service Name -> bookstore-account-service], [TraceId -> ], [SpanId -> ] 
      <influx-metrics-publisher> io.micrometer.influx.InfluxMeterRegistry : failed to send metrics to influx
java.net.SocketTimeoutException: connect timed out
	at java.net.DualStackPlainSocketImpl.waitForConnect(Native Method)
	at java.net.DualStackPlainSocketImpl.socketConnect(DualStackPlainSocketImpl.java:85)
	at java.net.AbstractPlainSocketImpl.doConnect(AbstractPlainSocketImpl.java:350)
	at java.net.AbstractPlainSocketImpl.connectToAddress(AbstractPlainSocketImpl.java:206)
	at java.net.AbstractPlainSocketImpl.connect(AbstractPlainSocketImpl.java:188)
	at java.net.PlainSocketImpl.connect(PlainSocketImpl.java:172)
	at java.net.SocksSocketImpl.connect(SocksSocketImpl.java:392)
	at java.net.Socket.connect(Socket.java:607)
	at sun.net.NetworkClient.doConnect(NetworkClient.java:175)
	at sun.net.www.http.HttpClient.openServer(HttpClient.java:473)
	at sun.net.www.http.HttpClient.openServer(HttpClient.java:568)
	at sun.net.www.http.HttpClient.<init>(HttpClient.java:254)
	at sun.net.www.http.HttpClient.New(HttpClient.java:349)
	at sun.net.www.http.HttpClient.New(HttpClient.java:367)
	at sun.net.www.protocol.http.HttpURLConnection.getNewHttpClient(HttpURLConnection.java:1248)
	at sun.net.www.protocol.http.HttpURLConnection.plainConnect0(HttpURLConnection.java:1182)
	at sun.net.www.protocol.http.HttpURLConnection.plainConnect(HttpURLConnection.java:1076)
	at sun.net.www.protocol.http.HttpURLConnection.connect(HttpURLConnection.java:1010)
	at sun.net.www.protocol.http.HttpURLConnection.getOutputStream0(HttpURLConnection.java:1362)
	at sun.net.www.protocol.http.HttpURLConnection.getOutputStream(HttpURLConnection.java:1337)
	at io.micrometer.core.ipc.http.HttpUrlConnectionSender.send(HttpUrlConnectionSender.java:96)
	at io.micrometer.core.ipc.http.HttpSender$Request$Builder.send(HttpSender.java:284)
	at io.micrometer.influx.InfluxMeterRegistry.publish(InfluxMeterRegistry.java:128)
	at io.micrometer.core.instrument.push.PushMeterRegistry.publishSafely(PushMeterRegistry.java:52)
	at java.util.concurrent.Executors$RunnableAdapter.call(Executors.java:511)
	at java.util.concurrent.FutureTask.runAndReset(FutureTask.java:308)
	at java.util.concurrent.ScheduledThreadPoolExecutor$ScheduledFutureTask.access$301(ScheduledThreadPoolExecutor.java:180)
	at java.util.concurrent.ScheduledThreadPoolExecutor$ScheduledFutureTask.run(ScheduledThreadPoolExecutor.java:294)
	at java.util.concurrent.ThreadPoolExecutor.runWorker(ThreadPoolExecutor.java:1149)
	at java.util.concurrent.ThreadPoolExecutor$Worker.run(ThreadPoolExecutor.java:624)
	at java.lang.Thread.run(Thread.java:750)
[2026-09-26 11:10:22 IST] ERROR [Service Name -> bookstore-account-service], [TraceId -> ], [SpanId -> ] 
      <influx-metrics-publisher> io.micrometer.influx.InfluxMeterRegistry : unable to create database 'mydb'
java.net.SocketTimeoutException: connect timed out
	at java.net.DualStackPlainSocketImpl.waitForConnect(Native Method)
	at java.net.DualStackPlainSocketImpl.socketConnect(DualStackPlainSocketImpl.java:85)
	at java.net.AbstractPlainSocketImpl.doConnect(AbstractPlainSocketImpl.java:350)
	at java.net.AbstractPlainSocketImpl.connectToAddress(AbstractPlainSocketImpl.java:206)
	at java.net.AbstractPlainSocketImpl.connect(AbstractPlainSocketImpl.java:188)
	at java.net.PlainSocketImpl.connect(PlainSocketImpl.java:172)
	at java.net.SocksSocketImpl.connect(SocksSocketImpl.java:392)
	at java.net.Socket.connect(Socket.java:607)
	at sun.net.NetworkClient.doConnect(NetworkClient.java:175)
	at sun.net.www.http.HttpClient.openServer(HttpClient.java:473)
	at sun.net.www.http.HttpClient.openServer(HttpClient.java:568)
	at sun.net.www.http.HttpClient.<init>(HttpClient.java:254)
	at sun.net.www.http.HttpClient.New(HttpClient.java:349)
	at sun.net.www.http.HttpClient.New(HttpClient.java:367)
	at sun.net.www.protocol.http.HttpURLConnection.getNewHttpClient(HttpURLConnection.java:1248)
	at sun.net.www.protocol.http.HttpURLConnection.plainConnect0(HttpURLConnection.java:1182)
	at sun.net.www.protocol.http.HttpURLConnection.plainConnect(HttpURLConnection.java:1076)
	at sun.net.www.protocol.http.HttpURLConnection.connect(HttpURLConnection.java:1010)
	at sun.net.www.protocol.http.HttpURLConnection.getOutputStream0(HttpURLConnection.java:1362)
	at sun.net.www.protocol.http.HttpURLConnection.getOutputStream(HttpURLConnection.java:1337)
	at io.micrometer.core.ipc.http.HttpUrlConnectionSender.send(HttpUrlConnectionSender.java:96)
	at io.micrometer.core.ipc.http.HttpSender$Request$Builder.send(HttpSender.java:284)
	at io.micrometer.influx.InfluxMeterRegistry.createDatabaseIfNecessary(InfluxMeterRegistry.java:91)
	at io.micrometer.influx.InfluxMeterRegistry.publish(InfluxMeterRegistry.java:104)
	at io.micrometer.core.instrument.push.PushMeterRegistry.publishSafely(PushMeterRegistry.java:52)
	at java.util.concurrent.Executors$RunnableAdapter.call(Executors.java:511)
	at java.util.concurrent.FutureTask.runAndReset(FutureTask.java:308)
	at java.util.concurrent.ScheduledThreadPoolExecutor$ScheduledFutureTask.access$301(ScheduledThreadPoolExecutor.java:180)
	at java.util.concurrent.ScheduledThreadPoolExecutor$ScheduledFutureTask.run(ScheduledThreadPoolExecutor.java:294)
	at java.util.concurrent.ThreadPoolExecutor.runWorker(ThreadPoolExecutor.java:1149)
	at java.util.concurrent.ThreadPoolExecutor$Worker.run(ThreadPoolExecutor.java:624)
	at java.lang.Thread.run(Thread.java:750)
[2026-09-26 11:10:24 IST] ERROR [Service Name -> bookstore-account-service], [TraceId -> ], [SpanId -> ] 
      <influx-metrics-publisher> io.micrometer.influx.InfluxMeterRegistry : failed to send metrics to influx
java.net.SocketTimeoutException: connect timed out
	at java.net.DualStackPlainSocketImpl.waitForConnect(Native Method)
	at java.net.DualStackPlainSocketImpl.socketConnect(DualStackPlainSocketImpl.java:85)
	at java.net.AbstractPlainSocketImpl.doConnect(AbstractPlainSocketImpl.java:350)
	at java.net.AbstractPlainSocketImpl.connectToAddress(AbstractPlainSocketImpl.java:206)
	at java.net.AbstractPlainSocketImpl.connect(AbstractPlainSocketImpl.java:188)
	at java.net.PlainSocketImpl.connect(PlainSocketImpl.java:172)
	at java.net.SocksSocketImpl.connect(SocksSocketImpl.java:392)
	at java.net.Socket.connect(Socket.java:607)
	at sun.net.NetworkClient.doConnect(NetworkClient.java:175)
	at sun.net.www.http.HttpClient.openServer(HttpClient.java:473)
	at sun.net.www.http.HttpClient.openServer(HttpClient.java:568)
	at sun.net.www.http.HttpClient.<init>(HttpClient.java:254)
	at sun.net.www.http.HttpClient.New(HttpClient.java:349)
	at sun.net.www.http.HttpClient.New(HttpClient.java:367)
	at sun.net.www.protocol.http.HttpURLConnection.getNewHttpClient(HttpURLConnection.java:1248)
	at sun.net.www.protocol.http.HttpURLConnection.plainConnect0(HttpURLConnection.java:1182)
	at sun.net.www.protocol.http.HttpURLConnection.plainConnect(HttpURLConnection.java:1076)
	at sun.net.www.protocol.http.HttpURLConnection.connect(HttpURLConnection.java:1010)
	at sun.net.www.protocol.http.HttpURLConnection.getOutputStream0(HttpURLConnection.java:1362)
	at sun.net.www.protocol.http.HttpURLConnection.getOutputStream(HttpURLConnection.java:1337)
	at io.micrometer.core.ipc.http.HttpUrlConnectionSender.send(HttpUrlConnectionSender.java:96)
	at io.micrometer.core.ipc.http.HttpSender$Request$Builder.send(HttpSender.java:284)
	at io.micrometer.influx.InfluxMeterRegistry.publish(InfluxMeterRegistry.java:128)
	at io.micrometer.core.instrument.push.PushMeterRegistry.publishSafely(PushMeterRegistry.java:52)
	at java.util.concurrent.Executors$RunnableAdapter.call(Executors.java:511)
	at java.util.concurrent.FutureTask.runAndReset(FutureTask.java:308)
	at java.util.concurrent.ScheduledThreadPoolExecutor$ScheduledFutureTask.access$301(ScheduledThreadPoolExecutor.java:180)
	at java.util.concurrent.ScheduledThreadPoolExecutor$ScheduledFutureTask.run(ScheduledThreadPoolExecutor.java:294)
	at java.util.concurrent.ThreadPoolExecutor.runWorker(ThreadPoolExecutor.java:1149)
	at java.util.concurrent.ThreadPoolExecutor$Worker.run(ThreadPoolExecutor.java:624)
	at java.lang.Thread.run(Thread.java:750)
[2026-09-26 11:11:22 IST] ERROR [Service Name -> bookstore-account-service], [TraceId -> ], [SpanId -> ] 
      <influx-metrics-publisher> io.micrometer.influx.InfluxMeterRegistry : unable to create database 'mydb'
java.net.SocketTimeoutException: connect timed out
	at java.net.DualStackPlainSocketImpl.waitForConnect(Native Method)
	at java.net.DualStackPlainSocketImpl.socketConnect(DualStackPlainSocketImpl.java:85)
	at java.net.AbstractPlainSocketImpl.doConnect(AbstractPlainSocketImpl.java:350)
	at java.net.AbstractPlainSocketImpl.connectToAddress(AbstractPlainSocketImpl.java:206)
	at java.net.AbstractPlainSocketImpl.connect(AbstractPlainSocketImpl.java:188)
	at java.net.PlainSocketImpl.connect(PlainSocketImpl.java:172)
	at java.net.SocksSocketImpl.connect(SocksSocketImpl.java:392)
	at java.net.Socket.connect(Socket.java:607)
	at sun.net.NetworkClient.doConnect(NetworkClient.java:175)
	at sun.net.www.http.HttpClient.openServer(HttpClient.java:473)
	at sun.net.www.http.HttpClient.openServer(HttpClient.java:568)
	at sun.net.www.http.HttpClient.<init>(HttpClient.java:254)
	at sun.net.www.http.HttpClient.New(HttpClient.java:349)
	at sun.net.www.http.HttpClient.New(HttpClient.java:367)
	at sun.net.www.protocol.http.HttpURLConnection.getNewHttpClient(HttpURLConnection.java:1248)
	at sun.net.www.protocol.http.HttpURLConnection.plainConnect0(HttpURLConnection.java:1182)
	at sun.net.www.protocol.http.HttpURLConnection.plainConnect(HttpURLConnection.java:1076)
	at sun.net.www.protocol.http.HttpURLConnection.connect(HttpURLConnection.java:1010)
	at sun.net.www.protocol.http.HttpURLConnection.getOutputStream0(HttpURLConnection.java:1362)
	at sun.net.www.protocol.http.HttpURLConnection.getOutputStream(HttpURLConnection.java:1337)
	at io.micrometer.core.ipc.http.HttpUrlConnectionSender.send(HttpUrlConnectionSender.java:96)
	at io.micrometer.core.ipc.http.HttpSender$Request$Builder.send(HttpSender.java:284)
	at io.micrometer.influx.InfluxMeterRegistry.createDatabaseIfNecessary(InfluxMeterRegistry.java:91)
	at io.micrometer.influx.InfluxMeterRegistry.publish(InfluxMeterRegistry.java:104)
	at io.micrometer.core.instrument.push.PushMeterRegistry.publishSafely(PushMeterRegistry.java:52)
	at java.util.concurrent.Executors$RunnableAdapter.call(Executors.java:511)
	at java.util.concurrent.FutureTask.runAndReset(FutureTask.java:308)
	at java.util.concurrent.ScheduledThreadPoolExecutor$ScheduledFutureTask.access$301(ScheduledThreadPoolExecutor.java:180)
	at java.util.concurrent.ScheduledThreadPoolExecutor$ScheduledFutureTask.run(ScheduledThreadPoolExecutor.java:294)
	at java.util.concurrent.ThreadPoolExecutor.runWorker(ThreadPoolExecutor.java:1149)
	at java.util.concurrent.ThreadPoolExecutor$Worker.run(ThreadPoolExecutor.java:624)
	at java.lang.Thread.run(Thread.java:750)
[2026-09-26 11:11:24 IST] ERROR [Service Name -> bookstore-account-service], [TraceId -> ], [SpanId -> ] 
      <influx-metrics-publisher> io.micrometer.influx.InfluxMeterRegistry : failed to send metrics to influx
java.net.SocketTimeoutException: connect timed out
	at java.net.DualStackPlainSocketImpl.waitForConnect(Native Method)
	at java.net.DualStackPlainSocketImpl.socketConnect(DualStackPlainSocketImpl.java:85)
	at java.net.AbstractPlainSocketImpl.doConnect(AbstractPlainSocketImpl.java:350)
	at java.net.AbstractPlainSocketImpl.connectToAddress(AbstractPlainSocketImpl.java:206)
	at java.net.AbstractPlainSocketImpl.connect(AbstractPlainSocketImpl.java:188)
	at java.net.PlainSocketImpl.connect(PlainSocketImpl.java:172)
	at java.net.SocksSocketImpl.connect(SocksSocketImpl.java:392)
	at java.net.Socket.connect(Socket.java:607)
	at sun.net.NetworkClient.doConnect(NetworkClient.java:175)
	at sun.net.www.http.HttpClient.openServer(HttpClient.java:473)
	at sun.net.www.http.HttpClient.openServer(HttpClient.java:568)
	at sun.net.www.http.HttpClient.<init>(HttpClient.java:254)
	at sun.net.www.http.HttpClient.New(HttpClient.java:349)
	at sun.net.www.http.HttpClient.New(HttpClient.java:367)
	at sun.net.www.protocol.http.HttpURLConnection.getNewHttpClient(HttpURLConnection.java:1248)
	at sun.net.www.protocol.http.HttpURLConnection.plainConnect0(HttpURLConnection.java:1182)
	at sun.net.www.protocol.http.HttpURLConnection.plainConnect(HttpURLConnection.java:1076)
	at sun.net.www.protocol.http.HttpURLConnection.connect(HttpURLConnection.java:1010)
	at sun.net.www.protocol.http.HttpURLConnection.getOutputStream0(HttpURLConnection.java:1362)
	at sun.net.www.protocol.http.HttpURLConnection.getOutputStream(HttpURLConnection.java:1337)
	at io.micrometer.core.ipc.http.HttpUrlConnectionSender.send(HttpUrlConnectionSender.java:96)
	at io.micrometer.core.ipc.http.HttpSender$Request$Builder.send(HttpSender.java:284)
	at io.micrometer.influx.InfluxMeterRegistry.publish(InfluxMeterRegistry.java:128)
	at io.micrometer.core.instrument.push.PushMeterRegistry.publishSafely(PushMeterRegistry.java:52)
	at java.util.concurrent.Executors$RunnableAdapter.call(Executors.java:511)
	at java.util.concurrent.FutureTask.runAndReset(FutureTask.java:308)
	at java.util.concurrent.ScheduledThreadPoolExecutor$ScheduledFutureTask.access$301(ScheduledThreadPoolExecutor.java:180)
	at java.util.concurrent.ScheduledThreadPoolExecutor$ScheduledFutureTask.run(ScheduledThreadPoolExecutor.java:294)
	at java.util.concurrent.ThreadPoolExecutor.runWorker(ThreadPoolExecutor.java:1149)
	at java.util.concurrent.ThreadPoolExecutor$Worker.run(ThreadPoolExecutor.java:624)
	at java.lang.Thread.run(Thread.java:750)
[2026-09-26 11:11:47 IST] WARN [Service Name -> bookstore-account-service], [TraceId -> 7bc3a2154b5144ab], [SpanId -> a329d9bb9394a629] 
      <http-nio-4001-exec-2> org.springframework.security.oauth2.provider.endpoint.TokenEndpoint : Handling error: InvalidGrantException, Bad credentials
[2026-09-26 11:11:54 IST] WARN [Service Name -> bookstore-account-service], [TraceId -> ], [SpanId -> ] 
      <AsyncReporter{org.springframework.cloud.sleuth.zipkin2.sender.RestTemplateSender@1c6ac73c}> zipkin2.reporter.AsyncReporter$BoundedAsyncReporter : Spans were dropped due to exceptions. All subsequent errors will be logged at FINE level.
[2026-09-26 11:11:54 IST] WARN [Service Name -> bookstore-account-service], [TraceId -> ], [SpanId -> ] 
      <AsyncReporter{org.springframework.cloud.sleuth.zipkin2.sender.RestTemplateSender@1c6ac73c}> zipkin2.reporter.AsyncReporter$BoundedAsyncReporter : Dropped 1 spans due to ResourceAccessException(I/O error on POST request for "http://localhost:9411/api/v2/spans": connect timed out; nested exception is java.net.SocketTimeoutException: connect timed out)
org.springframework.web.client.ResourceAccessException: I/O error on POST request for "http://localhost:9411/api/v2/spans": connect timed out; nested exception is java.net.SocketTimeoutException: connect timed out
	at org.springframework.web.client.RestTemplate.doExecute(RestTemplate.java:748)
	at org.springframework.cloud.sleuth.zipkin2.sender.ZipkinRestTemplateWrapper.doExecute(ZipkinRestTemplateSenderConfiguration.java:228)
	at org.springframework.web.client.RestTemplate.exchange(RestTemplate.java:641)
	at org.springframework.cloud.sleuth.zipkin2.sender.RestTemplateSender.post(RestTemplateSender.java:129)
	at org.springframework.cloud.sleuth.zipkin2.sender.RestTemplateSender$HttpPostCall.doExecute(RestTemplateSender.java:142)
	at org.springframework.cloud.sleuth.zipkin2.sender.RestTemplateSender$HttpPostCall.doExecute(RestTemplateSender.java:132)
	at zipkin2.Call$Base.execute(Call.java:380)
	at zipkin2.reporter.AsyncReporter$BoundedAsyncReporter.flush(AsyncReporter.java:285)
	at zipkin2.reporter.AsyncReporter$Flusher.run(AsyncReporter.java:354)
	at java.lang.Thread.run(Thread.java:750)
Caused by: java.net.SocketTimeoutException: connect timed out
	at java.net.DualStackPlainSocketImpl.waitForConnect(Native Method)
	at java.net.DualStackPlainSocketImpl.socketConnect(DualStackPlainSocketImpl.java:85)
	at java.net.AbstractPlainSocketImpl.doConnect(AbstractPlainSocketImpl.java:350)
	at java.net.AbstractPlainSocketImpl.connectToAddress(AbstractPlainSocketImpl.java:206)
	at java.net.AbstractPlainSocketImpl.connect(AbstractPlainSocketImpl.java:188)
	at java.net.PlainSocketImpl.connect(PlainSocketImpl.java:172)
	at java.net.SocksSocketImpl.connect(SocksSocketImpl.java:392)
	at java.net.Socket.connect(Socket.java:607)
	at sun.net.NetworkClient.doConnect(NetworkClient.java:175)
	at sun.net.www.http.HttpClient.openServer(HttpClient.java:473)
	at sun.net.www.http.HttpClient.openServer(HttpClient.java:568)
	at sun.net.www.http.HttpClient.<init>(HttpClient.java:254)
	at sun.net.www.http.HttpClient.New(HttpClient.java:349)
	at sun.net.www.http.HttpClient.New(HttpClient.java:367)
	at sun.net.www.protocol.http.HttpURLConnection.getNewHttpClient(HttpURLConnection.java:1248)
	at sun.net.www.protocol.http.HttpURLConnection.plainConnect0(HttpURLConnection.java:1182)
	at sun.net.www.protocol.http.HttpURLConnection.plainConnect(HttpURLConnection.java:1076)
	at sun.net.www.protocol.http.HttpURLConnection.connect(HttpURLConnection.java:1010)
	at org.springframework.http.client.SimpleBufferingClientHttpRequest.executeInternal(SimpleBufferingClientHttpRequest.java:76)
	at org.springframework.http.client.AbstractBufferingClientHttpRequest.executeInternal(AbstractBufferingClientHttpRequest.java:48)
	at org.springframework.http.client.AbstractClientHttpRequest.execute(AbstractClientHttpRequest.java:53)
	at org.springframework.web.client.RestTemplate.doExecute(RestTemplate.java:739)
	... 9 common frames omitted
[2026-09-26 11:12:22 IST] ERROR [Service Name -> bookstore-account-service], [TraceId -> ], [SpanId -> ] 
      <influx-metrics-publisher> io.micrometer.influx.InfluxMeterRegistry : unable to create database 'mydb'
java.net.SocketTimeoutException: connect timed out
	at java.net.DualStackPlainSocketImpl.waitForConnect(Native Method)
	at java.net.DualStackPlainSocketImpl.socketConnect(DualStackPlainSocketImpl.java:85)
	at java.net.AbstractPlainSocketImpl.doConnect(AbstractPlainSocketImpl.java:350)
	at java.net.AbstractPlainSocketImpl.connectToAddress(AbstractPlainSocketImpl.java:206)
	at java.net.AbstractPlainSocketImpl.connect(AbstractPlainSocketImpl.java:188)
	at java.net.PlainSocketImpl.connect(PlainSocketImpl.java:172)
	at java.net.SocksSocketImpl.connect(SocksSocketImpl.java:392)
	at java.net.Socket.connect(Socket.java:607)
	at sun.net.NetworkClient.doConnect(NetworkClient.java:175)
	at sun.net.www.http.HttpClient.openServer(HttpClient.java:473)
	at sun.net.www.http.HttpClient.openServer(HttpClient.java:568)
	at sun.net.www.http.HttpClient.<init>(HttpClient.java:254)
	at sun.net.www.http.HttpClient.New(HttpClient.java:349)
	at sun.net.www.http.HttpClient.New(HttpClient.java:367)
	at sun.net.www.protocol.http.HttpURLConnection.getNewHttpClient(HttpURLConnection.java:1248)
	at sun.net.www.protocol.http.HttpURLConnection.plainConnect0(HttpURLConnection.java:1182)
	at sun.net.www.protocol.http.HttpURLConnection.plainConnect(HttpURLConnection.java:1076)
	at sun.net.www.protocol.http.HttpURLConnection.connect(HttpURLConnection.java:1010)
	at sun.net.www.protocol.http.HttpURLConnection.getOutputStream0(HttpURLConnection.java:1362)
	at sun.net.www.protocol.http.HttpURLConnection.getOutputStream(HttpURLConnection.java:1337)
	at io.micrometer.core.ipc.http.HttpUrlConnectionSender.send(HttpUrlConnectionSender.java:96)
	at io.micrometer.core.ipc.http.HttpSender$Request$Builder.send(HttpSender.java:284)
	at io.micrometer.influx.InfluxMeterRegistry.createDatabaseIfNecessary(InfluxMeterRegistry.java:91)
	at io.micrometer.influx.InfluxMeterRegistry.publish(InfluxMeterRegistry.java:104)
	at io.micrometer.core.instrument.push.PushMeterRegistry.publishSafely(PushMeterRegistry.java:52)
	at java.util.concurrent.Executors$RunnableAdapter.call(Executors.java:511)
	at java.util.concurrent.FutureTask.runAndReset(FutureTask.java:308)
	at java.util.concurrent.ScheduledThreadPoolExecutor$ScheduledFutureTask.access$301(ScheduledThreadPoolExecutor.java:180)
	at java.util.concurrent.ScheduledThreadPoolExecutor$ScheduledFutureTask.run(ScheduledThreadPoolExecutor.java:294)
	at java.util.concurrent.ThreadPoolExecutor.runWorker(ThreadPoolExecutor.java:1149)
	at java.util.concurrent.ThreadPoolExecutor$Worker.run(ThreadPoolExecutor.java:624)
	at java.lang.Thread.run(Thread.java:750)
[2026-09-26 11:12:24 IST] ERROR [Service Name -> bookstore-account-service], [TraceId -> ], [SpanId -> ] 
      <influx-metrics-publisher> io.micrometer.influx.InfluxMeterRegistry : failed to send metrics to influx
java.net.SocketTimeoutException: connect timed out
	at java.net.DualStackPlainSocketImpl.waitForConnect(Native Method)
	at java.net.DualStackPlainSocketImpl.socketConnect(DualStackPlainSocketImpl.java:85)
	at java.net.AbstractPlainSocketImpl.doConnect(AbstractPlainSocketImpl.java:350)
	at java.net.AbstractPlainSocketImpl.connectToAddress(AbstractPlainSocketImpl.java:206)
	at java.net.AbstractPlainSocketImpl.connect(AbstractPlainSocketImpl.java:188)
	at java.net.PlainSocketImpl.connect(PlainSocketImpl.java:172)
	at java.net.SocksSocketImpl.connect(SocksSocketImpl.java:392)
	at java.net.Socket.connect(Socket.java:607)
	at sun.net.NetworkClient.doConnect(NetworkClient.java:175)
	at sun.net.www.http.HttpClient.openServer(HttpClient.java:473)
	at sun.net.www.http.HttpClient.openServer(HttpClient.java:568)
	at sun.net.www.http.HttpClient.<init>(HttpClient.java:254)
	at sun.net.www.http.HttpClient.New(HttpClient.java:349)
	at sun.net.www.http.HttpClient.New(HttpClient.java:367)
	at sun.net.www.protocol.http.HttpURLConnection.getNewHttpClient(HttpURLConnection.java:1248)
	at sun.net.www.protocol.http.HttpURLConnection.plainConnect0(HttpURLConnection.java:1182)
	at sun.net.www.protocol.http.HttpURLConnection.plainConnect(HttpURLConnection.java:1076)
	at sun.net.www.protocol.http.HttpURLConnection.connect(HttpURLConnection.java:1010)
	at sun.net.www.protocol.http.HttpURLConnection.getOutputStream0(HttpURLConnection.java:1362)
	at sun.net.www.protocol.http.HttpURLConnection.getOutputStream(HttpURLConnection.java:1337)
	at io.micrometer.core.ipc.http.HttpUrlConnectionSender.send(HttpUrlConnectionSender.java:96)
	at io.micrometer.core.ipc.http.HttpSender$Request$Builder.send(HttpSender.java:284)
	at io.micrometer.influx.InfluxMeterRegistry.publish(InfluxMeterRegistry.java:128)
	at io.micrometer.core.instrument.push.PushMeterRegistry.publishSafely(PushMeterRegistry.java:52)
	at java.util.concurrent.Executors$RunnableAdapter.call(Executors.java:511)
	at java.util.concurrent.FutureTask.runAndReset(FutureTask.java:308)
	at java.util.concurrent.ScheduledThreadPoolExecutor$ScheduledFutureTask.access$301(ScheduledThreadPoolExecutor.java:180)
	at java.util.concurrent.ScheduledThreadPoolExecutor$ScheduledFutureTask.run(ScheduledThreadPoolExecutor.java:294)
	at java.util.concurrent.ThreadPoolExecutor.runWorker(ThreadPoolExecutor.java:1149)
	at java.util.concurrent.ThreadPoolExecutor$Worker.run(ThreadPoolExecutor.java:624)
	at java.lang.Thread.run(Thread.java:750)
[2026-09-26 11:12:40 IST] INFO [Service Name -> bookstore-account-service], [TraceId -> ], [SpanId -> ] 
      <AsyncResolver-bootstrap-executor-0> com.netflix.discovery.shared.resolver.aws.ConfigClusterResolver : Resolving eureka endpoints via configuration
[2026-09-26 11:13:22 IST] ERROR [Service Name -> bookstore-account-service], [TraceId -> ], [SpanId -> ] 
      <influx-metrics-publisher> io.micrometer.influx.InfluxMeterRegistry : unable to create database 'mydb'
java.net.SocketTimeoutException: connect timed out
	at java.net.DualStackPlainSocketImpl.waitForConnect(Native Method)
	at java.net.DualStackPlainSocketImpl.socketConnect(DualStackPlainSocketImpl.java:85)
	at java.net.AbstractPlainSocketImpl.doConnect(AbstractPlainSocketImpl.java:350)
	at java.net.AbstractPlainSocketImpl.connectToAddress(AbstractPlainSocketImpl.java:206)
	at java.net.AbstractPlainSocketImpl.connect(AbstractPlainSocketImpl.java:188)
	at java.net.PlainSocketImpl.connect(PlainSocketImpl.java:172)
	at java.net.SocksSocketImpl.connect(SocksSocketImpl.java:392)
	at java.net.Socket.connect(Socket.java:607)
	at sun.net.NetworkClient.doConnect(NetworkClient.java:175)
	at sun.net.www.http.HttpClient.openServer(HttpClient.java:473)
	at sun.net.www.http.HttpClient.openServer(HttpClient.java:568)
	at sun.net.www.http.HttpClient.<init>(HttpClient.java:254)
	at sun.net.www.http.HttpClient.New(HttpClient.java:349)
	at sun.net.www.http.HttpClient.New(HttpClient.java:367)
	at sun.net.www.protocol.http.HttpURLConnection.getNewHttpClient(HttpURLConnection.java:1248)
	at sun.net.www.protocol.http.HttpURLConnection.plainConnect0(HttpURLConnection.java:1182)
	at sun.net.www.protocol.http.HttpURLConnection.plainConnect(HttpURLConnection.java:1076)
	at sun.net.www.protocol.http.HttpURLConnection.connect(HttpURLConnection.java:1010)
	at sun.net.www.protocol.http.HttpURLConnection.getOutputStream0(HttpURLConnection.java:1362)
	at sun.net.www.protocol.http.HttpURLConnection.getOutputStream(HttpURLConnection.java:1337)
	at io.micrometer.core.ipc.http.HttpUrlConnectionSender.send(HttpUrlConnectionSender.java:96)
	at io.micrometer.core.ipc.http.HttpSender$Request$Builder.send(HttpSender.java:284)
	at io.micrometer.influx.InfluxMeterRegistry.createDatabaseIfNecessary(InfluxMeterRegistry.java:91)
	at io.micrometer.influx.InfluxMeterRegistry.publish(InfluxMeterRegistry.java:104)
	at io.micrometer.core.instrument.push.PushMeterRegistry.publishSafely(PushMeterRegistry.java:52)
	at java.util.concurrent.Executors$RunnableAdapter.call(Executors.java:511)
	at java.util.concurrent.FutureTask.runAndReset(FutureTask.java:308)
	at java.util.concurrent.ScheduledThreadPoolExecutor$ScheduledFutureTask.access$301(ScheduledThreadPoolExecutor.java:180)
	at java.util.concurrent.ScheduledThreadPoolExecutor$ScheduledFutureTask.run(ScheduledThreadPoolExecutor.java:294)
	at java.util.concurrent.ThreadPoolExecutor.runWorker(ThreadPoolExecutor.java:1149)
	at java.util.concurrent.ThreadPoolExecutor$Worker.run(ThreadPoolExecutor.java:624)
	at java.lang.Thread.run(Thread.java:750)
[2026-09-26 11:13:24 IST] ERROR [Service Name -> bookstore-account-service], [TraceId -> ], [SpanId -> ] 
      <influx-metrics-publisher> io.micrometer.influx.InfluxMeterRegistry : failed to send metrics to influx
java.net.SocketTimeoutException: connect timed out
	at java.net.DualStackPlainSocketImpl.waitForConnect(Native Method)
	at java.net.DualStackPlainSocketImpl.socketConnect(DualStackPlainSocketImpl.java:85)
	at java.net.AbstractPlainSocketImpl.doConnect(AbstractPlainSocketImpl.java:350)
	at java.net.AbstractPlainSocketImpl.connectToAddress(AbstractPlainSocketImpl.java:206)
	at java.net.AbstractPlainSocketImpl.connect(AbstractPlainSocketImpl.java:188)
	at java.net.PlainSocketImpl.connect(PlainSocketImpl.java:172)
	at java.net.SocksSocketImpl.connect(SocksSocketImpl.java:392)
	at java.net.Socket.connect(Socket.java:607)
	at sun.net.NetworkClient.doConnect(NetworkClient.java:175)
	at sun.net.www.http.HttpClient.openServer(HttpClient.java:473)
	at sun.net.www.http.HttpClient.openServer(HttpClient.java:568)
	at sun.net.www.http.HttpClient.<init>(HttpClient.java:254)
	at sun.net.www.http.HttpClient.New(HttpClient.java:349)
	at sun.net.www.http.HttpClient.New(HttpClient.java:367)
	at sun.net.www.protocol.http.HttpURLConnection.getNewHttpClient(HttpURLConnection.java:1248)
	at sun.net.www.protocol.http.HttpURLConnection.plainConnect0(HttpURLConnection.java:1182)
	at sun.net.www.protocol.http.HttpURLConnection.plainConnect(HttpURLConnection.java:1076)
	at sun.net.www.protocol.http.HttpURLConnection.connect(HttpURLConnection.java:1010)
	at sun.net.www.protocol.http.HttpURLConnection.getOutputStream0(HttpURLConnection.java:1362)
	at sun.net.www.protocol.http.HttpURLConnection.getOutputStream(HttpURLConnection.java:1337)
	at io.micrometer.core.ipc.http.HttpUrlConnectionSender.send(HttpUrlConnectionSender.java:96)
	at io.micrometer.core.ipc.http.HttpSender$Request$Builder.send(HttpSender.java:284)
	at io.micrometer.influx.InfluxMeterRegistry.publish(InfluxMeterRegistry.java:128)
	at io.micrometer.core.instrument.push.PushMeterRegistry.publishSafely(PushMeterRegistry.java:52)
	at java.util.concurrent.Executors$RunnableAdapter.call(Executors.java:511)
	at java.util.concurrent.FutureTask.runAndReset(FutureTask.java:308)
	at java.util.concurrent.ScheduledThreadPoolExecutor$ScheduledFutureTask.access$301(ScheduledThreadPoolExecutor.java:180)
	at java.util.concurrent.ScheduledThreadPoolExecutor$ScheduledFutureTask.run(ScheduledThreadPoolExecutor.java:294)
	at java.util.concurrent.ThreadPoolExecutor.runWorker(ThreadPoolExecutor.java:1149)
	at java.util.concurrent.ThreadPoolExecutor$Worker.run(ThreadPoolExecutor.java:624)
	at java.lang.Thread.run(Thread.java:750)
