[2026-09-20 16:18:29 IST] INFO [Service Name -> bookstore-api-gateway-service], [TraceId -> ], [SpanId -> ] 
      <main> org.springframework.context.support.PostProcessorRegistrationDelegate$BeanPostProcessorChecker : Bean 'org.springframework.cloud.autoconfigure.ConfigurationPropertiesRebinderAutoConfiguration' of type [org.springframework.cloud.autoconfigure.ConfigurationPropertiesRebinderAutoConfiguration] is not eligible for getting processed by all BeanPostProcessors (for example: not eligible for auto-proxying)
[2026-09-20 16:18:31 IST] INFO [Service Name -> bookstore-api-gateway-service], [TraceId -> ], [SpanId -> ] 
      <main> com.devd.spring.bookstoreapigatewayservice.BookstoreApiGatewayServiceApplication : The following profiles are active: local
[2026-09-20 16:18:36 IST] INFO [Service Name -> bookstore-api-gateway-service], [TraceId -> ], [SpanId -> ] 
      <main> org.springframework.cloud.context.scope.GenericScope : BeanFactory id=f7bc21fa-1300-367c-9be1-97050eb17bd9
[2026-09-20 16:18:37 IST] INFO [Service Name -> bookstore-api-gateway-service], [TraceId -> ], [SpanId -> ] 
      <main> org.springframework.context.support.PostProcessorRegistrationDelegate$BeanPostProcessorChecker : Bean 'org.springframework.cloud.autoconfigure.ConfigurationPropertiesRebinderAutoConfiguration' of type [org.springframework.cloud.autoconfigure.ConfigurationPropertiesRebinderAutoConfiguration] is not eligible for getting processed by all BeanPostProcessors (for example: not eligible for auto-proxying)
[2026-09-20 16:18:38 IST] INFO [Service Name -> bookstore-api-gateway-service], [TraceId -> ], [SpanId -> ] 
      <main> org.springframework.boot.web.embedded.tomcat.TomcatWebServer : Tomcat initialized with port(s): 8765 (http)
[2026-09-20 16:18:38 IST] INFO [Service Name -> bookstore-api-gateway-service], [TraceId -> ], [SpanId -> ] 
      <main> org.apache.coyote.http11.Http11NioProtocol : Initializing ProtocolHandler ["http-nio-8765"]
[2026-09-20 16:18:38 IST] INFO [Service Name -> bookstore-api-gateway-service], [TraceId -> ], [SpanId -> ] 
      <main> org.apache.catalina.core.StandardService : Starting service [Tomcat]
[2026-09-20 16:18:38 IST] INFO [Service Name -> bookstore-api-gateway-service], [TraceId -> ], [SpanId -> ] 
      <main> org.apache.catalina.core.StandardEngine : Starting Servlet engine: [Apache Tomcat/9.0.38]
[2026-09-20 16:18:38 IST] INFO [Service Name -> bookstore-api-gateway-service], [TraceId -> ], [SpanId -> ] 
      <main> org.apache.catalina.core.ContainerBase.[Tomcat].[localhost].[/] : Initializing Spring embedded WebApplicationContext
[2026-09-20 16:18:38 IST] INFO [Service Name -> bookstore-api-gateway-service], [TraceId -> ], [SpanId -> ] 
      <main> org.springframework.boot.web.servlet.context.ServletWebServerApplicationContext : Root WebApplicationContext: initialization completed in 7049 ms
[2026-09-20 16:18:39 IST] WARN [Service Name -> bookstore-api-gateway-service], [TraceId -> ], [SpanId -> ] 
      <main> com.netflix.config.sources.URLConfigurationSource : No URLs will be polled as dynamic configuration sources.
[2026-09-20 16:18:39 IST] INFO [Service Name -> bookstore-api-gateway-service], [TraceId -> ], [SpanId -> ] 
      <main> com.netflix.config.sources.URLConfigurationSource : To enable URLs as dynamic configuration sources, define System property archaius.configurationSource.additionalUrls or make config.properties available on classpath.
[2026-09-20 16:18:39 IST] INFO [Service Name -> bookstore-api-gateway-service], [TraceId -> ], [SpanId -> ] 
      <main> com.netflix.config.DynamicPropertyFactory : DynamicPropertyFactory is initialized with configuration sources: com.netflix.config.ConcurrentCompositeConfiguration@16a5c7e4
[2026-09-20 16:18:42 IST] WARN [Service Name -> bookstore-api-gateway-service], [TraceId -> ], [SpanId -> ] 
      <main> org.springframework.boot.actuate.endpoint.EndpointId : Endpoint ID 'service-registry' contains invalid characters, please migrate to a valid format.
[2026-09-20 16:18:42 IST] WARN [Service Name -> bookstore-api-gateway-service], [TraceId -> ], [SpanId -> ] 
      <main> org.springframework.boot.actuate.endpoint.EndpointId : Endpoint ID 'hystrix.stream' contains invalid characters, please migrate to a valid format.
[2026-09-20 16:18:43 IST] WARN [Service Name -> bookstore-api-gateway-service], [TraceId -> ], [SpanId -> ] 
      <main> org.springframework.cloud.sleuth.zipkin2.ZipkinAutoConfiguration : Check result of the [AsyncReporter{org.springframework.cloud.sleuth.zipkin2.sender.RestTemplateSender@5c48b72c}] contains an error [CheckResult{ok=false, error=org.springframework.web.client.ResourceAccessException: I/O error on POST request for "http://localhost:9411/api/v2/spans": connect timed out; nested exception is java.net.SocketTimeoutException: connect timed out}]
[2026-09-20 16:18:44 IST] INFO [Service Name -> bookstore-api-gateway-service], [TraceId -> ], [SpanId -> ] 
      <main> org.springframework.boot.actuate.endpoint.web.ServletEndpointRegistrar : Registered '/actuator/hystrix.stream' to hystrix.stream-actuator-endpoint
[2026-09-20 16:18:45 IST] WARN [Service Name -> bookstore-api-gateway-service], [TraceId -> ], [SpanId -> ] 
      <main> com.netflix.config.sources.URLConfigurationSource : No URLs will be polled as dynamic configuration sources.
[2026-09-20 16:18:45 IST] INFO [Service Name -> bookstore-api-gateway-service], [TraceId -> ], [SpanId -> ] 
      <main> com.netflix.config.sources.URLConfigurationSource : To enable URLs as dynamic configuration sources, define System property archaius.configurationSource.additionalUrls or make config.properties available on classpath.
[2026-09-20 16:18:46 IST] INFO [Service Name -> bookstore-api-gateway-service], [TraceId -> ], [SpanId -> ] 
      <main> org.springframework.scheduling.concurrent.ThreadPoolTaskExecutor : Initializing ExecutorService 'applicationTaskExecutor'
[2026-09-20 16:18:52 IST] WARN [Service Name -> bookstore-api-gateway-service], [TraceId -> ], [SpanId -> ] 
      <main> org.springframework.cloud.loadbalancer.config.BlockingLoadBalancerClientAutoConfiguration$BlockingLoadBalancerClientRibbonWarnLogger : You already have RibbonLoadBalancerClient on your classpath. It will be used by default. As Spring Cloud Ribbon is in maintenance mode. We recommend switching to BlockingLoadBalancerClient instead. In order to use it, set the value of `spring.cloud.loadbalancer.ribbon.enabled` to `false` or remove spring-cloud-starter-netflix-ribbon from your project.
[2026-09-20 16:18:54 IST] WARN [Service Name -> bookstore-api-gateway-service], [TraceId -> ], [SpanId -> ] 
      <main> org.springframework.cloud.loadbalancer.config.LoadBalancerCacheAutoConfiguration$LoadBalancerCaffeineWarnLogger : Spring Cloud LoadBalancer is currently working with default default cache. You can switch to using Caffeine cache, by adding it to the classpath.
[2026-09-20 16:18:55 IST] INFO [Service Name -> bookstore-api-gateway-service], [TraceId -> ], [SpanId -> ] 
      <main> org.springframework.cloud.netflix.zuul.ZuulFilterInitializer : Starting filter initializer
[2026-09-20 16:18:55 IST] INFO [Service Name -> bookstore-api-gateway-service], [TraceId -> ], [SpanId -> ] 
      <main> org.springframework.boot.actuate.endpoint.web.EndpointLinksResolver : Exposing 24 endpoint(s) beneath base path '/actuator'
[2026-09-20 16:18:56 IST] INFO [Service Name -> bookstore-api-gateway-service], [TraceId -> ], [SpanId -> ] 
      <main> org.springframework.cloud.netflix.eureka.InstanceInfoFactory : Setting initial instance status as: STARTING
[2026-09-20 16:18:56 IST] INFO [Service Name -> bookstore-api-gateway-service], [TraceId -> ], [SpanId -> ] 
      <main> com.netflix.discovery.DiscoveryClient : Initializing Eureka in region us-east-1
[2026-09-20 16:18:56 IST] INFO [Service Name -> bookstore-api-gateway-service], [TraceId -> ], [SpanId -> ] 
      <main> com.netflix.discovery.provider.DiscoveryJerseyProvider : Using JSON encoding codec LegacyJacksonJson
[2026-09-20 16:18:56 IST] INFO [Service Name -> bookstore-api-gateway-service], [TraceId -> ], [SpanId -> ] 
      <main> com.netflix.discovery.provider.DiscoveryJerseyProvider : Using JSON decoding codec LegacyJacksonJson
[2026-09-20 16:18:57 IST] INFO [Service Name -> bookstore-api-gateway-service], [TraceId -> ], [SpanId -> ] 
      <main> com.netflix.discovery.provider.DiscoveryJerseyProvider : Using XML encoding codec XStreamXml
[2026-09-20 16:18:57 IST] INFO [Service Name -> bookstore-api-gateway-service], [TraceId -> ], [SpanId -> ] 
      <main> com.netflix.discovery.provider.DiscoveryJerseyProvider : Using XML decoding codec XStreamXml
[2026-09-20 16:18:57 IST] INFO [Service Name -> bookstore-api-gateway-service], [TraceId -> ], [SpanId -> ] 
      <main> com.netflix.discovery.shared.resolver.aws.ConfigClusterResolver : Resolving eureka endpoints via configuration
[2026-09-20 16:18:59 IST] INFO [Service Name -> bookstore-api-gateway-service], [TraceId -> ], [SpanId -> ] 
      <main> com.netflix.discovery.DiscoveryClient : Disable delta property : false
[2026-09-20 16:18:59 IST] INFO [Service Name -> bookstore-api-gateway-service], [TraceId -> ], [SpanId -> ] 
      <main> com.netflix.discovery.DiscoveryClient : Single vip registry refresh property : null
[2026-09-20 16:18:59 IST] INFO [Service Name -> bookstore-api-gateway-service], [TraceId -> ], [SpanId -> ] 
      <main> com.netflix.discovery.DiscoveryClient : Force full registry fetch : false
[2026-09-20 16:18:59 IST] INFO [Service Name -> bookstore-api-gateway-service], [TraceId -> ], [SpanId -> ] 
      <main> com.netflix.discovery.DiscoveryClient : Application is null : false
[2026-09-20 16:18:59 IST] INFO [Service Name -> bookstore-api-gateway-service], [TraceId -> ], [SpanId -> ] 
      <main> com.netflix.discovery.DiscoveryClient : Registered Applications size is zero : true
[2026-09-20 16:18:59 IST] INFO [Service Name -> bookstore-api-gateway-service], [TraceId -> ], [SpanId -> ] 
      <main> com.netflix.discovery.DiscoveryClient : Application version is -1: true
[2026-09-20 16:18:59 IST] INFO [Service Name -> bookstore-api-gateway-service], [TraceId -> ], [SpanId -> ] 
      <main> com.netflix.discovery.DiscoveryClient : Getting all instance registry info from the eureka server
[2026-09-20 16:19:03 IST] ERROR [Service Name -> bookstore-api-gateway-service], [TraceId -> ], [SpanId -> ] 
      <main> com.netflix.discovery.shared.transport.decorator.RedirectingEurekaHttpClient : Request execution error. endpoint=DefaultEndpoint{ serviceUrl='http://localhost:8761/eureka/}
com.sun.jersey.api.client.ClientHandlerException: java.net.ConnectException: Connection refused: connect
	at com.sun.jersey.client.apache4.ApacheHttpClient4Handler.handle(ApacheHttpClient4Handler.java:187)
	at com.sun.jersey.api.client.filter.GZIPContentEncodingFilter.handle(GZIPContentEncodingFilter.java:123)
	at com.netflix.discovery.EurekaIdentityHeaderFilter.handle(EurekaIdentityHeaderFilter.java:27)
	at com.sun.jersey.api.client.Client.handle(Client.java:652)
	at com.sun.jersey.api.client.WebResource.handle(WebResource.java:682)
	at com.sun.jersey.api.client.WebResource.access$200(WebResource.java:74)
	at com.sun.jersey.api.client.WebResource$Builder.get(WebResource.java:509)
	at com.netflix.discovery.shared.transport.jersey.AbstractJerseyEurekaHttpClient.getApplicationsInternal(AbstractJerseyEurekaHttpClient.java:194)
	at com.netflix.discovery.shared.transport.jersey.AbstractJerseyEurekaHttpClient.getApplications(AbstractJerseyEurekaHttpClient.java:165)
	at com.netflix.discovery.shared.transport.decorator.EurekaHttpClientDecorator$6.execute(EurekaHttpClientDecorator.java:137)
	at com.netflix.discovery.shared.transport.decorator.MetricsCollectingEurekaHttpClient.execute(MetricsCollectingEurekaHttpClient.java:73)
	at com.netflix.discovery.shared.transport.decorator.EurekaHttpClientDecorator.getApplications(EurekaHttpClientDecorator.java:134)
	at com.netflix.discovery.shared.transport.decorator.EurekaHttpClientDecorator$6.execute(EurekaHttpClientDecorator.java:137)
	at com.netflix.discovery.shared.transport.decorator.RedirectingEurekaHttpClient.executeOnNewServer(RedirectingEurekaHttpClient.java:118)
	at com.netflix.discovery.shared.transport.decorator.RedirectingEurekaHttpClient.execute(RedirectingEurekaHttpClient.java:79)
	at com.netflix.discovery.shared.transport.decorator.EurekaHttpClientDecorator.getApplications(EurekaHttpClientDecorator.java:134)
	at com.netflix.discovery.shared.transport.decorator.EurekaHttpClientDecorator$6.execute(EurekaHttpClientDecorator.java:137)
	at com.netflix.discovery.shared.transport.decorator.RetryableEurekaHttpClient.execute(RetryableEurekaHttpClient.java:120)
	at com.netflix.discovery.shared.transport.decorator.EurekaHttpClientDecorator.getApplications(EurekaHttpClientDecorator.java:134)
	at com.netflix.discovery.shared.transport.decorator.EurekaHttpClientDecorator$6.execute(EurekaHttpClientDecorator.java:137)
	at com.netflix.discovery.shared.transport.decorator.SessionedEurekaHttpClient.execute(SessionedEurekaHttpClient.java:77)
	at com.netflix.discovery.shared.transport.decorator.EurekaHttpClientDecorator.getApplications(EurekaHttpClientDecorator.java:134)
	at com.netflix.discovery.DiscoveryClient.getAndStoreFullRegistry(DiscoveryClient.java:1069)
	at com.netflix.discovery.DiscoveryClient.fetchRegistry(DiscoveryClient.java:983)
	at com.netflix.discovery.DiscoveryClient.<init>(DiscoveryClient.java:430)
	at com.netflix.discovery.DiscoveryClient.<init>(DiscoveryClient.java:276)
	at com.netflix.discovery.DiscoveryClient.<init>(DiscoveryClient.java:272)
	at org.springframework.cloud.netflix.eureka.CloudEurekaClient.<init>(CloudEurekaClient.java:67)
	at org.springframework.cloud.netflix.eureka.EurekaClientAutoConfiguration$RefreshableEurekaClientConfiguration.eurekaClient(EurekaClientAutoConfiguration.java:324)
	at sun.reflect.NativeMethodAccessorImpl.invoke0(Native Method)
	at sun.reflect.NativeMethodAccessorImpl.invoke(NativeMethodAccessorImpl.java:62)
	at sun.reflect.DelegatingMethodAccessorImpl.invoke(DelegatingMethodAccessorImpl.java:43)
	at java.lang.reflect.Method.invoke(Method.java:498)
	at org.springframework.beans.factory.support.SimpleInstantiationStrategy.instantiate(SimpleInstantiationStrategy.java:154)
	at org.springframework.beans.factory.support.ConstructorResolver.instantiate(ConstructorResolver.java:650)
	at org.springframework.beans.factory.support.ConstructorResolver.instantiateUsingFactoryMethod(ConstructorResolver.java:635)
	at org.springframework.beans.factory.support.AbstractAutowireCapableBeanFactory.instantiateUsingFactoryMethod(AbstractAutowireCapableBeanFactory.java:1336)
	at org.springframework.beans.factory.support.AbstractAutowireCapableBeanFactory.createBeanInstance(AbstractAutowireCapableBeanFactory.java:1176)
	at org.springframework.beans.factory.support.AbstractAutowireCapableBeanFactory.doCreateBean(AbstractAutowireCapableBeanFactory.java:556)
	at org.springframework.beans.factory.support.AbstractAutowireCapableBeanFactory.createBean(AbstractAutowireCapableBeanFactory.java:516)
	at org.springframework.beans.factory.support.AbstractBeanFactory.lambda$doGetBean$1(AbstractBeanFactory.java:363)
	at org.springframework.cloud.context.scope.GenericScope$BeanLifecycleWrapper.getBean(GenericScope.java:389)
	at org.springframework.cloud.context.scope.GenericScope.get(GenericScope.java:186)
	at org.springframework.beans.factory.support.AbstractBeanFactory.doGetBean(AbstractBeanFactory.java:360)
	at org.springframework.beans.factory.support.AbstractBeanFactory.getBean(AbstractBeanFactory.java:202)
	at org.springframework.aop.target.SimpleBeanTargetSource.getTarget(SimpleBeanTargetSource.java:35)
	at org.springframework.cloud.netflix.eureka.serviceregistry.EurekaRegistration.getTargetObject(EurekaRegistration.java:129)
	at org.springframework.cloud.netflix.eureka.serviceregistry.EurekaRegistration.getEurekaClient(EurekaRegistration.java:117)
	at sun.reflect.NativeMethodAccessorImpl.invoke0(Native Method)
	at sun.reflect.NativeMethodAccessorImpl.invoke(NativeMethodAccessorImpl.java:62)
	at sun.reflect.DelegatingMethodAccessorImpl.invoke(DelegatingMethodAccessorImpl.java:43)
	at java.lang.reflect.Method.invoke(Method.java:498)
	at org.springframework.util.ReflectionUtils.invokeMethod(ReflectionUtils.java:282)
	at org.springframework.cloud.context.scope.GenericScope$LockedScopedProxyFactoryBean.invoke(GenericScope.java:499)
	at org.springframework.aop.framework.ReflectiveMethodInvocation.proceed(ReflectiveMethodInvocation.java:186)
	at org.springframework.aop.framework.CglibAopProxy$CglibMethodInvocation.proceed(CglibAopProxy.java:749)
	at org.springframework.aop.framework.CglibAopProxy$DynamicAdvisedInterceptor.intercept(CglibAopProxy.java:691)
	at org.springframework.cloud.netflix.eureka.serviceregistry.EurekaRegistration$$EnhancerBySpringCGLIB$$69844c8.getEurekaClient(<generated>)
	at org.springframework.cloud.netflix.eureka.serviceregistry.EurekaServiceRegistry.maybeInitializeClient(EurekaServiceRegistry.java:57)
	at org.springframework.cloud.netflix.eureka.serviceregistry.EurekaServiceRegistry.register(EurekaServiceRegistry.java:38)
	at org.springframework.cloud.netflix.eureka.serviceregistry.EurekaAutoServiceRegistration.start(EurekaAutoServiceRegistration.java:83)
	at org.springframework.context.support.DefaultLifecycleProcessor.doStart(DefaultLifecycleProcessor.java:182)
	at org.springframework.context.support.DefaultLifecycleProcessor.access$200(DefaultLifecycleProcessor.java:53)
	at org.springframework.context.support.DefaultLifecycleProcessor$LifecycleGroup.start(DefaultLifecycleProcessor.java:360)
	at org.springframework.context.support.DefaultLifecycleProcessor.startBeans(DefaultLifecycleProcessor.java:158)
	at org.springframework.context.support.DefaultLifecycleProcessor.onRefresh(DefaultLifecycleProcessor.java:122)
	at org.springframework.context.support.AbstractApplicationContext.finishRefresh(AbstractApplicationContext.java:895)
	at org.springframework.context.support.AbstractApplicationContext.refresh(AbstractApplicationContext.java:554)
	at org.springframework.boot.web.servlet.context.ServletWebServerApplicationContext.refresh(ServletWebServerApplicationContext.java:143)
	at org.springframework.boot.SpringApplication.refresh(SpringApplication.java:758)
	at org.springframework.boot.SpringApplication.refresh(SpringApplication.java:750)
	at org.springframework.boot.SpringApplication.refreshContext(SpringApplication.java:397)
	at org.springframework.boot.SpringApplication.run(SpringApplication.java:315)
	at org.springframework.boot.SpringApplication.run(SpringApplication.java:1237)
	at org.springframework.boot.SpringApplication.run(SpringApplication.java:1226)
	at com.devd.spring.bookstoreapigatewayservice.BookstoreApiGatewayServiceApplication.main(BookstoreApiGatewayServiceApplication.java:18)
Caused by: java.net.ConnectException: Connection refused: connect
	at java.net.DualStackPlainSocketImpl.waitForConnect(Native Method)
	at java.net.DualStackPlainSocketImpl.socketConnect(DualStackPlainSocketImpl.java:85)
	at java.net.AbstractPlainSocketImpl.doConnect(AbstractPlainSocketImpl.java:350)
	at java.net.AbstractPlainSocketImpl.connectToAddress(AbstractPlainSocketImpl.java:206)
	at java.net.AbstractPlainSocketImpl.connect(AbstractPlainSocketImpl.java:188)
	at java.net.PlainSocketImpl.connect(PlainSocketImpl.java:172)
	at java.net.SocksSocketImpl.connect(SocksSocketImpl.java:392)
	at java.net.Socket.connect(Socket.java:607)
	at org.apache.http.conn.scheme.PlainSocketFactory.connectSocket(PlainSocketFactory.java:121)
	at org.apache.http.impl.conn.DefaultClientConnectionOperator.openConnection(DefaultClientConnectionOperator.java:180)
	at org.apache.http.impl.conn.AbstractPoolEntry.open(AbstractPoolEntry.java:144)
	at org.apache.http.impl.conn.AbstractPooledConnAdapter.open(AbstractPooledConnAdapter.java:134)
	at org.apache.http.impl.client.DefaultRequestDirector.tryConnect(DefaultRequestDirector.java:605)
	at org.apache.http.impl.client.DefaultRequestDirector.execute(DefaultRequestDirector.java:440)
	at org.apache.http.impl.client.AbstractHttpClient.doExecute(AbstractHttpClient.java:835)
	at org.apache.http.impl.client.CloseableHttpClient.execute(CloseableHttpClient.java:118)
	at org.apache.http.impl.client.CloseableHttpClient.execute(CloseableHttpClient.java:56)
	at com.sun.jersey.client.apache4.ApacheHttpClient4Handler.handle(ApacheHttpClient4Handler.java:173)
	... 75 common frames omitted
[2026-09-20 16:19:03 IST] WARN [Service Name -> bookstore-api-gateway-service], [TraceId -> ], [SpanId -> ] 
      <main> com.netflix.discovery.shared.transport.decorator.RetryableEurekaHttpClient : Request execution failed with message: java.net.ConnectException: Connection refused: connect
[2026-09-20 16:19:03 IST] ERROR [Service Name -> bookstore-api-gateway-service], [TraceId -> ], [SpanId -> ] 
      <main> com.netflix.discovery.DiscoveryClient : DiscoveryClient_BOOKSTORE-API-GATEWAY-SERVICE/LAPTOP-PIAE5DDA:bookstore-api-gateway-service:8765 - was unable to refresh its cache! status = Cannot execute request on any known server
com.netflix.discovery.shared.transport.TransportException: Cannot execute request on any known server
	at com.netflix.discovery.shared.transport.decorator.RetryableEurekaHttpClient.execute(RetryableEurekaHttpClient.java:112)
	at com.netflix.discovery.shared.transport.decorator.EurekaHttpClientDecorator.getApplications(EurekaHttpClientDecorator.java:134)
	at com.netflix.discovery.shared.transport.decorator.EurekaHttpClientDecorator$6.execute(EurekaHttpClientDecorator.java:137)
	at com.netflix.discovery.shared.transport.decorator.SessionedEurekaHttpClient.execute(SessionedEurekaHttpClient.java:77)
	at com.netflix.discovery.shared.transport.decorator.EurekaHttpClientDecorator.getApplications(EurekaHttpClientDecorator.java:134)
	at com.netflix.discovery.DiscoveryClient.getAndStoreFullRegistry(DiscoveryClient.java:1069)
	at com.netflix.discovery.DiscoveryClient.fetchRegistry(DiscoveryClient.java:983)
	at com.netflix.discovery.DiscoveryClient.<init>(DiscoveryClient.java:430)
	at com.netflix.discovery.DiscoveryClient.<init>(DiscoveryClient.java:276)
	at com.netflix.discovery.DiscoveryClient.<init>(DiscoveryClient.java:272)
	at org.springframework.cloud.netflix.eureka.CloudEurekaClient.<init>(CloudEurekaClient.java:67)
	at org.springframework.cloud.netflix.eureka.EurekaClientAutoConfiguration$RefreshableEurekaClientConfiguration.eurekaClient(EurekaClientAutoConfiguration.java:324)
	at sun.reflect.NativeMethodAccessorImpl.invoke0(Native Method)
	at sun.reflect.NativeMethodAccessorImpl.invoke(NativeMethodAccessorImpl.java:62)
	at sun.reflect.DelegatingMethodAccessorImpl.invoke(DelegatingMethodAccessorImpl.java:43)
	at java.lang.reflect.Method.invoke(Method.java:498)
	at org.springframework.beans.factory.support.SimpleInstantiationStrategy.instantiate(SimpleInstantiationStrategy.java:154)
	at org.springframework.beans.factory.support.ConstructorResolver.instantiate(ConstructorResolver.java:650)
	at org.springframework.beans.factory.support.ConstructorResolver.instantiateUsingFactoryMethod(ConstructorResolver.java:635)
	at org.springframework.beans.factory.support.AbstractAutowireCapableBeanFactory.instantiateUsingFactoryMethod(AbstractAutowireCapableBeanFactory.java:1336)
	at org.springframework.beans.factory.support.AbstractAutowireCapableBeanFactory.createBeanInstance(AbstractAutowireCapableBeanFactory.java:1176)
	at org.springframework.beans.factory.support.AbstractAutowireCapableBeanFactory.doCreateBean(AbstractAutowireCapableBeanFactory.java:556)
	at org.springframework.beans.factory.support.AbstractAutowireCapableBeanFactory.createBean(AbstractAutowireCapableBeanFactory.java:516)
	at org.springframework.beans.factory.support.AbstractBeanFactory.lambda$doGetBean$1(AbstractBeanFactory.java:363)
	at org.springframework.cloud.context.scope.GenericScope$BeanLifecycleWrapper.getBean(GenericScope.java:389)
	at org.springframework.cloud.context.scope.GenericScope.get(GenericScope.java:186)
	at org.springframework.beans.factory.support.AbstractBeanFactory.doGetBean(AbstractBeanFactory.java:360)
	at org.springframework.beans.factory.support.AbstractBeanFactory.getBean(AbstractBeanFactory.java:202)
	at org.springframework.aop.target.SimpleBeanTargetSource.getTarget(SimpleBeanTargetSource.java:35)
	at org.springframework.cloud.netflix.eureka.serviceregistry.EurekaRegistration.getTargetObject(EurekaRegistration.java:129)
	at org.springframework.cloud.netflix.eureka.serviceregistry.EurekaRegistration.getEurekaClient(EurekaRegistration.java:117)
	at sun.reflect.NativeMethodAccessorImpl.invoke0(Native Method)
	at sun.reflect.NativeMethodAccessorImpl.invoke(NativeMethodAccessorImpl.java:62)
	at sun.reflect.DelegatingMethodAccessorImpl.invoke(DelegatingMethodAccessorImpl.java:43)
	at java.lang.reflect.Method.invoke(Method.java:498)
	at org.springframework.util.ReflectionUtils.invokeMethod(ReflectionUtils.java:282)
	at org.springframework.cloud.context.scope.GenericScope$LockedScopedProxyFactoryBean.invoke(GenericScope.java:499)
	at org.springframework.aop.framework.ReflectiveMethodInvocation.proceed(ReflectiveMethodInvocation.java:186)
	at org.springframework.aop.framework.CglibAopProxy$CglibMethodInvocation.proceed(CglibAopProxy.java:749)
	at org.springframework.aop.framework.CglibAopProxy$DynamicAdvisedInterceptor.intercept(CglibAopProxy.java:691)
	at org.springframework.cloud.netflix.eureka.serviceregistry.EurekaRegistration$$EnhancerBySpringCGLIB$$69844c8.getEurekaClient(<generated>)
	at org.springframework.cloud.netflix.eureka.serviceregistry.EurekaServiceRegistry.maybeInitializeClient(EurekaServiceRegistry.java:57)
	at org.springframework.cloud.netflix.eureka.serviceregistry.EurekaServiceRegistry.register(EurekaServiceRegistry.java:38)
	at org.springframework.cloud.netflix.eureka.serviceregistry.EurekaAutoServiceRegistration.start(EurekaAutoServiceRegistration.java:83)
	at org.springframework.context.support.DefaultLifecycleProcessor.doStart(DefaultLifecycleProcessor.java:182)
	at org.springframework.context.support.DefaultLifecycleProcessor.access$200(DefaultLifecycleProcessor.java:53)
	at org.springframework.context.support.DefaultLifecycleProcessor$LifecycleGroup.start(DefaultLifecycleProcessor.java:360)
	at org.springframework.context.support.DefaultLifecycleProcessor.startBeans(DefaultLifecycleProcessor.java:158)
	at org.springframework.context.support.DefaultLifecycleProcessor.onRefresh(DefaultLifecycleProcessor.java:122)
	at org.springframework.context.support.AbstractApplicationContext.finishRefresh(AbstractApplicationContext.java:895)
	at org.springframework.context.support.AbstractApplicationContext.refresh(AbstractApplicationContext.java:554)
	at org.springframework.boot.web.servlet.context.ServletWebServerApplicationContext.refresh(ServletWebServerApplicationContext.java:143)
	at org.springframework.boot.SpringApplication.refresh(SpringApplication.java:758)
	at org.springframework.boot.SpringApplication.refresh(SpringApplication.java:750)
	at org.springframework.boot.SpringApplication.refreshContext(SpringApplication.java:397)
	at org.springframework.boot.SpringApplication.run(SpringApplication.java:315)
	at org.springframework.boot.SpringApplication.run(SpringApplication.java:1237)
	at org.springframework.boot.SpringApplication.run(SpringApplication.java:1226)
	at com.devd.spring.bookstoreapigatewayservice.BookstoreApiGatewayServiceApplication.main(BookstoreApiGatewayServiceApplication.java:18)
[2026-09-20 16:19:03 IST] WARN [Service Name -> bookstore-api-gateway-service], [TraceId -> ], [SpanId -> ] 
      <main> com.netflix.discovery.DiscoveryClient : Using default backup registry implementation which does not do anything.
[2026-09-20 16:19:03 IST] INFO [Service Name -> bookstore-api-gateway-service], [TraceId -> ], [SpanId -> ] 
      <main> com.netflix.discovery.DiscoveryClient : Starting heartbeat executor: renew interval is: 30
[2026-09-20 16:19:03 IST] INFO [Service Name -> bookstore-api-gateway-service], [TraceId -> ], [SpanId -> ] 
      <main> com.netflix.discovery.InstanceInfoReplicator : InstanceInfoReplicator onDemand update allowed rate per min is 4
[2026-09-20 16:19:03 IST] INFO [Service Name -> bookstore-api-gateway-service], [TraceId -> ], [SpanId -> ] 
      <main> com.netflix.discovery.DiscoveryClient : Discovery Client initialized at timestamp 1789901343540 with initial instances count: 0
[2026-09-20 16:19:03 IST] INFO [Service Name -> bookstore-api-gateway-service], [TraceId -> ], [SpanId -> ] 
      <main> org.springframework.cloud.netflix.eureka.serviceregistry.EurekaServiceRegistry : Registering application BOOKSTORE-API-GATEWAY-SERVICE with eureka with status UP
[2026-09-20 16:19:03 IST] INFO [Service Name -> bookstore-api-gateway-service], [TraceId -> ], [SpanId -> ] 
      <main> com.netflix.discovery.DiscoveryClient : Saw local status change event StatusChangeEvent [timestamp=1789901343579, current=UP, previous=STARTING]
[2026-09-20 16:19:03 IST] INFO [Service Name -> bookstore-api-gateway-service], [TraceId -> ], [SpanId -> ] 
      <DiscoveryClient-InstanceInfoReplicator-0> com.netflix.discovery.DiscoveryClient : DiscoveryClient_BOOKSTORE-API-GATEWAY-SERVICE/LAPTOP-PIAE5DDA:bookstore-api-gateway-service:8765: registering service...
[2026-09-20 16:19:03 IST] INFO [Service Name -> bookstore-api-gateway-service], [TraceId -> ], [SpanId -> ] 
      <main> org.apache.coyote.http11.Http11NioProtocol : Starting ProtocolHandler ["http-nio-8765"]
[2026-09-20 16:19:03 IST] INFO [Service Name -> bookstore-api-gateway-service], [TraceId -> ], [SpanId -> ] 
      <main> org.springframework.boot.web.embedded.tomcat.TomcatWebServer : Tomcat started on port(s): 8765 (http) with context path ''
[2026-09-20 16:19:03 IST] INFO [Service Name -> bookstore-api-gateway-service], [TraceId -> ], [SpanId -> ] 
      <main> org.springframework.cloud.netflix.eureka.serviceregistry.EurekaAutoServiceRegistration : Updating port to 8765
[2026-09-20 16:19:05 IST] INFO [Service Name -> bookstore-api-gateway-service], [TraceId -> ], [SpanId -> ] 
      <main> com.devd.spring.bookstoreapigatewayservice.BookstoreApiGatewayServiceApplication : Started BookstoreApiGatewayServiceApplication in 42.222 seconds (JVM running for 48.438)
[2026-09-20 16:19:06 IST] INFO [Service Name -> bookstore-api-gateway-service], [TraceId -> ], [SpanId -> ] 
      <RMI TCP Connection(1)-172.27.176.1> org.apache.catalina.core.ContainerBase.[Tomcat].[localhost].[/] : Initializing Spring DispatcherServlet 'dispatcherServlet'
[2026-09-20 16:19:06 IST] INFO [Service Name -> bookstore-api-gateway-service], [TraceId -> ], [SpanId -> ] 
      <RMI TCP Connection(1)-172.27.176.1> org.springframework.web.servlet.DispatcherServlet : Initializing Servlet 'dispatcherServlet'
[2026-09-20 16:19:06 IST] INFO [Service Name -> bookstore-api-gateway-service], [TraceId -> ], [SpanId -> ] 
      <RMI TCP Connection(1)-172.27.176.1> org.springframework.web.servlet.DispatcherServlet : Completed initialization in 210 ms
[2026-09-20 16:19:06 IST] INFO [Service Name -> bookstore-api-gateway-service], [TraceId -> ], [SpanId -> ] 
      <main> com.netflix.config.ChainedDynamicProperty : Flipping property: bookstore-billing-service.ribbon.ActiveConnectionsLimit to use NEXT property: niws.loadbalancer.availabilityFilteringRule.activeConnectionsLimit = 2147483647
[2026-09-20 16:19:07 IST] INFO [Service Name -> bookstore-api-gateway-service], [TraceId -> ], [SpanId -> ] 
      <main> com.netflix.util.concurrent.ShutdownEnabledTimer : Shutdown hook installed for: NFLoadBalancer-PingTimer-bookstore-billing-service
[2026-09-20 16:19:07 IST] INFO [Service Name -> bookstore-api-gateway-service], [TraceId -> ], [SpanId -> ] 
      <main> com.netflix.loadbalancer.BaseLoadBalancer : Client: bookstore-billing-service instantiated a LoadBalancer: DynamicServerListLoadBalancer:{NFLoadBalancer:name=bookstore-billing-service,current list of Servers=[],Load balancer stats=Zone stats: {},Server stats: []}ServerList:null
[2026-09-20 16:19:07 IST] INFO [Service Name -> bookstore-api-gateway-service], [TraceId -> ], [SpanId -> ] 
      <main> com.netflix.loadbalancer.DynamicServerListLoadBalancer : Using serverListUpdater PollingServerListUpdater
[2026-09-20 16:19:07 IST] INFO [Service Name -> bookstore-api-gateway-service], [TraceId -> ], [SpanId -> ] 
      <main> com.netflix.loadbalancer.DynamicServerListLoadBalancer : DynamicServerListLoadBalancer for client bookstore-billing-service initialized: DynamicServerListLoadBalancer:{NFLoadBalancer:name=bookstore-billing-service,current list of Servers=[],Load balancer stats=Zone stats: {},Server stats: []}ServerList:org.springframework.cloud.netflix.ribbon.eureka.DomainExtractingServerList@50ef2906
[2026-09-20 16:19:07 IST] INFO [Service Name -> bookstore-api-gateway-service], [TraceId -> ], [SpanId -> ] 
      <main> com.netflix.config.ChainedDynamicProperty : Flipping property: bookstore-catalog-service.ribbon.ActiveConnectionsLimit to use NEXT property: niws.loadbalancer.availabilityFilteringRule.activeConnectionsLimit = 2147483647
[2026-09-20 16:19:07 IST] INFO [Service Name -> bookstore-api-gateway-service], [TraceId -> ], [SpanId -> ] 
      <main> com.netflix.util.concurrent.ShutdownEnabledTimer : Shutdown hook installed for: NFLoadBalancer-PingTimer-bookstore-catalog-service
[2026-09-20 16:19:07 IST] INFO [Service Name -> bookstore-api-gateway-service], [TraceId -> ], [SpanId -> ] 
      <main> com.netflix.loadbalancer.BaseLoadBalancer : Client: bookstore-catalog-service instantiated a LoadBalancer: DynamicServerListLoadBalancer:{NFLoadBalancer:name=bookstore-catalog-service,current list of Servers=[],Load balancer stats=Zone stats: {},Server stats: []}ServerList:null
[2026-09-20 16:19:07 IST] INFO [Service Name -> bookstore-api-gateway-service], [TraceId -> ], [SpanId -> ] 
      <main> com.netflix.loadbalancer.DynamicServerListLoadBalancer : Using serverListUpdater PollingServerListUpdater
[2026-09-20 16:19:07 IST] INFO [Service Name -> bookstore-api-gateway-service], [TraceId -> ], [SpanId -> ] 
      <main> com.netflix.loadbalancer.DynamicServerListLoadBalancer : DynamicServerListLoadBalancer for client bookstore-catalog-service initialized: DynamicServerListLoadBalancer:{NFLoadBalancer:name=bookstore-catalog-service,current list of Servers=[],Load balancer stats=Zone stats: {},Server stats: []}ServerList:org.springframework.cloud.netflix.ribbon.eureka.DomainExtractingServerList@2ab7f649
[2026-09-20 16:19:07 IST] ERROR [Service Name -> bookstore-api-gateway-service], [TraceId -> ], [SpanId -> ] 
      <DiscoveryClient-InstanceInfoReplicator-0> com.netflix.discovery.shared.transport.decorator.RedirectingEurekaHttpClient : Request execution error. endpoint=DefaultEndpoint{ serviceUrl='http://localhost:8761/eureka/}
com.sun.jersey.api.client.ClientHandlerException: java.net.ConnectException: Connection refused: connect
	at com.sun.jersey.client.apache4.ApacheHttpClient4Handler.handle(ApacheHttpClient4Handler.java:187)
	at com.sun.jersey.api.client.filter.GZIPContentEncodingFilter.handle(GZIPContentEncodingFilter.java:123)
	at com.netflix.discovery.EurekaIdentityHeaderFilter.handle(EurekaIdentityHeaderFilter.java:27)
	at com.sun.jersey.api.client.Client.handle(Client.java:652)
	at com.sun.jersey.api.client.WebResource.handle(WebResource.java:682)
	at com.sun.jersey.api.client.WebResource.access$200(WebResource.java:74)
	at com.sun.jersey.api.client.WebResource$Builder.post(WebResource.java:570)
	at com.netflix.discovery.shared.transport.jersey.AbstractJerseyEurekaHttpClient.register(AbstractJerseyEurekaHttpClient.java:56)
	at com.netflix.discovery.shared.transport.decorator.EurekaHttpClientDecorator$1.execute(EurekaHttpClientDecorator.java:59)
	at com.netflix.discovery.shared.transport.decorator.MetricsCollectingEurekaHttpClient.execute(MetricsCollectingEurekaHttpClient.java:73)
	at com.netflix.discovery.shared.transport.decorator.EurekaHttpClientDecorator.register(EurekaHttpClientDecorator.java:56)
	at com.netflix.discovery.shared.transport.decorator.EurekaHttpClientDecorator$1.execute(EurekaHttpClientDecorator.java:59)
	at com.netflix.discovery.shared.transport.decorator.RedirectingEurekaHttpClient.executeOnNewServer(RedirectingEurekaHttpClient.java:118)
	at com.netflix.discovery.shared.transport.decorator.RedirectingEurekaHttpClient.execute(RedirectingEurekaHttpClient.java:79)
	at com.netflix.discovery.shared.transport.decorator.EurekaHttpClientDecorator.register(EurekaHttpClientDecorator.java:56)
	at com.netflix.discovery.shared.transport.decorator.EurekaHttpClientDecorator$1.execute(EurekaHttpClientDecorator.java:59)
	at com.netflix.discovery.shared.transport.decorator.RetryableEurekaHttpClient.execute(RetryableEurekaHttpClient.java:120)
	at com.netflix.discovery.shared.transport.decorator.EurekaHttpClientDecorator.register(EurekaHttpClientDecorator.java:56)
	at com.netflix.discovery.shared.transport.decorator.EurekaHttpClientDecorator$1.execute(EurekaHttpClientDecorator.java:59)
	at com.netflix.discovery.shared.transport.decorator.SessionedEurekaHttpClient.execute(SessionedEurekaHttpClient.java:77)
	at com.netflix.discovery.shared.transport.decorator.EurekaHttpClientDecorator.register(EurekaHttpClientDecorator.java:56)
	at com.netflix.discovery.DiscoveryClient.register(DiscoveryClient.java:847)
	at com.netflix.discovery.InstanceInfoReplicator.run(InstanceInfoReplicator.java:121)
	at com.netflix.discovery.InstanceInfoReplicator$1.run(InstanceInfoReplicator.java:101)
	at java.util.concurrent.Executors$RunnableAdapter.call(Executors.java:511)
	at java.util.concurrent.FutureTask.run(FutureTask.java:266)
	at java.util.concurrent.ScheduledThreadPoolExecutor$ScheduledFutureTask.access$201(ScheduledThreadPoolExecutor.java:180)
	at java.util.concurrent.ScheduledThreadPoolExecutor$ScheduledFutureTask.run(ScheduledThreadPoolExecutor.java:293)
	at java.util.concurrent.ThreadPoolExecutor.runWorker(ThreadPoolExecutor.java:1149)
	at java.util.concurrent.ThreadPoolExecutor$Worker.run(ThreadPoolExecutor.java:624)
	at java.lang.Thread.run(Thread.java:750)
Caused by: java.net.ConnectException: Connection refused: connect
	at java.net.DualStackPlainSocketImpl.waitForConnect(Native Method)
	at java.net.DualStackPlainSocketImpl.socketConnect(DualStackPlainSocketImpl.java:85)
	at java.net.AbstractPlainSocketImpl.doConnect(AbstractPlainSocketImpl.java:350)
	at java.net.AbstractPlainSocketImpl.connectToAddress(AbstractPlainSocketImpl.java:206)
	at java.net.AbstractPlainSocketImpl.connect(AbstractPlainSocketImpl.java:188)
	at java.net.PlainSocketImpl.connect(PlainSocketImpl.java:172)
	at java.net.SocksSocketImpl.connect(SocksSocketImpl.java:392)
	at java.net.Socket.connect(Socket.java:607)
	at org.apache.http.conn.scheme.PlainSocketFactory.connectSocket(PlainSocketFactory.java:121)
	at org.apache.http.impl.conn.DefaultClientConnectionOperator.openConnection(DefaultClientConnectionOperator.java:180)
	at org.apache.http.impl.conn.AbstractPoolEntry.open(AbstractPoolEntry.java:144)
	at org.apache.http.impl.conn.AbstractPooledConnAdapter.open(AbstractPooledConnAdapter.java:134)
	at org.apache.http.impl.client.DefaultRequestDirector.tryConnect(DefaultRequestDirector.java:605)
	at org.apache.http.impl.client.DefaultRequestDirector.execute(DefaultRequestDirector.java:440)
	at org.apache.http.impl.client.AbstractHttpClient.doExecute(AbstractHttpClient.java:835)
	at org.apache.http.impl.client.CloseableHttpClient.execute(CloseableHttpClient.java:118)
	at org.apache.http.impl.client.CloseableHttpClient.execute(CloseableHttpClient.java:56)
	at com.sun.jersey.client.apache4.ApacheHttpClient4Handler.handle(ApacheHttpClient4Handler.java:173)
	... 30 common frames omitted
[2026-09-20 16:19:07 IST] WARN [Service Name -> bookstore-api-gateway-service], [TraceId -> ], [SpanId -> ] 
      <DiscoveryClient-InstanceInfoReplicator-0> com.netflix.discovery.shared.transport.decorator.RetryableEurekaHttpClient : Request execution failed with message: java.net.ConnectException: Connection refused: connect
[2026-09-20 16:19:07 IST] WARN [Service Name -> bookstore-api-gateway-service], [TraceId -> ], [SpanId -> ] 
      <DiscoveryClient-InstanceInfoReplicator-0> com.netflix.discovery.DiscoveryClient : DiscoveryClient_BOOKSTORE-API-GATEWAY-SERVICE/LAPTOP-PIAE5DDA:bookstore-api-gateway-service:8765 - registration failed Cannot execute request on any known server
com.netflix.discovery.shared.transport.TransportException: Cannot execute request on any known server
	at com.netflix.discovery.shared.transport.decorator.RetryableEurekaHttpClient.execute(RetryableEurekaHttpClient.java:112)
	at com.netflix.discovery.shared.transport.decorator.EurekaHttpClientDecorator.register(EurekaHttpClientDecorator.java:56)
	at com.netflix.discovery.shared.transport.decorator.EurekaHttpClientDecorator$1.execute(EurekaHttpClientDecorator.java:59)
	at com.netflix.discovery.shared.transport.decorator.SessionedEurekaHttpClient.execute(SessionedEurekaHttpClient.java:77)
	at com.netflix.discovery.shared.transport.decorator.EurekaHttpClientDecorator.register(EurekaHttpClientDecorator.java:56)
	at com.netflix.discovery.DiscoveryClient.register(DiscoveryClient.java:847)
	at com.netflix.discovery.InstanceInfoReplicator.run(InstanceInfoReplicator.java:121)
	at com.netflix.discovery.InstanceInfoReplicator$1.run(InstanceInfoReplicator.java:101)
	at java.util.concurrent.Executors$RunnableAdapter.call(Executors.java:511)
	at java.util.concurrent.FutureTask.run(FutureTask.java:266)
	at java.util.concurrent.ScheduledThreadPoolExecutor$ScheduledFutureTask.access$201(ScheduledThreadPoolExecutor.java:180)
	at java.util.concurrent.ScheduledThreadPoolExecutor$ScheduledFutureTask.run(ScheduledThreadPoolExecutor.java:293)
	at java.util.concurrent.ThreadPoolExecutor.runWorker(ThreadPoolExecutor.java:1149)
	at java.util.concurrent.ThreadPoolExecutor$Worker.run(ThreadPoolExecutor.java:624)
	at java.lang.Thread.run(Thread.java:750)
[2026-09-20 16:19:07 IST] WARN [Service Name -> bookstore-api-gateway-service], [TraceId -> ], [SpanId -> ] 
      <DiscoveryClient-InstanceInfoReplicator-0> com.netflix.discovery.InstanceInfoReplicator : There was a problem with the instance info replicator
com.netflix.discovery.shared.transport.TransportException: Cannot execute request on any known server
	at com.netflix.discovery.shared.transport.decorator.RetryableEurekaHttpClient.execute(RetryableEurekaHttpClient.java:112)
	at com.netflix.discovery.shared.transport.decorator.EurekaHttpClientDecorator.register(EurekaHttpClientDecorator.java:56)
	at com.netflix.discovery.shared.transport.decorator.EurekaHttpClientDecorator$1.execute(EurekaHttpClientDecorator.java:59)
	at com.netflix.discovery.shared.transport.decorator.SessionedEurekaHttpClient.execute(SessionedEurekaHttpClient.java:77)
	at com.netflix.discovery.shared.transport.decorator.EurekaHttpClientDecorator.register(EurekaHttpClientDecorator.java:56)
	at com.netflix.discovery.DiscoveryClient.register(DiscoveryClient.java:847)
	at com.netflix.discovery.InstanceInfoReplicator.run(InstanceInfoReplicator.java:121)
	at com.netflix.discovery.InstanceInfoReplicator$1.run(InstanceInfoReplicator.java:101)
	at java.util.concurrent.Executors$RunnableAdapter.call(Executors.java:511)
	at java.util.concurrent.FutureTask.run(FutureTask.java:266)
	at java.util.concurrent.ScheduledThreadPoolExecutor$ScheduledFutureTask.access$201(ScheduledThreadPoolExecutor.java:180)
	at java.util.concurrent.ScheduledThreadPoolExecutor$ScheduledFutureTask.run(ScheduledThreadPoolExecutor.java:293)
	at java.util.concurrent.ThreadPoolExecutor.runWorker(ThreadPoolExecutor.java:1149)
	at java.util.concurrent.ThreadPoolExecutor$Worker.run(ThreadPoolExecutor.java:624)
	at java.lang.Thread.run(Thread.java:750)
[2026-09-20 16:19:07 IST] INFO [Service Name -> bookstore-api-gateway-service], [TraceId -> ], [SpanId -> ] 
      <main> com.netflix.config.ChainedDynamicProperty : Flipping property: bookstore-account-service.ribbon.ActiveConnectionsLimit to use NEXT property: niws.loadbalancer.availabilityFilteringRule.activeConnectionsLimit = 2147483647
[2026-09-20 16:19:07 IST] INFO [Service Name -> bookstore-api-gateway-service], [TraceId -> ], [SpanId -> ] 
      <main> com.netflix.util.concurrent.ShutdownEnabledTimer : Shutdown hook installed for: NFLoadBalancer-PingTimer-bookstore-account-service
[2026-09-20 16:19:07 IST] INFO [Service Name -> bookstore-api-gateway-service], [TraceId -> ], [SpanId -> ] 
      <main> com.netflix.loadbalancer.BaseLoadBalancer : Client: bookstore-account-service instantiated a LoadBalancer: DynamicServerListLoadBalancer:{NFLoadBalancer:name=bookstore-account-service,current list of Servers=[],Load balancer stats=Zone stats: {},Server stats: []}ServerList:null
[2026-09-20 16:19:07 IST] INFO [Service Name -> bookstore-api-gateway-service], [TraceId -> ], [SpanId -> ] 
      <main> com.netflix.loadbalancer.DynamicServerListLoadBalancer : Using serverListUpdater PollingServerListUpdater
[2026-09-20 16:19:07 IST] INFO [Service Name -> bookstore-api-gateway-service], [TraceId -> ], [SpanId -> ] 
      <main> com.netflix.loadbalancer.DynamicServerListLoadBalancer : DynamicServerListLoadBalancer for client bookstore-account-service initialized: DynamicServerListLoadBalancer:{NFLoadBalancer:name=bookstore-account-service,current list of Servers=[],Load balancer stats=Zone stats: {},Server stats: []}ServerList:org.springframework.cloud.netflix.ribbon.eureka.DomainExtractingServerList@282c5075
[2026-09-20 16:19:07 IST] INFO [Service Name -> bookstore-api-gateway-service], [TraceId -> ], [SpanId -> ] 
      <main> com.netflix.config.ChainedDynamicProperty : Flipping property: bookstore-order-service.ribbon.ActiveConnectionsLimit to use NEXT property: niws.loadbalancer.availabilityFilteringRule.activeConnectionsLimit = 2147483647
[2026-09-20 16:19:08 IST] INFO [Service Name -> bookstore-api-gateway-service], [TraceId -> ], [SpanId -> ] 
      <main> com.netflix.util.concurrent.ShutdownEnabledTimer : Shutdown hook installed for: NFLoadBalancer-PingTimer-bookstore-order-service
[2026-09-20 16:19:08 IST] INFO [Service Name -> bookstore-api-gateway-service], [TraceId -> ], [SpanId -> ] 
      <main> com.netflix.loadbalancer.BaseLoadBalancer : Client: bookstore-order-service instantiated a LoadBalancer: DynamicServerListLoadBalancer:{NFLoadBalancer:name=bookstore-order-service,current list of Servers=[],Load balancer stats=Zone stats: {},Server stats: []}ServerList:null
[2026-09-20 16:19:08 IST] INFO [Service Name -> bookstore-api-gateway-service], [TraceId -> ], [SpanId -> ] 
      <main> com.netflix.loadbalancer.DynamicServerListLoadBalancer : Using serverListUpdater PollingServerListUpdater
[2026-09-20 16:19:08 IST] INFO [Service Name -> bookstore-api-gateway-service], [TraceId -> ], [SpanId -> ] 
      <main> com.netflix.loadbalancer.DynamicServerListLoadBalancer : DynamicServerListLoadBalancer for client bookstore-order-service initialized: DynamicServerListLoadBalancer:{NFLoadBalancer:name=bookstore-order-service,current list of Servers=[],Load balancer stats=Zone stats: {},Server stats: []}ServerList:org.springframework.cloud.netflix.ribbon.eureka.DomainExtractingServerList@42cf5a6f
[2026-09-20 16:19:08 IST] INFO [Service Name -> bookstore-api-gateway-service], [TraceId -> ], [SpanId -> ] 
      <main> com.netflix.config.ChainedDynamicProperty : Flipping property: bookstore-payment-service.ribbon.ActiveConnectionsLimit to use NEXT property: niws.loadbalancer.availabilityFilteringRule.activeConnectionsLimit = 2147483647
[2026-09-20 16:19:08 IST] INFO [Service Name -> bookstore-api-gateway-service], [TraceId -> ], [SpanId -> ] 
      <main> com.netflix.util.concurrent.ShutdownEnabledTimer : Shutdown hook installed for: NFLoadBalancer-PingTimer-bookstore-payment-service
[2026-09-20 16:19:08 IST] INFO [Service Name -> bookstore-api-gateway-service], [TraceId -> ], [SpanId -> ] 
      <main> com.netflix.loadbalancer.BaseLoadBalancer : Client: bookstore-payment-service instantiated a LoadBalancer: DynamicServerListLoadBalancer:{NFLoadBalancer:name=bookstore-payment-service,current list of Servers=[],Load balancer stats=Zone stats: {},Server stats: []}ServerList:null
[2026-09-20 16:19:08 IST] INFO [Service Name -> bookstore-api-gateway-service], [TraceId -> ], [SpanId -> ] 
      <main> com.netflix.loadbalancer.DynamicServerListLoadBalancer : Using serverListUpdater PollingServerListUpdater
[2026-09-20 16:19:08 IST] INFO [Service Name -> bookstore-api-gateway-service], [TraceId -> ], [SpanId -> ] 
      <main> com.netflix.loadbalancer.DynamicServerListLoadBalancer : DynamicServerListLoadBalancer for client bookstore-payment-service initialized: DynamicServerListLoadBalancer:{NFLoadBalancer:name=bookstore-payment-service,current list of Servers=[],Load balancer stats=Zone stats: {},Server stats: []}ServerList:org.springframework.cloud.netflix.ribbon.eureka.DomainExtractingServerList@1e406cbe
[2026-09-20 16:19:33 IST] INFO [Service Name -> bookstore-api-gateway-service], [TraceId -> ], [SpanId -> ] 
      <DiscoveryClient-CacheRefreshExecutor-0> com.netflix.discovery.DiscoveryClient : Disable delta property : false
[2026-09-20 16:19:33 IST] INFO [Service Name -> bookstore-api-gateway-service], [TraceId -> ], [SpanId -> ] 
      <DiscoveryClient-CacheRefreshExecutor-0> com.netflix.discovery.DiscoveryClient : Single vip registry refresh property : null
[2026-09-20 16:19:33 IST] INFO [Service Name -> bookstore-api-gateway-service], [TraceId -> ], [SpanId -> ] 
      <DiscoveryClient-CacheRefreshExecutor-0> com.netflix.discovery.DiscoveryClient : Force full registry fetch : false
[2026-09-20 16:19:33 IST] INFO [Service Name -> bookstore-api-gateway-service], [TraceId -> ], [SpanId -> ] 
      <DiscoveryClient-CacheRefreshExecutor-0> com.netflix.discovery.DiscoveryClient : Application is null : false
[2026-09-20 16:19:33 IST] INFO [Service Name -> bookstore-api-gateway-service], [TraceId -> ], [SpanId -> ] 
      <DiscoveryClient-CacheRefreshExecutor-0> com.netflix.discovery.DiscoveryClient : Registered Applications size is zero : true
[2026-09-20 16:19:33 IST] INFO [Service Name -> bookstore-api-gateway-service], [TraceId -> ], [SpanId -> ] 
      <DiscoveryClient-CacheRefreshExecutor-0> com.netflix.discovery.DiscoveryClient : Application version is -1: true
[2026-09-20 16:19:33 IST] INFO [Service Name -> bookstore-api-gateway-service], [TraceId -> ], [SpanId -> ] 
      <DiscoveryClient-CacheRefreshExecutor-0> com.netflix.discovery.DiscoveryClient : Getting all instance registry info from the eureka server
[2026-09-20 16:19:37 IST] ERROR [Service Name -> bookstore-api-gateway-service], [TraceId -> ], [SpanId -> ] 
      <DiscoveryClient-HeartbeatExecutor-0> com.netflix.discovery.shared.transport.decorator.RedirectingEurekaHttpClient : Request execution error. endpoint=DefaultEndpoint{ serviceUrl='http://localhost:8761/eureka/}
com.sun.jersey.api.client.ClientHandlerException: java.net.ConnectException: Connection refused: connect
	at com.sun.jersey.client.apache4.ApacheHttpClient4Handler.handle(ApacheHttpClient4Handler.java:187)
	at com.sun.jersey.api.client.filter.GZIPContentEncodingFilter.handle(GZIPContentEncodingFilter.java:123)
	at com.netflix.discovery.EurekaIdentityHeaderFilter.handle(EurekaIdentityHeaderFilter.java:27)
	at com.sun.jersey.api.client.Client.handle(Client.java:652)
	at com.sun.jersey.api.client.WebResource.handle(WebResource.java:682)
	at com.sun.jersey.api.client.WebResource.access$200(WebResource.java:74)
	at com.sun.jersey.api.client.WebResource$Builder.put(WebResource.java:529)
	at com.netflix.discovery.shared.transport.jersey.AbstractJerseyEurekaHttpClient.sendHeartBeat(AbstractJerseyEurekaHttpClient.java:102)
	at com.netflix.discovery.shared.transport.decorator.EurekaHttpClientDecorator$3.execute(EurekaHttpClientDecorator.java:92)
	at com.netflix.discovery.shared.transport.decorator.MetricsCollectingEurekaHttpClient.execute(MetricsCollectingEurekaHttpClient.java:73)
	at com.netflix.discovery.shared.transport.decorator.EurekaHttpClientDecorator.sendHeartBeat(EurekaHttpClientDecorator.java:89)
	at com.netflix.discovery.shared.transport.decorator.EurekaHttpClientDecorator$3.execute(EurekaHttpClientDecorator.java:92)
	at com.netflix.discovery.shared.transport.decorator.RedirectingEurekaHttpClient.executeOnNewServer(RedirectingEurekaHttpClient.java:118)
	at com.netflix.discovery.shared.transport.decorator.RedirectingEurekaHttpClient.execute(RedirectingEurekaHttpClient.java:79)
	at com.netflix.discovery.shared.transport.decorator.EurekaHttpClientDecorator.sendHeartBeat(EurekaHttpClientDecorator.java:89)
	at com.netflix.discovery.shared.transport.decorator.EurekaHttpClientDecorator$3.execute(EurekaHttpClientDecorator.java:92)
	at com.netflix.discovery.shared.transport.decorator.RetryableEurekaHttpClient.execute(RetryableEurekaHttpClient.java:120)
	at com.netflix.discovery.shared.transport.decorator.EurekaHttpClientDecorator.sendHeartBeat(EurekaHttpClientDecorator.java:89)
	at com.netflix.discovery.shared.transport.decorator.EurekaHttpClientDecorator$3.execute(EurekaHttpClientDecorator.java:92)
	at com.netflix.discovery.shared.transport.decorator.SessionedEurekaHttpClient.execute(SessionedEurekaHttpClient.java:77)
	at com.netflix.discovery.shared.transport.decorator.EurekaHttpClientDecorator.sendHeartBeat(EurekaHttpClientDecorator.java:89)
	at com.netflix.discovery.DiscoveryClient.renew(DiscoveryClient.java:864)
	at com.netflix.discovery.DiscoveryClient$HeartbeatThread.run(DiscoveryClient.java:1423)
	at java.util.concurrent.Executors$RunnableAdapter.call(Executors.java:511)
	at java.util.concurrent.FutureTask.run(FutureTask.java:266)
	at java.util.concurrent.ThreadPoolExecutor.runWorker(ThreadPoolExecutor.java:1149)
	at java.util.concurrent.ThreadPoolExecutor$Worker.run(ThreadPoolExecutor.java:624)
	at java.lang.Thread.run(Thread.java:750)
Caused by: java.net.ConnectException: Connection refused: connect
	at java.net.DualStackPlainSocketImpl.waitForConnect(Native Method)
	at java.net.DualStackPlainSocketImpl.socketConnect(DualStackPlainSocketImpl.java:85)
	at java.net.AbstractPlainSocketImpl.doConnect(AbstractPlainSocketImpl.java:350)
	at java.net.AbstractPlainSocketImpl.connectToAddress(AbstractPlainSocketImpl.java:206)
	at java.net.AbstractPlainSocketImpl.connect(AbstractPlainSocketImpl.java:188)
	at java.net.PlainSocketImpl.connect(PlainSocketImpl.java:172)
	at java.net.SocksSocketImpl.connect(SocksSocketImpl.java:392)
	at java.net.Socket.connect(Socket.java:607)
	at org.apache.http.conn.scheme.PlainSocketFactory.connectSocket(PlainSocketFactory.java:121)
	at org.apache.http.impl.conn.DefaultClientConnectionOperator.openConnection(DefaultClientConnectionOperator.java:180)
	at org.apache.http.impl.conn.AbstractPoolEntry.open(AbstractPoolEntry.java:144)
	at org.apache.http.impl.conn.AbstractPooledConnAdapter.open(AbstractPooledConnAdapter.java:134)
	at org.apache.http.impl.client.DefaultRequestDirector.tryConnect(DefaultRequestDirector.java:605)
	at org.apache.http.impl.client.DefaultRequestDirector.execute(DefaultRequestDirector.java:440)
	at org.apache.http.impl.client.AbstractHttpClient.doExecute(AbstractHttpClient.java:835)
	at org.apache.http.impl.client.CloseableHttpClient.execute(CloseableHttpClient.java:118)
	at org.apache.http.impl.client.CloseableHttpClient.execute(CloseableHttpClient.java:56)
	at com.sun.jersey.client.apache4.ApacheHttpClient4Handler.handle(ApacheHttpClient4Handler.java:173)
	... 27 common frames omitted
[2026-09-20 16:19:37 IST] WARN [Service Name -> bookstore-api-gateway-service], [TraceId -> ], [SpanId -> ] 
      <DiscoveryClient-HeartbeatExecutor-0> com.netflix.discovery.shared.transport.decorator.RetryableEurekaHttpClient : Request execution failed with message: java.net.ConnectException: Connection refused: connect
[2026-09-20 16:19:37 IST] ERROR [Service Name -> bookstore-api-gateway-service], [TraceId -> ], [SpanId -> ] 
      <DiscoveryClient-HeartbeatExecutor-0> com.netflix.discovery.DiscoveryClient : DiscoveryClient_BOOKSTORE-API-GATEWAY-SERVICE/LAPTOP-PIAE5DDA:bookstore-api-gateway-service:8765 - was unable to send heartbeat!
com.netflix.discovery.shared.transport.TransportException: Cannot execute request on any known server
	at com.netflix.discovery.shared.transport.decorator.RetryableEurekaHttpClient.execute(RetryableEurekaHttpClient.java:112)
	at com.netflix.discovery.shared.transport.decorator.EurekaHttpClientDecorator.sendHeartBeat(EurekaHttpClientDecorator.java:89)
	at com.netflix.discovery.shared.transport.decorator.EurekaHttpClientDecorator$3.execute(EurekaHttpClientDecorator.java:92)
	at com.netflix.discovery.shared.transport.decorator.SessionedEurekaHttpClient.execute(SessionedEurekaHttpClient.java:77)
	at com.netflix.discovery.shared.transport.decorator.EurekaHttpClientDecorator.sendHeartBeat(EurekaHttpClientDecorator.java:89)
	at com.netflix.discovery.DiscoveryClient.renew(DiscoveryClient.java:864)
	at com.netflix.discovery.DiscoveryClient$HeartbeatThread.run(DiscoveryClient.java:1423)
	at java.util.concurrent.Executors$RunnableAdapter.call(Executors.java:511)
	at java.util.concurrent.FutureTask.run(FutureTask.java:266)
	at java.util.concurrent.ThreadPoolExecutor.runWorker(ThreadPoolExecutor.java:1149)
	at java.util.concurrent.ThreadPoolExecutor$Worker.run(ThreadPoolExecutor.java:624)
	at java.lang.Thread.run(Thread.java:750)
[2026-09-20 16:19:37 IST] ERROR [Service Name -> bookstore-api-gateway-service], [TraceId -> ], [SpanId -> ] 
      <DiscoveryClient-CacheRefreshExecutor-0> com.netflix.discovery.shared.transport.decorator.RedirectingEurekaHttpClient : Request execution error. endpoint=DefaultEndpoint{ serviceUrl='http://localhost:8761/eureka/}
com.sun.jersey.api.client.ClientHandlerException: java.net.ConnectException: Connection refused: connect
	at com.sun.jersey.client.apache4.ApacheHttpClient4Handler.handle(ApacheHttpClient4Handler.java:187)
	at com.sun.jersey.api.client.filter.GZIPContentEncodingFilter.handle(GZIPContentEncodingFilter.java:123)
	at com.netflix.discovery.EurekaIdentityHeaderFilter.handle(EurekaIdentityHeaderFilter.java:27)
	at com.sun.jersey.api.client.Client.handle(Client.java:652)
	at com.sun.jersey.api.client.WebResource.handle(WebResource.java:682)
	at com.sun.jersey.api.client.WebResource.access$200(WebResource.java:74)
	at com.sun.jersey.api.client.WebResource$Builder.get(WebResource.java:509)
	at com.netflix.discovery.shared.transport.jersey.AbstractJerseyEurekaHttpClient.getApplicationsInternal(AbstractJerseyEurekaHttpClient.java:194)
	at com.netflix.discovery.shared.transport.jersey.AbstractJerseyEurekaHttpClient.getApplications(AbstractJerseyEurekaHttpClient.java:165)
	at com.netflix.discovery.shared.transport.decorator.EurekaHttpClientDecorator$6.execute(EurekaHttpClientDecorator.java:137)
	at com.netflix.discovery.shared.transport.decorator.MetricsCollectingEurekaHttpClient.execute(MetricsCollectingEurekaHttpClient.java:73)
	at com.netflix.discovery.shared.transport.decorator.EurekaHttpClientDecorator.getApplications(EurekaHttpClientDecorator.java:134)
	at com.netflix.discovery.shared.transport.decorator.EurekaHttpClientDecorator$6.execute(EurekaHttpClientDecorator.java:137)
	at com.netflix.discovery.shared.transport.decorator.RedirectingEurekaHttpClient.executeOnNewServer(RedirectingEurekaHttpClient.java:118)
	at com.netflix.discovery.shared.transport.decorator.RedirectingEurekaHttpClient.execute(RedirectingEurekaHttpClient.java:79)
	at com.netflix.discovery.shared.transport.decorator.EurekaHttpClientDecorator.getApplications(EurekaHttpClientDecorator.java:134)
	at com.netflix.discovery.shared.transport.decorator.EurekaHttpClientDecorator$6.execute(EurekaHttpClientDecorator.java:137)
	at com.netflix.discovery.shared.transport.decorator.RetryableEurekaHttpClient.execute(RetryableEurekaHttpClient.java:120)
	at com.netflix.discovery.shared.transport.decorator.EurekaHttpClientDecorator.getApplications(EurekaHttpClientDecorator.java:134)
	at com.netflix.discovery.shared.transport.decorator.EurekaHttpClientDecorator$6.execute(EurekaHttpClientDecorator.java:137)
	at com.netflix.discovery.shared.transport.decorator.SessionedEurekaHttpClient.execute(SessionedEurekaHttpClient.java:77)
	at com.netflix.discovery.shared.transport.decorator.EurekaHttpClientDecorator.getApplications(EurekaHttpClientDecorator.java:134)
	at com.netflix.discovery.DiscoveryClient.getAndStoreFullRegistry(DiscoveryClient.java:1069)
	at com.netflix.discovery.DiscoveryClient.fetchRegistry(DiscoveryClient.java:983)
	at com.netflix.discovery.DiscoveryClient.refreshRegistry(DiscoveryClient.java:1497)
	at com.netflix.discovery.DiscoveryClient$CacheRefreshThread.run(DiscoveryClient.java:1464)
	at java.util.concurrent.Executors$RunnableAdapter.call(Executors.java:511)
	at java.util.concurrent.FutureTask.run(FutureTask.java:266)
	at java.util.concurrent.ThreadPoolExecutor.runWorker(ThreadPoolExecutor.java:1149)
	at java.util.concurrent.ThreadPoolExecutor$Worker.run(ThreadPoolExecutor.java:624)
	at java.lang.Thread.run(Thread.java:750)
Caused by: java.net.ConnectException: Connection refused: connect
	at java.net.DualStackPlainSocketImpl.waitForConnect(Native Method)
	at java.net.DualStackPlainSocketImpl.socketConnect(DualStackPlainSocketImpl.java:85)
	at java.net.AbstractPlainSocketImpl.doConnect(AbstractPlainSocketImpl.java:350)
	at java.net.AbstractPlainSocketImpl.connectToAddress(AbstractPlainSocketImpl.java:206)
	at java.net.AbstractPlainSocketImpl.connect(AbstractPlainSocketImpl.java:188)
	at java.net.PlainSocketImpl.connect(PlainSocketImpl.java:172)
	at java.net.SocksSocketImpl.connect(SocksSocketImpl.java:392)
	at java.net.Socket.connect(Socket.java:607)
	at org.apache.http.conn.scheme.PlainSocketFactory.connectSocket(PlainSocketFactory.java:121)
	at org.apache.http.impl.conn.DefaultClientConnectionOperator.openConnection(DefaultClientConnectionOperator.java:180)
	at org.apache.http.impl.conn.AbstractPoolEntry.open(AbstractPoolEntry.java:144)
	at org.apache.http.impl.conn.AbstractPooledConnAdapter.open(AbstractPooledConnAdapter.java:134)
	at org.apache.http.impl.client.DefaultRequestDirector.tryConnect(DefaultRequestDirector.java:605)
	at org.apache.http.impl.client.DefaultRequestDirector.execute(DefaultRequestDirector.java:440)
	at org.apache.http.impl.client.AbstractHttpClient.doExecute(AbstractHttpClient.java:835)
	at org.apache.http.impl.client.CloseableHttpClient.execute(CloseableHttpClient.java:118)
	at org.apache.http.impl.client.CloseableHttpClient.execute(CloseableHttpClient.java:56)
	at com.sun.jersey.client.apache4.ApacheHttpClient4Handler.handle(ApacheHttpClient4Handler.java:173)
	... 30 common frames omitted
[2026-09-20 16:19:37 IST] WARN [Service Name -> bookstore-api-gateway-service], [TraceId -> ], [SpanId -> ] 
      <DiscoveryClient-CacheRefreshExecutor-0> com.netflix.discovery.shared.transport.decorator.RetryableEurekaHttpClient : Request execution failed with message: java.net.ConnectException: Connection refused: connect
[2026-09-20 16:19:37 IST] ERROR [Service Name -> bookstore-api-gateway-service], [TraceId -> ], [SpanId -> ] 
      <DiscoveryClient-CacheRefreshExecutor-0> com.netflix.discovery.DiscoveryClient : DiscoveryClient_BOOKSTORE-API-GATEWAY-SERVICE/LAPTOP-PIAE5DDA:bookstore-api-gateway-service:8765 - was unable to refresh its cache! status = Cannot execute request on any known server
com.netflix.discovery.shared.transport.TransportException: Cannot execute request on any known server
	at com.netflix.discovery.shared.transport.decorator.RetryableEurekaHttpClient.execute(RetryableEurekaHttpClient.java:112)
	at com.netflix.discovery.shared.transport.decorator.EurekaHttpClientDecorator.getApplications(EurekaHttpClientDecorator.java:134)
	at com.netflix.discovery.shared.transport.decorator.EurekaHttpClientDecorator$6.execute(EurekaHttpClientDecorator.java:137)
	at com.netflix.discovery.shared.transport.decorator.SessionedEurekaHttpClient.execute(SessionedEurekaHttpClient.java:77)
	at com.netflix.discovery.shared.transport.decorator.EurekaHttpClientDecorator.getApplications(EurekaHttpClientDecorator.java:134)
	at com.netflix.discovery.DiscoveryClient.getAndStoreFullRegistry(DiscoveryClient.java:1069)
	at com.netflix.discovery.DiscoveryClient.fetchRegistry(DiscoveryClient.java:983)
	at com.netflix.discovery.DiscoveryClient.refreshRegistry(DiscoveryClient.java:1497)
	at com.netflix.discovery.DiscoveryClient$CacheRefreshThread.run(DiscoveryClient.java:1464)
	at java.util.concurrent.Executors$RunnableAdapter.call(Executors.java:511)
	at java.util.concurrent.FutureTask.run(FutureTask.java:266)
	at java.util.concurrent.ThreadPoolExecutor.runWorker(ThreadPoolExecutor.java:1149)
	at java.util.concurrent.ThreadPoolExecutor$Worker.run(ThreadPoolExecutor.java:624)
	at java.lang.Thread.run(Thread.java:750)
[2026-09-20 16:19:37 IST] INFO [Service Name -> bookstore-api-gateway-service], [TraceId -> ], [SpanId -> ] 
      <DiscoveryClient-InstanceInfoReplicator-0> com.netflix.discovery.DiscoveryClient : DiscoveryClient_BOOKSTORE-API-GATEWAY-SERVICE/LAPTOP-PIAE5DDA:bookstore-api-gateway-service:8765: registering service...
[2026-09-20 16:19:41 IST] ERROR [Service Name -> bookstore-api-gateway-service], [TraceId -> ], [SpanId -> ] 
      <DiscoveryClient-InstanceInfoReplicator-0> com.netflix.discovery.shared.transport.decorator.RedirectingEurekaHttpClient : Request execution error. endpoint=DefaultEndpoint{ serviceUrl='http://localhost:8761/eureka/}
com.sun.jersey.api.client.ClientHandlerException: java.net.ConnectException: Connection refused: connect
	at com.sun.jersey.client.apache4.ApacheHttpClient4Handler.handle(ApacheHttpClient4Handler.java:187)
	at com.sun.jersey.api.client.filter.GZIPContentEncodingFilter.handle(GZIPContentEncodingFilter.java:123)
	at com.netflix.discovery.EurekaIdentityHeaderFilter.handle(EurekaIdentityHeaderFilter.java:27)
	at com.sun.jersey.api.client.Client.handle(Client.java:652)
	at com.sun.jersey.api.client.WebResource.handle(WebResource.java:682)
	at com.sun.jersey.api.client.WebResource.access$200(WebResource.java:74)
	at com.sun.jersey.api.client.WebResource$Builder.post(WebResource.java:570)
	at com.netflix.discovery.shared.transport.jersey.AbstractJerseyEurekaHttpClient.register(AbstractJerseyEurekaHttpClient.java:56)
	at com.netflix.discovery.shared.transport.decorator.EurekaHttpClientDecorator$1.execute(EurekaHttpClientDecorator.java:59)
	at com.netflix.discovery.shared.transport.decorator.MetricsCollectingEurekaHttpClient.execute(MetricsCollectingEurekaHttpClient.java:73)
	at com.netflix.discovery.shared.transport.decorator.EurekaHttpClientDecorator.register(EurekaHttpClientDecorator.java:56)
	at com.netflix.discovery.shared.transport.decorator.EurekaHttpClientDecorator$1.execute(EurekaHttpClientDecorator.java:59)
	at com.netflix.discovery.shared.transport.decorator.RedirectingEurekaHttpClient.executeOnNewServer(RedirectingEurekaHttpClient.java:118)
	at com.netflix.discovery.shared.transport.decorator.RedirectingEurekaHttpClient.execute(RedirectingEurekaHttpClient.java:79)
	at com.netflix.discovery.shared.transport.decorator.EurekaHttpClientDecorator.register(EurekaHttpClientDecorator.java:56)
	at com.netflix.discovery.shared.transport.decorator.EurekaHttpClientDecorator$1.execute(EurekaHttpClientDecorator.java:59)
	at com.netflix.discovery.shared.transport.decorator.RetryableEurekaHttpClient.execute(RetryableEurekaHttpClient.java:120)
	at com.netflix.discovery.shared.transport.decorator.EurekaHttpClientDecorator.register(EurekaHttpClientDecorator.java:56)
	at com.netflix.discovery.shared.transport.decorator.EurekaHttpClientDecorator$1.execute(EurekaHttpClientDecorator.java:59)
	at com.netflix.discovery.shared.transport.decorator.SessionedEurekaHttpClient.execute(SessionedEurekaHttpClient.java:77)
	at com.netflix.discovery.shared.transport.decorator.EurekaHttpClientDecorator.register(EurekaHttpClientDecorator.java:56)
	at com.netflix.discovery.DiscoveryClient.register(DiscoveryClient.java:847)
	at com.netflix.discovery.InstanceInfoReplicator.run(InstanceInfoReplicator.java:121)
	at java.util.concurrent.Executors$RunnableAdapter.call(Executors.java:511)
	at java.util.concurrent.FutureTask.run(FutureTask.java:266)
	at java.util.concurrent.ScheduledThreadPoolExecutor$ScheduledFutureTask.access$201(ScheduledThreadPoolExecutor.java:180)
	at java.util.concurrent.ScheduledThreadPoolExecutor$ScheduledFutureTask.run(ScheduledThreadPoolExecutor.java:293)
	at java.util.concurrent.ThreadPoolExecutor.runWorker(ThreadPoolExecutor.java:1149)
	at java.util.concurrent.ThreadPoolExecutor$Worker.run(ThreadPoolExecutor.java:624)
	at java.lang.Thread.run(Thread.java:750)
Caused by: java.net.ConnectException: Connection refused: connect
	at java.net.DualStackPlainSocketImpl.waitForConnect(Native Method)
	at java.net.DualStackPlainSocketImpl.socketConnect(DualStackPlainSocketImpl.java:85)
	at java.net.AbstractPlainSocketImpl.doConnect(AbstractPlainSocketImpl.java:350)
	at java.net.AbstractPlainSocketImpl.connectToAddress(AbstractPlainSocketImpl.java:206)
	at java.net.AbstractPlainSocketImpl.connect(AbstractPlainSocketImpl.java:188)
	at java.net.PlainSocketImpl.connect(PlainSocketImpl.java:172)
	at java.net.SocksSocketImpl.connect(SocksSocketImpl.java:392)
	at java.net.Socket.connect(Socket.java:607)
	at org.apache.http.conn.scheme.PlainSocketFactory.connectSocket(PlainSocketFactory.java:121)
	at org.apache.http.impl.conn.DefaultClientConnectionOperator.openConnection(DefaultClientConnectionOperator.java:180)
	at org.apache.http.impl.conn.AbstractPoolEntry.open(AbstractPoolEntry.java:144)
	at org.apache.http.impl.conn.AbstractPooledConnAdapter.open(AbstractPooledConnAdapter.java:134)
	at org.apache.http.impl.client.DefaultRequestDirector.tryConnect(DefaultRequestDirector.java:605)
	at org.apache.http.impl.client.DefaultRequestDirector.execute(DefaultRequestDirector.java:440)
	at org.apache.http.impl.client.AbstractHttpClient.doExecute(AbstractHttpClient.java:835)
	at org.apache.http.impl.client.CloseableHttpClient.execute(CloseableHttpClient.java:118)
	at org.apache.http.impl.client.CloseableHttpClient.execute(CloseableHttpClient.java:56)
	at com.sun.jersey.client.apache4.ApacheHttpClient4Handler.handle(ApacheHttpClient4Handler.java:173)
	... 29 common frames omitted
[2026-09-20 16:19:41 IST] WARN [Service Name -> bookstore-api-gateway-service], [TraceId -> ], [SpanId -> ] 
      <DiscoveryClient-InstanceInfoReplicator-0> com.netflix.discovery.shared.transport.decorator.RetryableEurekaHttpClient : Request execution failed with message: java.net.ConnectException: Connection refused: connect
[2026-09-20 16:19:41 IST] WARN [Service Name -> bookstore-api-gateway-service], [TraceId -> ], [SpanId -> ] 
      <DiscoveryClient-InstanceInfoReplicator-0> com.netflix.discovery.DiscoveryClient : DiscoveryClient_BOOKSTORE-API-GATEWAY-SERVICE/LAPTOP-PIAE5DDA:bookstore-api-gateway-service:8765 - registration failed Cannot execute request on any known server
com.netflix.discovery.shared.transport.TransportException: Cannot execute request on any known server
	at com.netflix.discovery.shared.transport.decorator.RetryableEurekaHttpClient.execute(RetryableEurekaHttpClient.java:112)
	at com.netflix.discovery.shared.transport.decorator.EurekaHttpClientDecorator.register(EurekaHttpClientDecorator.java:56)
	at com.netflix.discovery.shared.transport.decorator.EurekaHttpClientDecorator$1.execute(EurekaHttpClientDecorator.java:59)
	at com.netflix.discovery.shared.transport.decorator.SessionedEurekaHttpClient.execute(SessionedEurekaHttpClient.java:77)
	at com.netflix.discovery.shared.transport.decorator.EurekaHttpClientDecorator.register(EurekaHttpClientDecorator.java:56)
	at com.netflix.discovery.DiscoveryClient.register(DiscoveryClient.java:847)
	at com.netflix.discovery.InstanceInfoReplicator.run(InstanceInfoReplicator.java:121)
	at java.util.concurrent.Executors$RunnableAdapter.call(Executors.java:511)
	at java.util.concurrent.FutureTask.run(FutureTask.java:266)
	at java.util.concurrent.ScheduledThreadPoolExecutor$ScheduledFutureTask.access$201(ScheduledThreadPoolExecutor.java:180)
	at java.util.concurrent.ScheduledThreadPoolExecutor$ScheduledFutureTask.run(ScheduledThreadPoolExecutor.java:293)
	at java.util.concurrent.ThreadPoolExecutor.runWorker(ThreadPoolExecutor.java:1149)
	at java.util.concurrent.ThreadPoolExecutor$Worker.run(ThreadPoolExecutor.java:624)
	at java.lang.Thread.run(Thread.java:750)
[2026-09-20 16:19:41 IST] WARN [Service Name -> bookstore-api-gateway-service], [TraceId -> ], [SpanId -> ] 
      <DiscoveryClient-InstanceInfoReplicator-0> com.netflix.discovery.InstanceInfoReplicator : There was a problem with the instance info replicator
com.netflix.discovery.shared.transport.TransportException: Cannot execute request on any known server
	at com.netflix.discovery.shared.transport.decorator.RetryableEurekaHttpClient.execute(RetryableEurekaHttpClient.java:112)
	at com.netflix.discovery.shared.transport.decorator.EurekaHttpClientDecorator.register(EurekaHttpClientDecorator.java:56)
	at com.netflix.discovery.shared.transport.decorator.EurekaHttpClientDecorator$1.execute(EurekaHttpClientDecorator.java:59)
	at com.netflix.discovery.shared.transport.decorator.SessionedEurekaHttpClient.execute(SessionedEurekaHttpClient.java:77)
	at com.netflix.discovery.shared.transport.decorator.EurekaHttpClientDecorator.register(EurekaHttpClientDecorator.java:56)
	at com.netflix.discovery.DiscoveryClient.register(DiscoveryClient.java:847)
	at com.netflix.discovery.InstanceInfoReplicator.run(InstanceInfoReplicator.java:121)
	at java.util.concurrent.Executors$RunnableAdapter.call(Executors.java:511)
	at java.util.concurrent.FutureTask.run(FutureTask.java:266)
	at java.util.concurrent.ScheduledThreadPoolExecutor$ScheduledFutureTask.access$201(ScheduledThreadPoolExecutor.java:180)
	at java.util.concurrent.ScheduledThreadPoolExecutor$ScheduledFutureTask.run(ScheduledThreadPoolExecutor.java:293)
	at java.util.concurrent.ThreadPoolExecutor.runWorker(ThreadPoolExecutor.java:1149)
	at java.util.concurrent.ThreadPoolExecutor$Worker.run(ThreadPoolExecutor.java:624)
	at java.lang.Thread.run(Thread.java:750)
[2026-09-20 16:20:07 IST] INFO [Service Name -> bookstore-api-gateway-service], [TraceId -> ], [SpanId -> ] 
      <DiscoveryClient-CacheRefreshExecutor-0> com.netflix.discovery.DiscoveryClient : Disable delta property : false
[2026-09-20 16:20:07 IST] INFO [Service Name -> bookstore-api-gateway-service], [TraceId -> ], [SpanId -> ] 
      <DiscoveryClient-CacheRefreshExecutor-0> com.netflix.discovery.DiscoveryClient : Single vip registry refresh property : null
[2026-09-20 16:20:07 IST] INFO [Service Name -> bookstore-api-gateway-service], [TraceId -> ], [SpanId -> ] 
      <DiscoveryClient-CacheRefreshExecutor-0> com.netflix.discovery.DiscoveryClient : Force full registry fetch : false
[2026-09-20 16:20:07 IST] INFO [Service Name -> bookstore-api-gateway-service], [TraceId -> ], [SpanId -> ] 
      <DiscoveryClient-CacheRefreshExecutor-0> com.netflix.discovery.DiscoveryClient : Application is null : false
[2026-09-20 16:20:07 IST] INFO [Service Name -> bookstore-api-gateway-service], [TraceId -> ], [SpanId -> ] 
      <DiscoveryClient-CacheRefreshExecutor-0> com.netflix.discovery.DiscoveryClient : Registered Applications size is zero : true
[2026-09-20 16:20:07 IST] INFO [Service Name -> bookstore-api-gateway-service], [TraceId -> ], [SpanId -> ] 
      <DiscoveryClient-CacheRefreshExecutor-0> com.netflix.discovery.DiscoveryClient : Application version is -1: true
[2026-09-20 16:20:07 IST] INFO [Service Name -> bookstore-api-gateway-service], [TraceId -> ], [SpanId -> ] 
      <DiscoveryClient-CacheRefreshExecutor-0> com.netflix.discovery.DiscoveryClient : Getting all instance registry info from the eureka server
[2026-09-20 16:20:11 IST] ERROR [Service Name -> bookstore-api-gateway-service], [TraceId -> ], [SpanId -> ] 
      <DiscoveryClient-HeartbeatExecutor-0> com.netflix.discovery.shared.transport.decorator.RedirectingEurekaHttpClient : Request execution error. endpoint=DefaultEndpoint{ serviceUrl='http://localhost:8761/eureka/}
com.sun.jersey.api.client.ClientHandlerException: java.net.ConnectException: Connection refused: connect
	at com.sun.jersey.client.apache4.ApacheHttpClient4Handler.handle(ApacheHttpClient4Handler.java:187)
	at com.sun.jersey.api.client.filter.GZIPContentEncodingFilter.handle(GZIPContentEncodingFilter.java:123)
	at com.netflix.discovery.EurekaIdentityHeaderFilter.handle(EurekaIdentityHeaderFilter.java:27)
	at com.sun.jersey.api.client.Client.handle(Client.java:652)
	at com.sun.jersey.api.client.WebResource.handle(WebResource.java:682)
	at com.sun.jersey.api.client.WebResource.access$200(WebResource.java:74)
	at com.sun.jersey.api.client.WebResource$Builder.put(WebResource.java:529)
	at com.netflix.discovery.shared.transport.jersey.AbstractJerseyEurekaHttpClient.sendHeartBeat(AbstractJerseyEurekaHttpClient.java:102)
	at com.netflix.discovery.shared.transport.decorator.EurekaHttpClientDecorator$3.execute(EurekaHttpClientDecorator.java:92)
	at com.netflix.discovery.shared.transport.decorator.MetricsCollectingEurekaHttpClient.execute(MetricsCollectingEurekaHttpClient.java:73)
	at com.netflix.discovery.shared.transport.decorator.EurekaHttpClientDecorator.sendHeartBeat(EurekaHttpClientDecorator.java:89)
	at com.netflix.discovery.shared.transport.decorator.EurekaHttpClientDecorator$3.execute(EurekaHttpClientDecorator.java:92)
	at com.netflix.discovery.shared.transport.decorator.RedirectingEurekaHttpClient.executeOnNewServer(RedirectingEurekaHttpClient.java:118)
	at com.netflix.discovery.shared.transport.decorator.RedirectingEurekaHttpClient.execute(RedirectingEurekaHttpClient.java:79)
	at com.netflix.discovery.shared.transport.decorator.EurekaHttpClientDecorator.sendHeartBeat(EurekaHttpClientDecorator.java:89)
	at com.netflix.discovery.shared.transport.decorator.EurekaHttpClientDecorator$3.execute(EurekaHttpClientDecorator.java:92)
	at com.netflix.discovery.shared.transport.decorator.RetryableEurekaHttpClient.execute(RetryableEurekaHttpClient.java:120)
	at com.netflix.discovery.shared.transport.decorator.EurekaHttpClientDecorator.sendHeartBeat(EurekaHttpClientDecorator.java:89)
	at com.netflix.discovery.shared.transport.decorator.EurekaHttpClientDecorator$3.execute(EurekaHttpClientDecorator.java:92)
	at com.netflix.discovery.shared.transport.decorator.SessionedEurekaHttpClient.execute(SessionedEurekaHttpClient.java:77)
	at com.netflix.discovery.shared.transport.decorator.EurekaHttpClientDecorator.sendHeartBeat(EurekaHttpClientDecorator.java:89)
	at com.netflix.discovery.DiscoveryClient.renew(DiscoveryClient.java:864)
	at com.netflix.discovery.DiscoveryClient$HeartbeatThread.run(DiscoveryClient.java:1423)
	at java.util.concurrent.Executors$RunnableAdapter.call(Executors.java:511)
	at java.util.concurrent.FutureTask.run(FutureTask.java:266)
	at java.util.concurrent.ThreadPoolExecutor.runWorker(ThreadPoolExecutor.java:1149)
	at java.util.concurrent.ThreadPoolExecutor$Worker.run(ThreadPoolExecutor.java:624)
	at java.lang.Thread.run(Thread.java:750)
Caused by: java.net.ConnectException: Connection refused: connect
	at java.net.DualStackPlainSocketImpl.waitForConnect(Native Method)
	at java.net.DualStackPlainSocketImpl.socketConnect(DualStackPlainSocketImpl.java:85)
	at java.net.AbstractPlainSocketImpl.doConnect(AbstractPlainSocketImpl.java:350)
	at java.net.AbstractPlainSocketImpl.connectToAddress(AbstractPlainSocketImpl.java:206)
	at java.net.AbstractPlainSocketImpl.connect(AbstractPlainSocketImpl.java:188)
	at java.net.PlainSocketImpl.connect(PlainSocketImpl.java:172)
	at java.net.SocksSocketImpl.connect(SocksSocketImpl.java:392)
	at java.net.Socket.connect(Socket.java:607)
	at org.apache.http.conn.scheme.PlainSocketFactory.connectSocket(PlainSocketFactory.java:121)
	at org.apache.http.impl.conn.DefaultClientConnectionOperator.openConnection(DefaultClientConnectionOperator.java:180)
	at org.apache.http.impl.conn.AbstractPoolEntry.open(AbstractPoolEntry.java:144)
	at org.apache.http.impl.conn.AbstractPooledConnAdapter.open(AbstractPooledConnAdapter.java:134)
	at org.apache.http.impl.client.DefaultRequestDirector.tryConnect(DefaultRequestDirector.java:605)
	at org.apache.http.impl.client.DefaultRequestDirector.execute(DefaultRequestDirector.java:440)
	at org.apache.http.impl.client.AbstractHttpClient.doExecute(AbstractHttpClient.java:835)
	at org.apache.http.impl.client.CloseableHttpClient.execute(CloseableHttpClient.java:118)
	at org.apache.http.impl.client.CloseableHttpClient.execute(CloseableHttpClient.java:56)
	at com.sun.jersey.client.apache4.ApacheHttpClient4Handler.handle(ApacheHttpClient4Handler.java:173)
	... 27 common frames omitted
[2026-09-20 16:20:11 IST] WARN [Service Name -> bookstore-api-gateway-service], [TraceId -> ], [SpanId -> ] 
      <DiscoveryClient-HeartbeatExecutor-0> com.netflix.discovery.shared.transport.decorator.RetryableEurekaHttpClient : Request execution failed with message: java.net.ConnectException: Connection refused: connect
[2026-09-20 16:20:11 IST] ERROR [Service Name -> bookstore-api-gateway-service], [TraceId -> ], [SpanId -> ] 
      <DiscoveryClient-HeartbeatExecutor-0> com.netflix.discovery.DiscoveryClient : DiscoveryClient_BOOKSTORE-API-GATEWAY-SERVICE/LAPTOP-PIAE5DDA:bookstore-api-gateway-service:8765 - was unable to send heartbeat!
com.netflix.discovery.shared.transport.TransportException: Cannot execute request on any known server
	at com.netflix.discovery.shared.transport.decorator.RetryableEurekaHttpClient.execute(RetryableEurekaHttpClient.java:112)
	at com.netflix.discovery.shared.transport.decorator.EurekaHttpClientDecorator.sendHeartBeat(EurekaHttpClientDecorator.java:89)
	at com.netflix.discovery.shared.transport.decorator.EurekaHttpClientDecorator$3.execute(EurekaHttpClientDecorator.java:92)
	at com.netflix.discovery.shared.transport.decorator.SessionedEurekaHttpClient.execute(SessionedEurekaHttpClient.java:77)
	at com.netflix.discovery.shared.transport.decorator.EurekaHttpClientDecorator.sendHeartBeat(EurekaHttpClientDecorator.java:89)
	at com.netflix.discovery.DiscoveryClient.renew(DiscoveryClient.java:864)
	at com.netflix.discovery.DiscoveryClient$HeartbeatThread.run(DiscoveryClient.java:1423)
	at java.util.concurrent.Executors$RunnableAdapter.call(Executors.java:511)
	at java.util.concurrent.FutureTask.run(FutureTask.java:266)
	at java.util.concurrent.ThreadPoolExecutor.runWorker(ThreadPoolExecutor.java:1149)
	at java.util.concurrent.ThreadPoolExecutor$Worker.run(ThreadPoolExecutor.java:624)
	at java.lang.Thread.run(Thread.java:750)
[2026-09-20 16:20:11 IST] INFO [Service Name -> bookstore-api-gateway-service], [TraceId -> ], [SpanId -> ] 
      <DiscoveryClient-InstanceInfoReplicator-0> com.netflix.discovery.DiscoveryClient : DiscoveryClient_BOOKSTORE-API-GATEWAY-SERVICE/LAPTOP-PIAE5DDA:bookstore-api-gateway-service:8765: registering service...
[2026-09-20 16:20:11 IST] ERROR [Service Name -> bookstore-api-gateway-service], [TraceId -> ], [SpanId -> ] 
      <DiscoveryClient-CacheRefreshExecutor-0> com.netflix.discovery.shared.transport.decorator.RedirectingEurekaHttpClient : Request execution error. endpoint=DefaultEndpoint{ serviceUrl='http://localhost:8761/eureka/}
com.sun.jersey.api.client.ClientHandlerException: java.net.ConnectException: Connection refused: connect
	at com.sun.jersey.client.apache4.ApacheHttpClient4Handler.handle(ApacheHttpClient4Handler.java:187)
	at com.sun.jersey.api.client.filter.GZIPContentEncodingFilter.handle(GZIPContentEncodingFilter.java:123)
	at com.netflix.discovery.EurekaIdentityHeaderFilter.handle(EurekaIdentityHeaderFilter.java:27)
	at com.sun.jersey.api.client.Client.handle(Client.java:652)
	at com.sun.jersey.api.client.WebResource.handle(WebResource.java:682)
	at com.sun.jersey.api.client.WebResource.access$200(WebResource.java:74)
	at com.sun.jersey.api.client.WebResource$Builder.get(WebResource.java:509)
	at com.netflix.discovery.shared.transport.jersey.AbstractJerseyEurekaHttpClient.getApplicationsInternal(AbstractJerseyEurekaHttpClient.java:194)
	at com.netflix.discovery.shared.transport.jersey.AbstractJerseyEurekaHttpClient.getApplications(AbstractJerseyEurekaHttpClient.java:165)
	at com.netflix.discovery.shared.transport.decorator.EurekaHttpClientDecorator$6.execute(EurekaHttpClientDecorator.java:137)
	at com.netflix.discovery.shared.transport.decorator.MetricsCollectingEurekaHttpClient.execute(MetricsCollectingEurekaHttpClient.java:73)
	at com.netflix.discovery.shared.transport.decorator.EurekaHttpClientDecorator.getApplications(EurekaHttpClientDecorator.java:134)
	at com.netflix.discovery.shared.transport.decorator.EurekaHttpClientDecorator$6.execute(EurekaHttpClientDecorator.java:137)
	at com.netflix.discovery.shared.transport.decorator.RedirectingEurekaHttpClient.executeOnNewServer(RedirectingEurekaHttpClient.java:118)
	at com.netflix.discovery.shared.transport.decorator.RedirectingEurekaHttpClient.execute(RedirectingEurekaHttpClient.java:79)
	at com.netflix.discovery.shared.transport.decorator.EurekaHttpClientDecorator.getApplications(EurekaHttpClientDecorator.java:134)
	at com.netflix.discovery.shared.transport.decorator.EurekaHttpClientDecorator$6.execute(EurekaHttpClientDecorator.java:137)
	at com.netflix.discovery.shared.transport.decorator.RetryableEurekaHttpClient.execute(RetryableEurekaHttpClient.java:120)
	at com.netflix.discovery.shared.transport.decorator.EurekaHttpClientDecorator.getApplications(EurekaHttpClientDecorator.java:134)
	at com.netflix.discovery.shared.transport.decorator.EurekaHttpClientDecorator$6.execute(EurekaHttpClientDecorator.java:137)
	at com.netflix.discovery.shared.transport.decorator.SessionedEurekaHttpClient.execute(SessionedEurekaHttpClient.java:77)
	at com.netflix.discovery.shared.transport.decorator.EurekaHttpClientDecorator.getApplications(EurekaHttpClientDecorator.java:134)
	at com.netflix.discovery.DiscoveryClient.getAndStoreFullRegistry(DiscoveryClient.java:1069)
	at com.netflix.discovery.DiscoveryClient.fetchRegistry(DiscoveryClient.java:983)
	at com.netflix.discovery.DiscoveryClient.refreshRegistry(DiscoveryClient.java:1497)
	at com.netflix.discovery.DiscoveryClient$CacheRefreshThread.run(DiscoveryClient.java:1464)
	at java.util.concurrent.Executors$RunnableAdapter.call(Executors.java:511)
	at java.util.concurrent.FutureTask.run(FutureTask.java:266)
	at java.util.concurrent.ThreadPoolExecutor.runWorker(ThreadPoolExecutor.java:1149)
	at java.util.concurrent.ThreadPoolExecutor$Worker.run(ThreadPoolExecutor.java:624)
	at java.lang.Thread.run(Thread.java:750)
Caused by: java.net.ConnectException: Connection refused: connect
	at java.net.DualStackPlainSocketImpl.waitForConnect(Native Method)
	at java.net.DualStackPlainSocketImpl.socketConnect(DualStackPlainSocketImpl.java:85)
	at java.net.AbstractPlainSocketImpl.doConnect(AbstractPlainSocketImpl.java:350)
	at java.net.AbstractPlainSocketImpl.connectToAddress(AbstractPlainSocketImpl.java:206)
	at java.net.AbstractPlainSocketImpl.connect(AbstractPlainSocketImpl.java:188)
	at java.net.PlainSocketImpl.connect(PlainSocketImpl.java:172)
	at java.net.SocksSocketImpl.connect(SocksSocketImpl.java:392)
	at java.net.Socket.connect(Socket.java:607)
	at org.apache.http.conn.scheme.PlainSocketFactory.connectSocket(PlainSocketFactory.java:121)
	at org.apache.http.impl.conn.DefaultClientConnectionOperator.openConnection(DefaultClientConnectionOperator.java:180)
	at org.apache.http.impl.conn.AbstractPoolEntry.open(AbstractPoolEntry.java:144)
	at org.apache.http.impl.conn.AbstractPooledConnAdapter.open(AbstractPooledConnAdapter.java:134)
	at org.apache.http.impl.client.DefaultRequestDirector.tryConnect(DefaultRequestDirector.java:605)
	at org.apache.http.impl.client.DefaultRequestDirector.execute(DefaultRequestDirector.java:440)
	at org.apache.http.impl.client.AbstractHttpClient.doExecute(AbstractHttpClient.java:835)
	at org.apache.http.impl.client.CloseableHttpClient.execute(CloseableHttpClient.java:118)
	at org.apache.http.impl.client.CloseableHttpClient.execute(CloseableHttpClient.java:56)
	at com.sun.jersey.client.apache4.ApacheHttpClient4Handler.handle(ApacheHttpClient4Handler.java:173)
	... 30 common frames omitted
[2026-09-20 16:20:11 IST] WARN [Service Name -> bookstore-api-gateway-service], [TraceId -> ], [SpanId -> ] 
      <DiscoveryClient-CacheRefreshExecutor-0> com.netflix.discovery.shared.transport.decorator.RetryableEurekaHttpClient : Request execution failed with message: java.net.ConnectException: Connection refused: connect
[2026-09-20 16:20:11 IST] ERROR [Service Name -> bookstore-api-gateway-service], [TraceId -> ], [SpanId -> ] 
      <DiscoveryClient-CacheRefreshExecutor-0> com.netflix.discovery.DiscoveryClient : DiscoveryClient_BOOKSTORE-API-GATEWAY-SERVICE/LAPTOP-PIAE5DDA:bookstore-api-gateway-service:8765 - was unable to refresh its cache! status = Cannot execute request on any known server
com.netflix.discovery.shared.transport.TransportException: Cannot execute request on any known server
	at com.netflix.discovery.shared.transport.decorator.RetryableEurekaHttpClient.execute(RetryableEurekaHttpClient.java:112)
	at com.netflix.discovery.shared.transport.decorator.EurekaHttpClientDecorator.getApplications(EurekaHttpClientDecorator.java:134)
	at com.netflix.discovery.shared.transport.decorator.EurekaHttpClientDecorator$6.execute(EurekaHttpClientDecorator.java:137)
	at com.netflix.discovery.shared.transport.decorator.SessionedEurekaHttpClient.execute(SessionedEurekaHttpClient.java:77)
	at com.netflix.discovery.shared.transport.decorator.EurekaHttpClientDecorator.getApplications(EurekaHttpClientDecorator.java:134)
	at com.netflix.discovery.DiscoveryClient.getAndStoreFullRegistry(DiscoveryClient.java:1069)
	at com.netflix.discovery.DiscoveryClient.fetchRegistry(DiscoveryClient.java:983)
	at com.netflix.discovery.DiscoveryClient.refreshRegistry(DiscoveryClient.java:1497)
	at com.netflix.discovery.DiscoveryClient$CacheRefreshThread.run(DiscoveryClient.java:1464)
	at java.util.concurrent.Executors$RunnableAdapter.call(Executors.java:511)
	at java.util.concurrent.FutureTask.run(FutureTask.java:266)
	at java.util.concurrent.ThreadPoolExecutor.runWorker(ThreadPoolExecutor.java:1149)
	at java.util.concurrent.ThreadPoolExecutor$Worker.run(ThreadPoolExecutor.java:624)
	at java.lang.Thread.run(Thread.java:750)
[2026-09-20 16:20:15 IST] ERROR [Service Name -> bookstore-api-gateway-service], [TraceId -> ], [SpanId -> ] 
      <DiscoveryClient-InstanceInfoReplicator-0> com.netflix.discovery.shared.transport.decorator.RedirectingEurekaHttpClient : Request execution error. endpoint=DefaultEndpoint{ serviceUrl='http://localhost:8761/eureka/}
com.sun.jersey.api.client.ClientHandlerException: java.net.ConnectException: Connection refused: connect
	at com.sun.jersey.client.apache4.ApacheHttpClient4Handler.handle(ApacheHttpClient4Handler.java:187)
	at com.sun.jersey.api.client.filter.GZIPContentEncodingFilter.handle(GZIPContentEncodingFilter.java:123)
	at com.netflix.discovery.EurekaIdentityHeaderFilter.handle(EurekaIdentityHeaderFilter.java:27)
	at com.sun.jersey.api.client.Client.handle(Client.java:652)
	at com.sun.jersey.api.client.WebResource.handle(WebResource.java:682)
	at com.sun.jersey.api.client.WebResource.access$200(WebResource.java:74)
	at com.sun.jersey.api.client.WebResource$Builder.post(WebResource.java:570)
	at com.netflix.discovery.shared.transport.jersey.AbstractJerseyEurekaHttpClient.register(AbstractJerseyEurekaHttpClient.java:56)
	at com.netflix.discovery.shared.transport.decorator.EurekaHttpClientDecorator$1.execute(EurekaHttpClientDecorator.java:59)
	at com.netflix.discovery.shared.transport.decorator.MetricsCollectingEurekaHttpClient.execute(MetricsCollectingEurekaHttpClient.java:73)
	at com.netflix.discovery.shared.transport.decorator.EurekaHttpClientDecorator.register(EurekaHttpClientDecorator.java:56)
	at com.netflix.discovery.shared.transport.decorator.EurekaHttpClientDecorator$1.execute(EurekaHttpClientDecorator.java:59)
	at com.netflix.discovery.shared.transport.decorator.RedirectingEurekaHttpClient.executeOnNewServer(RedirectingEurekaHttpClient.java:118)
	at com.netflix.discovery.shared.transport.decorator.RedirectingEurekaHttpClient.execute(RedirectingEurekaHttpClient.java:79)
	at com.netflix.discovery.shared.transport.decorator.EurekaHttpClientDecorator.register(EurekaHttpClientDecorator.java:56)
	at com.netflix.discovery.shared.transport.decorator.EurekaHttpClientDecorator$1.execute(EurekaHttpClientDecorator.java:59)
	at com.netflix.discovery.shared.transport.decorator.RetryableEurekaHttpClient.execute(RetryableEurekaHttpClient.java:120)
	at com.netflix.discovery.shared.transport.decorator.EurekaHttpClientDecorator.register(EurekaHttpClientDecorator.java:56)
	at com.netflix.discovery.shared.transport.decorator.EurekaHttpClientDecorator$1.execute(EurekaHttpClientDecorator.java:59)
	at com.netflix.discovery.shared.transport.decorator.SessionedEurekaHttpClient.execute(SessionedEurekaHttpClient.java:77)
	at com.netflix.discovery.shared.transport.decorator.EurekaHttpClientDecorator.register(EurekaHttpClientDecorator.java:56)
	at com.netflix.discovery.DiscoveryClient.register(DiscoveryClient.java:847)
	at com.netflix.discovery.InstanceInfoReplicator.run(InstanceInfoReplicator.java:121)
	at java.util.concurrent.Executors$RunnableAdapter.call(Executors.java:511)
	at java.util.concurrent.FutureTask.run(FutureTask.java:266)
	at java.util.concurrent.ScheduledThreadPoolExecutor$ScheduledFutureTask.access$201(ScheduledThreadPoolExecutor.java:180)
	at java.util.concurrent.ScheduledThreadPoolExecutor$ScheduledFutureTask.run(ScheduledThreadPoolExecutor.java:293)
	at java.util.concurrent.ThreadPoolExecutor.runWorker(ThreadPoolExecutor.java:1149)
	at java.util.concurrent.ThreadPoolExecutor$Worker.run(ThreadPoolExecutor.java:624)
	at java.lang.Thread.run(Thread.java:750)
Caused by: java.net.ConnectException: Connection refused: connect
	at java.net.DualStackPlainSocketImpl.waitForConnect(Native Method)
	at java.net.DualStackPlainSocketImpl.socketConnect(DualStackPlainSocketImpl.java:85)
	at java.net.AbstractPlainSocketImpl.doConnect(AbstractPlainSocketImpl.java:350)
	at java.net.AbstractPlainSocketImpl.connectToAddress(AbstractPlainSocketImpl.java:206)
	at java.net.AbstractPlainSocketImpl.connect(AbstractPlainSocketImpl.java:188)
	at java.net.PlainSocketImpl.connect(PlainSocketImpl.java:172)
	at java.net.SocksSocketImpl.connect(SocksSocketImpl.java:392)
	at java.net.Socket.connect(Socket.java:607)
	at org.apache.http.conn.scheme.PlainSocketFactory.connectSocket(PlainSocketFactory.java:121)
	at org.apache.http.impl.conn.DefaultClientConnectionOperator.openConnection(DefaultClientConnectionOperator.java:180)
	at org.apache.http.impl.conn.AbstractPoolEntry.open(AbstractPoolEntry.java:144)
	at org.apache.http.impl.conn.AbstractPooledConnAdapter.open(AbstractPooledConnAdapter.java:134)
	at org.apache.http.impl.client.DefaultRequestDirector.tryConnect(DefaultRequestDirector.java:605)
	at org.apache.http.impl.client.DefaultRequestDirector.execute(DefaultRequestDirector.java:440)
	at org.apache.http.impl.client.AbstractHttpClient.doExecute(AbstractHttpClient.java:835)
	at org.apache.http.impl.client.CloseableHttpClient.execute(CloseableHttpClient.java:118)
	at org.apache.http.impl.client.CloseableHttpClient.execute(CloseableHttpClient.java:56)
	at com.sun.jersey.client.apache4.ApacheHttpClient4Handler.handle(ApacheHttpClient4Handler.java:173)
	... 29 common frames omitted
[2026-09-20 16:20:15 IST] WARN [Service Name -> bookstore-api-gateway-service], [TraceId -> ], [SpanId -> ] 
      <DiscoveryClient-InstanceInfoReplicator-0> com.netflix.discovery.shared.transport.decorator.RetryableEurekaHttpClient : Request execution failed with message: java.net.ConnectException: Connection refused: connect
[2026-09-20 16:20:15 IST] WARN [Service Name -> bookstore-api-gateway-service], [TraceId -> ], [SpanId -> ] 
      <DiscoveryClient-InstanceInfoReplicator-0> com.netflix.discovery.DiscoveryClient : DiscoveryClient_BOOKSTORE-API-GATEWAY-SERVICE/LAPTOP-PIAE5DDA:bookstore-api-gateway-service:8765 - registration failed Cannot execute request on any known server
com.netflix.discovery.shared.transport.TransportException: Cannot execute request on any known server
	at com.netflix.discovery.shared.transport.decorator.RetryableEurekaHttpClient.execute(RetryableEurekaHttpClient.java:112)
	at com.netflix.discovery.shared.transport.decorator.EurekaHttpClientDecorator.register(EurekaHttpClientDecorator.java:56)
	at com.netflix.discovery.shared.transport.decorator.EurekaHttpClientDecorator$1.execute(EurekaHttpClientDecorator.java:59)
	at com.netflix.discovery.shared.transport.decorator.SessionedEurekaHttpClient.execute(SessionedEurekaHttpClient.java:77)
	at com.netflix.discovery.shared.transport.decorator.EurekaHttpClientDecorator.register(EurekaHttpClientDecorator.java:56)
	at com.netflix.discovery.DiscoveryClient.register(DiscoveryClient.java:847)
	at com.netflix.discovery.InstanceInfoReplicator.run(InstanceInfoReplicator.java:121)
	at java.util.concurrent.Executors$RunnableAdapter.call(Executors.java:511)
	at java.util.concurrent.FutureTask.run(FutureTask.java:266)
	at java.util.concurrent.ScheduledThreadPoolExecutor$ScheduledFutureTask.access$201(ScheduledThreadPoolExecutor.java:180)
	at java.util.concurrent.ScheduledThreadPoolExecutor$ScheduledFutureTask.run(ScheduledThreadPoolExecutor.java:293)
	at java.util.concurrent.ThreadPoolExecutor.runWorker(ThreadPoolExecutor.java:1149)
	at java.util.concurrent.ThreadPoolExecutor$Worker.run(ThreadPoolExecutor.java:624)
	at java.lang.Thread.run(Thread.java:750)
[2026-09-20 16:20:15 IST] WARN [Service Name -> bookstore-api-gateway-service], [TraceId -> ], [SpanId -> ] 
      <DiscoveryClient-InstanceInfoReplicator-0> com.netflix.discovery.InstanceInfoReplicator : There was a problem with the instance info replicator
com.netflix.discovery.shared.transport.TransportException: Cannot execute request on any known server
	at com.netflix.discovery.shared.transport.decorator.RetryableEurekaHttpClient.execute(RetryableEurekaHttpClient.java:112)
	at com.netflix.discovery.shared.transport.decorator.EurekaHttpClientDecorator.register(EurekaHttpClientDecorator.java:56)
	at com.netflix.discovery.shared.transport.decorator.EurekaHttpClientDecorator$1.execute(EurekaHttpClientDecorator.java:59)
	at com.netflix.discovery.shared.transport.decorator.SessionedEurekaHttpClient.execute(SessionedEurekaHttpClient.java:77)
	at com.netflix.discovery.shared.transport.decorator.EurekaHttpClientDecorator.register(EurekaHttpClientDecorator.java:56)
	at com.netflix.discovery.DiscoveryClient.register(DiscoveryClient.java:847)
	at com.netflix.discovery.InstanceInfoReplicator.run(InstanceInfoReplicator.java:121)
	at java.util.concurrent.Executors$RunnableAdapter.call(Executors.java:511)
	at java.util.concurrent.FutureTask.run(FutureTask.java:266)
	at java.util.concurrent.ScheduledThreadPoolExecutor$ScheduledFutureTask.access$201(ScheduledThreadPoolExecutor.java:180)
	at java.util.concurrent.ScheduledThreadPoolExecutor$ScheduledFutureTask.run(ScheduledThreadPoolExecutor.java:293)
	at java.util.concurrent.ThreadPoolExecutor.runWorker(ThreadPoolExecutor.java:1149)
	at java.util.concurrent.ThreadPoolExecutor$Worker.run(ThreadPoolExecutor.java:624)
	at java.lang.Thread.run(Thread.java:750)
[2026-09-20 16:20:41 IST] INFO [Service Name -> bookstore-api-gateway-service], [TraceId -> ], [SpanId -> ] 
      <DiscoveryClient-CacheRefreshExecutor-0> com.netflix.discovery.DiscoveryClient : Disable delta property : false
[2026-09-20 16:20:41 IST] INFO [Service Name -> bookstore-api-gateway-service], [TraceId -> ], [SpanId -> ] 
      <DiscoveryClient-CacheRefreshExecutor-0> com.netflix.discovery.DiscoveryClient : Single vip registry refresh property : null
[2026-09-20 16:20:41 IST] INFO [Service Name -> bookstore-api-gateway-service], [TraceId -> ], [SpanId -> ] 
      <DiscoveryClient-CacheRefreshExecutor-0> com.netflix.discovery.DiscoveryClient : Force full registry fetch : false
[2026-09-20 16:20:41 IST] INFO [Service Name -> bookstore-api-gateway-service], [TraceId -> ], [SpanId -> ] 
      <DiscoveryClient-CacheRefreshExecutor-0> com.netflix.discovery.DiscoveryClient : Application is null : false
[2026-09-20 16:20:41 IST] INFO [Service Name -> bookstore-api-gateway-service], [TraceId -> ], [SpanId -> ] 
      <DiscoveryClient-CacheRefreshExecutor-0> com.netflix.discovery.DiscoveryClient : Registered Applications size is zero : true
[2026-09-20 16:20:41 IST] INFO [Service Name -> bookstore-api-gateway-service], [TraceId -> ], [SpanId -> ] 
      <DiscoveryClient-CacheRefreshExecutor-0> com.netflix.discovery.DiscoveryClient : Application version is -1: true
[2026-09-20 16:20:41 IST] INFO [Service Name -> bookstore-api-gateway-service], [TraceId -> ], [SpanId -> ] 
      <DiscoveryClient-CacheRefreshExecutor-0> com.netflix.discovery.DiscoveryClient : Getting all instance registry info from the eureka server
[2026-09-20 16:20:45 IST] INFO [Service Name -> bookstore-api-gateway-service], [TraceId -> ], [SpanId -> ] 
      <DiscoveryClient-InstanceInfoReplicator-0> com.netflix.discovery.DiscoveryClient : DiscoveryClient_BOOKSTORE-API-GATEWAY-SERVICE/LAPTOP-PIAE5DDA:bookstore-api-gateway-service:8765: registering service...
[2026-09-20 16:20:45 IST] ERROR [Service Name -> bookstore-api-gateway-service], [TraceId -> ], [SpanId -> ] 
      <DiscoveryClient-HeartbeatExecutor-0> com.netflix.discovery.shared.transport.decorator.RedirectingEurekaHttpClient : Request execution error. endpoint=DefaultEndpoint{ serviceUrl='http://localhost:8761/eureka/}
com.sun.jersey.api.client.ClientHandlerException: java.net.ConnectException: Connection refused: connect
	at com.sun.jersey.client.apache4.ApacheHttpClient4Handler.handle(ApacheHttpClient4Handler.java:187)
	at com.sun.jersey.api.client.filter.GZIPContentEncodingFilter.handle(GZIPContentEncodingFilter.java:123)
	at com.netflix.discovery.EurekaIdentityHeaderFilter.handle(EurekaIdentityHeaderFilter.java:27)
	at com.sun.jersey.api.client.Client.handle(Client.java:652)
	at com.sun.jersey.api.client.WebResource.handle(WebResource.java:682)
	at com.sun.jersey.api.client.WebResource.access$200(WebResource.java:74)
	at com.sun.jersey.api.client.WebResource$Builder.put(WebResource.java:529)
	at com.netflix.discovery.shared.transport.jersey.AbstractJerseyEurekaHttpClient.sendHeartBeat(AbstractJerseyEurekaHttpClient.java:102)
	at com.netflix.discovery.shared.transport.decorator.EurekaHttpClientDecorator$3.execute(EurekaHttpClientDecorator.java:92)
	at com.netflix.discovery.shared.transport.decorator.MetricsCollectingEurekaHttpClient.execute(MetricsCollectingEurekaHttpClient.java:73)
	at com.netflix.discovery.shared.transport.decorator.EurekaHttpClientDecorator.sendHeartBeat(EurekaHttpClientDecorator.java:89)
	at com.netflix.discovery.shared.transport.decorator.EurekaHttpClientDecorator$3.execute(EurekaHttpClientDecorator.java:92)
	at com.netflix.discovery.shared.transport.decorator.RedirectingEurekaHttpClient.executeOnNewServer(RedirectingEurekaHttpClient.java:118)
	at com.netflix.discovery.shared.transport.decorator.RedirectingEurekaHttpClient.execute(RedirectingEurekaHttpClient.java:79)
	at com.netflix.discovery.shared.transport.decorator.EurekaHttpClientDecorator.sendHeartBeat(EurekaHttpClientDecorator.java:89)
	at com.netflix.discovery.shared.transport.decorator.EurekaHttpClientDecorator$3.execute(EurekaHttpClientDecorator.java:92)
	at com.netflix.discovery.shared.transport.decorator.RetryableEurekaHttpClient.execute(RetryableEurekaHttpClient.java:120)
	at com.netflix.discovery.shared.transport.decorator.EurekaHttpClientDecorator.sendHeartBeat(EurekaHttpClientDecorator.java:89)
	at com.netflix.discovery.shared.transport.decorator.EurekaHttpClientDecorator$3.execute(EurekaHttpClientDecorator.java:92)
	at com.netflix.discovery.shared.transport.decorator.SessionedEurekaHttpClient.execute(SessionedEurekaHttpClient.java:77)
	at com.netflix.discovery.shared.transport.decorator.EurekaHttpClientDecorator.sendHeartBeat(EurekaHttpClientDecorator.java:89)
	at com.netflix.discovery.DiscoveryClient.renew(DiscoveryClient.java:864)
	at com.netflix.discovery.DiscoveryClient$HeartbeatThread.run(DiscoveryClient.java:1423)
	at java.util.concurrent.Executors$RunnableAdapter.call(Executors.java:511)
	at java.util.concurrent.FutureTask.run(FutureTask.java:266)
	at java.util.concurrent.ThreadPoolExecutor.runWorker(ThreadPoolExecutor.java:1149)
	at java.util.concurrent.ThreadPoolExecutor$Worker.run(ThreadPoolExecutor.java:624)
	at java.lang.Thread.run(Thread.java:750)
Caused by: java.net.ConnectException: Connection refused: connect
	at java.net.DualStackPlainSocketImpl.waitForConnect(Native Method)
	at java.net.DualStackPlainSocketImpl.socketConnect(DualStackPlainSocketImpl.java:85)
	at java.net.AbstractPlainSocketImpl.doConnect(AbstractPlainSocketImpl.java:350)
	at java.net.AbstractPlainSocketImpl.connectToAddress(AbstractPlainSocketImpl.java:206)
	at java.net.AbstractPlainSocketImpl.connect(AbstractPlainSocketImpl.java:188)
	at java.net.PlainSocketImpl.connect(PlainSocketImpl.java:172)
	at java.net.SocksSocketImpl.connect(SocksSocketImpl.java:392)
	at java.net.Socket.connect(Socket.java:607)
	at org.apache.http.conn.scheme.PlainSocketFactory.connectSocket(PlainSocketFactory.java:121)
	at org.apache.http.impl.conn.DefaultClientConnectionOperator.openConnection(DefaultClientConnectionOperator.java:180)
	at org.apache.http.impl.conn.AbstractPoolEntry.open(AbstractPoolEntry.java:144)
	at org.apache.http.impl.conn.AbstractPooledConnAdapter.open(AbstractPooledConnAdapter.java:134)
	at org.apache.http.impl.client.DefaultRequestDirector.tryConnect(DefaultRequestDirector.java:605)
	at org.apache.http.impl.client.DefaultRequestDirector.execute(DefaultRequestDirector.java:440)
	at org.apache.http.impl.client.AbstractHttpClient.doExecute(AbstractHttpClient.java:835)
	at org.apache.http.impl.client.CloseableHttpClient.execute(CloseableHttpClient.java:118)
	at org.apache.http.impl.client.CloseableHttpClient.execute(CloseableHttpClient.java:56)
	at com.sun.jersey.client.apache4.ApacheHttpClient4Handler.handle(ApacheHttpClient4Handler.java:173)
	... 27 common frames omitted
[2026-09-20 16:20:45 IST] WARN [Service Name -> bookstore-api-gateway-service], [TraceId -> ], [SpanId -> ] 
      <DiscoveryClient-HeartbeatExecutor-0> com.netflix.discovery.shared.transport.decorator.RetryableEurekaHttpClient : Request execution failed with message: java.net.ConnectException: Connection refused: connect
[2026-09-20 16:20:45 IST] ERROR [Service Name -> bookstore-api-gateway-service], [TraceId -> ], [SpanId -> ] 
      <DiscoveryClient-HeartbeatExecutor-0> com.netflix.discovery.DiscoveryClient : DiscoveryClient_BOOKSTORE-API-GATEWAY-SERVICE/LAPTOP-PIAE5DDA:bookstore-api-gateway-service:8765 - was unable to send heartbeat!
com.netflix.discovery.shared.transport.TransportException: Cannot execute request on any known server
	at com.netflix.discovery.shared.transport.decorator.RetryableEurekaHttpClient.execute(RetryableEurekaHttpClient.java:112)
	at com.netflix.discovery.shared.transport.decorator.EurekaHttpClientDecorator.sendHeartBeat(EurekaHttpClientDecorator.java:89)
	at com.netflix.discovery.shared.transport.decorator.EurekaHttpClientDecorator$3.execute(EurekaHttpClientDecorator.java:92)
	at com.netflix.discovery.shared.transport.decorator.SessionedEurekaHttpClient.execute(SessionedEurekaHttpClient.java:77)
	at com.netflix.discovery.shared.transport.decorator.EurekaHttpClientDecorator.sendHeartBeat(EurekaHttpClientDecorator.java:89)
	at com.netflix.discovery.DiscoveryClient.renew(DiscoveryClient.java:864)
	at com.netflix.discovery.DiscoveryClient$HeartbeatThread.run(DiscoveryClient.java:1423)
	at java.util.concurrent.Executors$RunnableAdapter.call(Executors.java:511)
	at java.util.concurrent.FutureTask.run(FutureTask.java:266)
	at java.util.concurrent.ThreadPoolExecutor.runWorker(ThreadPoolExecutor.java:1149)
	at java.util.concurrent.ThreadPoolExecutor$Worker.run(ThreadPoolExecutor.java:624)
	at java.lang.Thread.run(Thread.java:750)
[2026-09-20 16:20:45 IST] ERROR [Service Name -> bookstore-api-gateway-service], [TraceId -> ], [SpanId -> ] 
      <DiscoveryClient-CacheRefreshExecutor-0> com.netflix.discovery.shared.transport.decorator.RedirectingEurekaHttpClient : Request execution error. endpoint=DefaultEndpoint{ serviceUrl='http://localhost:8761/eureka/}
com.sun.jersey.api.client.ClientHandlerException: java.net.ConnectException: Connection refused: connect
	at com.sun.jersey.client.apache4.ApacheHttpClient4Handler.handle(ApacheHttpClient4Handler.java:187)
	at com.sun.jersey.api.client.filter.GZIPContentEncodingFilter.handle(GZIPContentEncodingFilter.java:123)
	at com.netflix.discovery.EurekaIdentityHeaderFilter.handle(EurekaIdentityHeaderFilter.java:27)
	at com.sun.jersey.api.client.Client.handle(Client.java:652)
	at com.sun.jersey.api.client.WebResource.handle(WebResource.java:682)
	at com.sun.jersey.api.client.WebResource.access$200(WebResource.java:74)
	at com.sun.jersey.api.client.WebResource$Builder.get(WebResource.java:509)
	at com.netflix.discovery.shared.transport.jersey.AbstractJerseyEurekaHttpClient.getApplicationsInternal(AbstractJerseyEurekaHttpClient.java:194)
	at com.netflix.discovery.shared.transport.jersey.AbstractJerseyEurekaHttpClient.getApplications(AbstractJerseyEurekaHttpClient.java:165)
	at com.netflix.discovery.shared.transport.decorator.EurekaHttpClientDecorator$6.execute(EurekaHttpClientDecorator.java:137)
	at com.netflix.discovery.shared.transport.decorator.MetricsCollectingEurekaHttpClient.execute(MetricsCollectingEurekaHttpClient.java:73)
	at com.netflix.discovery.shared.transport.decorator.EurekaHttpClientDecorator.getApplications(EurekaHttpClientDecorator.java:134)
	at com.netflix.discovery.shared.transport.decorator.EurekaHttpClientDecorator$6.execute(EurekaHttpClientDecorator.java:137)
	at com.netflix.discovery.shared.transport.decorator.RedirectingEurekaHttpClient.executeOnNewServer(RedirectingEurekaHttpClient.java:118)
	at com.netflix.discovery.shared.transport.decorator.RedirectingEurekaHttpClient.execute(RedirectingEurekaHttpClient.java:79)
	at com.netflix.discovery.shared.transport.decorator.EurekaHttpClientDecorator.getApplications(EurekaHttpClientDecorator.java:134)
	at com.netflix.discovery.shared.transport.decorator.EurekaHttpClientDecorator$6.execute(EurekaHttpClientDecorator.java:137)
	at com.netflix.discovery.shared.transport.decorator.RetryableEurekaHttpClient.execute(RetryableEurekaHttpClient.java:120)
	at com.netflix.discovery.shared.transport.decorator.EurekaHttpClientDecorator.getApplications(EurekaHttpClientDecorator.java:134)
	at com.netflix.discovery.shared.transport.decorator.EurekaHttpClientDecorator$6.execute(EurekaHttpClientDecorator.java:137)
	at com.netflix.discovery.shared.transport.decorator.SessionedEurekaHttpClient.execute(SessionedEurekaHttpClient.java:77)
	at com.netflix.discovery.shared.transport.decorator.EurekaHttpClientDecorator.getApplications(EurekaHttpClientDecorator.java:134)
	at com.netflix.discovery.DiscoveryClient.getAndStoreFullRegistry(DiscoveryClient.java:1069)
	at com.netflix.discovery.DiscoveryClient.fetchRegistry(DiscoveryClient.java:983)
	at com.netflix.discovery.DiscoveryClient.refreshRegistry(DiscoveryClient.java:1497)
	at com.netflix.discovery.DiscoveryClient$CacheRefreshThread.run(DiscoveryClient.java:1464)
	at java.util.concurrent.Executors$RunnableAdapter.call(Executors.java:511)
	at java.util.concurrent.FutureTask.run(FutureTask.java:266)
	at java.util.concurrent.ThreadPoolExecutor.runWorker(ThreadPoolExecutor.java:1149)
	at java.util.concurrent.ThreadPoolExecutor$Worker.run(ThreadPoolExecutor.java:624)
	at java.lang.Thread.run(Thread.java:750)
Caused by: java.net.ConnectException: Connection refused: connect
	at java.net.DualStackPlainSocketImpl.waitForConnect(Native Method)
	at java.net.DualStackPlainSocketImpl.socketConnect(DualStackPlainSocketImpl.java:85)
	at java.net.AbstractPlainSocketImpl.doConnect(AbstractPlainSocketImpl.java:350)
	at java.net.AbstractPlainSocketImpl.connectToAddress(AbstractPlainSocketImpl.java:206)
	at java.net.AbstractPlainSocketImpl.connect(AbstractPlainSocketImpl.java:188)
	at java.net.PlainSocketImpl.connect(PlainSocketImpl.java:172)
	at java.net.SocksSocketImpl.connect(SocksSocketImpl.java:392)
	at java.net.Socket.connect(Socket.java:607)
	at org.apache.http.conn.scheme.PlainSocketFactory.connectSocket(PlainSocketFactory.java:121)
	at org.apache.http.impl.conn.DefaultClientConnectionOperator.openConnection(DefaultClientConnectionOperator.java:180)
	at org.apache.http.impl.conn.AbstractPoolEntry.open(AbstractPoolEntry.java:144)
	at org.apache.http.impl.conn.AbstractPooledConnAdapter.open(AbstractPooledConnAdapter.java:134)
	at org.apache.http.impl.client.DefaultRequestDirector.tryConnect(DefaultRequestDirector.java:605)
	at org.apache.http.impl.client.DefaultRequestDirector.execute(DefaultRequestDirector.java:440)
	at org.apache.http.impl.client.AbstractHttpClient.doExecute(AbstractHttpClient.java:835)
	at org.apache.http.impl.client.CloseableHttpClient.execute(CloseableHttpClient.java:118)
	at org.apache.http.impl.client.CloseableHttpClient.execute(CloseableHttpClient.java:56)
	at com.sun.jersey.client.apache4.ApacheHttpClient4Handler.handle(ApacheHttpClient4Handler.java:173)
	... 30 common frames omitted
[2026-09-20 16:20:45 IST] WARN [Service Name -> bookstore-api-gateway-service], [TraceId -> ], [SpanId -> ] 
      <DiscoveryClient-CacheRefreshExecutor-0> com.netflix.discovery.shared.transport.decorator.RetryableEurekaHttpClient : Request execution failed with message: java.net.ConnectException: Connection refused: connect
[2026-09-20 16:20:45 IST] ERROR [Service Name -> bookstore-api-gateway-service], [TraceId -> ], [SpanId -> ] 
      <DiscoveryClient-CacheRefreshExecutor-0> com.netflix.discovery.DiscoveryClient : DiscoveryClient_BOOKSTORE-API-GATEWAY-SERVICE/LAPTOP-PIAE5DDA:bookstore-api-gateway-service:8765 - was unable to refresh its cache! status = Cannot execute request on any known server
com.netflix.discovery.shared.transport.TransportException: Cannot execute request on any known server
	at com.netflix.discovery.shared.transport.decorator.RetryableEurekaHttpClient.execute(RetryableEurekaHttpClient.java:112)
	at com.netflix.discovery.shared.transport.decorator.EurekaHttpClientDecorator.getApplications(EurekaHttpClientDecorator.java:134)
	at com.netflix.discovery.shared.transport.decorator.EurekaHttpClientDecorator$6.execute(EurekaHttpClientDecorator.java:137)
	at com.netflix.discovery.shared.transport.decorator.SessionedEurekaHttpClient.execute(SessionedEurekaHttpClient.java:77)
	at com.netflix.discovery.shared.transport.decorator.EurekaHttpClientDecorator.getApplications(EurekaHttpClientDecorator.java:134)
	at com.netflix.discovery.DiscoveryClient.getAndStoreFullRegistry(DiscoveryClient.java:1069)
	at com.netflix.discovery.DiscoveryClient.fetchRegistry(DiscoveryClient.java:983)
	at com.netflix.discovery.DiscoveryClient.refreshRegistry(DiscoveryClient.java:1497)
	at com.netflix.discovery.DiscoveryClient$CacheRefreshThread.run(DiscoveryClient.java:1464)
	at java.util.concurrent.Executors$RunnableAdapter.call(Executors.java:511)
	at java.util.concurrent.FutureTask.run(FutureTask.java:266)
	at java.util.concurrent.ThreadPoolExecutor.runWorker(ThreadPoolExecutor.java:1149)
	at java.util.concurrent.ThreadPoolExecutor$Worker.run(ThreadPoolExecutor.java:624)
	at java.lang.Thread.run(Thread.java:750)
[2026-09-20 16:20:49 IST] ERROR [Service Name -> bookstore-api-gateway-service], [TraceId -> ], [SpanId -> ] 
      <DiscoveryClient-InstanceInfoReplicator-0> com.netflix.discovery.shared.transport.decorator.RedirectingEurekaHttpClient : Request execution error. endpoint=DefaultEndpoint{ serviceUrl='http://localhost:8761/eureka/}
com.sun.jersey.api.client.ClientHandlerException: java.net.ConnectException: Connection refused: connect
	at com.sun.jersey.client.apache4.ApacheHttpClient4Handler.handle(ApacheHttpClient4Handler.java:187)
	at com.sun.jersey.api.client.filter.GZIPContentEncodingFilter.handle(GZIPContentEncodingFilter.java:123)
	at com.netflix.discovery.EurekaIdentityHeaderFilter.handle(EurekaIdentityHeaderFilter.java:27)
	at com.sun.jersey.api.client.Client.handle(Client.java:652)
	at com.sun.jersey.api.client.WebResource.handle(WebResource.java:682)
	at com.sun.jersey.api.client.WebResource.access$200(WebResource.java:74)
	at com.sun.jersey.api.client.WebResource$Builder.post(WebResource.java:570)
	at com.netflix.discovery.shared.transport.jersey.AbstractJerseyEurekaHttpClient.register(AbstractJerseyEurekaHttpClient.java:56)
	at com.netflix.discovery.shared.transport.decorator.EurekaHttpClientDecorator$1.execute(EurekaHttpClientDecorator.java:59)
	at com.netflix.discovery.shared.transport.decorator.MetricsCollectingEurekaHttpClient.execute(MetricsCollectingEurekaHttpClient.java:73)
	at com.netflix.discovery.shared.transport.decorator.EurekaHttpClientDecorator.register(EurekaHttpClientDecorator.java:56)
	at com.netflix.discovery.shared.transport.decorator.EurekaHttpClientDecorator$1.execute(EurekaHttpClientDecorator.java:59)
	at com.netflix.discovery.shared.transport.decorator.RedirectingEurekaHttpClient.executeOnNewServer(RedirectingEurekaHttpClient.java:118)
	at com.netflix.discovery.shared.transport.decorator.RedirectingEurekaHttpClient.execute(RedirectingEurekaHttpClient.java:79)
	at com.netflix.discovery.shared.transport.decorator.EurekaHttpClientDecorator.register(EurekaHttpClientDecorator.java:56)
	at com.netflix.discovery.shared.transport.decorator.EurekaHttpClientDecorator$1.execute(EurekaHttpClientDecorator.java:59)
	at com.netflix.discovery.shared.transport.decorator.RetryableEurekaHttpClient.execute(RetryableEurekaHttpClient.java:120)
	at com.netflix.discovery.shared.transport.decorator.EurekaHttpClientDecorator.register(EurekaHttpClientDecorator.java:56)
	at com.netflix.discovery.shared.transport.decorator.EurekaHttpClientDecorator$1.execute(EurekaHttpClientDecorator.java:59)
	at com.netflix.discovery.shared.transport.decorator.SessionedEurekaHttpClient.execute(SessionedEurekaHttpClient.java:77)
	at com.netflix.discovery.shared.transport.decorator.EurekaHttpClientDecorator.register(EurekaHttpClientDecorator.java:56)
	at com.netflix.discovery.DiscoveryClient.register(DiscoveryClient.java:847)
	at com.netflix.discovery.InstanceInfoReplicator.run(InstanceInfoReplicator.java:121)
	at java.util.concurrent.Executors$RunnableAdapter.call(Executors.java:511)
	at java.util.concurrent.FutureTask.run(FutureTask.java:266)
	at java.util.concurrent.ScheduledThreadPoolExecutor$ScheduledFutureTask.access$201(ScheduledThreadPoolExecutor.java:180)
	at java.util.concurrent.ScheduledThreadPoolExecutor$ScheduledFutureTask.run(ScheduledThreadPoolExecutor.java:293)
	at java.util.concurrent.ThreadPoolExecutor.runWorker(ThreadPoolExecutor.java:1149)
	at java.util.concurrent.ThreadPoolExecutor$Worker.run(ThreadPoolExecutor.java:624)
	at java.lang.Thread.run(Thread.java:750)
Caused by: java.net.ConnectException: Connection refused: connect
	at java.net.DualStackPlainSocketImpl.waitForConnect(Native Method)
	at java.net.DualStackPlainSocketImpl.socketConnect(DualStackPlainSocketImpl.java:85)
	at java.net.AbstractPlainSocketImpl.doConnect(AbstractPlainSocketImpl.java:350)
	at java.net.AbstractPlainSocketImpl.connectToAddress(AbstractPlainSocketImpl.java:206)
	at java.net.AbstractPlainSocketImpl.connect(AbstractPlainSocketImpl.java:188)
	at java.net.PlainSocketImpl.connect(PlainSocketImpl.java:172)
	at java.net.SocksSocketImpl.connect(SocksSocketImpl.java:392)
	at java.net.Socket.connect(Socket.java:607)
	at org.apache.http.conn.scheme.PlainSocketFactory.connectSocket(PlainSocketFactory.java:121)
	at org.apache.http.impl.conn.DefaultClientConnectionOperator.openConnection(DefaultClientConnectionOperator.java:180)
	at org.apache.http.impl.conn.AbstractPoolEntry.open(AbstractPoolEntry.java:144)
	at org.apache.http.impl.conn.AbstractPooledConnAdapter.open(AbstractPooledConnAdapter.java:134)
	at org.apache.http.impl.client.DefaultRequestDirector.tryConnect(DefaultRequestDirector.java:605)
	at org.apache.http.impl.client.DefaultRequestDirector.execute(DefaultRequestDirector.java:440)
	at org.apache.http.impl.client.AbstractHttpClient.doExecute(AbstractHttpClient.java:835)
	at org.apache.http.impl.client.CloseableHttpClient.execute(CloseableHttpClient.java:118)
	at org.apache.http.impl.client.CloseableHttpClient.execute(CloseableHttpClient.java:56)
	at com.sun.jersey.client.apache4.ApacheHttpClient4Handler.handle(ApacheHttpClient4Handler.java:173)
	... 29 common frames omitted
[2026-09-20 16:20:49 IST] WARN [Service Name -> bookstore-api-gateway-service], [TraceId -> ], [SpanId -> ] 
      <DiscoveryClient-InstanceInfoReplicator-0> com.netflix.discovery.shared.transport.decorator.RetryableEurekaHttpClient : Request execution failed with message: java.net.ConnectException: Connection refused: connect
[2026-09-20 16:20:49 IST] WARN [Service Name -> bookstore-api-gateway-service], [TraceId -> ], [SpanId -> ] 
      <DiscoveryClient-InstanceInfoReplicator-0> com.netflix.discovery.DiscoveryClient : DiscoveryClient_BOOKSTORE-API-GATEWAY-SERVICE/LAPTOP-PIAE5DDA:bookstore-api-gateway-service:8765 - registration failed Cannot execute request on any known server
com.netflix.discovery.shared.transport.TransportException: Cannot execute request on any known server
	at com.netflix.discovery.shared.transport.decorator.RetryableEurekaHttpClient.execute(RetryableEurekaHttpClient.java:112)
	at com.netflix.discovery.shared.transport.decorator.EurekaHttpClientDecorator.register(EurekaHttpClientDecorator.java:56)
	at com.netflix.discovery.shared.transport.decorator.EurekaHttpClientDecorator$1.execute(EurekaHttpClientDecorator.java:59)
	at com.netflix.discovery.shared.transport.decorator.SessionedEurekaHttpClient.execute(SessionedEurekaHttpClient.java:77)
	at com.netflix.discovery.shared.transport.decorator.EurekaHttpClientDecorator.register(EurekaHttpClientDecorator.java:56)
	at com.netflix.discovery.DiscoveryClient.register(DiscoveryClient.java:847)
	at com.netflix.discovery.InstanceInfoReplicator.run(InstanceInfoReplicator.java:121)
	at java.util.concurrent.Executors$RunnableAdapter.call(Executors.java:511)
	at java.util.concurrent.FutureTask.run(FutureTask.java:266)
	at java.util.concurrent.ScheduledThreadPoolExecutor$ScheduledFutureTask.access$201(ScheduledThreadPoolExecutor.java:180)
	at java.util.concurrent.ScheduledThreadPoolExecutor$ScheduledFutureTask.run(ScheduledThreadPoolExecutor.java:293)
	at java.util.concurrent.ThreadPoolExecutor.runWorker(ThreadPoolExecutor.java:1149)
	at java.util.concurrent.ThreadPoolExecutor$Worker.run(ThreadPoolExecutor.java:624)
	at java.lang.Thread.run(Thread.java:750)
[2026-09-20 16:20:49 IST] WARN [Service Name -> bookstore-api-gateway-service], [TraceId -> ], [SpanId -> ] 
      <DiscoveryClient-InstanceInfoReplicator-0> com.netflix.discovery.InstanceInfoReplicator : There was a problem with the instance info replicator
com.netflix.discovery.shared.transport.TransportException: Cannot execute request on any known server
	at com.netflix.discovery.shared.transport.decorator.RetryableEurekaHttpClient.execute(RetryableEurekaHttpClient.java:112)
	at com.netflix.discovery.shared.transport.decorator.EurekaHttpClientDecorator.register(EurekaHttpClientDecorator.java:56)
	at com.netflix.discovery.shared.transport.decorator.EurekaHttpClientDecorator$1.execute(EurekaHttpClientDecorator.java:59)
	at com.netflix.discovery.shared.transport.decorator.SessionedEurekaHttpClient.execute(SessionedEurekaHttpClient.java:77)
	at com.netflix.discovery.shared.transport.decorator.EurekaHttpClientDecorator.register(EurekaHttpClientDecorator.java:56)
	at com.netflix.discovery.DiscoveryClient.register(DiscoveryClient.java:847)
	at com.netflix.discovery.InstanceInfoReplicator.run(InstanceInfoReplicator.java:121)
	at java.util.concurrent.Executors$RunnableAdapter.call(Executors.java:511)
	at java.util.concurrent.FutureTask.run(FutureTask.java:266)
	at java.util.concurrent.ScheduledThreadPoolExecutor$ScheduledFutureTask.access$201(ScheduledThreadPoolExecutor.java:180)
	at java.util.concurrent.ScheduledThreadPoolExecutor$ScheduledFutureTask.run(ScheduledThreadPoolExecutor.java:293)
	at java.util.concurrent.ThreadPoolExecutor.runWorker(ThreadPoolExecutor.java:1149)
	at java.util.concurrent.ThreadPoolExecutor$Worker.run(ThreadPoolExecutor.java:624)
	at java.lang.Thread.run(Thread.java:750)
[2026-09-20 16:21:15 IST] INFO [Service Name -> bookstore-api-gateway-service], [TraceId -> ], [SpanId -> ] 
      <DiscoveryClient-CacheRefreshExecutor-0> com.netflix.discovery.DiscoveryClient : Disable delta property : false
[2026-09-20 16:21:15 IST] INFO [Service Name -> bookstore-api-gateway-service], [TraceId -> ], [SpanId -> ] 
      <DiscoveryClient-CacheRefreshExecutor-0> com.netflix.discovery.DiscoveryClient : Single vip registry refresh property : null
[2026-09-20 16:21:15 IST] INFO [Service Name -> bookstore-api-gateway-service], [TraceId -> ], [SpanId -> ] 
      <DiscoveryClient-CacheRefreshExecutor-0> com.netflix.discovery.DiscoveryClient : Force full registry fetch : false
[2026-09-20 16:21:15 IST] INFO [Service Name -> bookstore-api-gateway-service], [TraceId -> ], [SpanId -> ] 
      <DiscoveryClient-CacheRefreshExecutor-0> com.netflix.discovery.DiscoveryClient : Application is null : false
[2026-09-20 16:21:15 IST] INFO [Service Name -> bookstore-api-gateway-service], [TraceId -> ], [SpanId -> ] 
      <DiscoveryClient-CacheRefreshExecutor-0> com.netflix.discovery.DiscoveryClient : Registered Applications size is zero : true
[2026-09-20 16:21:15 IST] INFO [Service Name -> bookstore-api-gateway-service], [TraceId -> ], [SpanId -> ] 
      <DiscoveryClient-CacheRefreshExecutor-0> com.netflix.discovery.DiscoveryClient : Application version is -1: true
[2026-09-20 16:21:15 IST] INFO [Service Name -> bookstore-api-gateway-service], [TraceId -> ], [SpanId -> ] 
      <DiscoveryClient-CacheRefreshExecutor-0> com.netflix.discovery.DiscoveryClient : Getting all instance registry info from the eureka server
[2026-09-20 16:21:16 IST] INFO [Service Name -> bookstore-api-gateway-service], [TraceId -> ], [SpanId -> ] 
      <DiscoveryClient-HeartbeatExecutor-0> com.netflix.discovery.DiscoveryClient : DiscoveryClient_BOOKSTORE-API-GATEWAY-SERVICE/LAPTOP-PIAE5DDA:bookstore-api-gateway-service:8765 - Re-registering apps/BOOKSTORE-API-GATEWAY-SERVICE
[2026-09-20 16:21:16 IST] INFO [Service Name -> bookstore-api-gateway-service], [TraceId -> ], [SpanId -> ] 
      <DiscoveryClient-HeartbeatExecutor-0> com.netflix.discovery.DiscoveryClient : DiscoveryClient_BOOKSTORE-API-GATEWAY-SERVICE/LAPTOP-PIAE5DDA:bookstore-api-gateway-service:8765: registering service...
[2026-09-20 16:21:16 IST] INFO [Service Name -> bookstore-api-gateway-service], [TraceId -> ], [SpanId -> ] 
      <DiscoveryClient-CacheRefreshExecutor-0> com.netflix.discovery.DiscoveryClient : The response status is 200
[2026-09-20 16:21:16 IST] INFO [Service Name -> bookstore-api-gateway-service], [TraceId -> ], [SpanId -> ] 
      <DiscoveryClient-HeartbeatExecutor-0> com.netflix.discovery.DiscoveryClient : DiscoveryClient_BOOKSTORE-API-GATEWAY-SERVICE/LAPTOP-PIAE5DDA:bookstore-api-gateway-service:8765 - registration status: 204
[2026-09-20 16:21:46 IST] INFO [Service Name -> bookstore-api-gateway-service], [TraceId -> ], [SpanId -> ] 
      <DiscoveryClient-CacheRefreshExecutor-0> com.netflix.discovery.DiscoveryClient : Disable delta property : false
[2026-09-20 16:21:46 IST] INFO [Service Name -> bookstore-api-gateway-service], [TraceId -> ], [SpanId -> ] 
      <DiscoveryClient-CacheRefreshExecutor-0> com.netflix.discovery.DiscoveryClient : Single vip registry refresh property : null
[2026-09-20 16:21:46 IST] INFO [Service Name -> bookstore-api-gateway-service], [TraceId -> ], [SpanId -> ] 
      <DiscoveryClient-CacheRefreshExecutor-0> com.netflix.discovery.DiscoveryClient : Force full registry fetch : false
[2026-09-20 16:21:46 IST] INFO [Service Name -> bookstore-api-gateway-service], [TraceId -> ], [SpanId -> ] 
      <DiscoveryClient-CacheRefreshExecutor-0> com.netflix.discovery.DiscoveryClient : Application is null : false
[2026-09-20 16:21:46 IST] INFO [Service Name -> bookstore-api-gateway-service], [TraceId -> ], [SpanId -> ] 
      <DiscoveryClient-CacheRefreshExecutor-0> com.netflix.discovery.DiscoveryClient : Registered Applications size is zero : true
[2026-09-20 16:21:46 IST] INFO [Service Name -> bookstore-api-gateway-service], [TraceId -> ], [SpanId -> ] 
      <DiscoveryClient-CacheRefreshExecutor-0> com.netflix.discovery.DiscoveryClient : Application version is -1: false
[2026-09-20 16:21:46 IST] INFO [Service Name -> bookstore-api-gateway-service], [TraceId -> ], [SpanId -> ] 
      <DiscoveryClient-CacheRefreshExecutor-0> com.netflix.discovery.DiscoveryClient : Getting all instance registry info from the eureka server
[2026-09-20 16:21:46 IST] INFO [Service Name -> bookstore-api-gateway-service], [TraceId -> ], [SpanId -> ] 
      <DiscoveryClient-CacheRefreshExecutor-0> com.netflix.discovery.DiscoveryClient : The response status is 200
[2026-09-20 16:22:08 IST] INFO [Service Name -> bookstore-api-gateway-service], [TraceId -> ], [SpanId -> ] 
      <PollingServerListUpdater-0> com.netflix.config.ChainedDynamicProperty : Flipping property: bookstore-billing-service.ribbon.ActiveConnectionsLimit to use NEXT property: niws.loadbalancer.availabilityFilteringRule.activeConnectionsLimit = 2147483647
[2026-09-20 16:22:08 IST] INFO [Service Name -> bookstore-api-gateway-service], [TraceId -> ], [SpanId -> ] 
      <PollingServerListUpdater-1> com.netflix.config.ChainedDynamicProperty : Flipping property: bookstore-catalog-service.ribbon.ActiveConnectionsLimit to use NEXT property: niws.loadbalancer.availabilityFilteringRule.activeConnectionsLimit = 2147483647
[2026-09-20 16:22:08 IST] INFO [Service Name -> bookstore-api-gateway-service], [TraceId -> ], [SpanId -> ] 
      <PollingServerListUpdater-0> com.netflix.config.ChainedDynamicProperty : Flipping property: bookstore-account-service.ribbon.ActiveConnectionsLimit to use NEXT property: niws.loadbalancer.availabilityFilteringRule.activeConnectionsLimit = 2147483647
[2026-09-20 16:23:39 IST] INFO [Service Name -> bookstore-api-gateway-service], [TraceId -> ], [SpanId -> ] 
      <PollingServerListUpdater-0> com.netflix.config.ChainedDynamicProperty : Flipping property: bookstore-order-service.ribbon.ActiveConnectionsLimit to use NEXT property: niws.loadbalancer.availabilityFilteringRule.activeConnectionsLimit = 2147483647
[2026-09-20 16:23:39 IST] INFO [Service Name -> bookstore-api-gateway-service], [TraceId -> ], [SpanId -> ] 
      <PollingServerListUpdater-1> com.netflix.config.ChainedDynamicProperty : Flipping property: bookstore-payment-service.ribbon.ActiveConnectionsLimit to use NEXT property: niws.loadbalancer.availabilityFilteringRule.activeConnectionsLimit = 2147483647
[2026-09-20 16:23:59 IST] INFO [Service Name -> bookstore-api-gateway-service], [TraceId -> ], [SpanId -> ] 
      <AsyncResolver-bootstrap-executor-0> com.netflix.discovery.shared.resolver.aws.ConfigClusterResolver : Resolving eureka endpoints via configuration
[2026-09-20 16:28:59 IST] INFO [Service Name -> bookstore-api-gateway-service], [TraceId -> ], [SpanId -> ] 
      <AsyncResolver-bootstrap-executor-0> com.netflix.discovery.shared.resolver.aws.ConfigClusterResolver : Resolving eureka endpoints via configuration
[2026-09-20 16:33:59 IST] INFO [Service Name -> bookstore-api-gateway-service], [TraceId -> ], [SpanId -> ] 
      <AsyncResolver-bootstrap-executor-0> com.netflix.discovery.shared.resolver.aws.ConfigClusterResolver : Resolving eureka endpoints via configuration
[2026-09-20 16:38:59 IST] INFO [Service Name -> bookstore-api-gateway-service], [TraceId -> ], [SpanId -> ] 
      <AsyncResolver-bootstrap-executor-0> com.netflix.discovery.shared.resolver.aws.ConfigClusterResolver : Resolving eureka endpoints via configuration
[2026-09-20 16:43:59 IST] INFO [Service Name -> bookstore-api-gateway-service], [TraceId -> ], [SpanId -> ] 
      <AsyncResolver-bootstrap-executor-0> com.netflix.discovery.shared.resolver.aws.ConfigClusterResolver : Resolving eureka endpoints via configuration
[2026-09-20 16:48:59 IST] INFO [Service Name -> bookstore-api-gateway-service], [TraceId -> ], [SpanId -> ] 
      <AsyncResolver-bootstrap-executor-0> com.netflix.discovery.shared.resolver.aws.ConfigClusterResolver : Resolving eureka endpoints via configuration
[2026-09-20 16:53:59 IST] INFO [Service Name -> bookstore-api-gateway-service], [TraceId -> ], [SpanId -> ] 
      <AsyncResolver-bootstrap-executor-0> com.netflix.discovery.shared.resolver.aws.ConfigClusterResolver : Resolving eureka endpoints via configuration
[2026-09-20 16:58:59 IST] INFO [Service Name -> bookstore-api-gateway-service], [TraceId -> ], [SpanId -> ] 
      <AsyncResolver-bootstrap-executor-0> com.netflix.discovery.shared.resolver.aws.ConfigClusterResolver : Resolving eureka endpoints via configuration
[2026-09-20 17:03:59 IST] INFO [Service Name -> bookstore-api-gateway-service], [TraceId -> ], [SpanId -> ] 
      <AsyncResolver-bootstrap-executor-0> com.netflix.discovery.shared.resolver.aws.ConfigClusterResolver : Resolving eureka endpoints via configuration
[2026-09-20 17:08:59 IST] INFO [Service Name -> bookstore-api-gateway-service], [TraceId -> ], [SpanId -> ] 
      <AsyncResolver-bootstrap-executor-0> com.netflix.discovery.shared.resolver.aws.ConfigClusterResolver : Resolving eureka endpoints via configuration
[2026-09-20 17:13:59 IST] INFO [Service Name -> bookstore-api-gateway-service], [TraceId -> ], [SpanId -> ] 
      <AsyncResolver-bootstrap-executor-0> com.netflix.discovery.shared.resolver.aws.ConfigClusterResolver : Resolving eureka endpoints via configuration
[2026-09-20 17:18:59 IST] INFO [Service Name -> bookstore-api-gateway-service], [TraceId -> ], [SpanId -> ] 
      <AsyncResolver-bootstrap-executor-0> com.netflix.discovery.shared.resolver.aws.ConfigClusterResolver : Resolving eureka endpoints via configuration
[2026-09-20 17:23:59 IST] INFO [Service Name -> bookstore-api-gateway-service], [TraceId -> ], [SpanId -> ] 
      <AsyncResolver-bootstrap-executor-0> com.netflix.discovery.shared.resolver.aws.ConfigClusterResolver : Resolving eureka endpoints via configuration
[2026-09-20 17:28:59 IST] INFO [Service Name -> bookstore-api-gateway-service], [TraceId -> ], [SpanId -> ] 
      <AsyncResolver-bootstrap-executor-0> com.netflix.discovery.shared.resolver.aws.ConfigClusterResolver : Resolving eureka endpoints via configuration
[2026-09-20 17:33:59 IST] INFO [Service Name -> bookstore-api-gateway-service], [TraceId -> ], [SpanId -> ] 
      <AsyncResolver-bootstrap-executor-0> com.netflix.discovery.shared.resolver.aws.ConfigClusterResolver : Resolving eureka endpoints via configuration
[2026-09-20 17:37:38 IST] INFO [Service Name -> bookstore-api-gateway-service], [TraceId -> b01f75ca83e4dd47], [SpanId -> b01f75ca83e4dd47] 
      <http-nio-8765-exec-1> com.devd.spring.bookstoreapigatewayservice.filters.PreFilter : PreFilter: GET request to http://localhost:8765/api/catalog/products
[2026-09-20 17:37:40 IST] WARN [Service Name -> bookstore-api-gateway-service], [TraceId -> b01f75ca83e4dd47], [SpanId -> b01f75ca83e4dd47] 
      <http-nio-8765-exec-1> org.springframework.cloud.netflix.zuul.filters.route.support.AbstractRibbonCommand : The Hystrix timeout of 40000ms for the command bookstore-catalog-service is set lower than the combination of the Ribbon read and connect timeout, 140000ms.
[2026-09-20 17:37:40 IST] INFO [Service Name -> bookstore-api-gateway-service], [TraceId -> 0c8ee16c63119f0c], [SpanId -> 0c8ee16c63119f0c] 
      <http-nio-8765-exec-2> com.devd.spring.bookstoreapigatewayservice.filters.PreFilter : PreFilter: GET request to http://localhost:8765/api/catalog/products
[2026-09-20 17:37:40 IST] WARN [Service Name -> bookstore-api-gateway-service], [TraceId -> 0c8ee16c63119f0c], [SpanId -> 0c8ee16c63119f0c] 
      <http-nio-8765-exec-2> org.springframework.cloud.netflix.zuul.filters.route.support.AbstractRibbonCommand : The Hystrix timeout of 40000ms for the command bookstore-catalog-service is set lower than the combination of the Ribbon read and connect timeout, 140000ms.
[2026-09-20 17:37:58 IST] INFO [Service Name -> bookstore-api-gateway-service], [TraceId -> 3d2f6645aa7ea564], [SpanId -> 3d2f6645aa7ea564] 
      <http-nio-8765-exec-3> com.devd.spring.bookstoreapigatewayservice.filters.PreFilter : PreFilter: GET request to http://localhost:8765/api/catalog/image/c16108e1-8276-41ad-bf12-4aee4c0a7e65__IndModernLiterature.jpg
[2026-09-20 17:37:58 IST] INFO [Service Name -> bookstore-api-gateway-service], [TraceId -> 8a6505106b27f39b], [SpanId -> 8a6505106b27f39b] 
      <http-nio-8765-exec-4> com.devd.spring.bookstoreapigatewayservice.filters.PreFilter : PreFilter: GET request to http://localhost:8765/api/catalog/image/2b3ba80b-da93-4206-b50f-83008180a09e__sheHolmes.jpg
[2026-09-20 17:37:58 IST] WARN [Service Name -> bookstore-api-gateway-service], [TraceId -> 3d2f6645aa7ea564], [SpanId -> 3d2f6645aa7ea564] 
      <http-nio-8765-exec-3> org.springframework.cloud.netflix.zuul.filters.route.support.AbstractRibbonCommand : The Hystrix timeout of 40000ms for the command bookstore-catalog-service is set lower than the combination of the Ribbon read and connect timeout, 140000ms.
[2026-09-20 17:37:58 IST] INFO [Service Name -> bookstore-api-gateway-service], [TraceId -> 9b52693dbdc25384], [SpanId -> 9b52693dbdc25384] 
      <http-nio-8765-exec-5> com.devd.spring.bookstoreapigatewayservice.filters.PreFilter : PreFilter: GET request to http://localhost:8765/api/catalog/image/0547ab94-59f8-4352-b17b-0918d07913f2__pricePredudice.jpg
[2026-09-20 17:37:58 IST] WARN [Service Name -> bookstore-api-gateway-service], [TraceId -> 9b52693dbdc25384], [SpanId -> 9b52693dbdc25384] 
      <http-nio-8765-exec-5> org.springframework.cloud.netflix.zuul.filters.route.support.AbstractRibbonCommand : The Hystrix timeout of 40000ms for the command bookstore-catalog-service is set lower than the combination of the Ribbon read and connect timeout, 140000ms.
[2026-09-20 17:37:58 IST] INFO [Service Name -> bookstore-api-gateway-service], [TraceId -> 7ebd8affd7ddc4f6], [SpanId -> 7ebd8affd7ddc4f6] 
      <http-nio-8765-exec-6> com.devd.spring.bookstoreapigatewayservice.filters.PreFilter : PreFilter: GET request to http://localhost:8765/api/catalog/image/1ecfd5c4-dba2-4feb-bd88-006105a8d5ab__alchemist.jpg
[2026-09-20 17:37:58 IST] INFO [Service Name -> bookstore-api-gateway-service], [TraceId -> 9220e21b5fa984e5], [SpanId -> 9220e21b5fa984e5] 
      <http-nio-8765-exec-7> com.devd.spring.bookstoreapigatewayservice.filters.PreFilter : PreFilter: GET request to http://localhost:8765/api/catalog/image/8e6abb0e-180b-4e8e-856a-cb8491ff9454__greatGatsby.jpg
[2026-09-20 17:37:58 IST] WARN [Service Name -> bookstore-api-gateway-service], [TraceId -> 9220e21b5fa984e5], [SpanId -> 9220e21b5fa984e5] 
      <http-nio-8765-exec-7> org.springframework.cloud.netflix.zuul.filters.route.support.AbstractRibbonCommand : The Hystrix timeout of 40000ms for the command bookstore-catalog-service is set lower than the combination of the Ribbon read and connect timeout, 140000ms.
[2026-09-20 17:37:58 IST] WARN [Service Name -> bookstore-api-gateway-service], [TraceId -> 7ebd8affd7ddc4f6], [SpanId -> 7ebd8affd7ddc4f6] 
      <http-nio-8765-exec-6> org.springframework.cloud.netflix.zuul.filters.route.support.AbstractRibbonCommand : The Hystrix timeout of 40000ms for the command bookstore-catalog-service is set lower than the combination of the Ribbon read and connect timeout, 140000ms.
[2026-09-20 17:37:58 IST] INFO [Service Name -> bookstore-api-gateway-service], [TraceId -> 171a1349017c42ce], [SpanId -> 171a1349017c42ce] 
      <http-nio-8765-exec-10> com.devd.spring.bookstoreapigatewayservice.filters.PreFilter : PreFilter: GET request to http://localhost:8765/api/catalog/image/b1175b20-e946-42a6-b63d-83e35b7a73fa__oneArrangedMurder.jpg
[2026-09-20 17:37:58 IST] WARN [Service Name -> bookstore-api-gateway-service], [TraceId -> 171a1349017c42ce], [SpanId -> 171a1349017c42ce] 
      <http-nio-8765-exec-10> org.springframework.cloud.netflix.zuul.filters.route.support.AbstractRibbonCommand : The Hystrix timeout of 40000ms for the command bookstore-catalog-service is set lower than the combination of the Ribbon read and connect timeout, 140000ms.
[2026-09-20 17:37:58 IST] WARN [Service Name -> bookstore-api-gateway-service], [TraceId -> 8a6505106b27f39b], [SpanId -> 8a6505106b27f39b] 
      <http-nio-8765-exec-4> org.springframework.cloud.netflix.zuul.filters.route.support.AbstractRibbonCommand : The Hystrix timeout of 40000ms for the command bookstore-catalog-service is set lower than the combination of the Ribbon read and connect timeout, 140000ms.
[2026-09-20 17:37:59 IST] INFO [Service Name -> bookstore-api-gateway-service], [TraceId -> 5b8d03c8ab433bcf], [SpanId -> 5b8d03c8ab433bcf] 
      <http-nio-8765-exec-8> com.devd.spring.bookstoreapigatewayservice.filters.PreFilter : PreFilter: GET request to http://localhost:8765/api/catalog/image/4b050ba6-9573-4554-bdd4-26ae806c06aa__IntroEngLit.jpg
[2026-09-20 17:37:59 IST] WARN [Service Name -> bookstore-api-gateway-service], [TraceId -> 5b8d03c8ab433bcf], [SpanId -> 5b8d03c8ab433bcf] 
      <http-nio-8765-exec-8> org.springframework.cloud.netflix.zuul.filters.route.support.AbstractRibbonCommand : The Hystrix timeout of 40000ms for the command bookstore-catalog-service is set lower than the combination of the Ribbon read and connect timeout, 140000ms.
[2026-09-20 17:37:59 IST] INFO [Service Name -> bookstore-api-gateway-service], [TraceId -> 3cc667f016c286d6], [SpanId -> 3cc667f016c286d6] 
      <http-nio-8765-exec-9> com.devd.spring.bookstoreapigatewayservice.filters.PreFilter : PreFilter: GET request to http://localhost:8765/api/catalog/image/e6602eb6-3f67-4993-abc8-0b54a36bad1b__thousandSplendidSuns.jpg
[2026-09-20 17:37:59 IST] WARN [Service Name -> bookstore-api-gateway-service], [TraceId -> 3cc667f016c286d6], [SpanId -> 3cc667f016c286d6] 
      <http-nio-8765-exec-9> org.springframework.cloud.netflix.zuul.filters.route.support.AbstractRibbonCommand : The Hystrix timeout of 40000ms for the command bookstore-catalog-service is set lower than the combination of the Ribbon read and connect timeout, 140000ms.
[2026-09-20 17:38:07 IST] WARN [Service Name -> bookstore-api-gateway-service], [TraceId -> ], [SpanId -> ] 
      <AsyncReporter{org.springframework.cloud.sleuth.zipkin2.sender.RestTemplateSender@5c48b72c}> zipkin2.reporter.AsyncReporter$BoundedAsyncReporter : Spans were dropped due to exceptions. All subsequent errors will be logged at FINE level.
[2026-09-20 17:38:08 IST] WARN [Service Name -> bookstore-api-gateway-service], [TraceId -> ], [SpanId -> ] 
      <AsyncReporter{org.springframework.cloud.sleuth.zipkin2.sender.RestTemplateSender@5c48b72c}> zipkin2.reporter.AsyncReporter$BoundedAsyncReporter : Dropped 30 spans due to ResourceAccessException(I/O error on POST request for "http://localhost:9411/api/v2/spans": connect timed out; nested exception is java.net.SocketTimeoutException: connect timed out)
org.springframework.web.client.ResourceAccessException: I/O error on POST request for "http://localhost:9411/api/v2/spans": connect timed out; nested exception is java.net.SocketTimeoutException: connect timed out
	at org.springframework.web.client.RestTemplate.doExecute(RestTemplate.java:748)
	at org.springframework.cloud.sleuth.zipkin2.sender.ZipkinRestTemplateWrapper.doExecute(ZipkinRestTemplateSenderConfiguration.java:228)
	at org.springframework.web.client.RestTemplate.exchange(RestTemplate.java:641)
	at org.springframework.cloud.sleuth.zipkin2.sender.RestTemplateSender.post(RestTemplateSender.java:129)
	at org.springframework.cloud.sleuth.zipkin2.sender.RestTemplateSender$HttpPostCall.doExecute(RestTemplateSender.java:142)
	at org.springframework.cloud.sleuth.zipkin2.sender.RestTemplateSender$HttpPostCall.doExecute(RestTemplateSender.java:132)
	at zipkin2.Call$Base.execute(Call.java:380)
	at zipkin2.reporter.AsyncReporter$BoundedAsyncReporter.flush(AsyncReporter.java:285)
	at zipkin2.reporter.AsyncReporter$Flusher.run(AsyncReporter.java:354)
	at java.lang.Thread.run(Thread.java:750)
Caused by: java.net.SocketTimeoutException: connect timed out
	at java.net.DualStackPlainSocketImpl.waitForConnect(Native Method)
	at java.net.DualStackPlainSocketImpl.socketConnect(DualStackPlainSocketImpl.java:85)
	at java.net.AbstractPlainSocketImpl.doConnect(AbstractPlainSocketImpl.java:350)
	at java.net.AbstractPlainSocketImpl.connectToAddress(AbstractPlainSocketImpl.java:206)
	at java.net.AbstractPlainSocketImpl.connect(AbstractPlainSocketImpl.java:188)
	at java.net.PlainSocketImpl.connect(PlainSocketImpl.java:172)
	at java.net.SocksSocketImpl.connect(SocksSocketImpl.java:392)
	at java.net.Socket.connect(Socket.java:607)
	at sun.net.NetworkClient.doConnect(NetworkClient.java:175)
	at sun.net.www.http.HttpClient.openServer(HttpClient.java:473)
	at sun.net.www.http.HttpClient.openServer(HttpClient.java:568)
	at sun.net.www.http.HttpClient.<init>(HttpClient.java:254)
	at sun.net.www.http.HttpClient.New(HttpClient.java:349)
	at sun.net.www.http.HttpClient.New(HttpClient.java:367)
	at sun.net.www.protocol.http.HttpURLConnection.getNewHttpClient(HttpURLConnection.java:1248)
	at sun.net.www.protocol.http.HttpURLConnection.plainConnect0(HttpURLConnection.java:1182)
	at sun.net.www.protocol.http.HttpURLConnection.plainConnect(HttpURLConnection.java:1076)
	at sun.net.www.protocol.http.HttpURLConnection.connect(HttpURLConnection.java:1010)
	at org.springframework.http.client.SimpleBufferingClientHttpRequest.executeInternal(SimpleBufferingClientHttpRequest.java:76)
	at org.springframework.http.client.AbstractBufferingClientHttpRequest.executeInternal(AbstractBufferingClientHttpRequest.java:48)
	at org.springframework.http.client.AbstractClientHttpRequest.execute(AbstractClientHttpRequest.java:53)
	at org.springframework.web.client.RestTemplate.doExecute(RestTemplate.java:739)
	... 9 common frames omitted
[2026-09-20 17:38:59 IST] INFO [Service Name -> bookstore-api-gateway-service], [TraceId -> ], [SpanId -> ] 
      <AsyncResolver-bootstrap-executor-0> com.netflix.discovery.shared.resolver.aws.ConfigClusterResolver : Resolving eureka endpoints via configuration
[2026-09-20 17:43:18 IST] INFO [Service Name -> bookstore-api-gateway-service], [TraceId -> 562883766bd11780], [SpanId -> 562883766bd11780] 
      <http-nio-8765-exec-2> com.devd.spring.bookstoreapigatewayservice.filters.PreFilter : PreFilter: GET request to http://localhost:8765/api/catalog/image/2b3ba80b-da93-4206-b50f-83008180a09e__sheHolmes.jpg
[2026-09-20 17:43:18 IST] WARN [Service Name -> bookstore-api-gateway-service], [TraceId -> 562883766bd11780], [SpanId -> 562883766bd11780] 
      <http-nio-8765-exec-2> org.springframework.cloud.netflix.zuul.filters.route.support.AbstractRibbonCommand : The Hystrix timeout of 40000ms for the command bookstore-catalog-service is set lower than the combination of the Ribbon read and connect timeout, 140000ms.
[2026-09-20 17:43:18 IST] INFO [Service Name -> bookstore-api-gateway-service], [TraceId -> 0a6070b444fa0a1d], [SpanId -> 0a6070b444fa0a1d] 
      <http-nio-8765-exec-8> com.devd.spring.bookstoreapigatewayservice.filters.PreFilter : PreFilter: GET request to http://localhost:8765/api/catalog/image/b1175b20-e946-42a6-b63d-83e35b7a73fa__oneArrangedMurder.jpg
[2026-09-20 17:43:18 IST] WARN [Service Name -> bookstore-api-gateway-service], [TraceId -> 0a6070b444fa0a1d], [SpanId -> 0a6070b444fa0a1d] 
      <http-nio-8765-exec-8> org.springframework.cloud.netflix.zuul.filters.route.support.AbstractRibbonCommand : The Hystrix timeout of 40000ms for the command bookstore-catalog-service is set lower than the combination of the Ribbon read and connect timeout, 140000ms.
[2026-09-20 17:43:18 IST] INFO [Service Name -> bookstore-api-gateway-service], [TraceId -> bac3dfafac52e979], [SpanId -> bac3dfafac52e979] 
      <http-nio-8765-exec-1> com.devd.spring.bookstoreapigatewayservice.filters.PreFilter : PreFilter: GET request to http://localhost:8765/api/catalog/image/4b050ba6-9573-4554-bdd4-26ae806c06aa__IntroEngLit.jpg
[2026-09-20 17:43:18 IST] INFO [Service Name -> bookstore-api-gateway-service], [TraceId -> 51bb3165779cbc78], [SpanId -> 51bb3165779cbc78] 
      <http-nio-8765-exec-7> com.devd.spring.bookstoreapigatewayservice.filters.PreFilter : PreFilter: GET request to http://localhost:8765/api/catalog/image/1ecfd5c4-dba2-4feb-bd88-006105a8d5ab__alchemist.jpg
[2026-09-20 17:43:18 IST] WARN [Service Name -> bookstore-api-gateway-service], [TraceId -> bac3dfafac52e979], [SpanId -> bac3dfafac52e979] 
      <http-nio-8765-exec-1> org.springframework.cloud.netflix.zuul.filters.route.support.AbstractRibbonCommand : The Hystrix timeout of 40000ms for the command bookstore-catalog-service is set lower than the combination of the Ribbon read and connect timeout, 140000ms.
[2026-09-20 17:43:18 IST] INFO [Service Name -> bookstore-api-gateway-service], [TraceId -> 7abd9db946975a91], [SpanId -> 7abd9db946975a91] 
      <http-nio-8765-exec-3> com.devd.spring.bookstoreapigatewayservice.filters.PreFilter : PreFilter: GET request to http://localhost:8765/api/catalog/image/0547ab94-59f8-4352-b17b-0918d07913f2__pricePredudice.jpg
[2026-09-20 17:43:18 IST] WARN [Service Name -> bookstore-api-gateway-service], [TraceId -> 7abd9db946975a91], [SpanId -> 7abd9db946975a91] 
      <http-nio-8765-exec-3> org.springframework.cloud.netflix.zuul.filters.route.support.AbstractRibbonCommand : The Hystrix timeout of 40000ms for the command bookstore-catalog-service is set lower than the combination of the Ribbon read and connect timeout, 140000ms.
[2026-09-20 17:43:18 IST] INFO [Service Name -> bookstore-api-gateway-service], [TraceId -> 958e4ec1b167af4d], [SpanId -> 958e4ec1b167af4d] 
      <http-nio-8765-exec-9> com.devd.spring.bookstoreapigatewayservice.filters.PreFilter : PreFilter: GET request to http://localhost:8765/api/catalog/image/c16108e1-8276-41ad-bf12-4aee4c0a7e65__IndModernLiterature.jpg
[2026-09-20 17:43:18 IST] WARN [Service Name -> bookstore-api-gateway-service], [TraceId -> 958e4ec1b167af4d], [SpanId -> 958e4ec1b167af4d] 
      <http-nio-8765-exec-9> org.springframework.cloud.netflix.zuul.filters.route.support.AbstractRibbonCommand : The Hystrix timeout of 40000ms for the command bookstore-catalog-service is set lower than the combination of the Ribbon read and connect timeout, 140000ms.
[2026-09-20 17:43:18 IST] INFO [Service Name -> bookstore-api-gateway-service], [TraceId -> 887d8fb7452c78e3], [SpanId -> 887d8fb7452c78e3] 
      <http-nio-8765-exec-5> com.devd.spring.bookstoreapigatewayservice.filters.PreFilter : PreFilter: GET request to http://localhost:8765/api/catalog/image/8e6abb0e-180b-4e8e-856a-cb8491ff9454__greatGatsby.jpg
[2026-09-20 17:43:18 IST] WARN [Service Name -> bookstore-api-gateway-service], [TraceId -> 887d8fb7452c78e3], [SpanId -> 887d8fb7452c78e3] 
      <http-nio-8765-exec-5> org.springframework.cloud.netflix.zuul.filters.route.support.AbstractRibbonCommand : The Hystrix timeout of 40000ms for the command bookstore-catalog-service is set lower than the combination of the Ribbon read and connect timeout, 140000ms.
[2026-09-20 17:43:18 IST] INFO [Service Name -> bookstore-api-gateway-service], [TraceId -> 21d5da7ef49e4d73], [SpanId -> 21d5da7ef49e4d73] 
      <http-nio-8765-exec-6> com.devd.spring.bookstoreapigatewayservice.filters.PreFilter : PreFilter: GET request to http://localhost:8765/api/catalog/products
[2026-09-20 17:43:18 IST] WARN [Service Name -> bookstore-api-gateway-service], [TraceId -> 21d5da7ef49e4d73], [SpanId -> 21d5da7ef49e4d73] 
      <http-nio-8765-exec-6> org.springframework.cloud.netflix.zuul.filters.route.support.AbstractRibbonCommand : The Hystrix timeout of 40000ms for the command bookstore-catalog-service is set lower than the combination of the Ribbon read and connect timeout, 140000ms.
[2026-09-20 17:43:18 IST] INFO [Service Name -> bookstore-api-gateway-service], [TraceId -> b4ee1ea06041ba5d], [SpanId -> b4ee1ea06041ba5d] 
      <http-nio-8765-exec-4> com.devd.spring.bookstoreapigatewayservice.filters.PreFilter : PreFilter: GET request to http://localhost:8765/api/catalog/image/e6602eb6-3f67-4993-abc8-0b54a36bad1b__thousandSplendidSuns.jpg
[2026-09-20 17:43:18 IST] WARN [Service Name -> bookstore-api-gateway-service], [TraceId -> b4ee1ea06041ba5d], [SpanId -> b4ee1ea06041ba5d] 
      <http-nio-8765-exec-4> org.springframework.cloud.netflix.zuul.filters.route.support.AbstractRibbonCommand : The Hystrix timeout of 40000ms for the command bookstore-catalog-service is set lower than the combination of the Ribbon read and connect timeout, 140000ms.
[2026-09-20 17:43:19 IST] WARN [Service Name -> bookstore-api-gateway-service], [TraceId -> 51bb3165779cbc78], [SpanId -> 51bb3165779cbc78] 
      <http-nio-8765-exec-7> org.springframework.cloud.netflix.zuul.filters.route.support.AbstractRibbonCommand : The Hystrix timeout of 40000ms for the command bookstore-catalog-service is set lower than the combination of the Ribbon read and connect timeout, 140000ms.
[2026-09-20 17:43:19 IST] INFO [Service Name -> bookstore-api-gateway-service], [TraceId -> a686d8d5639be11c], [SpanId -> a686d8d5639be11c] 
      <http-nio-8765-exec-3> com.devd.spring.bookstoreapigatewayservice.filters.PreFilter : PreFilter: GET request to http://localhost:8765/api/catalog/image/c16108e1-8276-41ad-bf12-4aee4c0a7e65__IndModernLiterature.jpg
[2026-09-20 17:43:19 IST] WARN [Service Name -> bookstore-api-gateway-service], [TraceId -> a686d8d5639be11c], [SpanId -> a686d8d5639be11c] 
      <http-nio-8765-exec-3> org.springframework.cloud.netflix.zuul.filters.route.support.AbstractRibbonCommand : The Hystrix timeout of 40000ms for the command bookstore-catalog-service is set lower than the combination of the Ribbon read and connect timeout, 140000ms.
[2026-09-20 17:43:19 IST] INFO [Service Name -> bookstore-api-gateway-service], [TraceId -> 57e3bd213c755c03], [SpanId -> 57e3bd213c755c03] 
      <http-nio-8765-exec-2> com.devd.spring.bookstoreapigatewayservice.filters.PreFilter : PreFilter: GET request to http://localhost:8765/api/catalog/image/0547ab94-59f8-4352-b17b-0918d07913f2__pricePredudice.jpg
[2026-09-20 17:43:19 IST] WARN [Service Name -> bookstore-api-gateway-service], [TraceId -> 57e3bd213c755c03], [SpanId -> 57e3bd213c755c03] 
      <http-nio-8765-exec-2> org.springframework.cloud.netflix.zuul.filters.route.support.AbstractRibbonCommand : The Hystrix timeout of 40000ms for the command bookstore-catalog-service is set lower than the combination of the Ribbon read and connect timeout, 140000ms.
[2026-09-20 17:43:19 IST] INFO [Service Name -> bookstore-api-gateway-service], [TraceId -> ad02f9c5dd416731], [SpanId -> ad02f9c5dd416731] 
      <http-nio-8765-exec-1> com.devd.spring.bookstoreapigatewayservice.filters.PreFilter : PreFilter: GET request to http://localhost:8765/api/catalog/image/8e6abb0e-180b-4e8e-856a-cb8491ff9454__greatGatsby.jpg
[2026-09-20 17:43:19 IST] INFO [Service Name -> bookstore-api-gateway-service], [TraceId -> 8fbd6bbcf6e8a95c], [SpanId -> 8fbd6bbcf6e8a95c] 
      <http-nio-8765-exec-9> com.devd.spring.bookstoreapigatewayservice.filters.PreFilter : PreFilter: GET request to http://localhost:8765/api/catalog/image/2b3ba80b-da93-4206-b50f-83008180a09e__sheHolmes.jpg
[2026-09-20 17:43:19 IST] INFO [Service Name -> bookstore-api-gateway-service], [TraceId -> ad0bae39c07487ae], [SpanId -> ad0bae39c07487ae] 
      <http-nio-8765-exec-5> com.devd.spring.bookstoreapigatewayservice.filters.PreFilter : PreFilter: GET request to http://localhost:8765/api/catalog/image/e6602eb6-3f67-4993-abc8-0b54a36bad1b__thousandSplendidSuns.jpg
[2026-09-20 17:43:19 IST] INFO [Service Name -> bookstore-api-gateway-service], [TraceId -> 29d07a5afda79f08], [SpanId -> 29d07a5afda79f08] 
      <http-nio-8765-exec-7> com.devd.spring.bookstoreapigatewayservice.filters.PreFilter : PreFilter: GET request to http://localhost:8765/api/catalog/image/1ecfd5c4-dba2-4feb-bd88-006105a8d5ab__alchemist.jpg
[2026-09-20 17:43:19 IST] INFO [Service Name -> bookstore-api-gateway-service], [TraceId -> a593d942404613c7], [SpanId -> a593d942404613c7] 
      <http-nio-8765-exec-8> com.devd.spring.bookstoreapigatewayservice.filters.PreFilter : PreFilter: GET request to http://localhost:8765/api/catalog/image/4b050ba6-9573-4554-bdd4-26ae806c06aa__IntroEngLit.jpg
[2026-09-20 17:43:19 IST] INFO [Service Name -> bookstore-api-gateway-service], [TraceId -> d09836d03610f410], [SpanId -> d09836d03610f410] 
      <http-nio-8765-exec-4> com.devd.spring.bookstoreapigatewayservice.filters.PreFilter : PreFilter: GET request to http://localhost:8765/api/catalog/image/b1175b20-e946-42a6-b63d-83e35b7a73fa__oneArrangedMurder.jpg
[2026-09-20 17:43:19 IST] WARN [Service Name -> bookstore-api-gateway-service], [TraceId -> 29d07a5afda79f08], [SpanId -> 29d07a5afda79f08] 
      <http-nio-8765-exec-7> org.springframework.cloud.netflix.zuul.filters.route.support.AbstractRibbonCommand : The Hystrix timeout of 40000ms for the command bookstore-catalog-service is set lower than the combination of the Ribbon read and connect timeout, 140000ms.
[2026-09-20 17:43:19 IST] WARN [Service Name -> bookstore-api-gateway-service], [TraceId -> 8fbd6bbcf6e8a95c], [SpanId -> 8fbd6bbcf6e8a95c] 
      <http-nio-8765-exec-9> org.springframework.cloud.netflix.zuul.filters.route.support.AbstractRibbonCommand : The Hystrix timeout of 40000ms for the command bookstore-catalog-service is set lower than the combination of the Ribbon read and connect timeout, 140000ms.
[2026-09-20 17:43:19 IST] WARN [Service Name -> bookstore-api-gateway-service], [TraceId -> ad0bae39c07487ae], [SpanId -> ad0bae39c07487ae] 
      <http-nio-8765-exec-5> org.springframework.cloud.netflix.zuul.filters.route.support.AbstractRibbonCommand : The Hystrix timeout of 40000ms for the command bookstore-catalog-service is set lower than the combination of the Ribbon read and connect timeout, 140000ms.
[2026-09-20 17:43:19 IST] WARN [Service Name -> bookstore-api-gateway-service], [TraceId -> d09836d03610f410], [SpanId -> d09836d03610f410] 
      <http-nio-8765-exec-4> org.springframework.cloud.netflix.zuul.filters.route.support.AbstractRibbonCommand : The Hystrix timeout of 40000ms for the command bookstore-catalog-service is set lower than the combination of the Ribbon read and connect timeout, 140000ms.
[2026-09-20 17:43:20 IST] WARN [Service Name -> bookstore-api-gateway-service], [TraceId -> a593d942404613c7], [SpanId -> a593d942404613c7] 
      <http-nio-8765-exec-8> org.springframework.cloud.netflix.zuul.filters.route.support.AbstractRibbonCommand : The Hystrix timeout of 40000ms for the command bookstore-catalog-service is set lower than the combination of the Ribbon read and connect timeout, 140000ms.
[2026-09-20 17:43:20 IST] WARN [Service Name -> bookstore-api-gateway-service], [TraceId -> ad02f9c5dd416731], [SpanId -> ad02f9c5dd416731] 
      <http-nio-8765-exec-1> org.springframework.cloud.netflix.zuul.filters.route.support.AbstractRibbonCommand : The Hystrix timeout of 40000ms for the command bookstore-catalog-service is set lower than the combination of the Ribbon read and connect timeout, 140000ms.
[2026-09-20 17:43:59 IST] INFO [Service Name -> bookstore-api-gateway-service], [TraceId -> ], [SpanId -> ] 
      <AsyncResolver-bootstrap-executor-0> com.netflix.discovery.shared.resolver.aws.ConfigClusterResolver : Resolving eureka endpoints via configuration
[2026-09-20 17:44:10 IST] INFO [Service Name -> bookstore-api-gateway-service], [TraceId -> b704601c6449fab8], [SpanId -> b704601c6449fab8] 
      <http-nio-8765-exec-6> com.devd.spring.bookstoreapigatewayservice.filters.PreFilter : PreFilter: GET request to http://localhost:8765/api/catalog/product/2
[2026-09-20 17:44:10 IST] WARN [Service Name -> bookstore-api-gateway-service], [TraceId -> b704601c6449fab8], [SpanId -> b704601c6449fab8] 
      <http-nio-8765-exec-6> org.springframework.cloud.netflix.zuul.filters.route.support.AbstractRibbonCommand : The Hystrix timeout of 40000ms for the command bookstore-catalog-service is set lower than the combination of the Ribbon read and connect timeout, 140000ms.
[2026-09-20 17:44:11 IST] INFO [Service Name -> bookstore-api-gateway-service], [TraceId -> 852720ad81b0806d], [SpanId -> 852720ad81b0806d] 
      <http-nio-8765-exec-3> com.devd.spring.bookstoreapigatewayservice.filters.PreFilter : PreFilter: GET request to http://localhost:8765/api/catalog/review
[2026-09-20 17:44:11 IST] INFO [Service Name -> bookstore-api-gateway-service], [TraceId -> 056a643b1edbced6], [SpanId -> 056a643b1edbced6] 
      <http-nio-8765-exec-10> com.devd.spring.bookstoreapigatewayservice.filters.PreFilter : PreFilter: GET request to http://localhost:8765/api/catalog/product/2
[2026-09-20 17:44:11 IST] WARN [Service Name -> bookstore-api-gateway-service], [TraceId -> 056a643b1edbced6], [SpanId -> 056a643b1edbced6] 
      <http-nio-8765-exec-10> org.springframework.cloud.netflix.zuul.filters.route.support.AbstractRibbonCommand : The Hystrix timeout of 40000ms for the command bookstore-catalog-service is set lower than the combination of the Ribbon read and connect timeout, 140000ms.
[2026-09-20 17:44:11 IST] INFO [Service Name -> bookstore-api-gateway-service], [TraceId -> 6e638c8fd5aae0e1], [SpanId -> 6e638c8fd5aae0e1] 
      <http-nio-8765-exec-7> com.devd.spring.bookstoreapigatewayservice.filters.PreFilter : PreFilter: GET request to http://localhost:8765/api/catalog/image/undefined
[2026-09-20 17:44:11 IST] WARN [Service Name -> bookstore-api-gateway-service], [TraceId -> 6e638c8fd5aae0e1], [SpanId -> 6e638c8fd5aae0e1] 
      <http-nio-8765-exec-7> org.springframework.cloud.netflix.zuul.filters.route.support.AbstractRibbonCommand : The Hystrix timeout of 40000ms for the command bookstore-catalog-service is set lower than the combination of the Ribbon read and connect timeout, 140000ms.
[2026-09-20 17:44:11 IST] WARN [Service Name -> bookstore-api-gateway-service], [TraceId -> 852720ad81b0806d], [SpanId -> 852720ad81b0806d] 
      <http-nio-8765-exec-3> org.springframework.cloud.netflix.zuul.filters.route.support.AbstractRibbonCommand : The Hystrix timeout of 40000ms for the command bookstore-catalog-service is set lower than the combination of the Ribbon read and connect timeout, 140000ms.
[2026-09-20 17:44:11 IST] INFO [Service Name -> bookstore-api-gateway-service], [TraceId -> 08636027a22e7cf3], [SpanId -> 08636027a22e7cf3] 
      <http-nio-8765-exec-2> com.devd.spring.bookstoreapigatewayservice.filters.PreFilter : PreFilter: GET request to http://localhost:8765/api/catalog/image/2b3ba80b-da93-4206-b50f-83008180a09e__sheHolmes.jpg
[2026-09-20 17:44:11 IST] INFO [Service Name -> bookstore-api-gateway-service], [TraceId -> b460affb2e6b931d], [SpanId -> b460affb2e6b931d] 
      <http-nio-8765-exec-5> com.devd.spring.bookstoreapigatewayservice.filters.PreFilter : PreFilter: GET request to http://localhost:8765/api/catalog/review
[2026-09-20 17:44:11 IST] WARN [Service Name -> bookstore-api-gateway-service], [TraceId -> 08636027a22e7cf3], [SpanId -> 08636027a22e7cf3] 
      <http-nio-8765-exec-2> org.springframework.cloud.netflix.zuul.filters.route.support.AbstractRibbonCommand : The Hystrix timeout of 40000ms for the command bookstore-catalog-service is set lower than the combination of the Ribbon read and connect timeout, 140000ms.
[2026-09-20 17:44:11 IST] WARN [Service Name -> bookstore-api-gateway-service], [TraceId -> b460affb2e6b931d], [SpanId -> b460affb2e6b931d] 
      <http-nio-8765-exec-5> org.springframework.cloud.netflix.zuul.filters.route.support.AbstractRibbonCommand : The Hystrix timeout of 40000ms for the command bookstore-catalog-service is set lower than the combination of the Ribbon read and connect timeout, 140000ms.
[2026-09-20 17:44:48 IST] INFO [Service Name -> bookstore-api-gateway-service], [TraceId -> 2ade03a62919cbcc], [SpanId -> 2ade03a62919cbcc] 
      <http-nio-8765-exec-1> com.devd.spring.bookstoreapigatewayservice.filters.PreFilter : PreFilter: OPTIONS request to http://localhost:8765/api/account/signup
[2026-09-20 17:44:48 IST] WARN [Service Name -> bookstore-api-gateway-service], [TraceId -> 2ade03a62919cbcc], [SpanId -> 2ade03a62919cbcc] 
      <http-nio-8765-exec-1> org.springframework.cloud.netflix.zuul.filters.route.support.AbstractRibbonCommand : The Hystrix timeout of 40000ms for the command bookstore-account-service is set lower than the combination of the Ribbon read and connect timeout, 140000ms.
[2026-09-20 17:44:53 IST] INFO [Service Name -> bookstore-api-gateway-service], [TraceId -> baae981322936a2b], [SpanId -> baae981322936a2b] 
      <http-nio-8765-exec-4> com.devd.spring.bookstoreapigatewayservice.filters.PreFilter : PreFilter: POST request to http://localhost:8765/api/account/signup
[2026-09-20 17:44:53 IST] WARN [Service Name -> bookstore-api-gateway-service], [TraceId -> baae981322936a2b], [SpanId -> baae981322936a2b] 
      <http-nio-8765-exec-4> org.springframework.cloud.netflix.zuul.filters.route.support.AbstractRibbonCommand : The Hystrix timeout of 40000ms for the command bookstore-account-service is set lower than the combination of the Ribbon read and connect timeout, 140000ms.
[2026-09-20 17:45:12 IST] INFO [Service Name -> bookstore-api-gateway-service], [TraceId -> 897f2ffe8b03ebf7], [SpanId -> 897f2ffe8b03ebf7] 
      <http-nio-8765-exec-6> com.devd.spring.bookstoreapigatewayservice.filters.PreFilter : PreFilter: OPTIONS request to http://localhost:8765/api/account/oauth/token
[2026-09-20 17:45:12 IST] WARN [Service Name -> bookstore-api-gateway-service], [TraceId -> 897f2ffe8b03ebf7], [SpanId -> 897f2ffe8b03ebf7] 
      <http-nio-8765-exec-6> org.springframework.cloud.netflix.zuul.filters.route.support.AbstractRibbonCommand : The Hystrix timeout of 40000ms for the command bookstore-account-service is set lower than the combination of the Ribbon read and connect timeout, 140000ms.
[2026-09-20 17:45:12 IST] INFO [Service Name -> bookstore-api-gateway-service], [TraceId -> dbb4cdae517dfc59], [SpanId -> dbb4cdae517dfc59] 
      <http-nio-8765-exec-10> com.devd.spring.bookstoreapigatewayservice.filters.PreFilter : PreFilter: POST request to http://localhost:8765/api/account/oauth/token
[2026-09-20 17:45:12 IST] WARN [Service Name -> bookstore-api-gateway-service], [TraceId -> dbb4cdae517dfc59], [SpanId -> dbb4cdae517dfc59] 
      <http-nio-8765-exec-10> org.springframework.cloud.netflix.zuul.filters.route.support.AbstractRibbonCommand : The Hystrix timeout of 40000ms for the command bookstore-account-service is set lower than the combination of the Ribbon read and connect timeout, 140000ms.
[2026-09-20 17:45:22 IST] INFO [Service Name -> bookstore-api-gateway-service], [TraceId -> 53f76a1d1cba4b65], [SpanId -> 53f76a1d1cba4b65] 
      <http-nio-8765-exec-2> com.devd.spring.bookstoreapigatewayservice.filters.PreFilter : PreFilter: OPTIONS request to http://localhost:8765/api/account/userInfo
[2026-09-20 17:45:22 IST] WARN [Service Name -> bookstore-api-gateway-service], [TraceId -> 53f76a1d1cba4b65], [SpanId -> 53f76a1d1cba4b65] 
      <http-nio-8765-exec-2> org.springframework.cloud.netflix.zuul.filters.route.support.AbstractRibbonCommand : The Hystrix timeout of 40000ms for the command bookstore-account-service is set lower than the combination of the Ribbon read and connect timeout, 140000ms.
[2026-09-20 17:45:23 IST] INFO [Service Name -> bookstore-api-gateway-service], [TraceId -> 3df4f5fcf13db1f1], [SpanId -> 3df4f5fcf13db1f1] 
      <http-nio-8765-exec-3> com.devd.spring.bookstoreapigatewayservice.filters.PreFilter : PreFilter: GET request to http://localhost:8765/api/account/userInfo
[2026-09-20 17:45:23 IST] WARN [Service Name -> bookstore-api-gateway-service], [TraceId -> 3df4f5fcf13db1f1], [SpanId -> 3df4f5fcf13db1f1] 
      <http-nio-8765-exec-3> org.springframework.cloud.netflix.zuul.filters.route.support.AbstractRibbonCommand : The Hystrix timeout of 40000ms for the command bookstore-account-service is set lower than the combination of the Ribbon read and connect timeout, 140000ms.
[2026-09-20 17:45:24 IST] INFO [Service Name -> bookstore-api-gateway-service], [TraceId -> e7ec5acd3a45b5a4], [SpanId -> e7ec5acd3a45b5a4] 
      <http-nio-8765-exec-4> com.devd.spring.bookstoreapigatewayservice.filters.PreFilter : PreFilter: GET request to http://localhost:8765/api/catalog/image/4b050ba6-9573-4554-bdd4-26ae806c06aa__IntroEngLit.jpg
[2026-09-20 17:45:24 IST] INFO [Service Name -> bookstore-api-gateway-service], [TraceId -> ce3b0a45a6eab776], [SpanId -> ce3b0a45a6eab776] 
      <http-nio-8765-exec-1> com.devd.spring.bookstoreapigatewayservice.filters.PreFilter : PreFilter: GET request to http://localhost:8765/api/catalog/image/2b3ba80b-da93-4206-b50f-83008180a09e__sheHolmes.jpg
[2026-09-20 17:45:24 IST] WARN [Service Name -> bookstore-api-gateway-service], [TraceId -> e7ec5acd3a45b5a4], [SpanId -> e7ec5acd3a45b5a4] 
      <http-nio-8765-exec-4> org.springframework.cloud.netflix.zuul.filters.route.support.AbstractRibbonCommand : The Hystrix timeout of 40000ms for the command bookstore-catalog-service is set lower than the combination of the Ribbon read and connect timeout, 140000ms.
[2026-09-20 17:45:24 IST] INFO [Service Name -> bookstore-api-gateway-service], [TraceId -> aea777798f2782f8], [SpanId -> aea777798f2782f8] 
      <http-nio-8765-exec-5> com.devd.spring.bookstoreapigatewayservice.filters.PreFilter : PreFilter: GET request to http://localhost:8765/api/catalog/image/c16108e1-8276-41ad-bf12-4aee4c0a7e65__IndModernLiterature.jpg
[2026-09-20 17:45:24 IST] WARN [Service Name -> bookstore-api-gateway-service], [TraceId -> aea777798f2782f8], [SpanId -> aea777798f2782f8] 
      <http-nio-8765-exec-5> org.springframework.cloud.netflix.zuul.filters.route.support.AbstractRibbonCommand : The Hystrix timeout of 40000ms for the command bookstore-catalog-service is set lower than the combination of the Ribbon read and connect timeout, 140000ms.
[2026-09-20 17:45:24 IST] WARN [Service Name -> bookstore-api-gateway-service], [TraceId -> ce3b0a45a6eab776], [SpanId -> ce3b0a45a6eab776] 
      <http-nio-8765-exec-1> org.springframework.cloud.netflix.zuul.filters.route.support.AbstractRibbonCommand : The Hystrix timeout of 40000ms for the command bookstore-catalog-service is set lower than the combination of the Ribbon read and connect timeout, 140000ms.
[2026-09-20 17:45:24 IST] INFO [Service Name -> bookstore-api-gateway-service], [TraceId -> 0c7cf94a97167333], [SpanId -> 0c7cf94a97167333] 
      <http-nio-8765-exec-8> com.devd.spring.bookstoreapigatewayservice.filters.PreFilter : PreFilter: GET request to http://localhost:8765/api/catalog/image/8e6abb0e-180b-4e8e-856a-cb8491ff9454__greatGatsby.jpg
[2026-09-20 17:45:24 IST] INFO [Service Name -> bookstore-api-gateway-service], [TraceId -> 0c3f5c92e89d4d07], [SpanId -> 0c3f5c92e89d4d07] 
      <http-nio-8765-exec-6> com.devd.spring.bookstoreapigatewayservice.filters.PreFilter : PreFilter: GET request to http://localhost:8765/api/catalog/image/1ecfd5c4-dba2-4feb-bd88-006105a8d5ab__alchemist.jpg
[2026-09-20 17:45:24 IST] INFO [Service Name -> bookstore-api-gateway-service], [TraceId -> d7ede3ef79f3ec64], [SpanId -> d7ede3ef79f3ec64] 
      <http-nio-8765-exec-9> com.devd.spring.bookstoreapigatewayservice.filters.PreFilter : PreFilter: GET request to http://localhost:8765/api/catalog/image/0547ab94-59f8-4352-b17b-0918d07913f2__pricePredudice.jpg
[2026-09-20 17:45:24 IST] WARN [Service Name -> bookstore-api-gateway-service], [TraceId -> d7ede3ef79f3ec64], [SpanId -> d7ede3ef79f3ec64] 
      <http-nio-8765-exec-9> org.springframework.cloud.netflix.zuul.filters.route.support.AbstractRibbonCommand : The Hystrix timeout of 40000ms for the command bookstore-catalog-service is set lower than the combination of the Ribbon read and connect timeout, 140000ms.
[2026-09-20 17:45:24 IST] INFO [Service Name -> bookstore-api-gateway-service], [TraceId -> 8808dd140d35c476], [SpanId -> 8808dd140d35c476] 
      <http-nio-8765-exec-7> com.devd.spring.bookstoreapigatewayservice.filters.PreFilter : PreFilter: GET request to http://localhost:8765/api/catalog/products
[2026-09-20 17:45:24 IST] WARN [Service Name -> bookstore-api-gateway-service], [TraceId -> 0c3f5c92e89d4d07], [SpanId -> 0c3f5c92e89d4d07] 
      <http-nio-8765-exec-6> org.springframework.cloud.netflix.zuul.filters.route.support.AbstractRibbonCommand : The Hystrix timeout of 40000ms for the command bookstore-catalog-service is set lower than the combination of the Ribbon read and connect timeout, 140000ms.
[2026-09-20 17:45:24 IST] INFO [Service Name -> bookstore-api-gateway-service], [TraceId -> 3c02c028561c3f51], [SpanId -> 3c02c028561c3f51] 
      <http-nio-8765-exec-10> com.devd.spring.bookstoreapigatewayservice.filters.PreFilter : PreFilter: GET request to http://localhost:8765/api/catalog/image/b1175b20-e946-42a6-b63d-83e35b7a73fa__oneArrangedMurder.jpg
[2026-09-20 17:45:24 IST] INFO [Service Name -> bookstore-api-gateway-service], [TraceId -> 0752169134fdfeec], [SpanId -> 0752169134fdfeec] 
      <http-nio-8765-exec-2> com.devd.spring.bookstoreapigatewayservice.filters.PreFilter : PreFilter: GET request to http://localhost:8765/api/catalog/image/e6602eb6-3f67-4993-abc8-0b54a36bad1b__thousandSplendidSuns.jpg
[2026-09-20 17:45:24 IST] WARN [Service Name -> bookstore-api-gateway-service], [TraceId -> 3c02c028561c3f51], [SpanId -> 3c02c028561c3f51] 
      <http-nio-8765-exec-10> org.springframework.cloud.netflix.zuul.filters.route.support.AbstractRibbonCommand : The Hystrix timeout of 40000ms for the command bookstore-catalog-service is set lower than the combination of the Ribbon read and connect timeout, 140000ms.
[2026-09-20 17:45:24 IST] WARN [Service Name -> bookstore-api-gateway-service], [TraceId -> 0752169134fdfeec], [SpanId -> 0752169134fdfeec] 
      <http-nio-8765-exec-2> org.springframework.cloud.netflix.zuul.filters.route.support.AbstractRibbonCommand : The Hystrix timeout of 40000ms for the command bookstore-catalog-service is set lower than the combination of the Ribbon read and connect timeout, 140000ms.
[2026-09-20 17:45:24 IST] WARN [Service Name -> bookstore-api-gateway-service], [TraceId -> 0c7cf94a97167333], [SpanId -> 0c7cf94a97167333] 
      <http-nio-8765-exec-8> org.springframework.cloud.netflix.zuul.filters.route.support.AbstractRibbonCommand : The Hystrix timeout of 40000ms for the command bookstore-catalog-service is set lower than the combination of the Ribbon read and connect timeout, 140000ms.
[2026-09-20 17:45:24 IST] WARN [Service Name -> bookstore-api-gateway-service], [TraceId -> 8808dd140d35c476], [SpanId -> 8808dd140d35c476] 
      <http-nio-8765-exec-7> org.springframework.cloud.netflix.zuul.filters.route.support.AbstractRibbonCommand : The Hystrix timeout of 40000ms for the command bookstore-catalog-service is set lower than the combination of the Ribbon read and connect timeout, 140000ms.
[2026-09-20 17:45:25 IST] INFO [Service Name -> bookstore-api-gateway-service], [TraceId -> 9be253377da10830], [SpanId -> 9be253377da10830] 
      <http-nio-8765-exec-3> com.devd.spring.bookstoreapigatewayservice.filters.PreFilter : PreFilter: GET request to http://localhost:8765/api/catalog/image/c16108e1-8276-41ad-bf12-4aee4c0a7e65__IndModernLiterature.jpg
[2026-09-20 17:45:25 IST] WARN [Service Name -> bookstore-api-gateway-service], [TraceId -> 9be253377da10830], [SpanId -> 9be253377da10830] 
      <http-nio-8765-exec-3> org.springframework.cloud.netflix.zuul.filters.route.support.AbstractRibbonCommand : The Hystrix timeout of 40000ms for the command bookstore-catalog-service is set lower than the combination of the Ribbon read and connect timeout, 140000ms.
[2026-09-20 17:45:25 IST] INFO [Service Name -> bookstore-api-gateway-service], [TraceId -> b2a9c550a9606968], [SpanId -> b2a9c550a9606968] 
      <http-nio-8765-exec-5> com.devd.spring.bookstoreapigatewayservice.filters.PreFilter : PreFilter: GET request to http://localhost:8765/api/catalog/image/2b3ba80b-da93-4206-b50f-83008180a09e__sheHolmes.jpg
[2026-09-20 17:45:25 IST] INFO [Service Name -> bookstore-api-gateway-service], [TraceId -> 0a811546032c9a7b], [SpanId -> 0a811546032c9a7b] 
      <http-nio-8765-exec-4> com.devd.spring.bookstoreapigatewayservice.filters.PreFilter : PreFilter: GET request to http://localhost:8765/api/catalog/image/0547ab94-59f8-4352-b17b-0918d07913f2__pricePredudice.jpg
[2026-09-20 17:45:25 IST] WARN [Service Name -> bookstore-api-gateway-service], [TraceId -> b2a9c550a9606968], [SpanId -> b2a9c550a9606968] 
      <http-nio-8765-exec-5> org.springframework.cloud.netflix.zuul.filters.route.support.AbstractRibbonCommand : The Hystrix timeout of 40000ms for the command bookstore-catalog-service is set lower than the combination of the Ribbon read and connect timeout, 140000ms.
[2026-09-20 17:45:25 IST] WARN [Service Name -> bookstore-api-gateway-service], [TraceId -> 0a811546032c9a7b], [SpanId -> 0a811546032c9a7b] 
      <http-nio-8765-exec-4> org.springframework.cloud.netflix.zuul.filters.route.support.AbstractRibbonCommand : The Hystrix timeout of 40000ms for the command bookstore-catalog-service is set lower than the combination of the Ribbon read and connect timeout, 140000ms.
[2026-09-20 17:45:25 IST] INFO [Service Name -> bookstore-api-gateway-service], [TraceId -> 9f0c144ba635ac11], [SpanId -> 9f0c144ba635ac11] 
      <http-nio-8765-exec-10> com.devd.spring.bookstoreapigatewayservice.filters.PreFilter : PreFilter: GET request to http://localhost:8765/api/catalog/image/8e6abb0e-180b-4e8e-856a-cb8491ff9454__greatGatsby.jpg
[2026-09-20 17:45:25 IST] INFO [Service Name -> bookstore-api-gateway-service], [TraceId -> 23f135964079b601], [SpanId -> 23f135964079b601] 
      <http-nio-8765-exec-6> com.devd.spring.bookstoreapigatewayservice.filters.PreFilter : PreFilter: GET request to http://localhost:8765/api/catalog/image/e6602eb6-3f67-4993-abc8-0b54a36bad1b__thousandSplendidSuns.jpg
[2026-09-20 17:45:25 IST] INFO [Service Name -> bookstore-api-gateway-service], [TraceId -> 3cf6ba7d6a2ccd3c], [SpanId -> 3cf6ba7d6a2ccd3c] 
      <http-nio-8765-exec-1> com.devd.spring.bookstoreapigatewayservice.filters.PreFilter : PreFilter: GET request to http://localhost:8765/api/catalog/image/1ecfd5c4-dba2-4feb-bd88-006105a8d5ab__alchemist.jpg
[2026-09-20 17:45:25 IST] INFO [Service Name -> bookstore-api-gateway-service], [TraceId -> b118031befbaa019], [SpanId -> b118031befbaa019] 
      <http-nio-8765-exec-9> com.devd.spring.bookstoreapigatewayservice.filters.PreFilter : PreFilter: GET request to http://localhost:8765/api/catalog/image/b1175b20-e946-42a6-b63d-83e35b7a73fa__oneArrangedMurder.jpg
[2026-09-20 17:45:25 IST] INFO [Service Name -> bookstore-api-gateway-service], [TraceId -> f8c868d9a32fd98e], [SpanId -> f8c868d9a32fd98e] 
      <http-nio-8765-exec-8> com.devd.spring.bookstoreapigatewayservice.filters.PreFilter : PreFilter: GET request to http://localhost:8765/api/catalog/image/4b050ba6-9573-4554-bdd4-26ae806c06aa__IntroEngLit.jpg
[2026-09-20 17:45:25 IST] WARN [Service Name -> bookstore-api-gateway-service], [TraceId -> 3cf6ba7d6a2ccd3c], [SpanId -> 3cf6ba7d6a2ccd3c] 
      <http-nio-8765-exec-1> org.springframework.cloud.netflix.zuul.filters.route.support.AbstractRibbonCommand : The Hystrix timeout of 40000ms for the command bookstore-catalog-service is set lower than the combination of the Ribbon read and connect timeout, 140000ms.
[2026-09-20 17:45:25 IST] WARN [Service Name -> bookstore-api-gateway-service], [TraceId -> b118031befbaa019], [SpanId -> b118031befbaa019] 
      <http-nio-8765-exec-9> org.springframework.cloud.netflix.zuul.filters.route.support.AbstractRibbonCommand : The Hystrix timeout of 40000ms for the command bookstore-catalog-service is set lower than the combination of the Ribbon read and connect timeout, 140000ms.
[2026-09-20 17:45:25 IST] WARN [Service Name -> bookstore-api-gateway-service], [TraceId -> 23f135964079b601], [SpanId -> 23f135964079b601] 
      <http-nio-8765-exec-6> org.springframework.cloud.netflix.zuul.filters.route.support.AbstractRibbonCommand : The Hystrix timeout of 40000ms for the command bookstore-catalog-service is set lower than the combination of the Ribbon read and connect timeout, 140000ms.
[2026-09-20 17:45:25 IST] WARN [Service Name -> bookstore-api-gateway-service], [TraceId -> f8c868d9a32fd98e], [SpanId -> f8c868d9a32fd98e] 
      <http-nio-8765-exec-8> org.springframework.cloud.netflix.zuul.filters.route.support.AbstractRibbonCommand : The Hystrix timeout of 40000ms for the command bookstore-catalog-service is set lower than the combination of the Ribbon read and connect timeout, 140000ms.
[2026-09-20 17:45:25 IST] WARN [Service Name -> bookstore-api-gateway-service], [TraceId -> 9f0c144ba635ac11], [SpanId -> 9f0c144ba635ac11] 
      <http-nio-8765-exec-10> org.springframework.cloud.netflix.zuul.filters.route.support.AbstractRibbonCommand : The Hystrix timeout of 40000ms for the command bookstore-catalog-service is set lower than the combination of the Ribbon read and connect timeout, 140000ms.
[2026-09-20 17:45:41 IST] INFO [Service Name -> bookstore-api-gateway-service], [TraceId -> e7df4cf89acb65c3], [SpanId -> e7df4cf89acb65c3] 
      <http-nio-8765-exec-2> com.devd.spring.bookstoreapigatewayservice.filters.PreFilter : PreFilter: GET request to http://localhost:8765/api/catalog/product/4
[2026-09-20 17:45:41 IST] WARN [Service Name -> bookstore-api-gateway-service], [TraceId -> e7df4cf89acb65c3], [SpanId -> e7df4cf89acb65c3] 
      <http-nio-8765-exec-2> org.springframework.cloud.netflix.zuul.filters.route.support.AbstractRibbonCommand : The Hystrix timeout of 40000ms for the command bookstore-catalog-service is set lower than the combination of the Ribbon read and connect timeout, 140000ms.
[2026-09-20 17:45:41 IST] INFO [Service Name -> bookstore-api-gateway-service], [TraceId -> 013d41954a8cbb34], [SpanId -> 013d41954a8cbb34] 
      <http-nio-8765-exec-7> com.devd.spring.bookstoreapigatewayservice.filters.PreFilter : PreFilter: GET request to http://localhost:8765/api/catalog/product/4
[2026-09-20 17:45:41 IST] INFO [Service Name -> bookstore-api-gateway-service], [TraceId -> bf686d63bbdfbc4c], [SpanId -> bf686d63bbdfbc4c] 
      <http-nio-8765-exec-3> com.devd.spring.bookstoreapigatewayservice.filters.PreFilter : PreFilter: GET request to http://localhost:8765/api/catalog/review
[2026-09-20 17:45:41 IST] WARN [Service Name -> bookstore-api-gateway-service], [TraceId -> bf686d63bbdfbc4c], [SpanId -> bf686d63bbdfbc4c] 
      <http-nio-8765-exec-3> org.springframework.cloud.netflix.zuul.filters.route.support.AbstractRibbonCommand : The Hystrix timeout of 40000ms for the command bookstore-catalog-service is set lower than the combination of the Ribbon read and connect timeout, 140000ms.
[2026-09-20 17:45:41 IST] INFO [Service Name -> bookstore-api-gateway-service], [TraceId -> ee4b609789103785], [SpanId -> ee4b609789103785] 
      <http-nio-8765-exec-5> com.devd.spring.bookstoreapigatewayservice.filters.PreFilter : PreFilter: OPTIONS request to http://localhost:8765/api/catalog/image/undefined
[2026-09-20 17:45:41 IST] WARN [Service Name -> bookstore-api-gateway-service], [TraceId -> ee4b609789103785], [SpanId -> ee4b609789103785] 
      <http-nio-8765-exec-5> org.springframework.cloud.netflix.zuul.filters.route.support.AbstractRibbonCommand : The Hystrix timeout of 40000ms for the command bookstore-catalog-service is set lower than the combination of the Ribbon read and connect timeout, 140000ms.
[2026-09-20 17:45:41 IST] WARN [Service Name -> bookstore-api-gateway-service], [TraceId -> 013d41954a8cbb34], [SpanId -> 013d41954a8cbb34] 
      <http-nio-8765-exec-7> org.springframework.cloud.netflix.zuul.filters.route.support.AbstractRibbonCommand : The Hystrix timeout of 40000ms for the command bookstore-catalog-service is set lower than the combination of the Ribbon read and connect timeout, 140000ms.
[2026-09-20 17:45:41 IST] INFO [Service Name -> bookstore-api-gateway-service], [TraceId -> 4c8ced541c81678c], [SpanId -> 4c8ced541c81678c] 
      <http-nio-8765-exec-6> com.devd.spring.bookstoreapigatewayservice.filters.PreFilter : PreFilter: GET request to http://localhost:8765/api/catalog/image/undefined
[2026-09-20 17:45:41 IST] WARN [Service Name -> bookstore-api-gateway-service], [TraceId -> 4c8ced541c81678c], [SpanId -> 4c8ced541c81678c] 
      <http-nio-8765-exec-6> org.springframework.cloud.netflix.zuul.filters.route.support.AbstractRibbonCommand : The Hystrix timeout of 40000ms for the command bookstore-catalog-service is set lower than the combination of the Ribbon read and connect timeout, 140000ms.
[2026-09-20 17:45:41 IST] INFO [Service Name -> bookstore-api-gateway-service], [TraceId -> 4c42f8c45e91ec20], [SpanId -> 4c42f8c45e91ec20] 
      <http-nio-8765-exec-1> com.devd.spring.bookstoreapigatewayservice.filters.PreFilter : PreFilter: GET request to http://localhost:8765/api/catalog/review
[2026-09-20 17:45:41 IST] WARN [Service Name -> bookstore-api-gateway-service], [TraceId -> 4c42f8c45e91ec20], [SpanId -> 4c42f8c45e91ec20] 
      <http-nio-8765-exec-1> org.springframework.cloud.netflix.zuul.filters.route.support.AbstractRibbonCommand : The Hystrix timeout of 40000ms for the command bookstore-catalog-service is set lower than the combination of the Ribbon read and connect timeout, 140000ms.
[2026-09-20 17:45:41 IST] INFO [Service Name -> bookstore-api-gateway-service], [TraceId -> 12844c55f08c3b41], [SpanId -> 12844c55f08c3b41] 
      <http-nio-8765-exec-8> com.devd.spring.bookstoreapigatewayservice.filters.PreFilter : PreFilter: OPTIONS request to http://localhost:8765/api/catalog/image/4b050ba6-9573-4554-bdd4-26ae806c06aa__IntroEngLit.jpg
[2026-09-20 17:45:41 IST] WARN [Service Name -> bookstore-api-gateway-service], [TraceId -> 12844c55f08c3b41], [SpanId -> 12844c55f08c3b41] 
      <http-nio-8765-exec-8> org.springframework.cloud.netflix.zuul.filters.route.support.AbstractRibbonCommand : The Hystrix timeout of 40000ms for the command bookstore-catalog-service is set lower than the combination of the Ribbon read and connect timeout, 140000ms.
[2026-09-20 17:45:41 IST] INFO [Service Name -> bookstore-api-gateway-service], [TraceId -> 24430cae6639d550], [SpanId -> 24430cae6639d550] 
      <http-nio-8765-exec-9> com.devd.spring.bookstoreapigatewayservice.filters.PreFilter : PreFilter: GET request to http://localhost:8765/api/catalog/image/4b050ba6-9573-4554-bdd4-26ae806c06aa__IntroEngLit.jpg
[2026-09-20 17:45:41 IST] WARN [Service Name -> bookstore-api-gateway-service], [TraceId -> 24430cae6639d550], [SpanId -> 24430cae6639d550] 
      <http-nio-8765-exec-9> org.springframework.cloud.netflix.zuul.filters.route.support.AbstractRibbonCommand : The Hystrix timeout of 40000ms for the command bookstore-catalog-service is set lower than the combination of the Ribbon read and connect timeout, 140000ms.
[2026-09-20 17:45:48 IST] INFO [Service Name -> bookstore-api-gateway-service], [TraceId -> fc05cf15975571fd], [SpanId -> fc05cf15975571fd] 
      <http-nio-8765-exec-10> com.devd.spring.bookstoreapigatewayservice.filters.PreFilter : PreFilter: OPTIONS request to http://localhost:8765/api/order/cart/cartItem
[2026-09-20 17:45:48 IST] WARN [Service Name -> bookstore-api-gateway-service], [TraceId -> fc05cf15975571fd], [SpanId -> fc05cf15975571fd] 
      <http-nio-8765-exec-10> org.springframework.cloud.netflix.zuul.filters.route.support.AbstractRibbonCommand : The Hystrix timeout of 40000ms for the command bookstore-order-service is set lower than the combination of the Ribbon read and connect timeout, 140000ms.
[2026-09-20 17:45:52 IST] INFO [Service Name -> bookstore-api-gateway-service], [TraceId -> 3ea5714898dc1c14], [SpanId -> 3ea5714898dc1c14] 
      <http-nio-8765-exec-3> com.devd.spring.bookstoreapigatewayservice.filters.PreFilter : PreFilter: GET request to http://localhost:8765/api/catalog/image/0547ab94-59f8-4352-b17b-0918d07913f2__pricePredudice.jpg
[2026-09-20 17:45:52 IST] INFO [Service Name -> bookstore-api-gateway-service], [TraceId -> 5de0b0482f2bc2df], [SpanId -> 5de0b0482f2bc2df] 
      <http-nio-8765-exec-8> com.devd.spring.bookstoreapigatewayservice.filters.PreFilter : PreFilter: GET request to http://localhost:8765/api/catalog/image/8e6abb0e-180b-4e8e-856a-cb8491ff9454__greatGatsby.jpg
[2026-09-20 17:45:52 IST] INFO [Service Name -> bookstore-api-gateway-service], [TraceId -> a19b7eb3722386d5], [SpanId -> a19b7eb3722386d5] 
      <http-nio-8765-exec-7> com.devd.spring.bookstoreapigatewayservice.filters.PreFilter : PreFilter: GET request to http://localhost:8765/api/catalog/image/4b050ba6-9573-4554-bdd4-26ae806c06aa__IntroEngLit.jpg
[2026-09-20 17:45:52 IST] INFO [Service Name -> bookstore-api-gateway-service], [TraceId -> 969aac201770524f], [SpanId -> 969aac201770524f] 
      <http-nio-8765-exec-1> com.devd.spring.bookstoreapigatewayservice.filters.PreFilter : PreFilter: GET request to http://localhost:8765/api/catalog/image/b1175b20-e946-42a6-b63d-83e35b7a73fa__oneArrangedMurder.jpg
[2026-09-20 17:45:52 IST] INFO [Service Name -> bookstore-api-gateway-service], [TraceId -> 2f31e410fed42988], [SpanId -> 2f31e410fed42988] 
      <http-nio-8765-exec-5> com.devd.spring.bookstoreapigatewayservice.filters.PreFilter : PreFilter: GET request to http://localhost:8765/api/catalog/image/2b3ba80b-da93-4206-b50f-83008180a09e__sheHolmes.jpg
[2026-09-20 17:45:52 IST] INFO [Service Name -> bookstore-api-gateway-service], [TraceId -> 8d5127e572cfbeaf], [SpanId -> 8d5127e572cfbeaf] 
      <http-nio-8765-exec-9> com.devd.spring.bookstoreapigatewayservice.filters.PreFilter : PreFilter: GET request to http://localhost:8765/api/catalog/image/e6602eb6-3f67-4993-abc8-0b54a36bad1b__thousandSplendidSuns.jpg
[2026-09-20 17:45:52 IST] WARN [Service Name -> bookstore-api-gateway-service], [TraceId -> 969aac201770524f], [SpanId -> 969aac201770524f] 
      <http-nio-8765-exec-1> org.springframework.cloud.netflix.zuul.filters.route.support.AbstractRibbonCommand : The Hystrix timeout of 40000ms for the command bookstore-catalog-service is set lower than the combination of the Ribbon read and connect timeout, 140000ms.
[2026-09-20 17:45:52 IST] WARN [Service Name -> bookstore-api-gateway-service], [TraceId -> 2f31e410fed42988], [SpanId -> 2f31e410fed42988] 
      <http-nio-8765-exec-5> org.springframework.cloud.netflix.zuul.filters.route.support.AbstractRibbonCommand : The Hystrix timeout of 40000ms for the command bookstore-catalog-service is set lower than the combination of the Ribbon read and connect timeout, 140000ms.
[2026-09-20 17:45:52 IST] INFO [Service Name -> bookstore-api-gateway-service], [TraceId -> 9d948ebc074f9145], [SpanId -> 9d948ebc074f9145] 
      <http-nio-8765-exec-2> com.devd.spring.bookstoreapigatewayservice.filters.PreFilter : PreFilter: GET request to http://localhost:8765/api/catalog/image/c16108e1-8276-41ad-bf12-4aee4c0a7e65__IndModernLiterature.jpg
[2026-09-20 17:45:52 IST] WARN [Service Name -> bookstore-api-gateway-service], [TraceId -> a19b7eb3722386d5], [SpanId -> a19b7eb3722386d5] 
      <http-nio-8765-exec-7> org.springframework.cloud.netflix.zuul.filters.route.support.AbstractRibbonCommand : The Hystrix timeout of 40000ms for the command bookstore-catalog-service is set lower than the combination of the Ribbon read and connect timeout, 140000ms.
[2026-09-20 17:45:52 IST] WARN [Service Name -> bookstore-api-gateway-service], [TraceId -> 9d948ebc074f9145], [SpanId -> 9d948ebc074f9145] 
      <http-nio-8765-exec-2> org.springframework.cloud.netflix.zuul.filters.route.support.AbstractRibbonCommand : The Hystrix timeout of 40000ms for the command bookstore-catalog-service is set lower than the combination of the Ribbon read and connect timeout, 140000ms.
[2026-09-20 17:45:52 IST] WARN [Service Name -> bookstore-api-gateway-service], [TraceId -> 3ea5714898dc1c14], [SpanId -> 3ea5714898dc1c14] 
      <http-nio-8765-exec-3> org.springframework.cloud.netflix.zuul.filters.route.support.AbstractRibbonCommand : The Hystrix timeout of 40000ms for the command bookstore-catalog-service is set lower than the combination of the Ribbon read and connect timeout, 140000ms.
[2026-09-20 17:45:52 IST] INFO [Service Name -> bookstore-api-gateway-service], [TraceId -> 488f0815828ebd96], [SpanId -> 488f0815828ebd96] 
      <http-nio-8765-exec-6> com.devd.spring.bookstoreapigatewayservice.filters.PreFilter : PreFilter: GET request to http://localhost:8765/api/catalog/products
[2026-09-20 17:45:52 IST] INFO [Service Name -> bookstore-api-gateway-service], [TraceId -> cc842dfa6411ec95], [SpanId -> cc842dfa6411ec95] 
      <http-nio-8765-exec-4> com.devd.spring.bookstoreapigatewayservice.filters.PreFilter : PreFilter: GET request to http://localhost:8765/api/catalog/image/1ecfd5c4-dba2-4feb-bd88-006105a8d5ab__alchemist.jpg
[2026-09-20 17:45:52 IST] WARN [Service Name -> bookstore-api-gateway-service], [TraceId -> 8d5127e572cfbeaf], [SpanId -> 8d5127e572cfbeaf] 
      <http-nio-8765-exec-9> org.springframework.cloud.netflix.zuul.filters.route.support.AbstractRibbonCommand : The Hystrix timeout of 40000ms for the command bookstore-catalog-service is set lower than the combination of the Ribbon read and connect timeout, 140000ms.
[2026-09-20 17:45:52 IST] WARN [Service Name -> bookstore-api-gateway-service], [TraceId -> 488f0815828ebd96], [SpanId -> 488f0815828ebd96] 
      <http-nio-8765-exec-6> org.springframework.cloud.netflix.zuul.filters.route.support.AbstractRibbonCommand : The Hystrix timeout of 40000ms for the command bookstore-catalog-service is set lower than the combination of the Ribbon read and connect timeout, 140000ms.
[2026-09-20 17:45:52 IST] WARN [Service Name -> bookstore-api-gateway-service], [TraceId -> 5de0b0482f2bc2df], [SpanId -> 5de0b0482f2bc2df] 
      <http-nio-8765-exec-8> org.springframework.cloud.netflix.zuul.filters.route.support.AbstractRibbonCommand : The Hystrix timeout of 40000ms for the command bookstore-catalog-service is set lower than the combination of the Ribbon read and connect timeout, 140000ms.
[2026-09-20 17:45:52 IST] WARN [Service Name -> bookstore-api-gateway-service], [TraceId -> cc842dfa6411ec95], [SpanId -> cc842dfa6411ec95] 
      <http-nio-8765-exec-4> org.springframework.cloud.netflix.zuul.filters.route.support.AbstractRibbonCommand : The Hystrix timeout of 40000ms for the command bookstore-catalog-service is set lower than the combination of the Ribbon read and connect timeout, 140000ms.
[2026-09-20 17:45:52 IST] INFO [Service Name -> bookstore-api-gateway-service], [TraceId -> fdaa45f05158455b], [SpanId -> fdaa45f05158455b] 
      <http-nio-8765-exec-5> com.devd.spring.bookstoreapigatewayservice.filters.PreFilter : PreFilter: GET request to http://localhost:8765/api/catalog/image/c16108e1-8276-41ad-bf12-4aee4c0a7e65__IndModernLiterature.jpg
[2026-09-20 17:45:52 IST] INFO [Service Name -> bookstore-api-gateway-service], [TraceId -> d8096bb116c5a777], [SpanId -> d8096bb116c5a777] 
      <http-nio-8765-exec-4> com.devd.spring.bookstoreapigatewayservice.filters.PreFilter : PreFilter: GET request to http://localhost:8765/api/catalog/image/1ecfd5c4-dba2-4feb-bd88-006105a8d5ab__alchemist.jpg
[2026-09-20 17:45:52 IST] INFO [Service Name -> bookstore-api-gateway-service], [TraceId -> 54cd346a590dfc80], [SpanId -> 54cd346a590dfc80] 
      <http-nio-8765-exec-1> com.devd.spring.bookstoreapigatewayservice.filters.PreFilter : PreFilter: GET request to http://localhost:8765/api/catalog/image/2b3ba80b-da93-4206-b50f-83008180a09e__sheHolmes.jpg
[2026-09-20 17:45:52 IST] INFO [Service Name -> bookstore-api-gateway-service], [TraceId -> ab20cf77aa33a41c], [SpanId -> ab20cf77aa33a41c] 
      <http-nio-8765-exec-8> com.devd.spring.bookstoreapigatewayservice.filters.PreFilter : PreFilter: GET request to http://localhost:8765/api/catalog/image/4b050ba6-9573-4554-bdd4-26ae806c06aa__IntroEngLit.jpg
[2026-09-20 17:45:52 IST] WARN [Service Name -> bookstore-api-gateway-service], [TraceId -> 54cd346a590dfc80], [SpanId -> 54cd346a590dfc80] 
      <http-nio-8765-exec-1> org.springframework.cloud.netflix.zuul.filters.route.support.AbstractRibbonCommand : The Hystrix timeout of 40000ms for the command bookstore-catalog-service is set lower than the combination of the Ribbon read and connect timeout, 140000ms.
[2026-09-20 17:45:52 IST] WARN [Service Name -> bookstore-api-gateway-service], [TraceId -> fdaa45f05158455b], [SpanId -> fdaa45f05158455b] 
      <http-nio-8765-exec-5> org.springframework.cloud.netflix.zuul.filters.route.support.AbstractRibbonCommand : The Hystrix timeout of 40000ms for the command bookstore-catalog-service is set lower than the combination of the Ribbon read and connect timeout, 140000ms.
[2026-09-20 17:45:52 IST] INFO [Service Name -> bookstore-api-gateway-service], [TraceId -> 13fa8c0486b37283], [SpanId -> 13fa8c0486b37283] 
      <http-nio-8765-exec-9> com.devd.spring.bookstoreapigatewayservice.filters.PreFilter : PreFilter: GET request to http://localhost:8765/api/catalog/image/e6602eb6-3f67-4993-abc8-0b54a36bad1b__thousandSplendidSuns.jpg
[2026-09-20 17:45:52 IST] INFO [Service Name -> bookstore-api-gateway-service], [TraceId -> 26717e50fdb1e65f], [SpanId -> 26717e50fdb1e65f] 
      <http-nio-8765-exec-2> com.devd.spring.bookstoreapigatewayservice.filters.PreFilter : PreFilter: GET request to http://localhost:8765/api/catalog/image/0547ab94-59f8-4352-b17b-0918d07913f2__pricePredudice.jpg
[2026-09-20 17:45:52 IST] WARN [Service Name -> bookstore-api-gateway-service], [TraceId -> 26717e50fdb1e65f], [SpanId -> 26717e50fdb1e65f] 
      <http-nio-8765-exec-2> org.springframework.cloud.netflix.zuul.filters.route.support.AbstractRibbonCommand : The Hystrix timeout of 40000ms for the command bookstore-catalog-service is set lower than the combination of the Ribbon read and connect timeout, 140000ms.
[2026-09-20 17:45:52 IST] WARN [Service Name -> bookstore-api-gateway-service], [TraceId -> ab20cf77aa33a41c], [SpanId -> ab20cf77aa33a41c] 
      <http-nio-8765-exec-8> org.springframework.cloud.netflix.zuul.filters.route.support.AbstractRibbonCommand : The Hystrix timeout of 40000ms for the command bookstore-catalog-service is set lower than the combination of the Ribbon read and connect timeout, 140000ms.
[2026-09-20 17:45:52 IST] WARN [Service Name -> bookstore-api-gateway-service], [TraceId -> d8096bb116c5a777], [SpanId -> d8096bb116c5a777] 
      <http-nio-8765-exec-4> org.springframework.cloud.netflix.zuul.filters.route.support.AbstractRibbonCommand : The Hystrix timeout of 40000ms for the command bookstore-catalog-service is set lower than the combination of the Ribbon read and connect timeout, 140000ms.
[2026-09-20 17:45:52 IST] INFO [Service Name -> bookstore-api-gateway-service], [TraceId -> c11a89f0d7e033eb], [SpanId -> c11a89f0d7e033eb] 
      <http-nio-8765-exec-7> com.devd.spring.bookstoreapigatewayservice.filters.PreFilter : PreFilter: GET request to http://localhost:8765/api/catalog/image/8e6abb0e-180b-4e8e-856a-cb8491ff9454__greatGatsby.jpg
[2026-09-20 17:45:52 IST] INFO [Service Name -> bookstore-api-gateway-service], [TraceId -> 3e183de0121dabc3], [SpanId -> 3e183de0121dabc3] 
      <http-nio-8765-exec-3> com.devd.spring.bookstoreapigatewayservice.filters.PreFilter : PreFilter: GET request to http://localhost:8765/api/catalog/image/b1175b20-e946-42a6-b63d-83e35b7a73fa__oneArrangedMurder.jpg
[2026-09-20 17:45:52 IST] WARN [Service Name -> bookstore-api-gateway-service], [TraceId -> 3e183de0121dabc3], [SpanId -> 3e183de0121dabc3] 
      <http-nio-8765-exec-3> org.springframework.cloud.netflix.zuul.filters.route.support.AbstractRibbonCommand : The Hystrix timeout of 40000ms for the command bookstore-catalog-service is set lower than the combination of the Ribbon read and connect timeout, 140000ms.
[2026-09-20 17:45:52 IST] WARN [Service Name -> bookstore-api-gateway-service], [TraceId -> c11a89f0d7e033eb], [SpanId -> c11a89f0d7e033eb] 
      <http-nio-8765-exec-7> org.springframework.cloud.netflix.zuul.filters.route.support.AbstractRibbonCommand : The Hystrix timeout of 40000ms for the command bookstore-catalog-service is set lower than the combination of the Ribbon read and connect timeout, 140000ms.
[2026-09-20 17:45:52 IST] WARN [Service Name -> bookstore-api-gateway-service], [TraceId -> 13fa8c0486b37283], [SpanId -> 13fa8c0486b37283] 
      <http-nio-8765-exec-9> org.springframework.cloud.netflix.zuul.filters.route.support.AbstractRibbonCommand : The Hystrix timeout of 40000ms for the command bookstore-catalog-service is set lower than the combination of the Ribbon read and connect timeout, 140000ms.
[2026-09-20 17:45:54 IST] INFO [Service Name -> bookstore-api-gateway-service], [TraceId -> 5823dea716d53765], [SpanId -> 5823dea716d53765] 
      <http-nio-8765-exec-6> com.devd.spring.bookstoreapigatewayservice.filters.PreFilter : PreFilter: POST request to http://localhost:8765/api/order/cart/cartItem
[2026-09-20 17:45:54 IST] WARN [Service Name -> bookstore-api-gateway-service], [TraceId -> 5823dea716d53765], [SpanId -> 5823dea716d53765] 
      <http-nio-8765-exec-6> org.springframework.cloud.netflix.zuul.filters.route.support.AbstractRibbonCommand : The Hystrix timeout of 40000ms for the command bookstore-order-service is set lower than the combination of the Ribbon read and connect timeout, 140000ms.
[2026-09-20 17:45:54 IST] INFO [Service Name -> bookstore-api-gateway-service], [TraceId -> 5b9d2b78f0fdda92], [SpanId -> 5b9d2b78f0fdda92] 
      <http-nio-8765-exec-4> com.devd.spring.bookstoreapigatewayservice.filters.PreFilter : PreFilter: GET request to http://localhost:8765/api/catalog/product/6
[2026-09-20 17:45:54 IST] WARN [Service Name -> bookstore-api-gateway-service], [TraceId -> 5b9d2b78f0fdda92], [SpanId -> 5b9d2b78f0fdda92] 
      <http-nio-8765-exec-4> org.springframework.cloud.netflix.zuul.filters.route.support.AbstractRibbonCommand : The Hystrix timeout of 40000ms for the command bookstore-catalog-service is set lower than the combination of the Ribbon read and connect timeout, 140000ms.
[2026-09-20 17:45:54 IST] INFO [Service Name -> bookstore-api-gateway-service], [TraceId -> 25687cdcff45a6ff], [SpanId -> 25687cdcff45a6ff] 
      <http-nio-8765-exec-8> com.devd.spring.bookstoreapigatewayservice.filters.PreFilter : PreFilter: GET request to http://localhost:8765/api/catalog/review
[2026-09-20 17:45:54 IST] INFO [Service Name -> bookstore-api-gateway-service], [TraceId -> d82a0be3c3d67058], [SpanId -> d82a0be3c3d67058] 
      <http-nio-8765-exec-2> com.devd.spring.bookstoreapigatewayservice.filters.PreFilter : PreFilter: OPTIONS request to http://localhost:8765/api/catalog/image/undefined
[2026-09-20 17:45:54 IST] WARN [Service Name -> bookstore-api-gateway-service], [TraceId -> d82a0be3c3d67058], [SpanId -> d82a0be3c3d67058] 
      <http-nio-8765-exec-2> org.springframework.cloud.netflix.zuul.filters.route.support.AbstractRibbonCommand : The Hystrix timeout of 40000ms for the command bookstore-catalog-service is set lower than the combination of the Ribbon read and connect timeout, 140000ms.
[2026-09-20 17:45:54 IST] WARN [Service Name -> bookstore-api-gateway-service], [TraceId -> 25687cdcff45a6ff], [SpanId -> 25687cdcff45a6ff] 
      <http-nio-8765-exec-8> org.springframework.cloud.netflix.zuul.filters.route.support.AbstractRibbonCommand : The Hystrix timeout of 40000ms for the command bookstore-catalog-service is set lower than the combination of the Ribbon read and connect timeout, 140000ms.
[2026-09-20 17:45:54 IST] INFO [Service Name -> bookstore-api-gateway-service], [TraceId -> 1315a97d3ce847c0], [SpanId -> 1315a97d3ce847c0] 
      <http-nio-8765-exec-1> com.devd.spring.bookstoreapigatewayservice.filters.PreFilter : PreFilter: GET request to http://localhost:8765/api/catalog/product/6
[2026-09-20 17:45:54 IST] WARN [Service Name -> bookstore-api-gateway-service], [TraceId -> 1315a97d3ce847c0], [SpanId -> 1315a97d3ce847c0] 
      <http-nio-8765-exec-1> org.springframework.cloud.netflix.zuul.filters.route.support.AbstractRibbonCommand : The Hystrix timeout of 40000ms for the command bookstore-catalog-service is set lower than the combination of the Ribbon read and connect timeout, 140000ms.
[2026-09-20 17:45:54 IST] INFO [Service Name -> bookstore-api-gateway-service], [TraceId -> 10304491d5e0f76b], [SpanId -> 10304491d5e0f76b] 
      <http-nio-8765-exec-5> com.devd.spring.bookstoreapigatewayservice.filters.PreFilter : PreFilter: GET request to http://localhost:8765/api/catalog/image/undefined
[2026-09-20 17:45:55 IST] WARN [Service Name -> bookstore-api-gateway-service], [TraceId -> 10304491d5e0f76b], [SpanId -> 10304491d5e0f76b] 
      <http-nio-8765-exec-5> org.springframework.cloud.netflix.zuul.filters.route.support.AbstractRibbonCommand : The Hystrix timeout of 40000ms for the command bookstore-catalog-service is set lower than the combination of the Ribbon read and connect timeout, 140000ms.
[2026-09-20 17:45:55 IST] INFO [Service Name -> bookstore-api-gateway-service], [TraceId -> 16b76ae4ebd2981d], [SpanId -> 16b76ae4ebd2981d] 
      <http-nio-8765-exec-9> com.devd.spring.bookstoreapigatewayservice.filters.PreFilter : PreFilter: OPTIONS request to http://localhost:8765/api/catalog/image/b1175b20-e946-42a6-b63d-83e35b7a73fa__oneArrangedMurder.jpg
[2026-09-20 17:45:55 IST] INFO [Service Name -> bookstore-api-gateway-service], [TraceId -> a0a41a17268362b2], [SpanId -> a0a41a17268362b2] 
      <http-nio-8765-exec-3> com.devd.spring.bookstoreapigatewayservice.filters.PreFilter : PreFilter: GET request to http://localhost:8765/api/catalog/review
[2026-09-20 17:45:55 IST] WARN [Service Name -> bookstore-api-gateway-service], [TraceId -> 16b76ae4ebd2981d], [SpanId -> 16b76ae4ebd2981d] 
      <http-nio-8765-exec-9> org.springframework.cloud.netflix.zuul.filters.route.support.AbstractRibbonCommand : The Hystrix timeout of 40000ms for the command bookstore-catalog-service is set lower than the combination of the Ribbon read and connect timeout, 140000ms.
[2026-09-20 17:45:55 IST] WARN [Service Name -> bookstore-api-gateway-service], [TraceId -> a0a41a17268362b2], [SpanId -> a0a41a17268362b2] 
      <http-nio-8765-exec-3> org.springframework.cloud.netflix.zuul.filters.route.support.AbstractRibbonCommand : The Hystrix timeout of 40000ms for the command bookstore-catalog-service is set lower than the combination of the Ribbon read and connect timeout, 140000ms.
[2026-09-20 17:45:55 IST] INFO [Service Name -> bookstore-api-gateway-service], [TraceId -> 677b2657ba12b039], [SpanId -> 677b2657ba12b039] 
      <http-nio-8765-exec-4> com.devd.spring.bookstoreapigatewayservice.filters.PreFilter : PreFilter: GET request to http://localhost:8765/api/catalog/image/b1175b20-e946-42a6-b63d-83e35b7a73fa__oneArrangedMurder.jpg
[2026-09-20 17:45:55 IST] WARN [Service Name -> bookstore-api-gateway-service], [TraceId -> 677b2657ba12b039], [SpanId -> 677b2657ba12b039] 
      <http-nio-8765-exec-4> org.springframework.cloud.netflix.zuul.filters.route.support.AbstractRibbonCommand : The Hystrix timeout of 40000ms for the command bookstore-catalog-service is set lower than the combination of the Ribbon read and connect timeout, 140000ms.
[2026-09-20 17:45:57 IST] INFO [Service Name -> bookstore-api-gateway-service], [TraceId -> a8a1dbcf96e753ef], [SpanId -> a8a1dbcf96e753ef] 
      <http-nio-8765-exec-2> com.devd.spring.bookstoreapigatewayservice.filters.PreFilter : PreFilter: OPTIONS request to http://localhost:8765/api/order/cart/cartItem
[2026-09-20 17:45:57 IST] WARN [Service Name -> bookstore-api-gateway-service], [TraceId -> a8a1dbcf96e753ef], [SpanId -> a8a1dbcf96e753ef] 
      <http-nio-8765-exec-2> org.springframework.cloud.netflix.zuul.filters.route.support.AbstractRibbonCommand : The Hystrix timeout of 40000ms for the command bookstore-order-service is set lower than the combination of the Ribbon read and connect timeout, 140000ms.
[2026-09-20 17:45:57 IST] INFO [Service Name -> bookstore-api-gateway-service], [TraceId -> b3bdc6f5e52308c1], [SpanId -> b3bdc6f5e52308c1] 
      <http-nio-8765-exec-1> com.devd.spring.bookstoreapigatewayservice.filters.PreFilter : PreFilter: POST request to http://localhost:8765/api/order/cart/cartItem
[2026-09-20 17:45:57 IST] WARN [Service Name -> bookstore-api-gateway-service], [TraceId -> b3bdc6f5e52308c1], [SpanId -> b3bdc6f5e52308c1] 
      <http-nio-8765-exec-1> org.springframework.cloud.netflix.zuul.filters.route.support.AbstractRibbonCommand : The Hystrix timeout of 40000ms for the command bookstore-order-service is set lower than the combination of the Ribbon read and connect timeout, 140000ms.
[2026-09-20 17:45:59 IST] INFO [Service Name -> bookstore-api-gateway-service], [TraceId -> 6b98c39792ac1b4f], [SpanId -> 6b98c39792ac1b4f] 
      <http-nio-8765-exec-7> com.devd.spring.bookstoreapigatewayservice.filters.PreFilter : PreFilter: OPTIONS request to http://localhost:8765/api/order/cart
[2026-09-20 17:45:59 IST] WARN [Service Name -> bookstore-api-gateway-service], [TraceId -> 6b98c39792ac1b4f], [SpanId -> 6b98c39792ac1b4f] 
      <http-nio-8765-exec-7> org.springframework.cloud.netflix.zuul.filters.route.support.AbstractRibbonCommand : The Hystrix timeout of 40000ms for the command bookstore-order-service is set lower than the combination of the Ribbon read and connect timeout, 140000ms.
[2026-09-20 17:45:59 IST] INFO [Service Name -> bookstore-api-gateway-service], [TraceId -> 79c2b6af5f753c57], [SpanId -> 79c2b6af5f753c57] 
      <http-nio-8765-exec-8> com.devd.spring.bookstoreapigatewayservice.filters.PreFilter : PreFilter: GET request to http://localhost:8765/api/order/cart
[2026-09-20 17:45:59 IST] WARN [Service Name -> bookstore-api-gateway-service], [TraceId -> 79c2b6af5f753c57], [SpanId -> 79c2b6af5f753c57] 
      <http-nio-8765-exec-8> org.springframework.cloud.netflix.zuul.filters.route.support.AbstractRibbonCommand : The Hystrix timeout of 40000ms for the command bookstore-order-service is set lower than the combination of the Ribbon read and connect timeout, 140000ms.
[2026-09-20 17:46:06 IST] INFO [Service Name -> bookstore-api-gateway-service], [TraceId -> fb44ec1380018c5f], [SpanId -> fb44ec1380018c5f] 
      <http-nio-8765-exec-10> com.devd.spring.bookstoreapigatewayservice.filters.PreFilter : PreFilter: OPTIONS request to http://localhost:8765/api/order/cart
[2026-09-20 17:46:06 IST] WARN [Service Name -> bookstore-api-gateway-service], [TraceId -> fb44ec1380018c5f], [SpanId -> fb44ec1380018c5f] 
      <http-nio-8765-exec-10> org.springframework.cloud.netflix.zuul.filters.route.support.AbstractRibbonCommand : The Hystrix timeout of 40000ms for the command bookstore-order-service is set lower than the combination of the Ribbon read and connect timeout, 140000ms.
[2026-09-20 17:46:06 IST] INFO [Service Name -> bookstore-api-gateway-service], [TraceId -> e0425464eee8bc61], [SpanId -> e0425464eee8bc61] 
      <http-nio-8765-exec-5> com.devd.spring.bookstoreapigatewayservice.filters.PreFilter : PreFilter: OPTIONS request to http://localhost:8765/api/order/cart
[2026-09-20 17:46:06 IST] WARN [Service Name -> bookstore-api-gateway-service], [TraceId -> e0425464eee8bc61], [SpanId -> e0425464eee8bc61] 
      <http-nio-8765-exec-5> org.springframework.cloud.netflix.zuul.filters.route.support.AbstractRibbonCommand : The Hystrix timeout of 40000ms for the command bookstore-order-service is set lower than the combination of the Ribbon read and connect timeout, 140000ms.
[2026-09-20 17:46:06 IST] INFO [Service Name -> bookstore-api-gateway-service], [TraceId -> 00219d582c1cf8c8], [SpanId -> 00219d582c1cf8c8] 
      <http-nio-8765-exec-3> com.devd.spring.bookstoreapigatewayservice.filters.PreFilter : PreFilter: GET request to http://localhost:8765/api/order/cart
[2026-09-20 17:46:06 IST] INFO [Service Name -> bookstore-api-gateway-service], [TraceId -> 80803d862656fd4c], [SpanId -> 80803d862656fd4c] 
      <http-nio-8765-exec-4> com.devd.spring.bookstoreapigatewayservice.filters.PreFilter : PreFilter: GET request to http://localhost:8765/api/order/cart
[2026-09-20 17:46:06 IST] WARN [Service Name -> bookstore-api-gateway-service], [TraceId -> 80803d862656fd4c], [SpanId -> 80803d862656fd4c] 
      <http-nio-8765-exec-4> org.springframework.cloud.netflix.zuul.filters.route.support.AbstractRibbonCommand : The Hystrix timeout of 40000ms for the command bookstore-order-service is set lower than the combination of the Ribbon read and connect timeout, 140000ms.
[2026-09-20 17:46:06 IST] WARN [Service Name -> bookstore-api-gateway-service], [TraceId -> 00219d582c1cf8c8], [SpanId -> 00219d582c1cf8c8] 
      <http-nio-8765-exec-3> org.springframework.cloud.netflix.zuul.filters.route.support.AbstractRibbonCommand : The Hystrix timeout of 40000ms for the command bookstore-order-service is set lower than the combination of the Ribbon read and connect timeout, 140000ms.
[2026-09-20 17:46:06 IST] INFO [Service Name -> bookstore-api-gateway-service], [TraceId -> b8533ba5de7e2df6], [SpanId -> b8533ba5de7e2df6] 
      <http-nio-8765-exec-7> com.devd.spring.bookstoreapigatewayservice.filters.PreFilter : PreFilter: GET request to http://localhost:8765/api/catalog/image/undefined
[2026-09-20 17:46:06 IST] WARN [Service Name -> bookstore-api-gateway-service], [TraceId -> b8533ba5de7e2df6], [SpanId -> b8533ba5de7e2df6] 
      <http-nio-8765-exec-7> org.springframework.cloud.netflix.zuul.filters.route.support.AbstractRibbonCommand : The Hystrix timeout of 40000ms for the command bookstore-catalog-service is set lower than the combination of the Ribbon read and connect timeout, 140000ms.
[2026-09-20 17:46:06 IST] INFO [Service Name -> bookstore-api-gateway-service], [TraceId -> e2d04d1d1fee11a6], [SpanId -> e2d04d1d1fee11a6] 
      <http-nio-8765-exec-8> com.devd.spring.bookstoreapigatewayservice.filters.PreFilter : PreFilter: GET request to http://localhost:8765/api/catalog/product/6
[2026-09-20 17:46:06 IST] INFO [Service Name -> bookstore-api-gateway-service], [TraceId -> 6c333b5b675a6486], [SpanId -> 6c333b5b675a6486] 
      <http-nio-8765-exec-6> com.devd.spring.bookstoreapigatewayservice.filters.PreFilter : PreFilter: GET request to http://localhost:8765/api/catalog/product/6
[2026-09-20 17:46:06 IST] INFO [Service Name -> bookstore-api-gateway-service], [TraceId -> a418f7fb6e02f077], [SpanId -> a418f7fb6e02f077] 
      <http-nio-8765-exec-1> com.devd.spring.bookstoreapigatewayservice.filters.PreFilter : PreFilter: GET request to http://localhost:8765/api/catalog/product/4
[2026-09-20 17:46:06 IST] WARN [Service Name -> bookstore-api-gateway-service], [TraceId -> a418f7fb6e02f077], [SpanId -> a418f7fb6e02f077] 
      <http-nio-8765-exec-1> org.springframework.cloud.netflix.zuul.filters.route.support.AbstractRibbonCommand : The Hystrix timeout of 40000ms for the command bookstore-catalog-service is set lower than the combination of the Ribbon read and connect timeout, 140000ms.
[2026-09-20 17:46:06 IST] WARN [Service Name -> bookstore-api-gateway-service], [TraceId -> 6c333b5b675a6486], [SpanId -> 6c333b5b675a6486] 
      <http-nio-8765-exec-6> org.springframework.cloud.netflix.zuul.filters.route.support.AbstractRibbonCommand : The Hystrix timeout of 40000ms for the command bookstore-catalog-service is set lower than the combination of the Ribbon read and connect timeout, 140000ms.
[2026-09-20 17:46:06 IST] INFO [Service Name -> bookstore-api-gateway-service], [TraceId -> 1f38e05482241c91], [SpanId -> 1f38e05482241c91] 
      <http-nio-8765-exec-9> com.devd.spring.bookstoreapigatewayservice.filters.PreFilter : PreFilter: GET request to http://localhost:8765/api/catalog/product/4
[2026-09-20 17:46:06 IST] WARN [Service Name -> bookstore-api-gateway-service], [TraceId -> e2d04d1d1fee11a6], [SpanId -> e2d04d1d1fee11a6] 
      <http-nio-8765-exec-8> org.springframework.cloud.netflix.zuul.filters.route.support.AbstractRibbonCommand : The Hystrix timeout of 40000ms for the command bookstore-catalog-service is set lower than the combination of the Ribbon read and connect timeout, 140000ms.
[2026-09-20 17:46:06 IST] INFO [Service Name -> bookstore-api-gateway-service], [TraceId -> 846d7f0cb4c08659], [SpanId -> 846d7f0cb4c08659] 
      <http-nio-8765-exec-10> com.devd.spring.bookstoreapigatewayservice.filters.PreFilter : PreFilter: GET request to http://localhost:8765/api/catalog/image/4b050ba6-9573-4554-bdd4-26ae806c06aa__IntroEngLit.jpg
[2026-09-20 17:46:06 IST] WARN [Service Name -> bookstore-api-gateway-service], [TraceId -> 846d7f0cb4c08659], [SpanId -> 846d7f0cb4c08659] 
      <http-nio-8765-exec-10> org.springframework.cloud.netflix.zuul.filters.route.support.AbstractRibbonCommand : The Hystrix timeout of 40000ms for the command bookstore-catalog-service is set lower than the combination of the Ribbon read and connect timeout, 140000ms.
[2026-09-20 17:46:07 IST] WARN [Service Name -> bookstore-api-gateway-service], [TraceId -> 1f38e05482241c91], [SpanId -> 1f38e05482241c91] 
      <http-nio-8765-exec-9> org.springframework.cloud.netflix.zuul.filters.route.support.AbstractRibbonCommand : The Hystrix timeout of 40000ms for the command bookstore-catalog-service is set lower than the combination of the Ribbon read and connect timeout, 140000ms.
[2026-09-20 17:46:07 IST] INFO [Service Name -> bookstore-api-gateway-service], [TraceId -> ec303d8ee65e7043], [SpanId -> ec303d8ee65e7043] 
      <http-nio-8765-exec-5> com.devd.spring.bookstoreapigatewayservice.filters.PreFilter : PreFilter: GET request to http://localhost:8765/api/catalog/image/b1175b20-e946-42a6-b63d-83e35b7a73fa__oneArrangedMurder.jpg
[2026-09-20 17:46:07 IST] WARN [Service Name -> bookstore-api-gateway-service], [TraceId -> ec303d8ee65e7043], [SpanId -> ec303d8ee65e7043] 
      <http-nio-8765-exec-5> org.springframework.cloud.netflix.zuul.filters.route.support.AbstractRibbonCommand : The Hystrix timeout of 40000ms for the command bookstore-catalog-service is set lower than the combination of the Ribbon read and connect timeout, 140000ms.
[2026-09-20 17:46:11 IST] INFO [Service Name -> bookstore-api-gateway-service], [TraceId -> f9ec4638deb028e5], [SpanId -> f9ec4638deb028e5] 
      <http-nio-8765-exec-3> com.devd.spring.bookstoreapigatewayservice.filters.PreFilter : PreFilter: OPTIONS request to http://localhost:8765/api/billing/address
[2026-09-20 17:46:11 IST] WARN [Service Name -> bookstore-api-gateway-service], [TraceId -> f9ec4638deb028e5], [SpanId -> f9ec4638deb028e5] 
      <http-nio-8765-exec-3> org.springframework.cloud.netflix.zuul.filters.route.support.AbstractRibbonCommand : The Hystrix timeout of 40000ms for the command bookstore-billing-service is set lower than the combination of the Ribbon read and connect timeout, 140000ms.
[2026-09-20 17:46:18 IST] INFO [Service Name -> bookstore-api-gateway-service], [TraceId -> 88f793e535bf5c77], [SpanId -> 88f793e535bf5c77] 
      <http-nio-8765-exec-4> com.devd.spring.bookstoreapigatewayservice.filters.PreFilter : PreFilter: GET request to http://localhost:8765/api/billing/address
[2026-09-20 17:46:18 IST] WARN [Service Name -> bookstore-api-gateway-service], [TraceId -> 88f793e535bf5c77], [SpanId -> 88f793e535bf5c77] 
      <http-nio-8765-exec-4> org.springframework.cloud.netflix.zuul.filters.route.support.AbstractRibbonCommand : The Hystrix timeout of 40000ms for the command bookstore-billing-service is set lower than the combination of the Ribbon read and connect timeout, 140000ms.
[2026-09-20 17:47:13 IST] INFO [Service Name -> bookstore-api-gateway-service], [TraceId -> c9b6638ce4795111], [SpanId -> c9b6638ce4795111] 
      <http-nio-8765-exec-2> com.devd.spring.bookstoreapigatewayservice.filters.PreFilter : PreFilter: OPTIONS request to http://localhost:8765/api/billing/address
[2026-09-20 17:47:13 IST] WARN [Service Name -> bookstore-api-gateway-service], [TraceId -> c9b6638ce4795111], [SpanId -> c9b6638ce4795111] 
      <http-nio-8765-exec-2> org.springframework.cloud.netflix.zuul.filters.route.support.AbstractRibbonCommand : The Hystrix timeout of 40000ms for the command bookstore-billing-service is set lower than the combination of the Ribbon read and connect timeout, 140000ms.
[2026-09-20 17:47:14 IST] INFO [Service Name -> bookstore-api-gateway-service], [TraceId -> b3cf1acd3ffa6baa], [SpanId -> b3cf1acd3ffa6baa] 
      <http-nio-8765-exec-7> com.devd.spring.bookstoreapigatewayservice.filters.PreFilter : PreFilter: POST request to http://localhost:8765/api/billing/address
[2026-09-20 17:47:14 IST] WARN [Service Name -> bookstore-api-gateway-service], [TraceId -> b3cf1acd3ffa6baa], [SpanId -> b3cf1acd3ffa6baa] 
      <http-nio-8765-exec-7> org.springframework.cloud.netflix.zuul.filters.route.support.AbstractRibbonCommand : The Hystrix timeout of 40000ms for the command bookstore-billing-service is set lower than the combination of the Ribbon read and connect timeout, 140000ms.
[2026-09-20 17:47:22 IST] INFO [Service Name -> bookstore-api-gateway-service], [TraceId -> ec3cbbb6fff56af8], [SpanId -> ec3cbbb6fff56af8] 
      <http-nio-8765-exec-1> com.devd.spring.bookstoreapigatewayservice.filters.PreFilter : PreFilter: OPTIONS request to http://localhost:8765/api/billing/address
[2026-09-20 17:47:22 IST] WARN [Service Name -> bookstore-api-gateway-service], [TraceId -> ec3cbbb6fff56af8], [SpanId -> ec3cbbb6fff56af8] 
      <http-nio-8765-exec-1> org.springframework.cloud.netflix.zuul.filters.route.support.AbstractRibbonCommand : The Hystrix timeout of 40000ms for the command bookstore-billing-service is set lower than the combination of the Ribbon read and connect timeout, 140000ms.
[2026-09-20 17:47:22 IST] INFO [Service Name -> bookstore-api-gateway-service], [TraceId -> e2bff8421f14ac49], [SpanId -> e2bff8421f14ac49] 
      <http-nio-8765-exec-6> com.devd.spring.bookstoreapigatewayservice.filters.PreFilter : PreFilter: GET request to http://localhost:8765/api/billing/address
[2026-09-20 17:47:22 IST] WARN [Service Name -> bookstore-api-gateway-service], [TraceId -> e2bff8421f14ac49], [SpanId -> e2bff8421f14ac49] 
      <http-nio-8765-exec-6> org.springframework.cloud.netflix.zuul.filters.route.support.AbstractRibbonCommand : The Hystrix timeout of 40000ms for the command bookstore-billing-service is set lower than the combination of the Ribbon read and connect timeout, 140000ms.
[2026-09-20 17:47:29 IST] INFO [Service Name -> bookstore-api-gateway-service], [TraceId -> 72a07d7ffeacc7cd], [SpanId -> 72a07d7ffeacc7cd] 
      <http-nio-8765-exec-10> com.devd.spring.bookstoreapigatewayservice.filters.PreFilter : PreFilter: OPTIONS request to http://localhost:8765/api/payment/paymentMethod
[2026-09-20 17:47:29 IST] WARN [Service Name -> bookstore-api-gateway-service], [TraceId -> 72a07d7ffeacc7cd], [SpanId -> 72a07d7ffeacc7cd] 
      <http-nio-8765-exec-10> org.springframework.cloud.netflix.zuul.filters.route.support.AbstractRibbonCommand : The Hystrix timeout of 40000ms for the command bookstore-payment-service is set lower than the combination of the Ribbon read and connect timeout, 140000ms.
[2026-09-20 17:47:36 IST] INFO [Service Name -> bookstore-api-gateway-service], [TraceId -> 34ff2f39d7a0082e], [SpanId -> 34ff2f39d7a0082e] 
      <http-nio-8765-exec-5> com.devd.spring.bookstoreapigatewayservice.filters.PreFilter : PreFilter: GET request to http://localhost:8765/api/payment/paymentMethod
[2026-09-20 17:47:36 IST] WARN [Service Name -> bookstore-api-gateway-service], [TraceId -> 34ff2f39d7a0082e], [SpanId -> 34ff2f39d7a0082e] 
      <http-nio-8765-exec-5> org.springframework.cloud.netflix.zuul.filters.route.support.AbstractRibbonCommand : The Hystrix timeout of 40000ms for the command bookstore-payment-service is set lower than the combination of the Ribbon read and connect timeout, 140000ms.
[2026-09-20 17:48:20 IST] ERROR [Service Name -> bookstore-api-gateway-service], [TraceId -> 34ff2f39d7a0082e], [SpanId -> 34ff2f39d7a0082e] 
      <http-nio-8765-exec-5> com.devd.spring.bookstoreapigatewayservice.filters.ErrorFilter : Zuul failure detected: Filter threw Exception
[2026-09-20 17:48:36 IST] ERROR [Service Name -> bookstore-api-gateway-service], [TraceId -> 34ff2f39d7a0082e], [SpanId -> 34ff2f39d7a0082e] 
      <http-nio-8765-exec-5> com.devd.spring.bookstoreapigatewayservice.exception.GlobalExceptionHandler : Something went wrong, Exception : com.netflix.zuul.exception.ZuulException: Forwarding error
[2026-09-20 17:48:42 IST] WARN [Service Name -> bookstore-api-gateway-service], [TraceId -> 34ff2f39d7a0082e], [SpanId -> 34ff2f39d7a0082e] 
      <http-nio-8765-exec-5> org.springframework.cloud.netflix.zuul.filters.post.SendErrorFilter : Error during filtering
com.netflix.zuul.exception.ZuulException: Forwarding error
	at org.springframework.cloud.netflix.zuul.filters.route.RibbonRoutingFilter.handleException(RibbonRoutingFilter.java:198)
	at org.springframework.cloud.netflix.zuul.filters.route.RibbonRoutingFilter.forward(RibbonRoutingFilter.java:173)
	at org.springframework.cloud.netflix.zuul.filters.route.RibbonRoutingFilter.run(RibbonRoutingFilter.java:119)
	at com.netflix.zuul.ZuulFilter.runFilter(ZuulFilter.java:117)
	at com.netflix.zuul.FilterProcessor.processZuulFilter(FilterProcessor.java:193)
	at com.netflix.zuul.FilterProcessor.runFilters(FilterProcessor.java:157)
	at com.netflix.zuul.FilterProcessor.route(FilterProcessor.java:118)
	at com.netflix.zuul.ZuulRunner.route(ZuulRunner.java:96)
	at com.netflix.zuul.http.ZuulServlet.route(ZuulServlet.java:116)
	at com.netflix.zuul.http.ZuulServlet.service(ZuulServlet.java:81)
	at org.springframework.web.servlet.mvc.ServletWrappingController.handleRequestInternal(ServletWrappingController.java:166)
	at org.springframework.cloud.netflix.zuul.web.ZuulController.handleRequest(ZuulController.java:45)
	at org.springframework.web.servlet.mvc.SimpleControllerHandlerAdapter.handle(SimpleControllerHandlerAdapter.java:52)
	at org.springframework.web.servlet.DispatcherServlet.doDispatch(DispatcherServlet.java:1040)
	at org.springframework.web.servlet.DispatcherServlet.doService(DispatcherServlet.java:943)
	at org.springframework.web.servlet.FrameworkServlet.processRequest(FrameworkServlet.java:1006)
	at org.springframework.web.servlet.FrameworkServlet.doGet(FrameworkServlet.java:898)
	at javax.servlet.http.HttpServlet.service(HttpServlet.java:626)
	at org.springframework.web.servlet.FrameworkServlet.service(FrameworkServlet.java:883)
	at javax.servlet.http.HttpServlet.service(HttpServlet.java:733)
	at org.apache.catalina.core.ApplicationFilterChain.internalDoFilter(ApplicationFilterChain.java:231)
	at org.apache.catalina.core.ApplicationFilterChain.doFilter(ApplicationFilterChain.java:166)
	at org.apache.tomcat.websocket.server.WsFilter.doFilter(WsFilter.java:53)
	at org.apache.catalina.core.ApplicationFilterChain.internalDoFilter(ApplicationFilterChain.java:193)
	at org.apache.catalina.core.ApplicationFilterChain.doFilter(ApplicationFilterChain.java:166)
	at brave.servlet.TracingFilter.doFilter(TracingFilter.java:65)
	at org.apache.catalina.core.ApplicationFilterChain.internalDoFilter(ApplicationFilterChain.java:193)
	at org.apache.catalina.core.ApplicationFilterChain.doFilter(ApplicationFilterChain.java:166)
	at org.springframework.web.filter.RequestContextFilter.doFilterInternal(RequestContextFilter.java:100)
	at org.springframework.web.filter.OncePerRequestFilter.doFilter(OncePerRequestFilter.java:119)
	at org.apache.catalina.core.ApplicationFilterChain.internalDoFilter(ApplicationFilterChain.java:193)
	at org.apache.catalina.core.ApplicationFilterChain.doFilter(ApplicationFilterChain.java:166)
	at org.springframework.web.filter.FormContentFilter.doFilterInternal(FormContentFilter.java:93)
	at org.springframework.web.filter.OncePerRequestFilter.doFilter(OncePerRequestFilter.java:119)
	at org.apache.catalina.core.ApplicationFilterChain.internalDoFilter(ApplicationFilterChain.java:193)
	at org.apache.catalina.core.ApplicationFilterChain.doFilter(ApplicationFilterChain.java:166)
	at com.devd.spring.bookstoreapigatewayservice.config.AddTraceIdToHttpResponseConfig.doFilter(AddTraceIdToHttpResponseConfig.java:42)
	at org.apache.catalina.core.ApplicationFilterChain.internalDoFilter(ApplicationFilterChain.java:193)
	at org.apache.catalina.core.ApplicationFilterChain.doFilter(ApplicationFilterChain.java:166)
	at org.springframework.cloud.sleuth.instrument.web.ExceptionLoggingFilter.doFilter(ExceptionLoggingFilter.java:50)
	at org.apache.catalina.core.ApplicationFilterChain.internalDoFilter(ApplicationFilterChain.java:193)
	at org.apache.catalina.core.ApplicationFilterChain.doFilter(ApplicationFilterChain.java:166)
	at brave.servlet.TracingFilter.doFilter(TracingFilter.java:82)
	at org.springframework.cloud.sleuth.instrument.web.LazyTracingFilter.doFilter(TraceWebServletAutoConfiguration.java:138)
	at org.apache.catalina.core.ApplicationFilterChain.internalDoFilter(ApplicationFilterChain.java:193)
	at org.apache.catalina.core.ApplicationFilterChain.doFilter(ApplicationFilterChain.java:166)
	at org.springframework.boot.actuate.metrics.web.servlet.WebMvcMetricsFilter.doFilterInternal(WebMvcMetricsFilter.java:93)
	at org.springframework.web.filter.OncePerRequestFilter.doFilter(OncePerRequestFilter.java:119)
	at org.apache.catalina.core.ApplicationFilterChain.internalDoFilter(ApplicationFilterChain.java:193)
	at org.apache.catalina.core.ApplicationFilterChain.doFilter(ApplicationFilterChain.java:166)
	at org.springframework.web.filter.CharacterEncodingFilter.doFilterInternal(CharacterEncodingFilter.java:201)
	at org.springframework.web.filter.OncePerRequestFilter.doFilter(OncePerRequestFilter.java:119)
	at org.apache.catalina.core.ApplicationFilterChain.internalDoFilter(ApplicationFilterChain.java:193)
	at org.apache.catalina.core.ApplicationFilterChain.doFilter(ApplicationFilterChain.java:166)
	at org.apache.catalina.core.StandardWrapperValve.invoke(StandardWrapperValve.java:202)
	at org.apache.catalina.core.StandardContextValve.invoke(StandardContextValve.java:97)
	at org.apache.catalina.authenticator.AuthenticatorBase.invoke(AuthenticatorBase.java:541)
	at org.apache.catalina.core.StandardHostValve.invoke(StandardHostValve.java:143)
	at org.apache.catalina.valves.ErrorReportValve.invoke(ErrorReportValve.java:92)
	at org.apache.catalina.core.StandardEngineValve.invoke(StandardEngineValve.java:78)
	at org.apache.catalina.connector.CoyoteAdapter.service(CoyoteAdapter.java:343)
	at org.apache.coyote.http11.Http11Processor.service(Http11Processor.java:374)
	at org.apache.coyote.AbstractProcessorLight.process(AbstractProcessorLight.java:65)
	at org.apache.coyote.AbstractProtocol$ConnectionHandler.process(AbstractProtocol.java:868)
	at org.apache.tomcat.util.net.NioEndpoint$SocketProcessor.doRun(NioEndpoint.java:1590)
	at org.apache.tomcat.util.net.SocketProcessorBase.run(SocketProcessorBase.java:49)
	at java.util.concurrent.ThreadPoolExecutor.runWorker(ThreadPoolExecutor.java:1149)
	at java.util.concurrent.ThreadPoolExecutor$Worker.run(ThreadPoolExecutor.java:624)
	at org.apache.tomcat.util.threads.TaskThread$WrappingRunnable.run(TaskThread.java:61)
	at java.lang.Thread.run(Thread.java:750)
Caused by: com.netflix.hystrix.exception.HystrixRuntimeException: bookstore-payment-service timed-out and no fallback available.
	at com.netflix.hystrix.AbstractCommand$22.call(AbstractCommand.java:822)
	at com.netflix.hystrix.AbstractCommand$22.call(AbstractCommand.java:807)
	at rx.internal.operators.OperatorOnErrorResumeNextViaFunction$4.onError(OperatorOnErrorResumeNextViaFunction.java:140)
	at rx.internal.operators.OnSubscribeDoOnEach$DoOnEachSubscriber.onError(OnSubscribeDoOnEach.java:87)
	at rx.internal.operators.OnSubscribeDoOnEach$DoOnEachSubscriber.onError(OnSubscribeDoOnEach.java:87)
	at com.netflix.hystrix.AbstractCommand$DeprecatedOnFallbackHookApplication$1.onError(AbstractCommand.java:1472)
	at com.netflix.hystrix.AbstractCommand$FallbackHookApplication$1.onError(AbstractCommand.java:1397)
	at rx.internal.operators.OnSubscribeDoOnEach$DoOnEachSubscriber.onError(OnSubscribeDoOnEach.java:87)
	at rx.observers.Subscribers$5.onError(Subscribers.java:230)
	at rx.internal.operators.OnSubscribeThrow.call(OnSubscribeThrow.java:44)
	at rx.internal.operators.OnSubscribeThrow.call(OnSubscribeThrow.java:28)
	at rx.Observable.unsafeSubscribe(Observable.java:10327)
	at rx.internal.operators.OnSubscribeDefer.call(OnSubscribeDefer.java:51)
	at rx.internal.operators.OnSubscribeDefer.call(OnSubscribeDefer.java:35)
	at rx.Observable.unsafeSubscribe(Observable.java:10327)
	at rx.internal.operators.OnSubscribeDoOnEach.call(OnSubscribeDoOnEach.java:41)
	at rx.internal.operators.OnSubscribeDoOnEach.call(OnSubscribeDoOnEach.java:30)
	at rx.internal.operators.OnSubscribeLift.call(OnSubscribeLift.java:48)
	at rx.internal.operators.OnSubscribeLift.call(OnSubscribeLift.java:30)
	at rx.internal.operators.OnSubscribeLift.call(OnSubscribeLift.java:48)
	at rx.internal.operators.OnSubscribeLift.call(OnSubscribeLift.java:30)
	at rx.Observable.unsafeSubscribe(Observable.java:10327)
	at rx.internal.operators.OnSubscribeDoOnEach.call(OnSubscribeDoOnEach.java:41)
	at rx.internal.operators.OnSubscribeDoOnEach.call(OnSubscribeDoOnEach.java:30)
	at rx.Observable.unsafeSubscribe(Observable.java:10327)
	at rx.internal.operators.OnSubscribeDoOnEach.call(OnSubscribeDoOnEach.java:41)
	at rx.internal.operators.OnSubscribeDoOnEach.call(OnSubscribeDoOnEach.java:30)
	at rx.internal.operators.OnSubscribeLift.call(OnSubscribeLift.java:48)
	at rx.internal.operators.OnSubscribeLift.call(OnSubscribeLift.java:30)
	at rx.Observable.unsafeSubscribe(Observable.java:10327)
	at rx.internal.operators.OnSubscribeDoOnEach.call(OnSubscribeDoOnEach.java:41)
	at rx.internal.operators.OnSubscribeDoOnEach.call(OnSubscribeDoOnEach.java:30)
	at rx.internal.operators.OnSubscribeLift.call(OnSubscribeLift.java:48)
	at rx.internal.operators.OnSubscribeLift.call(OnSubscribeLift.java:30)
	at rx.Observable.unsafeSubscribe(Observable.java:10327)
	at rx.internal.operators.OperatorOnErrorResumeNextViaFunction$4.onError(OperatorOnErrorResumeNextViaFunction.java:142)
	at rx.internal.operators.OnSubscribeDoOnEach$DoOnEachSubscriber.onError(OnSubscribeDoOnEach.java:87)
	at rx.internal.operators.OnSubscribeDoOnEach$DoOnEachSubscriber.onError(OnSubscribeDoOnEach.java:87)
	at com.netflix.hystrix.AbstractCommand$HystrixObservableTimeoutOperator$1.run(AbstractCommand.java:1142)
	at com.netflix.hystrix.strategy.concurrency.HystrixContextRunnable$1.call(HystrixContextRunnable.java:41)
	at com.netflix.hystrix.strategy.concurrency.HystrixContextRunnable$1.call(HystrixContextRunnable.java:37)
	at org.springframework.cloud.sleuth.instrument.async.TraceCallable.call(TraceCallable.java:70)
	at com.netflix.hystrix.strategy.concurrency.HystrixContextRunnable.run(HystrixContextRunnable.java:57)
	at com.netflix.hystrix.AbstractCommand$HystrixObservableTimeoutOperator$2.tick(AbstractCommand.java:1159)
	at com.netflix.hystrix.util.HystrixTimer$1.run(HystrixTimer.java:99)
	at java.util.concurrent.Executors$RunnableAdapter.call(Executors.java:511)
	at java.util.concurrent.FutureTask.runAndReset(FutureTask.java:308)
	at java.util.concurrent.ScheduledThreadPoolExecutor$ScheduledFutureTask.access$301(ScheduledThreadPoolExecutor.java:180)
	at java.util.concurrent.ScheduledThreadPoolExecutor$ScheduledFutureTask.run(ScheduledThreadPoolExecutor.java:294)
	at java.util.concurrent.ThreadPoolExecutor.runWorker(ThreadPoolExecutor.java:1149)
	at java.util.concurrent.ThreadPoolExecutor$Worker.run(ThreadPoolExecutor.java:624)
	... 1 common frames omitted
Caused by: java.util.concurrent.TimeoutException: null
	at com.netflix.hystrix.AbstractCommand.handleTimeoutViaFallback(AbstractCommand.java:997)
	at com.netflix.hystrix.AbstractCommand.access$500(AbstractCommand.java:60)
	at com.netflix.hystrix.AbstractCommand$12.call(AbstractCommand.java:609)
	at com.netflix.hystrix.AbstractCommand$12.call(AbstractCommand.java:601)
	at rx.internal.operators.OperatorOnErrorResumeNextViaFunction$4.onError(OperatorOnErrorResumeNextViaFunction.java:140)
	... 16 common frames omitted
[2026-09-20 17:48:59 IST] INFO [Service Name -> bookstore-api-gateway-service], [TraceId -> ], [SpanId -> ] 
      <AsyncResolver-bootstrap-executor-0> com.netflix.discovery.shared.resolver.aws.ConfigClusterResolver : Resolving eureka endpoints via configuration
[2026-09-20 17:49:30 IST] INFO [Service Name -> bookstore-api-gateway-service], [TraceId -> 7e4f3b26964172d5], [SpanId -> 7e4f3b26964172d5] 
      <http-nio-8765-exec-3> com.devd.spring.bookstoreapigatewayservice.filters.PreFilter : PreFilter: OPTIONS request to http://localhost:8765/api/billing/address
[2026-09-20 17:49:30 IST] WARN [Service Name -> bookstore-api-gateway-service], [TraceId -> 7e4f3b26964172d5], [SpanId -> 7e4f3b26964172d5] 
      <http-nio-8765-exec-3> org.springframework.cloud.netflix.zuul.filters.route.support.AbstractRibbonCommand : The Hystrix timeout of 40000ms for the command bookstore-billing-service is set lower than the combination of the Ribbon read and connect timeout, 140000ms.
[2026-09-20 17:49:31 IST] INFO [Service Name -> bookstore-api-gateway-service], [TraceId -> 4c112534fdd4ad52], [SpanId -> 4c112534fdd4ad52] 
      <http-nio-8765-exec-4> com.devd.spring.bookstoreapigatewayservice.filters.PreFilter : PreFilter: GET request to http://localhost:8765/api/billing/address
[2026-09-20 17:49:31 IST] WARN [Service Name -> bookstore-api-gateway-service], [TraceId -> 4c112534fdd4ad52], [SpanId -> 4c112534fdd4ad52] 
      <http-nio-8765-exec-4> org.springframework.cloud.netflix.zuul.filters.route.support.AbstractRibbonCommand : The Hystrix timeout of 40000ms for the command bookstore-billing-service is set lower than the combination of the Ribbon read and connect timeout, 140000ms.
[2026-09-20 17:49:36 IST] INFO [Service Name -> bookstore-api-gateway-service], [TraceId -> c641cf13cfd6754b], [SpanId -> c641cf13cfd6754b] 
      <http-nio-8765-exec-2> com.devd.spring.bookstoreapigatewayservice.filters.PreFilter : PreFilter: OPTIONS request to http://localhost:8765/api/payment/paymentMethod
[2026-09-20 17:49:36 IST] WARN [Service Name -> bookstore-api-gateway-service], [TraceId -> c641cf13cfd6754b], [SpanId -> c641cf13cfd6754b] 
      <http-nio-8765-exec-2> org.springframework.cloud.netflix.zuul.filters.route.support.AbstractRibbonCommand : The Hystrix timeout of 40000ms for the command bookstore-payment-service is set lower than the combination of the Ribbon read and connect timeout, 140000ms.
[2026-09-20 17:49:36 IST] INFO [Service Name -> bookstore-api-gateway-service], [TraceId -> 0b8046243683640e], [SpanId -> 0b8046243683640e] 
      <http-nio-8765-exec-7> com.devd.spring.bookstoreapigatewayservice.filters.PreFilter : PreFilter: GET request to http://localhost:8765/api/payment/paymentMethod
[2026-09-20 17:49:36 IST] WARN [Service Name -> bookstore-api-gateway-service], [TraceId -> 0b8046243683640e], [SpanId -> 0b8046243683640e] 
      <http-nio-8765-exec-7> org.springframework.cloud.netflix.zuul.filters.route.support.AbstractRibbonCommand : The Hystrix timeout of 40000ms for the command bookstore-payment-service is set lower than the combination of the Ribbon read and connect timeout, 140000ms.
[2026-09-20 17:49:45 IST] INFO [Service Name -> bookstore-api-gateway-service], [TraceId -> dba295b492ec0aa2], [SpanId -> dba295b492ec0aa2] 
      <http-nio-8765-exec-1> com.devd.spring.bookstoreapigatewayservice.filters.PreFilter : PreFilter: OPTIONS request to http://localhost:8765/api/payment/paymentMethod
[2026-09-20 17:49:45 IST] WARN [Service Name -> bookstore-api-gateway-service], [TraceId -> dba295b492ec0aa2], [SpanId -> dba295b492ec0aa2] 
      <http-nio-8765-exec-1> org.springframework.cloud.netflix.zuul.filters.route.support.AbstractRibbonCommand : The Hystrix timeout of 40000ms for the command bookstore-payment-service is set lower than the combination of the Ribbon read and connect timeout, 140000ms.
[2026-09-20 17:49:45 IST] INFO [Service Name -> bookstore-api-gateway-service], [TraceId -> 17bc27d3a3dc642f], [SpanId -> 17bc27d3a3dc642f] 
      <http-nio-8765-exec-8> com.devd.spring.bookstoreapigatewayservice.filters.PreFilter : PreFilter: POST request to http://localhost:8765/api/payment/paymentMethod
[2026-09-20 17:49:45 IST] WARN [Service Name -> bookstore-api-gateway-service], [TraceId -> 17bc27d3a3dc642f], [SpanId -> 17bc27d3a3dc642f] 
      <http-nio-8765-exec-8> org.springframework.cloud.netflix.zuul.filters.route.support.AbstractRibbonCommand : The Hystrix timeout of 40000ms for the command bookstore-payment-service is set lower than the combination of the Ribbon read and connect timeout, 140000ms.
[2026-09-20 17:49:57 IST] INFO [Service Name -> bookstore-api-gateway-service], [TraceId -> 713bdb40d3eef159], [SpanId -> 713bdb40d3eef159] 
      <http-nio-8765-exec-6> com.devd.spring.bookstoreapigatewayservice.filters.PreFilter : PreFilter: OPTIONS request to http://localhost:8765/api/billing/address
[2026-09-20 17:49:57 IST] WARN [Service Name -> bookstore-api-gateway-service], [TraceId -> 713bdb40d3eef159], [SpanId -> 713bdb40d3eef159] 
      <http-nio-8765-exec-6> org.springframework.cloud.netflix.zuul.filters.route.support.AbstractRibbonCommand : The Hystrix timeout of 40000ms for the command bookstore-billing-service is set lower than the combination of the Ribbon read and connect timeout, 140000ms.
[2026-09-20 17:49:57 IST] INFO [Service Name -> bookstore-api-gateway-service], [TraceId -> 53d6803c307d7344], [SpanId -> 53d6803c307d7344] 
      <http-nio-8765-exec-10> com.devd.spring.bookstoreapigatewayservice.filters.PreFilter : PreFilter: GET request to http://localhost:8765/api/billing/address
[2026-09-20 17:49:57 IST] WARN [Service Name -> bookstore-api-gateway-service], [TraceId -> 53d6803c307d7344], [SpanId -> 53d6803c307d7344] 
      <http-nio-8765-exec-10> org.springframework.cloud.netflix.zuul.filters.route.support.AbstractRibbonCommand : The Hystrix timeout of 40000ms for the command bookstore-billing-service is set lower than the combination of the Ribbon read and connect timeout, 140000ms.
[2026-09-20 17:49:59 IST] INFO [Service Name -> bookstore-api-gateway-service], [TraceId -> f54e7c76ad38351b], [SpanId -> f54e7c76ad38351b] 
      <http-nio-8765-exec-9> com.devd.spring.bookstoreapigatewayservice.filters.PreFilter : PreFilter: OPTIONS request to http://localhost:8765/api/billing/address
[2026-09-20 17:49:59 IST] WARN [Service Name -> bookstore-api-gateway-service], [TraceId -> f54e7c76ad38351b], [SpanId -> f54e7c76ad38351b] 
      <http-nio-8765-exec-9> org.springframework.cloud.netflix.zuul.filters.route.support.AbstractRibbonCommand : The Hystrix timeout of 40000ms for the command bookstore-billing-service is set lower than the combination of the Ribbon read and connect timeout, 140000ms.
[2026-09-20 17:49:59 IST] INFO [Service Name -> bookstore-api-gateway-service], [TraceId -> f152ce54ee9d93e0], [SpanId -> f152ce54ee9d93e0] 
      <http-nio-8765-exec-5> com.devd.spring.bookstoreapigatewayservice.filters.PreFilter : PreFilter: GET request to http://localhost:8765/api/billing/address
[2026-09-20 17:49:59 IST] WARN [Service Name -> bookstore-api-gateway-service], [TraceId -> f152ce54ee9d93e0], [SpanId -> f152ce54ee9d93e0] 
      <http-nio-8765-exec-5> org.springframework.cloud.netflix.zuul.filters.route.support.AbstractRibbonCommand : The Hystrix timeout of 40000ms for the command bookstore-billing-service is set lower than the combination of the Ribbon read and connect timeout, 140000ms.
[2026-09-20 17:50:02 IST] INFO [Service Name -> bookstore-api-gateway-service], [TraceId -> 2ac8f606222da62a], [SpanId -> 2ac8f606222da62a] 
      <http-nio-8765-exec-3> com.devd.spring.bookstoreapigatewayservice.filters.PreFilter : PreFilter: OPTIONS request to http://localhost:8765/api/payment/paymentMethod
[2026-09-20 17:50:02 IST] WARN [Service Name -> bookstore-api-gateway-service], [TraceId -> 2ac8f606222da62a], [SpanId -> 2ac8f606222da62a] 
      <http-nio-8765-exec-3> org.springframework.cloud.netflix.zuul.filters.route.support.AbstractRibbonCommand : The Hystrix timeout of 40000ms for the command bookstore-payment-service is set lower than the combination of the Ribbon read and connect timeout, 140000ms.
[2026-09-20 17:50:02 IST] INFO [Service Name -> bookstore-api-gateway-service], [TraceId -> 968460c0ae28d5fa], [SpanId -> 968460c0ae28d5fa] 
      <http-nio-8765-exec-4> com.devd.spring.bookstoreapigatewayservice.filters.PreFilter : PreFilter: GET request to http://localhost:8765/api/payment/paymentMethod
[2026-09-20 17:50:02 IST] WARN [Service Name -> bookstore-api-gateway-service], [TraceId -> 968460c0ae28d5fa], [SpanId -> 968460c0ae28d5fa] 
      <http-nio-8765-exec-4> org.springframework.cloud.netflix.zuul.filters.route.support.AbstractRibbonCommand : The Hystrix timeout of 40000ms for the command bookstore-payment-service is set lower than the combination of the Ribbon read and connect timeout, 140000ms.
[2026-09-20 17:50:10 IST] INFO [Service Name -> bookstore-api-gateway-service], [TraceId -> e915ba6bf2ced90f], [SpanId -> e915ba6bf2ced90f] 
      <http-nio-8765-exec-7> com.devd.spring.bookstoreapigatewayservice.filters.PreFilter : PreFilter: OPTIONS request to http://localhost:8765/api/payment/paymentMethod
[2026-09-20 17:50:10 IST] WARN [Service Name -> bookstore-api-gateway-service], [TraceId -> e915ba6bf2ced90f], [SpanId -> e915ba6bf2ced90f] 
      <http-nio-8765-exec-7> org.springframework.cloud.netflix.zuul.filters.route.support.AbstractRibbonCommand : The Hystrix timeout of 40000ms for the command bookstore-payment-service is set lower than the combination of the Ribbon read and connect timeout, 140000ms.
[2026-09-20 17:50:10 IST] INFO [Service Name -> bookstore-api-gateway-service], [TraceId -> dfbe1e2b1dbc18c0], [SpanId -> dfbe1e2b1dbc18c0] 
      <http-nio-8765-exec-8> com.devd.spring.bookstoreapigatewayservice.filters.PreFilter : PreFilter: POST request to http://localhost:8765/api/payment/paymentMethod
[2026-09-20 17:50:10 IST] WARN [Service Name -> bookstore-api-gateway-service], [TraceId -> dfbe1e2b1dbc18c0], [SpanId -> dfbe1e2b1dbc18c0] 
      <http-nio-8765-exec-8> org.springframework.cloud.netflix.zuul.filters.route.support.AbstractRibbonCommand : The Hystrix timeout of 40000ms for the command bookstore-payment-service is set lower than the combination of the Ribbon read and connect timeout, 140000ms.
[2026-09-20 17:50:16 IST] INFO [Service Name -> bookstore-api-gateway-service], [TraceId -> 21210057ff3a918f], [SpanId -> 21210057ff3a918f] 
      <http-nio-8765-exec-6> com.devd.spring.bookstoreapigatewayservice.filters.PreFilter : PreFilter: OPTIONS request to http://localhost:8765/api/billing/address
[2026-09-20 17:50:16 IST] WARN [Service Name -> bookstore-api-gateway-service], [TraceId -> 21210057ff3a918f], [SpanId -> 21210057ff3a918f] 
      <http-nio-8765-exec-6> org.springframework.cloud.netflix.zuul.filters.route.support.AbstractRibbonCommand : The Hystrix timeout of 40000ms for the command bookstore-billing-service is set lower than the combination of the Ribbon read and connect timeout, 140000ms.
[2026-09-20 17:50:16 IST] INFO [Service Name -> bookstore-api-gateway-service], [TraceId -> 3724d4a6ea5bf2de], [SpanId -> 3724d4a6ea5bf2de] 
      <http-nio-8765-exec-10> com.devd.spring.bookstoreapigatewayservice.filters.PreFilter : PreFilter: GET request to http://localhost:8765/api/billing/address
[2026-09-20 17:50:16 IST] WARN [Service Name -> bookstore-api-gateway-service], [TraceId -> 3724d4a6ea5bf2de], [SpanId -> 3724d4a6ea5bf2de] 
      <http-nio-8765-exec-10> org.springframework.cloud.netflix.zuul.filters.route.support.AbstractRibbonCommand : The Hystrix timeout of 40000ms for the command bookstore-billing-service is set lower than the combination of the Ribbon read and connect timeout, 140000ms.
[2026-09-20 17:50:18 IST] INFO [Service Name -> bookstore-api-gateway-service], [TraceId -> 21e3e759c1e9b83e], [SpanId -> 21e3e759c1e9b83e] 
      <http-nio-8765-exec-9> com.devd.spring.bookstoreapigatewayservice.filters.PreFilter : PreFilter: OPTIONS request to http://localhost:8765/api/payment/paymentMethod
[2026-09-20 17:50:18 IST] WARN [Service Name -> bookstore-api-gateway-service], [TraceId -> 21e3e759c1e9b83e], [SpanId -> 21e3e759c1e9b83e] 
      <http-nio-8765-exec-9> org.springframework.cloud.netflix.zuul.filters.route.support.AbstractRibbonCommand : The Hystrix timeout of 40000ms for the command bookstore-payment-service is set lower than the combination of the Ribbon read and connect timeout, 140000ms.
[2026-09-20 17:50:18 IST] INFO [Service Name -> bookstore-api-gateway-service], [TraceId -> 139cc973d3483737], [SpanId -> 139cc973d3483737] 
      <http-nio-8765-exec-5> com.devd.spring.bookstoreapigatewayservice.filters.PreFilter : PreFilter: GET request to http://localhost:8765/api/payment/paymentMethod
[2026-09-20 17:50:18 IST] WARN [Service Name -> bookstore-api-gateway-service], [TraceId -> 139cc973d3483737], [SpanId -> 139cc973d3483737] 
      <http-nio-8765-exec-5> org.springframework.cloud.netflix.zuul.filters.route.support.AbstractRibbonCommand : The Hystrix timeout of 40000ms for the command bookstore-payment-service is set lower than the combination of the Ribbon read and connect timeout, 140000ms.
[2026-09-20 17:50:19 IST] INFO [Service Name -> bookstore-api-gateway-service], [TraceId -> 2ccf35dc4753fa8d], [SpanId -> 2ccf35dc4753fa8d] 
      <http-nio-8765-exec-3> com.devd.spring.bookstoreapigatewayservice.filters.PreFilter : PreFilter: OPTIONS request to http://localhost:8765/api/payment/paymentMethod
[2026-09-20 17:50:19 IST] WARN [Service Name -> bookstore-api-gateway-service], [TraceId -> 2ccf35dc4753fa8d], [SpanId -> 2ccf35dc4753fa8d] 
      <http-nio-8765-exec-3> org.springframework.cloud.netflix.zuul.filters.route.support.AbstractRibbonCommand : The Hystrix timeout of 40000ms for the command bookstore-payment-service is set lower than the combination of the Ribbon read and connect timeout, 140000ms.
[2026-09-20 17:50:19 IST] INFO [Service Name -> bookstore-api-gateway-service], [TraceId -> 05023a3a4d70696f], [SpanId -> 05023a3a4d70696f] 
      <http-nio-8765-exec-4> com.devd.spring.bookstoreapigatewayservice.filters.PreFilter : PreFilter: GET request to http://localhost:8765/api/payment/paymentMethod
[2026-09-20 17:50:19 IST] WARN [Service Name -> bookstore-api-gateway-service], [TraceId -> 05023a3a4d70696f], [SpanId -> 05023a3a4d70696f] 
      <http-nio-8765-exec-4> org.springframework.cloud.netflix.zuul.filters.route.support.AbstractRibbonCommand : The Hystrix timeout of 40000ms for the command bookstore-payment-service is set lower than the combination of the Ribbon read and connect timeout, 140000ms.
[2026-09-20 17:51:38 IST] INFO [Service Name -> bookstore-api-gateway-service], [TraceId -> 0c0b51f7b5f80577], [SpanId -> 0c0b51f7b5f80577] 
      <http-nio-8765-exec-2> com.devd.spring.bookstoreapigatewayservice.filters.PreFilter : PreFilter: OPTIONS request to http://localhost:8765/api/payment/paymentMethod
[2026-09-20 17:51:38 IST] WARN [Service Name -> bookstore-api-gateway-service], [TraceId -> 0c0b51f7b5f80577], [SpanId -> 0c0b51f7b5f80577] 
      <http-nio-8765-exec-2> org.springframework.cloud.netflix.zuul.filters.route.support.AbstractRibbonCommand : The Hystrix timeout of 40000ms for the command bookstore-payment-service is set lower than the combination of the Ribbon read and connect timeout, 140000ms.
[2026-09-20 17:51:38 IST] INFO [Service Name -> bookstore-api-gateway-service], [TraceId -> d59ad5e7b506b22f], [SpanId -> d59ad5e7b506b22f] 
      <http-nio-8765-exec-7> com.devd.spring.bookstoreapigatewayservice.filters.PreFilter : PreFilter: POST request to http://localhost:8765/api/payment/paymentMethod
[2026-09-20 17:51:38 IST] WARN [Service Name -> bookstore-api-gateway-service], [TraceId -> d59ad5e7b506b22f], [SpanId -> d59ad5e7b506b22f] 
      <http-nio-8765-exec-7> org.springframework.cloud.netflix.zuul.filters.route.support.AbstractRibbonCommand : The Hystrix timeout of 40000ms for the command bookstore-payment-service is set lower than the combination of the Ribbon read and connect timeout, 140000ms.
[2026-09-20 17:51:51 IST] INFO [Service Name -> bookstore-api-gateway-service], [TraceId -> 3d40104e42bbeead], [SpanId -> 3d40104e42bbeead] 
      <http-nio-8765-exec-1> com.devd.spring.bookstoreapigatewayservice.filters.PreFilter : PreFilter: OPTIONS request to http://localhost:8765/api/payment/paymentMethod
[2026-09-20 17:51:51 IST] WARN [Service Name -> bookstore-api-gateway-service], [TraceId -> 3d40104e42bbeead], [SpanId -> 3d40104e42bbeead] 
      <http-nio-8765-exec-1> org.springframework.cloud.netflix.zuul.filters.route.support.AbstractRibbonCommand : The Hystrix timeout of 40000ms for the command bookstore-payment-service is set lower than the combination of the Ribbon read and connect timeout, 140000ms.
[2026-09-20 17:51:52 IST] INFO [Service Name -> bookstore-api-gateway-service], [TraceId -> a6d48180e3534c52], [SpanId -> a6d48180e3534c52] 
      <http-nio-8765-exec-8> com.devd.spring.bookstoreapigatewayservice.filters.PreFilter : PreFilter: GET request to http://localhost:8765/api/payment/paymentMethod
[2026-09-20 17:51:52 IST] WARN [Service Name -> bookstore-api-gateway-service], [TraceId -> a6d48180e3534c52], [SpanId -> a6d48180e3534c52] 
      <http-nio-8765-exec-8> org.springframework.cloud.netflix.zuul.filters.route.support.AbstractRibbonCommand : The Hystrix timeout of 40000ms for the command bookstore-payment-service is set lower than the combination of the Ribbon read and connect timeout, 140000ms.
[2026-09-20 17:52:00 IST] INFO [Service Name -> bookstore-api-gateway-service], [TraceId -> bb174ed5e85ad0a5], [SpanId -> bb174ed5e85ad0a5] 
      <http-nio-8765-exec-6> com.devd.spring.bookstoreapigatewayservice.filters.PreFilter : PreFilter: OPTIONS request to http://localhost:8765/api/payment/paymentMethod
[2026-09-20 17:52:00 IST] WARN [Service Name -> bookstore-api-gateway-service], [TraceId -> bb174ed5e85ad0a5], [SpanId -> bb174ed5e85ad0a5] 
      <http-nio-8765-exec-6> org.springframework.cloud.netflix.zuul.filters.route.support.AbstractRibbonCommand : The Hystrix timeout of 40000ms for the command bookstore-payment-service is set lower than the combination of the Ribbon read and connect timeout, 140000ms.
[2026-09-20 17:52:00 IST] INFO [Service Name -> bookstore-api-gateway-service], [TraceId -> 0830ad2147b3f890], [SpanId -> 0830ad2147b3f890] 
      <http-nio-8765-exec-10> com.devd.spring.bookstoreapigatewayservice.filters.PreFilter : PreFilter: POST request to http://localhost:8765/api/payment/paymentMethod
[2026-09-20 17:52:00 IST] WARN [Service Name -> bookstore-api-gateway-service], [TraceId -> 0830ad2147b3f890], [SpanId -> 0830ad2147b3f890] 
      <http-nio-8765-exec-10> org.springframework.cloud.netflix.zuul.filters.route.support.AbstractRibbonCommand : The Hystrix timeout of 40000ms for the command bookstore-payment-service is set lower than the combination of the Ribbon read and connect timeout, 140000ms.
[2026-09-20 17:52:02 IST] INFO [Service Name -> bookstore-api-gateway-service], [TraceId -> 8b85ebe7eacde9a4], [SpanId -> 8b85ebe7eacde9a4] 
      <http-nio-8765-exec-9> com.devd.spring.bookstoreapigatewayservice.filters.PreFilter : PreFilter: OPTIONS request to http://localhost:8765/api/payment/paymentMethod
[2026-09-20 17:52:02 IST] WARN [Service Name -> bookstore-api-gateway-service], [TraceId -> 8b85ebe7eacde9a4], [SpanId -> 8b85ebe7eacde9a4] 
      <http-nio-8765-exec-9> org.springframework.cloud.netflix.zuul.filters.route.support.AbstractRibbonCommand : The Hystrix timeout of 40000ms for the command bookstore-payment-service is set lower than the combination of the Ribbon read and connect timeout, 140000ms.
[2026-09-20 17:52:02 IST] INFO [Service Name -> bookstore-api-gateway-service], [TraceId -> 18c35debfc56cf46], [SpanId -> 18c35debfc56cf46] 
      <http-nio-8765-exec-3> com.devd.spring.bookstoreapigatewayservice.filters.PreFilter : PreFilter: GET request to http://localhost:8765/api/payment/paymentMethod
[2026-09-20 17:52:02 IST] WARN [Service Name -> bookstore-api-gateway-service], [TraceId -> 18c35debfc56cf46], [SpanId -> 18c35debfc56cf46] 
      <http-nio-8765-exec-3> org.springframework.cloud.netflix.zuul.filters.route.support.AbstractRibbonCommand : The Hystrix timeout of 40000ms for the command bookstore-payment-service is set lower than the combination of the Ribbon read and connect timeout, 140000ms.
[2026-09-20 17:52:07 IST] INFO [Service Name -> bookstore-api-gateway-service], [TraceId -> 864b3055fa447c2e], [SpanId -> 864b3055fa447c2e] 
      <http-nio-8765-exec-4> com.devd.spring.bookstoreapigatewayservice.filters.PreFilter : PreFilter: OPTIONS request to http://localhost:8765/api/order/previewOrder
[2026-09-20 17:52:07 IST] WARN [Service Name -> bookstore-api-gateway-service], [TraceId -> 864b3055fa447c2e], [SpanId -> 864b3055fa447c2e] 
      <http-nio-8765-exec-4> org.springframework.cloud.netflix.zuul.filters.route.support.AbstractRibbonCommand : The Hystrix timeout of 40000ms for the command bookstore-order-service is set lower than the combination of the Ribbon read and connect timeout, 140000ms.
[2026-09-20 17:52:07 IST] INFO [Service Name -> bookstore-api-gateway-service], [TraceId -> 85d70b67b74f9886], [SpanId -> 85d70b67b74f9886] 
      <http-nio-8765-exec-2> com.devd.spring.bookstoreapigatewayservice.filters.PreFilter : PreFilter: POST request to http://localhost:8765/api/order/previewOrder
[2026-09-20 17:52:07 IST] WARN [Service Name -> bookstore-api-gateway-service], [TraceId -> 85d70b67b74f9886], [SpanId -> 85d70b67b74f9886] 
      <http-nio-8765-exec-2> org.springframework.cloud.netflix.zuul.filters.route.support.AbstractRibbonCommand : The Hystrix timeout of 40000ms for the command bookstore-order-service is set lower than the combination of the Ribbon read and connect timeout, 140000ms.
[2026-09-20 17:52:16 IST] INFO [Service Name -> bookstore-api-gateway-service], [TraceId -> 1f90ad149aac372c], [SpanId -> 1f90ad149aac372c] 
      <http-nio-8765-exec-7> com.devd.spring.bookstoreapigatewayservice.filters.PreFilter : PreFilter: GET request to http://localhost:8765/api/catalog/image/undefined
[2026-09-20 17:52:16 IST] WARN [Service Name -> bookstore-api-gateway-service], [TraceId -> 1f90ad149aac372c], [SpanId -> 1f90ad149aac372c] 
      <http-nio-8765-exec-7> org.springframework.cloud.netflix.zuul.filters.route.support.AbstractRibbonCommand : The Hystrix timeout of 40000ms for the command bookstore-catalog-service is set lower than the combination of the Ribbon read and connect timeout, 140000ms.
[2026-09-20 17:52:16 IST] INFO [Service Name -> bookstore-api-gateway-service], [TraceId -> 7a3c287fc96a4ea4], [SpanId -> 7a3c287fc96a4ea4] 
      <http-nio-8765-exec-8> com.devd.spring.bookstoreapigatewayservice.filters.PreFilter : PreFilter: GET request to http://localhost:8765/api/catalog/product/6
[2026-09-20 17:52:16 IST] WARN [Service Name -> bookstore-api-gateway-service], [TraceId -> 7a3c287fc96a4ea4], [SpanId -> 7a3c287fc96a4ea4] 
      <http-nio-8765-exec-8> org.springframework.cloud.netflix.zuul.filters.route.support.AbstractRibbonCommand : The Hystrix timeout of 40000ms for the command bookstore-catalog-service is set lower than the combination of the Ribbon read and connect timeout, 140000ms.
[2026-09-20 17:52:16 IST] INFO [Service Name -> bookstore-api-gateway-service], [TraceId -> ef986bc6d43a2859], [SpanId -> ef986bc6d43a2859] 
      <http-nio-8765-exec-1> com.devd.spring.bookstoreapigatewayservice.filters.PreFilter : PreFilter: GET request to http://localhost:8765/api/catalog/product/4
[2026-09-20 17:52:16 IST] WARN [Service Name -> bookstore-api-gateway-service], [TraceId -> ef986bc6d43a2859], [SpanId -> ef986bc6d43a2859] 
      <http-nio-8765-exec-1> org.springframework.cloud.netflix.zuul.filters.route.support.AbstractRibbonCommand : The Hystrix timeout of 40000ms for the command bookstore-catalog-service is set lower than the combination of the Ribbon read and connect timeout, 140000ms.
[2026-09-20 17:52:16 IST] INFO [Service Name -> bookstore-api-gateway-service], [TraceId -> 41b24625e7ade495], [SpanId -> 41b24625e7ade495] 
      <http-nio-8765-exec-6> com.devd.spring.bookstoreapigatewayservice.filters.PreFilter : PreFilter: GET request to http://localhost:8765/api/catalog/image/4b050ba6-9573-4554-bdd4-26ae806c06aa__IntroEngLit.jpg
[2026-09-20 17:52:16 IST] WARN [Service Name -> bookstore-api-gateway-service], [TraceId -> 41b24625e7ade495], [SpanId -> 41b24625e7ade495] 
      <http-nio-8765-exec-6> org.springframework.cloud.netflix.zuul.filters.route.support.AbstractRibbonCommand : The Hystrix timeout of 40000ms for the command bookstore-catalog-service is set lower than the combination of the Ribbon read and connect timeout, 140000ms.
[2026-09-20 17:52:16 IST] INFO [Service Name -> bookstore-api-gateway-service], [TraceId -> d127a157080d0a00], [SpanId -> d127a157080d0a00] 
      <http-nio-8765-exec-10> com.devd.spring.bookstoreapigatewayservice.filters.PreFilter : PreFilter: GET request to http://localhost:8765/api/catalog/image/b1175b20-e946-42a6-b63d-83e35b7a73fa__oneArrangedMurder.jpg
[2026-09-20 17:52:16 IST] WARN [Service Name -> bookstore-api-gateway-service], [TraceId -> d127a157080d0a00], [SpanId -> d127a157080d0a00] 
      <http-nio-8765-exec-10> org.springframework.cloud.netflix.zuul.filters.route.support.AbstractRibbonCommand : The Hystrix timeout of 40000ms for the command bookstore-catalog-service is set lower than the combination of the Ribbon read and connect timeout, 140000ms.
[2026-09-20 17:52:22 IST] INFO [Service Name -> bookstore-api-gateway-service], [TraceId -> 81f91ad9e2f46b38], [SpanId -> 81f91ad9e2f46b38] 
      <http-nio-8765-exec-9> com.devd.spring.bookstoreapigatewayservice.filters.PreFilter : PreFilter: OPTIONS request to http://localhost:8765/api/order/order
[2026-09-20 17:52:22 IST] WARN [Service Name -> bookstore-api-gateway-service], [TraceId -> 81f91ad9e2f46b38], [SpanId -> 81f91ad9e2f46b38] 
      <http-nio-8765-exec-9> org.springframework.cloud.netflix.zuul.filters.route.support.AbstractRibbonCommand : The Hystrix timeout of 40000ms for the command bookstore-order-service is set lower than the combination of the Ribbon read and connect timeout, 140000ms.
[2026-09-20 17:52:22 IST] INFO [Service Name -> bookstore-api-gateway-service], [TraceId -> ebe226958ed801a1], [SpanId -> ebe226958ed801a1] 
      <http-nio-8765-exec-5> com.devd.spring.bookstoreapigatewayservice.filters.PreFilter : PreFilter: POST request to http://localhost:8765/api/order/order
[2026-09-20 17:52:22 IST] WARN [Service Name -> bookstore-api-gateway-service], [TraceId -> ebe226958ed801a1], [SpanId -> ebe226958ed801a1] 
      <http-nio-8765-exec-5> org.springframework.cloud.netflix.zuul.filters.route.support.AbstractRibbonCommand : The Hystrix timeout of 40000ms for the command bookstore-order-service is set lower than the combination of the Ribbon read and connect timeout, 140000ms.
[2026-09-20 17:52:28 IST] INFO [Service Name -> bookstore-api-gateway-service], [TraceId -> c1d68812fa46c59c], [SpanId -> c1d68812fa46c59c] 
      <http-nio-8765-exec-3> com.devd.spring.bookstoreapigatewayservice.filters.PreFilter : PreFilter: OPTIONS request to http://localhost:8765/api/order/previewOrder
[2026-09-20 17:52:28 IST] WARN [Service Name -> bookstore-api-gateway-service], [TraceId -> c1d68812fa46c59c], [SpanId -> c1d68812fa46c59c] 
      <http-nio-8765-exec-3> org.springframework.cloud.netflix.zuul.filters.route.support.AbstractRibbonCommand : The Hystrix timeout of 40000ms for the command bookstore-order-service is set lower than the combination of the Ribbon read and connect timeout, 140000ms.
[2026-09-20 17:52:28 IST] INFO [Service Name -> bookstore-api-gateway-service], [TraceId -> 39cd96382f2f6f8b], [SpanId -> 39cd96382f2f6f8b] 
      <http-nio-8765-exec-4> com.devd.spring.bookstoreapigatewayservice.filters.PreFilter : PreFilter: OPTIONS request to http://localhost:8765/api/order/order/126d16dc-c7df-4509-8f78-b73818e114d9
[2026-09-20 17:52:28 IST] WARN [Service Name -> bookstore-api-gateway-service], [TraceId -> 39cd96382f2f6f8b], [SpanId -> 39cd96382f2f6f8b] 
      <http-nio-8765-exec-4> org.springframework.cloud.netflix.zuul.filters.route.support.AbstractRibbonCommand : The Hystrix timeout of 40000ms for the command bookstore-order-service is set lower than the combination of the Ribbon read and connect timeout, 140000ms.
[2026-09-20 17:52:28 IST] INFO [Service Name -> bookstore-api-gateway-service], [TraceId -> f29c0ad5bb8af809], [SpanId -> f29c0ad5bb8af809] 
      <http-nio-8765-exec-7> com.devd.spring.bookstoreapigatewayservice.filters.PreFilter : PreFilter: POST request to http://localhost:8765/api/order/previewOrder
[2026-09-20 17:52:28 IST] WARN [Service Name -> bookstore-api-gateway-service], [TraceId -> f29c0ad5bb8af809], [SpanId -> f29c0ad5bb8af809] 
      <http-nio-8765-exec-7> org.springframework.cloud.netflix.zuul.filters.route.support.AbstractRibbonCommand : The Hystrix timeout of 40000ms for the command bookstore-order-service is set lower than the combination of the Ribbon read and connect timeout, 140000ms.
[2026-09-20 17:52:28 IST] INFO [Service Name -> bookstore-api-gateway-service], [TraceId -> c47cd0b763afa131], [SpanId -> c47cd0b763afa131] 
      <http-nio-8765-exec-2> com.devd.spring.bookstoreapigatewayservice.filters.PreFilter : PreFilter: GET request to http://localhost:8765/api/order/order/126d16dc-c7df-4509-8f78-b73818e114d9
[2026-09-20 17:52:28 IST] WARN [Service Name -> bookstore-api-gateway-service], [TraceId -> c47cd0b763afa131], [SpanId -> c47cd0b763afa131] 
      <http-nio-8765-exec-2> org.springframework.cloud.netflix.zuul.filters.route.support.AbstractRibbonCommand : The Hystrix timeout of 40000ms for the command bookstore-order-service is set lower than the combination of the Ribbon read and connect timeout, 140000ms.
[2026-09-20 17:52:30 IST] INFO [Service Name -> bookstore-api-gateway-service], [TraceId -> 782780e47cc678a6], [SpanId -> 782780e47cc678a6] 
      <http-nio-8765-exec-8> com.devd.spring.bookstoreapigatewayservice.filters.PreFilter : PreFilter: GET request to http://localhost:8765/api/catalog/image/undefined
[2026-09-20 17:52:30 IST] INFO [Service Name -> bookstore-api-gateway-service], [TraceId -> c9da8af3b8b92905], [SpanId -> c9da8af3b8b92905] 
      <http-nio-8765-exec-6> com.devd.spring.bookstoreapigatewayservice.filters.PreFilter : PreFilter: GET request to http://localhost:8765/api/catalog/product/4
[2026-09-20 17:52:30 IST] WARN [Service Name -> bookstore-api-gateway-service], [TraceId -> c9da8af3b8b92905], [SpanId -> c9da8af3b8b92905] 
      <http-nio-8765-exec-6> org.springframework.cloud.netflix.zuul.filters.route.support.AbstractRibbonCommand : The Hystrix timeout of 40000ms for the command bookstore-catalog-service is set lower than the combination of the Ribbon read and connect timeout, 140000ms.
[2026-09-20 17:52:30 IST] WARN [Service Name -> bookstore-api-gateway-service], [TraceId -> 782780e47cc678a6], [SpanId -> 782780e47cc678a6] 
      <http-nio-8765-exec-8> org.springframework.cloud.netflix.zuul.filters.route.support.AbstractRibbonCommand : The Hystrix timeout of 40000ms for the command bookstore-catalog-service is set lower than the combination of the Ribbon read and connect timeout, 140000ms.
[2026-09-20 17:52:30 IST] INFO [Service Name -> bookstore-api-gateway-service], [TraceId -> 8964be45147d5c0f], [SpanId -> 8964be45147d5c0f] 
      <http-nio-8765-exec-10> com.devd.spring.bookstoreapigatewayservice.filters.PreFilter : PreFilter: GET request to http://localhost:8765/api/catalog/product/6
[2026-09-20 17:52:30 IST] WARN [Service Name -> bookstore-api-gateway-service], [TraceId -> 8964be45147d5c0f], [SpanId -> 8964be45147d5c0f] 
      <http-nio-8765-exec-10> org.springframework.cloud.netflix.zuul.filters.route.support.AbstractRibbonCommand : The Hystrix timeout of 40000ms for the command bookstore-catalog-service is set lower than the combination of the Ribbon read and connect timeout, 140000ms.
[2026-09-20 17:52:31 IST] INFO [Service Name -> bookstore-api-gateway-service], [TraceId -> ad770f7a9f6a2b77], [SpanId -> ad770f7a9f6a2b77] 
      <http-nio-8765-exec-9> com.devd.spring.bookstoreapigatewayservice.filters.PreFilter : PreFilter: GET request to http://localhost:8765/api/catalog/image/b1175b20-e946-42a6-b63d-83e35b7a73fa__oneArrangedMurder.jpg
[2026-09-20 17:52:31 IST] WARN [Service Name -> bookstore-api-gateway-service], [TraceId -> ad770f7a9f6a2b77], [SpanId -> ad770f7a9f6a2b77] 
      <http-nio-8765-exec-9> org.springframework.cloud.netflix.zuul.filters.route.support.AbstractRibbonCommand : The Hystrix timeout of 40000ms for the command bookstore-catalog-service is set lower than the combination of the Ribbon read and connect timeout, 140000ms.
[2026-09-20 17:52:31 IST] INFO [Service Name -> bookstore-api-gateway-service], [TraceId -> 7f0d4d777261c732], [SpanId -> 7f0d4d777261c732] 
      <http-nio-8765-exec-5> com.devd.spring.bookstoreapigatewayservice.filters.PreFilter : PreFilter: GET request to http://localhost:8765/api/catalog/image/4b050ba6-9573-4554-bdd4-26ae806c06aa__IntroEngLit.jpg
[2026-09-20 17:52:31 IST] WARN [Service Name -> bookstore-api-gateway-service], [TraceId -> 7f0d4d777261c732], [SpanId -> 7f0d4d777261c732] 
      <http-nio-8765-exec-5> org.springframework.cloud.netflix.zuul.filters.route.support.AbstractRibbonCommand : The Hystrix timeout of 40000ms for the command bookstore-catalog-service is set lower than the combination of the Ribbon read and connect timeout, 140000ms.
[2026-09-20 17:52:51 IST] INFO [Service Name -> bookstore-api-gateway-service], [TraceId -> 8f201c832398c55f], [SpanId -> 8f201c832398c55f] 
      <http-nio-8765-exec-3> com.devd.spring.bookstoreapigatewayservice.filters.PreFilter : PreFilter: GET request to http://localhost:8765/api/catalog/products
[2026-09-20 17:52:51 IST] WARN [Service Name -> bookstore-api-gateway-service], [TraceId -> 8f201c832398c55f], [SpanId -> 8f201c832398c55f] 
      <http-nio-8765-exec-3> org.springframework.cloud.netflix.zuul.filters.route.support.AbstractRibbonCommand : The Hystrix timeout of 40000ms for the command bookstore-catalog-service is set lower than the combination of the Ribbon read and connect timeout, 140000ms.
[2026-09-20 17:52:51 IST] INFO [Service Name -> bookstore-api-gateway-service], [TraceId -> 6ea9de8121e75dfd], [SpanId -> 6ea9de8121e75dfd] 
      <http-nio-8765-exec-7> com.devd.spring.bookstoreapigatewayservice.filters.PreFilter : PreFilter: GET request to http://localhost:8765/api/catalog/image/2b3ba80b-da93-4206-b50f-83008180a09e__sheHolmes.jpg
[2026-09-20 17:52:51 IST] INFO [Service Name -> bookstore-api-gateway-service], [TraceId -> a1756da5845b6f61], [SpanId -> a1756da5845b6f61] 
      <http-nio-8765-exec-2> com.devd.spring.bookstoreapigatewayservice.filters.PreFilter : PreFilter: GET request to http://localhost:8765/api/catalog/image/0547ab94-59f8-4352-b17b-0918d07913f2__pricePredudice.jpg
[2026-09-20 17:52:51 IST] WARN [Service Name -> bookstore-api-gateway-service], [TraceId -> 6ea9de8121e75dfd], [SpanId -> 6ea9de8121e75dfd] 
      <http-nio-8765-exec-7> org.springframework.cloud.netflix.zuul.filters.route.support.AbstractRibbonCommand : The Hystrix timeout of 40000ms for the command bookstore-catalog-service is set lower than the combination of the Ribbon read and connect timeout, 140000ms.
[2026-09-20 17:52:51 IST] INFO [Service Name -> bookstore-api-gateway-service], [TraceId -> 1ec955f9b2924535], [SpanId -> 1ec955f9b2924535] 
      <http-nio-8765-exec-6> com.devd.spring.bookstoreapigatewayservice.filters.PreFilter : PreFilter: GET request to http://localhost:8765/api/catalog/image/b1175b20-e946-42a6-b63d-83e35b7a73fa__oneArrangedMurder.jpg
[2026-09-20 17:52:51 IST] INFO [Service Name -> bookstore-api-gateway-service], [TraceId -> a02e0871b4ae2a45], [SpanId -> a02e0871b4ae2a45] 
      <http-nio-8765-exec-1> com.devd.spring.bookstoreapigatewayservice.filters.PreFilter : PreFilter: GET request to http://localhost:8765/api/catalog/image/4b050ba6-9573-4554-bdd4-26ae806c06aa__IntroEngLit.jpg
[2026-09-20 17:52:51 IST] INFO [Service Name -> bookstore-api-gateway-service], [TraceId -> da8f7187d6f13b26], [SpanId -> da8f7187d6f13b26] 
      <http-nio-8765-exec-10> com.devd.spring.bookstoreapigatewayservice.filters.PreFilter : PreFilter: GET request to http://localhost:8765/api/catalog/image/1ecfd5c4-dba2-4feb-bd88-006105a8d5ab__alchemist.jpg
[2026-09-20 17:52:51 IST] INFO [Service Name -> bookstore-api-gateway-service], [TraceId -> 40ccb8411fd225e7], [SpanId -> 40ccb8411fd225e7] 
      <http-nio-8765-exec-8> com.devd.spring.bookstoreapigatewayservice.filters.PreFilter : PreFilter: GET request to http://localhost:8765/api/catalog/image/8e6abb0e-180b-4e8e-856a-cb8491ff9454__greatGatsby.jpg
[2026-09-20 17:52:51 IST] INFO [Service Name -> bookstore-api-gateway-service], [TraceId -> af9cb32508830b7b], [SpanId -> af9cb32508830b7b] 
      <http-nio-8765-exec-9> com.devd.spring.bookstoreapigatewayservice.filters.PreFilter : PreFilter: GET request to http://localhost:8765/api/catalog/image/e6602eb6-3f67-4993-abc8-0b54a36bad1b__thousandSplendidSuns.jpg
[2026-09-20 17:52:51 IST] WARN [Service Name -> bookstore-api-gateway-service], [TraceId -> 40ccb8411fd225e7], [SpanId -> 40ccb8411fd225e7] 
      <http-nio-8765-exec-8> org.springframework.cloud.netflix.zuul.filters.route.support.AbstractRibbonCommand : The Hystrix timeout of 40000ms for the command bookstore-catalog-service is set lower than the combination of the Ribbon read and connect timeout, 140000ms.
[2026-09-20 17:52:51 IST] WARN [Service Name -> bookstore-api-gateway-service], [TraceId -> a02e0871b4ae2a45], [SpanId -> a02e0871b4ae2a45] 
      <http-nio-8765-exec-1> org.springframework.cloud.netflix.zuul.filters.route.support.AbstractRibbonCommand : The Hystrix timeout of 40000ms for the command bookstore-catalog-service is set lower than the combination of the Ribbon read and connect timeout, 140000ms.
[2026-09-20 17:52:51 IST] WARN [Service Name -> bookstore-api-gateway-service], [TraceId -> 1ec955f9b2924535], [SpanId -> 1ec955f9b2924535] 
      <http-nio-8765-exec-6> org.springframework.cloud.netflix.zuul.filters.route.support.AbstractRibbonCommand : The Hystrix timeout of 40000ms for the command bookstore-catalog-service is set lower than the combination of the Ribbon read and connect timeout, 140000ms.
[2026-09-20 17:52:51 IST] WARN [Service Name -> bookstore-api-gateway-service], [TraceId -> af9cb32508830b7b], [SpanId -> af9cb32508830b7b] 
      <http-nio-8765-exec-9> org.springframework.cloud.netflix.zuul.filters.route.support.AbstractRibbonCommand : The Hystrix timeout of 40000ms for the command bookstore-catalog-service is set lower than the combination of the Ribbon read and connect timeout, 140000ms.
[2026-09-20 17:52:51 IST] WARN [Service Name -> bookstore-api-gateway-service], [TraceId -> a1756da5845b6f61], [SpanId -> a1756da5845b6f61] 
      <http-nio-8765-exec-2> org.springframework.cloud.netflix.zuul.filters.route.support.AbstractRibbonCommand : The Hystrix timeout of 40000ms for the command bookstore-catalog-service is set lower than the combination of the Ribbon read and connect timeout, 140000ms.
[2026-09-20 17:52:51 IST] INFO [Service Name -> bookstore-api-gateway-service], [TraceId -> 1737f97a6c66646f], [SpanId -> 1737f97a6c66646f] 
      <http-nio-8765-exec-4> com.devd.spring.bookstoreapigatewayservice.filters.PreFilter : PreFilter: GET request to http://localhost:8765/api/catalog/image/c16108e1-8276-41ad-bf12-4aee4c0a7e65__IndModernLiterature.jpg
[2026-09-20 17:52:51 IST] WARN [Service Name -> bookstore-api-gateway-service], [TraceId -> 1737f97a6c66646f], [SpanId -> 1737f97a6c66646f] 
      <http-nio-8765-exec-4> org.springframework.cloud.netflix.zuul.filters.route.support.AbstractRibbonCommand : The Hystrix timeout of 40000ms for the command bookstore-catalog-service is set lower than the combination of the Ribbon read and connect timeout, 140000ms.
[2026-09-20 17:52:51 IST] WARN [Service Name -> bookstore-api-gateway-service], [TraceId -> da8f7187d6f13b26], [SpanId -> da8f7187d6f13b26] 
      <http-nio-8765-exec-10> org.springframework.cloud.netflix.zuul.filters.route.support.AbstractRibbonCommand : The Hystrix timeout of 40000ms for the command bookstore-catalog-service is set lower than the combination of the Ribbon read and connect timeout, 140000ms.
[2026-09-20 17:52:54 IST] INFO [Service Name -> bookstore-api-gateway-service], [TraceId -> 5ceceda087cf55c4], [SpanId -> 5ceceda087cf55c4] 
      <http-nio-8765-exec-3> com.devd.spring.bookstoreapigatewayservice.filters.PreFilter : PreFilter: OPTIONS request to http://localhost:8765/api/order/order/myorders
[2026-09-20 17:52:54 IST] WARN [Service Name -> bookstore-api-gateway-service], [TraceId -> 5ceceda087cf55c4], [SpanId -> 5ceceda087cf55c4] 
      <http-nio-8765-exec-3> org.springframework.cloud.netflix.zuul.filters.route.support.AbstractRibbonCommand : The Hystrix timeout of 40000ms for the command bookstore-order-service is set lower than the combination of the Ribbon read and connect timeout, 140000ms.
[2026-09-20 17:52:54 IST] INFO [Service Name -> bookstore-api-gateway-service], [TraceId -> 55ab37438fe7c2d5], [SpanId -> 55ab37438fe7c2d5] 
      <http-nio-8765-exec-5> com.devd.spring.bookstoreapigatewayservice.filters.PreFilter : PreFilter: OPTIONS request to http://localhost:8765/api/account/userInfo
[2026-09-20 17:52:55 IST] WARN [Service Name -> bookstore-api-gateway-service], [TraceId -> 55ab37438fe7c2d5], [SpanId -> 55ab37438fe7c2d5] 
      <http-nio-8765-exec-5> org.springframework.cloud.netflix.zuul.filters.route.support.AbstractRibbonCommand : The Hystrix timeout of 40000ms for the command bookstore-account-service is set lower than the combination of the Ribbon read and connect timeout, 140000ms.
[2026-09-20 17:52:55 IST] INFO [Service Name -> bookstore-api-gateway-service], [TraceId -> cf4cfc5736c6088a], [SpanId -> cf4cfc5736c6088a] 
      <http-nio-8765-exec-9> com.devd.spring.bookstoreapigatewayservice.filters.PreFilter : PreFilter: GET request to http://localhost:8765/api/order/order/myorders
[2026-09-20 17:52:55 IST] WARN [Service Name -> bookstore-api-gateway-service], [TraceId -> cf4cfc5736c6088a], [SpanId -> cf4cfc5736c6088a] 
      <http-nio-8765-exec-9> org.springframework.cloud.netflix.zuul.filters.route.support.AbstractRibbonCommand : The Hystrix timeout of 40000ms for the command bookstore-order-service is set lower than the combination of the Ribbon read and connect timeout, 140000ms.
[2026-09-20 17:52:55 IST] INFO [Service Name -> bookstore-api-gateway-service], [TraceId -> baab58c08489bb00], [SpanId -> baab58c08489bb00] 
      <http-nio-8765-exec-6> com.devd.spring.bookstoreapigatewayservice.filters.PreFilter : PreFilter: GET request to http://localhost:8765/api/account/userInfo
[2026-09-20 17:52:55 IST] WARN [Service Name -> bookstore-api-gateway-service], [TraceId -> baab58c08489bb00], [SpanId -> baab58c08489bb00] 
      <http-nio-8765-exec-6> org.springframework.cloud.netflix.zuul.filters.route.support.AbstractRibbonCommand : The Hystrix timeout of 40000ms for the command bookstore-account-service is set lower than the combination of the Ribbon read and connect timeout, 140000ms.
[2026-09-20 17:52:55 IST] INFO [Service Name -> bookstore-api-gateway-service], [TraceId -> 611c594ea93c8d19], [SpanId -> 611c594ea93c8d19] 
      <http-nio-8765-exec-8> com.devd.spring.bookstoreapigatewayservice.filters.PreFilter : PreFilter: OPTIONS request to http://localhost:8765/api/order/order/myorders
[2026-09-20 17:52:55 IST] WARN [Service Name -> bookstore-api-gateway-service], [TraceId -> 611c594ea93c8d19], [SpanId -> 611c594ea93c8d19] 
      <http-nio-8765-exec-8> org.springframework.cloud.netflix.zuul.filters.route.support.AbstractRibbonCommand : The Hystrix timeout of 40000ms for the command bookstore-order-service is set lower than the combination of the Ribbon read and connect timeout, 140000ms.
[2026-09-20 17:52:55 IST] INFO [Service Name -> bookstore-api-gateway-service], [TraceId -> 44a7b0e509c9e908], [SpanId -> 44a7b0e509c9e908] 
      <http-nio-8765-exec-4> com.devd.spring.bookstoreapigatewayservice.filters.PreFilter : PreFilter: GET request to http://localhost:8765/api/order/order/myorders
[2026-09-20 17:52:55 IST] WARN [Service Name -> bookstore-api-gateway-service], [TraceId -> 44a7b0e509c9e908], [SpanId -> 44a7b0e509c9e908] 
      <http-nio-8765-exec-4> org.springframework.cloud.netflix.zuul.filters.route.support.AbstractRibbonCommand : The Hystrix timeout of 40000ms for the command bookstore-order-service is set lower than the combination of the Ribbon read and connect timeout, 140000ms.
[2026-09-20 17:52:59 IST] INFO [Service Name -> bookstore-api-gateway-service], [TraceId -> 194cbb7e6d8a7969], [SpanId -> 194cbb7e6d8a7969] 
      <http-nio-8765-exec-7> com.devd.spring.bookstoreapigatewayservice.filters.PreFilter : PreFilter: GET request to http://localhost:8765/api/catalog/image/undefined
[2026-09-20 17:52:59 IST] WARN [Service Name -> bookstore-api-gateway-service], [TraceId -> 194cbb7e6d8a7969], [SpanId -> 194cbb7e6d8a7969] 
      <http-nio-8765-exec-7> org.springframework.cloud.netflix.zuul.filters.route.support.AbstractRibbonCommand : The Hystrix timeout of 40000ms for the command bookstore-catalog-service is set lower than the combination of the Ribbon read and connect timeout, 140000ms.
[2026-09-20 17:52:59 IST] INFO [Service Name -> bookstore-api-gateway-service], [TraceId -> 694b1b25d0ef3c81], [SpanId -> 694b1b25d0ef3c81] 
      <http-nio-8765-exec-1> com.devd.spring.bookstoreapigatewayservice.filters.PreFilter : PreFilter: GET request to http://localhost:8765/api/catalog/product/6
[2026-09-20 17:52:59 IST] WARN [Service Name -> bookstore-api-gateway-service], [TraceId -> 694b1b25d0ef3c81], [SpanId -> 694b1b25d0ef3c81] 
      <http-nio-8765-exec-1> org.springframework.cloud.netflix.zuul.filters.route.support.AbstractRibbonCommand : The Hystrix timeout of 40000ms for the command bookstore-catalog-service is set lower than the combination of the Ribbon read and connect timeout, 140000ms.
[2026-09-20 17:52:59 IST] INFO [Service Name -> bookstore-api-gateway-service], [TraceId -> 50a5c2a9a671a318], [SpanId -> 50a5c2a9a671a318] 
      <http-nio-8765-exec-2> com.devd.spring.bookstoreapigatewayservice.filters.PreFilter : PreFilter: GET request to http://localhost:8765/api/catalog/product/4
[2026-09-20 17:52:59 IST] INFO [Service Name -> bookstore-api-gateway-service], [TraceId -> 25021dc38f4840ae], [SpanId -> 25021dc38f4840ae] 
      <http-nio-8765-exec-10> com.devd.spring.bookstoreapigatewayservice.filters.PreFilter : PreFilter: OPTIONS request to http://localhost:8765/api/order/order/126d16dc-c7df-4509-8f78-b73818e114d9
[2026-09-20 17:52:59 IST] WARN [Service Name -> bookstore-api-gateway-service], [TraceId -> 50a5c2a9a671a318], [SpanId -> 50a5c2a9a671a318] 
      <http-nio-8765-exec-2> org.springframework.cloud.netflix.zuul.filters.route.support.AbstractRibbonCommand : The Hystrix timeout of 40000ms for the command bookstore-catalog-service is set lower than the combination of the Ribbon read and connect timeout, 140000ms.
[2026-09-20 17:52:59 IST] WARN [Service Name -> bookstore-api-gateway-service], [TraceId -> 25021dc38f4840ae], [SpanId -> 25021dc38f4840ae] 
      <http-nio-8765-exec-10> org.springframework.cloud.netflix.zuul.filters.route.support.AbstractRibbonCommand : The Hystrix timeout of 40000ms for the command bookstore-order-service is set lower than the combination of the Ribbon read and connect timeout, 140000ms.
[2026-09-20 17:52:59 IST] INFO [Service Name -> bookstore-api-gateway-service], [TraceId -> bc21fbffda07317b], [SpanId -> bc21fbffda07317b] 
      <http-nio-8765-exec-5> com.devd.spring.bookstoreapigatewayservice.filters.PreFilter : PreFilter: GET request to http://localhost:8765/api/order/order/126d16dc-c7df-4509-8f78-b73818e114d9
[2026-09-20 17:52:59 IST] WARN [Service Name -> bookstore-api-gateway-service], [TraceId -> bc21fbffda07317b], [SpanId -> bc21fbffda07317b] 
      <http-nio-8765-exec-5> org.springframework.cloud.netflix.zuul.filters.route.support.AbstractRibbonCommand : The Hystrix timeout of 40000ms for the command bookstore-order-service is set lower than the combination of the Ribbon read and connect timeout, 140000ms.
[2026-09-20 17:53:00 IST] INFO [Service Name -> bookstore-api-gateway-service], [TraceId -> 68fc7c6bfb00df85], [SpanId -> 68fc7c6bfb00df85] 
      <http-nio-8765-exec-6> com.devd.spring.bookstoreapigatewayservice.filters.PreFilter : PreFilter: GET request to http://localhost:8765/api/catalog/image/undefined
[2026-09-20 17:53:00 IST] WARN [Service Name -> bookstore-api-gateway-service], [TraceId -> 68fc7c6bfb00df85], [SpanId -> 68fc7c6bfb00df85] 
      <http-nio-8765-exec-6> org.springframework.cloud.netflix.zuul.filters.route.support.AbstractRibbonCommand : The Hystrix timeout of 40000ms for the command bookstore-catalog-service is set lower than the combination of the Ribbon read and connect timeout, 140000ms.
[2026-09-20 17:53:00 IST] INFO [Service Name -> bookstore-api-gateway-service], [TraceId -> e2ea983a4ecad433], [SpanId -> e2ea983a4ecad433] 
      <http-nio-8765-exec-8> com.devd.spring.bookstoreapigatewayservice.filters.PreFilter : PreFilter: GET request to http://localhost:8765/api/catalog/product/4
[2026-09-20 17:53:00 IST] INFO [Service Name -> bookstore-api-gateway-service], [TraceId -> c772b7e450ef8ca0], [SpanId -> c772b7e450ef8ca0] 
      <http-nio-8765-exec-9> com.devd.spring.bookstoreapigatewayservice.filters.PreFilter : PreFilter: GET request to http://localhost:8765/api/catalog/product/6
[2026-09-20 17:53:00 IST] WARN [Service Name -> bookstore-api-gateway-service], [TraceId -> e2ea983a4ecad433], [SpanId -> e2ea983a4ecad433] 
      <http-nio-8765-exec-8> org.springframework.cloud.netflix.zuul.filters.route.support.AbstractRibbonCommand : The Hystrix timeout of 40000ms for the command bookstore-catalog-service is set lower than the combination of the Ribbon read and connect timeout, 140000ms.
[2026-09-20 17:53:00 IST] WARN [Service Name -> bookstore-api-gateway-service], [TraceId -> c772b7e450ef8ca0], [SpanId -> c772b7e450ef8ca0] 
      <http-nio-8765-exec-9> org.springframework.cloud.netflix.zuul.filters.route.support.AbstractRibbonCommand : The Hystrix timeout of 40000ms for the command bookstore-catalog-service is set lower than the combination of the Ribbon read and connect timeout, 140000ms.
[2026-09-20 17:53:00 IST] INFO [Service Name -> bookstore-api-gateway-service], [TraceId -> a697f79524ce5ca1], [SpanId -> a697f79524ce5ca1] 
      <http-nio-8765-exec-4> com.devd.spring.bookstoreapigatewayservice.filters.PreFilter : PreFilter: GET request to http://localhost:8765/api/catalog/image/4b050ba6-9573-4554-bdd4-26ae806c06aa__IntroEngLit.jpg
[2026-09-20 17:53:00 IST] WARN [Service Name -> bookstore-api-gateway-service], [TraceId -> a697f79524ce5ca1], [SpanId -> a697f79524ce5ca1] 
      <http-nio-8765-exec-4> org.springframework.cloud.netflix.zuul.filters.route.support.AbstractRibbonCommand : The Hystrix timeout of 40000ms for the command bookstore-catalog-service is set lower than the combination of the Ribbon read and connect timeout, 140000ms.
[2026-09-20 17:53:00 IST] INFO [Service Name -> bookstore-api-gateway-service], [TraceId -> 265b051db61da5d7], [SpanId -> 265b051db61da5d7] 
      <http-nio-8765-exec-1> com.devd.spring.bookstoreapigatewayservice.filters.PreFilter : PreFilter: GET request to http://localhost:8765/api/catalog/image/b1175b20-e946-42a6-b63d-83e35b7a73fa__oneArrangedMurder.jpg
[2026-09-20 17:53:00 IST] WARN [Service Name -> bookstore-api-gateway-service], [TraceId -> 265b051db61da5d7], [SpanId -> 265b051db61da5d7] 
      <http-nio-8765-exec-1> org.springframework.cloud.netflix.zuul.filters.route.support.AbstractRibbonCommand : The Hystrix timeout of 40000ms for the command bookstore-catalog-service is set lower than the combination of the Ribbon read and connect timeout, 140000ms.
[2026-09-20 17:53:02 IST] INFO [Service Name -> bookstore-api-gateway-service], [TraceId -> 89777fdb76df6bbd], [SpanId -> 89777fdb76df6bbd] 
      <http-nio-8765-exec-3> com.devd.spring.bookstoreapigatewayservice.filters.PreFilter : PreFilter: OPTIONS request to http://localhost:8765/api/order/order/myorders
[2026-09-20 17:53:02 IST] WARN [Service Name -> bookstore-api-gateway-service], [TraceId -> 89777fdb76df6bbd], [SpanId -> 89777fdb76df6bbd] 
      <http-nio-8765-exec-3> org.springframework.cloud.netflix.zuul.filters.route.support.AbstractRibbonCommand : The Hystrix timeout of 40000ms for the command bookstore-order-service is set lower than the combination of the Ribbon read and connect timeout, 140000ms.
[2026-09-20 17:53:02 IST] INFO [Service Name -> bookstore-api-gateway-service], [TraceId -> f765078ac923e817], [SpanId -> f765078ac923e817] 
      <http-nio-8765-exec-10> com.devd.spring.bookstoreapigatewayservice.filters.PreFilter : PreFilter: GET request to http://localhost:8765/api/order/order/myorders
[2026-09-20 17:53:02 IST] WARN [Service Name -> bookstore-api-gateway-service], [TraceId -> f765078ac923e817], [SpanId -> f765078ac923e817] 
      <http-nio-8765-exec-10> org.springframework.cloud.netflix.zuul.filters.route.support.AbstractRibbonCommand : The Hystrix timeout of 40000ms for the command bookstore-order-service is set lower than the combination of the Ribbon read and connect timeout, 140000ms.
[2026-09-20 17:53:18 IST] INFO [Service Name -> bookstore-api-gateway-service], [TraceId -> 2ea312f535469702], [SpanId -> 2ea312f535469702] 
      <http-nio-8765-exec-2> com.devd.spring.bookstoreapigatewayservice.filters.PreFilter : PreFilter: OPTIONS request to http://localhost:8765/api/account/userInfo
[2026-09-20 17:53:18 IST] WARN [Service Name -> bookstore-api-gateway-service], [TraceId -> 2ea312f535469702], [SpanId -> 2ea312f535469702] 
      <http-nio-8765-exec-2> org.springframework.cloud.netflix.zuul.filters.route.support.AbstractRibbonCommand : The Hystrix timeout of 40000ms for the command bookstore-account-service is set lower than the combination of the Ribbon read and connect timeout, 140000ms.
[2026-09-20 17:53:18 IST] INFO [Service Name -> bookstore-api-gateway-service], [TraceId -> 667d3f7f3a362340], [SpanId -> 667d3f7f3a362340] 
      <http-nio-8765-exec-5> com.devd.spring.bookstoreapigatewayservice.filters.PreFilter : PreFilter: PUT request to http://localhost:8765/api/account/userInfo
[2026-09-20 17:53:18 IST] WARN [Service Name -> bookstore-api-gateway-service], [TraceId -> 667d3f7f3a362340], [SpanId -> 667d3f7f3a362340] 
      <http-nio-8765-exec-5> org.springframework.cloud.netflix.zuul.filters.route.support.AbstractRibbonCommand : The Hystrix timeout of 40000ms for the command bookstore-account-service is set lower than the combination of the Ribbon read and connect timeout, 140000ms.
[2026-09-20 17:53:31 IST] INFO [Service Name -> bookstore-api-gateway-service], [TraceId -> 191285609f0e23fb], [SpanId -> 191285609f0e23fb] 
      <http-nio-8765-exec-8> com.devd.spring.bookstoreapigatewayservice.filters.PreFilter : PreFilter: OPTIONS request to http://localhost:8765/api/account/userInfo
[2026-09-20 17:53:31 IST] WARN [Service Name -> bookstore-api-gateway-service], [TraceId -> 191285609f0e23fb], [SpanId -> 191285609f0e23fb] 
      <http-nio-8765-exec-8> org.springframework.cloud.netflix.zuul.filters.route.support.AbstractRibbonCommand : The Hystrix timeout of 40000ms for the command bookstore-account-service is set lower than the combination of the Ribbon read and connect timeout, 140000ms.
[2026-09-20 17:53:31 IST] INFO [Service Name -> bookstore-api-gateway-service], [TraceId -> 3b3cb4dd6ae2d5d3], [SpanId -> 3b3cb4dd6ae2d5d3] 
      <http-nio-8765-exec-9> com.devd.spring.bookstoreapigatewayservice.filters.PreFilter : PreFilter: PUT request to http://localhost:8765/api/account/userInfo
[2026-09-20 17:53:31 IST] WARN [Service Name -> bookstore-api-gateway-service], [TraceId -> 3b3cb4dd6ae2d5d3], [SpanId -> 3b3cb4dd6ae2d5d3] 
      <http-nio-8765-exec-9> org.springframework.cloud.netflix.zuul.filters.route.support.AbstractRibbonCommand : The Hystrix timeout of 40000ms for the command bookstore-account-service is set lower than the combination of the Ribbon read and connect timeout, 140000ms.
[2026-09-20 17:53:34 IST] INFO [Service Name -> bookstore-api-gateway-service], [TraceId -> 7cead74790bdbdf9], [SpanId -> 7cead74790bdbdf9] 
      <http-nio-8765-exec-6> com.devd.spring.bookstoreapigatewayservice.filters.PreFilter : PreFilter: GET request to http://localhost:8765/api/order/order/myorders
[2026-09-20 17:53:34 IST] WARN [Service Name -> bookstore-api-gateway-service], [TraceId -> 7cead74790bdbdf9], [SpanId -> 7cead74790bdbdf9] 
      <http-nio-8765-exec-6> org.springframework.cloud.netflix.zuul.filters.route.support.AbstractRibbonCommand : The Hystrix timeout of 40000ms for the command bookstore-order-service is set lower than the combination of the Ribbon read and connect timeout, 140000ms.
[2026-09-20 17:53:55 IST] INFO [Service Name -> bookstore-api-gateway-service], [TraceId -> 01b3fe6ca3722052], [SpanId -> 01b3fe6ca3722052] 
      <http-nio-8765-exec-7> com.devd.spring.bookstoreapigatewayservice.filters.PreFilter : PreFilter: OPTIONS request to http://localhost:8765/api/account/oauth/token
[2026-09-20 17:53:55 IST] WARN [Service Name -> bookstore-api-gateway-service], [TraceId -> 01b3fe6ca3722052], [SpanId -> 01b3fe6ca3722052] 
      <http-nio-8765-exec-7> org.springframework.cloud.netflix.zuul.filters.route.support.AbstractRibbonCommand : The Hystrix timeout of 40000ms for the command bookstore-account-service is set lower than the combination of the Ribbon read and connect timeout, 140000ms.
[2026-09-20 17:53:55 IST] INFO [Service Name -> bookstore-api-gateway-service], [TraceId -> 8ab695e3f374f6a3], [SpanId -> 8ab695e3f374f6a3] 
      <http-nio-8765-exec-1> com.devd.spring.bookstoreapigatewayservice.filters.PreFilter : PreFilter: POST request to http://localhost:8765/api/account/oauth/token
[2026-09-20 17:53:55 IST] WARN [Service Name -> bookstore-api-gateway-service], [TraceId -> 8ab695e3f374f6a3], [SpanId -> 8ab695e3f374f6a3] 
      <http-nio-8765-exec-1> org.springframework.cloud.netflix.zuul.filters.route.support.AbstractRibbonCommand : The Hystrix timeout of 40000ms for the command bookstore-account-service is set lower than the combination of the Ribbon read and connect timeout, 140000ms.
[2026-09-20 17:53:56 IST] INFO [Service Name -> bookstore-api-gateway-service], [TraceId -> cea3d45f382285d9], [SpanId -> cea3d45f382285d9] 
      <http-nio-8765-exec-4> com.devd.spring.bookstoreapigatewayservice.filters.PreFilter : PreFilter: OPTIONS request to http://localhost:8765/api/account/userInfo
[2026-09-20 17:53:56 IST] WARN [Service Name -> bookstore-api-gateway-service], [TraceId -> cea3d45f382285d9], [SpanId -> cea3d45f382285d9] 
      <http-nio-8765-exec-4> org.springframework.cloud.netflix.zuul.filters.route.support.AbstractRibbonCommand : The Hystrix timeout of 40000ms for the command bookstore-account-service is set lower than the combination of the Ribbon read and connect timeout, 140000ms.
[2026-09-20 17:53:56 IST] INFO [Service Name -> bookstore-api-gateway-service], [TraceId -> 6d41d95cfedbe540], [SpanId -> 6d41d95cfedbe540] 
      <http-nio-8765-exec-3> com.devd.spring.bookstoreapigatewayservice.filters.PreFilter : PreFilter: GET request to http://localhost:8765/api/account/userInfo
[2026-09-20 17:53:56 IST] WARN [Service Name -> bookstore-api-gateway-service], [TraceId -> 6d41d95cfedbe540], [SpanId -> 6d41d95cfedbe540] 
      <http-nio-8765-exec-3> org.springframework.cloud.netflix.zuul.filters.route.support.AbstractRibbonCommand : The Hystrix timeout of 40000ms for the command bookstore-account-service is set lower than the combination of the Ribbon read and connect timeout, 140000ms.
[2026-09-20 17:53:56 IST] INFO [Service Name -> bookstore-api-gateway-service], [TraceId -> b23000737fe9b9b7], [SpanId -> b23000737fe9b9b7] 
      <http-nio-8765-exec-10> com.devd.spring.bookstoreapigatewayservice.filters.PreFilter : PreFilter: GET request to http://localhost:8765/api/catalog/products
[2026-09-20 17:53:56 IST] WARN [Service Name -> bookstore-api-gateway-service], [TraceId -> b23000737fe9b9b7], [SpanId -> b23000737fe9b9b7] 
      <http-nio-8765-exec-10> org.springframework.cloud.netflix.zuul.filters.route.support.AbstractRibbonCommand : The Hystrix timeout of 40000ms for the command bookstore-catalog-service is set lower than the combination of the Ribbon read and connect timeout, 140000ms.
[2026-09-20 17:53:56 IST] INFO [Service Name -> bookstore-api-gateway-service], [TraceId -> ccc64e69101a1b99], [SpanId -> ccc64e69101a1b99] 
      <http-nio-8765-exec-7> com.devd.spring.bookstoreapigatewayservice.filters.PreFilter : PreFilter: GET request to http://localhost:8765/api/catalog/image/4b050ba6-9573-4554-bdd4-26ae806c06aa__IntroEngLit.jpg
[2026-09-20 17:53:56 IST] INFO [Service Name -> bookstore-api-gateway-service], [TraceId -> 88a015d93a495242], [SpanId -> 88a015d93a495242] 
      <http-nio-8765-exec-9> com.devd.spring.bookstoreapigatewayservice.filters.PreFilter : PreFilter: GET request to http://localhost:8765/api/catalog/image/e6602eb6-3f67-4993-abc8-0b54a36bad1b__thousandSplendidSuns.jpg
[2026-09-20 17:53:56 IST] WARN [Service Name -> bookstore-api-gateway-service], [TraceId -> 88a015d93a495242], [SpanId -> 88a015d93a495242] 
      <http-nio-8765-exec-9> org.springframework.cloud.netflix.zuul.filters.route.support.AbstractRibbonCommand : The Hystrix timeout of 40000ms for the command bookstore-catalog-service is set lower than the combination of the Ribbon read and connect timeout, 140000ms.
[2026-09-20 17:53:56 IST] WARN [Service Name -> bookstore-api-gateway-service], [TraceId -> ccc64e69101a1b99], [SpanId -> ccc64e69101a1b99] 
      <http-nio-8765-exec-7> org.springframework.cloud.netflix.zuul.filters.route.support.AbstractRibbonCommand : The Hystrix timeout of 40000ms for the command bookstore-catalog-service is set lower than the combination of the Ribbon read and connect timeout, 140000ms.
[2026-09-20 17:53:56 IST] INFO [Service Name -> bookstore-api-gateway-service], [TraceId -> 101e0debce3d1c45], [SpanId -> 101e0debce3d1c45] 
      <http-nio-8765-exec-4> com.devd.spring.bookstoreapigatewayservice.filters.PreFilter : PreFilter: GET request to http://localhost:8765/api/catalog/image/b1175b20-e946-42a6-b63d-83e35b7a73fa__oneArrangedMurder.jpg
[2026-09-20 17:53:56 IST] INFO [Service Name -> bookstore-api-gateway-service], [TraceId -> ea041f73ef73a201], [SpanId -> ea041f73ef73a201] 
      <http-nio-8765-exec-5> com.devd.spring.bookstoreapigatewayservice.filters.PreFilter : PreFilter: GET request to http://localhost:8765/api/catalog/image/0547ab94-59f8-4352-b17b-0918d07913f2__pricePredudice.jpg
[2026-09-20 17:53:56 IST] WARN [Service Name -> bookstore-api-gateway-service], [TraceId -> 101e0debce3d1c45], [SpanId -> 101e0debce3d1c45] 
      <http-nio-8765-exec-4> org.springframework.cloud.netflix.zuul.filters.route.support.AbstractRibbonCommand : The Hystrix timeout of 40000ms for the command bookstore-catalog-service is set lower than the combination of the Ribbon read and connect timeout, 140000ms.
[2026-09-20 17:53:56 IST] INFO [Service Name -> bookstore-api-gateway-service], [TraceId -> 8628afa05698eb5b], [SpanId -> 8628afa05698eb5b] 
      <http-nio-8765-exec-2> com.devd.spring.bookstoreapigatewayservice.filters.PreFilter : PreFilter: GET request to http://localhost:8765/api/catalog/image/c16108e1-8276-41ad-bf12-4aee4c0a7e65__IndModernLiterature.jpg
[2026-09-20 17:53:56 IST] INFO [Service Name -> bookstore-api-gateway-service], [TraceId -> b23b2acd999a9232], [SpanId -> b23b2acd999a9232] 
      <http-nio-8765-exec-1> com.devd.spring.bookstoreapigatewayservice.filters.PreFilter : PreFilter: GET request to http://localhost:8765/api/catalog/image/8e6abb0e-180b-4e8e-856a-cb8491ff9454__greatGatsby.jpg
[2026-09-20 17:53:56 IST] WARN [Service Name -> bookstore-api-gateway-service], [TraceId -> 8628afa05698eb5b], [SpanId -> 8628afa05698eb5b] 
      <http-nio-8765-exec-2> org.springframework.cloud.netflix.zuul.filters.route.support.AbstractRibbonCommand : The Hystrix timeout of 40000ms for the command bookstore-catalog-service is set lower than the combination of the Ribbon read and connect timeout, 140000ms.
[2026-09-20 17:53:56 IST] WARN [Service Name -> bookstore-api-gateway-service], [TraceId -> b23b2acd999a9232], [SpanId -> b23b2acd999a9232] 
      <http-nio-8765-exec-1> org.springframework.cloud.netflix.zuul.filters.route.support.AbstractRibbonCommand : The Hystrix timeout of 40000ms for the command bookstore-catalog-service is set lower than the combination of the Ribbon read and connect timeout, 140000ms.
[2026-09-20 17:53:56 IST] WARN [Service Name -> bookstore-api-gateway-service], [TraceId -> ea041f73ef73a201], [SpanId -> ea041f73ef73a201] 
      <http-nio-8765-exec-5> org.springframework.cloud.netflix.zuul.filters.route.support.AbstractRibbonCommand : The Hystrix timeout of 40000ms for the command bookstore-catalog-service is set lower than the combination of the Ribbon read and connect timeout, 140000ms.
[2026-09-20 17:53:56 IST] INFO [Service Name -> bookstore-api-gateway-service], [TraceId -> 15fa5e4bc08c5bb8], [SpanId -> 15fa5e4bc08c5bb8] 
      <http-nio-8765-exec-8> com.devd.spring.bookstoreapigatewayservice.filters.PreFilter : PreFilter: GET request to http://localhost:8765/api/catalog/image/1ecfd5c4-dba2-4feb-bd88-006105a8d5ab__alchemist.jpg
[2026-09-20 17:53:56 IST] INFO [Service Name -> bookstore-api-gateway-service], [TraceId -> 1650d69f09a20d33], [SpanId -> 1650d69f09a20d33] 
      <http-nio-8765-exec-6> com.devd.spring.bookstoreapigatewayservice.filters.PreFilter : PreFilter: GET request to http://localhost:8765/api/catalog/image/2b3ba80b-da93-4206-b50f-83008180a09e__sheHolmes.jpg
[2026-09-20 17:53:57 IST] WARN [Service Name -> bookstore-api-gateway-service], [TraceId -> 15fa5e4bc08c5bb8], [SpanId -> 15fa5e4bc08c5bb8] 
      <http-nio-8765-exec-8> org.springframework.cloud.netflix.zuul.filters.route.support.AbstractRibbonCommand : The Hystrix timeout of 40000ms for the command bookstore-catalog-service is set lower than the combination of the Ribbon read and connect timeout, 140000ms.
[2026-09-20 17:53:57 IST] WARN [Service Name -> bookstore-api-gateway-service], [TraceId -> 1650d69f09a20d33], [SpanId -> 1650d69f09a20d33] 
      <http-nio-8765-exec-6> org.springframework.cloud.netflix.zuul.filters.route.support.AbstractRibbonCommand : The Hystrix timeout of 40000ms for the command bookstore-catalog-service is set lower than the combination of the Ribbon read and connect timeout, 140000ms.
[2026-09-20 17:53:59 IST] INFO [Service Name -> bookstore-api-gateway-service], [TraceId -> 8a81b09e11c681da], [SpanId -> 8a81b09e11c681da] 
      <http-nio-8765-exec-3> com.devd.spring.bookstoreapigatewayservice.filters.PreFilter : PreFilter: OPTIONS request to http://localhost:8765/api/order/cart
[2026-09-20 17:53:59 IST] WARN [Service Name -> bookstore-api-gateway-service], [TraceId -> 8a81b09e11c681da], [SpanId -> 8a81b09e11c681da] 
      <http-nio-8765-exec-3> org.springframework.cloud.netflix.zuul.filters.route.support.AbstractRibbonCommand : The Hystrix timeout of 40000ms for the command bookstore-order-service is set lower than the combination of the Ribbon read and connect timeout, 140000ms.
[2026-09-20 17:53:59 IST] INFO [Service Name -> bookstore-api-gateway-service], [TraceId -> 7fb7132abd12feed], [SpanId -> 7fb7132abd12feed] 
      <http-nio-8765-exec-10> com.devd.spring.bookstoreapigatewayservice.filters.PreFilter : PreFilter: GET request to http://localhost:8765/api/order/cart
[2026-09-20 17:53:59 IST] WARN [Service Name -> bookstore-api-gateway-service], [TraceId -> 7fb7132abd12feed], [SpanId -> 7fb7132abd12feed] 
      <http-nio-8765-exec-10> org.springframework.cloud.netflix.zuul.filters.route.support.AbstractRibbonCommand : The Hystrix timeout of 40000ms for the command bookstore-order-service is set lower than the combination of the Ribbon read and connect timeout, 140000ms.
[2026-09-20 17:53:59 IST] INFO [Service Name -> bookstore-api-gateway-service], [TraceId -> ], [SpanId -> ] 
      <AsyncResolver-bootstrap-executor-0> com.netflix.discovery.shared.resolver.aws.ConfigClusterResolver : Resolving eureka endpoints via configuration
[2026-09-20 17:54:01 IST] INFO [Service Name -> bookstore-api-gateway-service], [TraceId -> 78d215d4ab71ab88], [SpanId -> 78d215d4ab71ab88] 
      <http-nio-8765-exec-4> com.devd.spring.bookstoreapigatewayservice.filters.PreFilter : PreFilter: OPTIONS request to http://localhost:8765/api/account/userInfo
[2026-09-20 17:54:01 IST] INFO [Service Name -> bookstore-api-gateway-service], [TraceId -> 62a45c82369ee991], [SpanId -> 62a45c82369ee991] 
      <http-nio-8765-exec-9> com.devd.spring.bookstoreapigatewayservice.filters.PreFilter : PreFilter: OPTIONS request to http://localhost:8765/api/order/order/myorders
[2026-09-20 17:54:01 IST] WARN [Service Name -> bookstore-api-gateway-service], [TraceId -> 62a45c82369ee991], [SpanId -> 62a45c82369ee991] 
      <http-nio-8765-exec-9> org.springframework.cloud.netflix.zuul.filters.route.support.AbstractRibbonCommand : The Hystrix timeout of 40000ms for the command bookstore-order-service is set lower than the combination of the Ribbon read and connect timeout, 140000ms.
[2026-09-20 17:54:01 IST] WARN [Service Name -> bookstore-api-gateway-service], [TraceId -> 78d215d4ab71ab88], [SpanId -> 78d215d4ab71ab88] 
      <http-nio-8765-exec-4> org.springframework.cloud.netflix.zuul.filters.route.support.AbstractRibbonCommand : The Hystrix timeout of 40000ms for the command bookstore-account-service is set lower than the combination of the Ribbon read and connect timeout, 140000ms.
[2026-09-20 17:54:01 IST] INFO [Service Name -> bookstore-api-gateway-service], [TraceId -> d7e2562ac15ce3d7], [SpanId -> d7e2562ac15ce3d7] 
      <http-nio-8765-exec-7> com.devd.spring.bookstoreapigatewayservice.filters.PreFilter : PreFilter: GET request to http://localhost:8765/api/order/order/myorders
[2026-09-20 17:54:01 IST] WARN [Service Name -> bookstore-api-gateway-service], [TraceId -> d7e2562ac15ce3d7], [SpanId -> d7e2562ac15ce3d7] 
      <http-nio-8765-exec-7> org.springframework.cloud.netflix.zuul.filters.route.support.AbstractRibbonCommand : The Hystrix timeout of 40000ms for the command bookstore-order-service is set lower than the combination of the Ribbon read and connect timeout, 140000ms.
[2026-09-20 17:54:01 IST] INFO [Service Name -> bookstore-api-gateway-service], [TraceId -> 0ba5915d2aeafc9c], [SpanId -> 0ba5915d2aeafc9c] 
      <http-nio-8765-exec-5> com.devd.spring.bookstoreapigatewayservice.filters.PreFilter : PreFilter: GET request to http://localhost:8765/api/account/userInfo
[2026-09-20 17:54:01 IST] WARN [Service Name -> bookstore-api-gateway-service], [TraceId -> 0ba5915d2aeafc9c], [SpanId -> 0ba5915d2aeafc9c] 
      <http-nio-8765-exec-5> org.springframework.cloud.netflix.zuul.filters.route.support.AbstractRibbonCommand : The Hystrix timeout of 40000ms for the command bookstore-account-service is set lower than the combination of the Ribbon read and connect timeout, 140000ms.
[2026-09-20 17:54:02 IST] INFO [Service Name -> bookstore-api-gateway-service], [TraceId -> 46338848e3c4f5b0], [SpanId -> 46338848e3c4f5b0] 
      <http-nio-8765-exec-2> com.devd.spring.bookstoreapigatewayservice.filters.PreFilter : PreFilter: OPTIONS request to http://localhost:8765/api/order/order/myorders
[2026-09-20 17:54:02 IST] WARN [Service Name -> bookstore-api-gateway-service], [TraceId -> 46338848e3c4f5b0], [SpanId -> 46338848e3c4f5b0] 
      <http-nio-8765-exec-2> org.springframework.cloud.netflix.zuul.filters.route.support.AbstractRibbonCommand : The Hystrix timeout of 40000ms for the command bookstore-order-service is set lower than the combination of the Ribbon read and connect timeout, 140000ms.
[2026-09-20 17:54:02 IST] INFO [Service Name -> bookstore-api-gateway-service], [TraceId -> 457cc9de485ab16c], [SpanId -> 457cc9de485ab16c] 
      <http-nio-8765-exec-1> com.devd.spring.bookstoreapigatewayservice.filters.PreFilter : PreFilter: GET request to http://localhost:8765/api/order/order/myorders
[2026-09-20 17:54:02 IST] WARN [Service Name -> bookstore-api-gateway-service], [TraceId -> 457cc9de485ab16c], [SpanId -> 457cc9de485ab16c] 
      <http-nio-8765-exec-1> org.springframework.cloud.netflix.zuul.filters.route.support.AbstractRibbonCommand : The Hystrix timeout of 40000ms for the command bookstore-order-service is set lower than the combination of the Ribbon read and connect timeout, 140000ms.
[2026-09-20 17:54:09 IST] INFO [Service Name -> bookstore-api-gateway-service], [TraceId -> 2313133f6e179791], [SpanId -> 2313133f6e179791] 
      <http-nio-8765-exec-3> com.devd.spring.bookstoreapigatewayservice.filters.PreFilter : PreFilter: OPTIONS request to http://localhost:8765/api/order/order/126d16dc-c7df-4509-8f78-b73818e114d9
[2026-09-20 17:54:09 IST] WARN [Service Name -> bookstore-api-gateway-service], [TraceId -> 2313133f6e179791], [SpanId -> 2313133f6e179791] 
      <http-nio-8765-exec-3> org.springframework.cloud.netflix.zuul.filters.route.support.AbstractRibbonCommand : The Hystrix timeout of 40000ms for the command bookstore-order-service is set lower than the combination of the Ribbon read and connect timeout, 140000ms.
[2026-09-20 17:54:09 IST] INFO [Service Name -> bookstore-api-gateway-service], [TraceId -> c7e7f707a9fd8484], [SpanId -> c7e7f707a9fd8484] 
      <http-nio-8765-exec-9> com.devd.spring.bookstoreapigatewayservice.filters.PreFilter : PreFilter: GET request to http://localhost:8765/api/order/order/126d16dc-c7df-4509-8f78-b73818e114d9
[2026-09-20 17:54:09 IST] WARN [Service Name -> bookstore-api-gateway-service], [TraceId -> c7e7f707a9fd8484], [SpanId -> c7e7f707a9fd8484] 
      <http-nio-8765-exec-9> org.springframework.cloud.netflix.zuul.filters.route.support.AbstractRibbonCommand : The Hystrix timeout of 40000ms for the command bookstore-order-service is set lower than the combination of the Ribbon read and connect timeout, 140000ms.
[2026-09-20 17:54:10 IST] INFO [Service Name -> bookstore-api-gateway-service], [TraceId -> c9198888ebac3ca7], [SpanId -> c9198888ebac3ca7] 
      <http-nio-8765-exec-4> com.devd.spring.bookstoreapigatewayservice.filters.PreFilter : PreFilter: GET request to http://localhost:8765/api/catalog/image/undefined
[2026-09-20 17:54:10 IST] WARN [Service Name -> bookstore-api-gateway-service], [TraceId -> c9198888ebac3ca7], [SpanId -> c9198888ebac3ca7] 
      <http-nio-8765-exec-4> org.springframework.cloud.netflix.zuul.filters.route.support.AbstractRibbonCommand : The Hystrix timeout of 40000ms for the command bookstore-catalog-service is set lower than the combination of the Ribbon read and connect timeout, 140000ms.
[2026-09-20 17:54:10 IST] INFO [Service Name -> bookstore-api-gateway-service], [TraceId -> 381a4ef63a0b1e85], [SpanId -> 381a4ef63a0b1e85] 
      <http-nio-8765-exec-5> com.devd.spring.bookstoreapigatewayservice.filters.PreFilter : PreFilter: GET request to http://localhost:8765/api/catalog/product/4
[2026-09-20 17:54:10 IST] INFO [Service Name -> bookstore-api-gateway-service], [TraceId -> 0b998b9efe6c156b], [SpanId -> 0b998b9efe6c156b] 
      <http-nio-8765-exec-2> com.devd.spring.bookstoreapigatewayservice.filters.PreFilter : PreFilter: GET request to http://localhost:8765/api/catalog/product/6
[2026-09-20 17:54:10 IST] WARN [Service Name -> bookstore-api-gateway-service], [TraceId -> 0b998b9efe6c156b], [SpanId -> 0b998b9efe6c156b] 
      <http-nio-8765-exec-2> org.springframework.cloud.netflix.zuul.filters.route.support.AbstractRibbonCommand : The Hystrix timeout of 40000ms for the command bookstore-catalog-service is set lower than the combination of the Ribbon read and connect timeout, 140000ms.
[2026-09-20 17:54:10 IST] WARN [Service Name -> bookstore-api-gateway-service], [TraceId -> 381a4ef63a0b1e85], [SpanId -> 381a4ef63a0b1e85] 
      <http-nio-8765-exec-5> org.springframework.cloud.netflix.zuul.filters.route.support.AbstractRibbonCommand : The Hystrix timeout of 40000ms for the command bookstore-catalog-service is set lower than the combination of the Ribbon read and connect timeout, 140000ms.
[2026-09-20 17:54:11 IST] INFO [Service Name -> bookstore-api-gateway-service], [TraceId -> 34e41acc15104652], [SpanId -> 34e41acc15104652] 
      <http-nio-8765-exec-7> com.devd.spring.bookstoreapigatewayservice.filters.PreFilter : PreFilter: GET request to http://localhost:8765/api/catalog/image/b1175b20-e946-42a6-b63d-83e35b7a73fa__oneArrangedMurder.jpg
[2026-09-20 17:54:11 IST] WARN [Service Name -> bookstore-api-gateway-service], [TraceId -> 34e41acc15104652], [SpanId -> 34e41acc15104652] 
      <http-nio-8765-exec-7> org.springframework.cloud.netflix.zuul.filters.route.support.AbstractRibbonCommand : The Hystrix timeout of 40000ms for the command bookstore-catalog-service is set lower than the combination of the Ribbon read and connect timeout, 140000ms.
[2026-09-20 17:54:12 IST] INFO [Service Name -> bookstore-api-gateway-service], [TraceId -> 4a21803cae9d6115], [SpanId -> 4a21803cae9d6115] 
      <http-nio-8765-exec-8> com.devd.spring.bookstoreapigatewayservice.filters.PreFilter : PreFilter: GET request to http://localhost:8765/api/catalog/image/4b050ba6-9573-4554-bdd4-26ae806c06aa__IntroEngLit.jpg
[2026-09-20 17:54:12 IST] WARN [Service Name -> bookstore-api-gateway-service], [TraceId -> 4a21803cae9d6115], [SpanId -> 4a21803cae9d6115] 
      <http-nio-8765-exec-8> org.springframework.cloud.netflix.zuul.filters.route.support.AbstractRibbonCommand : The Hystrix timeout of 40000ms for the command bookstore-catalog-service is set lower than the combination of the Ribbon read and connect timeout, 140000ms.
[2026-09-20 17:54:56 IST] INFO [Service Name -> bookstore-api-gateway-service], [TraceId -> 7795497f6709a17c], [SpanId -> 7795497f6709a17c] 
      <http-nio-8765-exec-1> com.devd.spring.bookstoreapigatewayservice.filters.PreFilter : PreFilter: OPTIONS request to http://localhost:8765/api/account/oauth/token
[2026-09-20 17:54:56 IST] WARN [Service Name -> bookstore-api-gateway-service], [TraceId -> 7795497f6709a17c], [SpanId -> 7795497f6709a17c] 
      <http-nio-8765-exec-1> org.springframework.cloud.netflix.zuul.filters.route.support.AbstractRibbonCommand : The Hystrix timeout of 40000ms for the command bookstore-account-service is set lower than the combination of the Ribbon read and connect timeout, 140000ms.
[2026-09-20 17:54:56 IST] INFO [Service Name -> bookstore-api-gateway-service], [TraceId -> f719daf3521882ca], [SpanId -> f719daf3521882ca] 
      <http-nio-8765-exec-3> com.devd.spring.bookstoreapigatewayservice.filters.PreFilter : PreFilter: POST request to http://localhost:8765/api/account/oauth/token
[2026-09-20 17:54:56 IST] WARN [Service Name -> bookstore-api-gateway-service], [TraceId -> f719daf3521882ca], [SpanId -> f719daf3521882ca] 
      <http-nio-8765-exec-3> org.springframework.cloud.netflix.zuul.filters.route.support.AbstractRibbonCommand : The Hystrix timeout of 40000ms for the command bookstore-account-service is set lower than the combination of the Ribbon read and connect timeout, 140000ms.
[2026-09-20 17:54:57 IST] INFO [Service Name -> bookstore-api-gateway-service], [TraceId -> 525ce6ec83d049bd], [SpanId -> 525ce6ec83d049bd] 
      <http-nio-8765-exec-9> com.devd.spring.bookstoreapigatewayservice.filters.PreFilter : PreFilter: OPTIONS request to http://localhost:8765/api/account/userInfo
[2026-09-20 17:54:57 IST] WARN [Service Name -> bookstore-api-gateway-service], [TraceId -> 525ce6ec83d049bd], [SpanId -> 525ce6ec83d049bd] 
      <http-nio-8765-exec-9> org.springframework.cloud.netflix.zuul.filters.route.support.AbstractRibbonCommand : The Hystrix timeout of 40000ms for the command bookstore-account-service is set lower than the combination of the Ribbon read and connect timeout, 140000ms.
[2026-09-20 17:54:57 IST] INFO [Service Name -> bookstore-api-gateway-service], [TraceId -> 2dac3e833809e1c1], [SpanId -> 2dac3e833809e1c1] 
      <http-nio-8765-exec-4> com.devd.spring.bookstoreapigatewayservice.filters.PreFilter : PreFilter: GET request to http://localhost:8765/api/account/userInfo
[2026-09-20 17:54:57 IST] WARN [Service Name -> bookstore-api-gateway-service], [TraceId -> 2dac3e833809e1c1], [SpanId -> 2dac3e833809e1c1] 
      <http-nio-8765-exec-4> org.springframework.cloud.netflix.zuul.filters.route.support.AbstractRibbonCommand : The Hystrix timeout of 40000ms for the command bookstore-account-service is set lower than the combination of the Ribbon read and connect timeout, 140000ms.
[2026-09-20 17:54:57 IST] INFO [Service Name -> bookstore-api-gateway-service], [TraceId -> 0f872a665bef089c], [SpanId -> 0f872a665bef089c] 
      <http-nio-8765-exec-5> com.devd.spring.bookstoreapigatewayservice.filters.PreFilter : PreFilter: GET request to http://localhost:8765/api/catalog/products
[2026-09-20 17:54:57 IST] WARN [Service Name -> bookstore-api-gateway-service], [TraceId -> 0f872a665bef089c], [SpanId -> 0f872a665bef089c] 
      <http-nio-8765-exec-5> org.springframework.cloud.netflix.zuul.filters.route.support.AbstractRibbonCommand : The Hystrix timeout of 40000ms for the command bookstore-catalog-service is set lower than the combination of the Ribbon read and connect timeout, 140000ms.
[2026-09-20 17:54:57 IST] INFO [Service Name -> bookstore-api-gateway-service], [TraceId -> 21ef69e2ce7709bd], [SpanId -> 21ef69e2ce7709bd] 
      <http-nio-8765-exec-7> com.devd.spring.bookstoreapigatewayservice.filters.PreFilter : PreFilter: GET request to http://localhost:8765/api/catalog/image/c16108e1-8276-41ad-bf12-4aee4c0a7e65__IndModernLiterature.jpg
[2026-09-20 17:54:57 IST] WARN [Service Name -> bookstore-api-gateway-service], [TraceId -> 21ef69e2ce7709bd], [SpanId -> 21ef69e2ce7709bd] 
      <http-nio-8765-exec-7> org.springframework.cloud.netflix.zuul.filters.route.support.AbstractRibbonCommand : The Hystrix timeout of 40000ms for the command bookstore-catalog-service is set lower than the combination of the Ribbon read and connect timeout, 140000ms.
[2026-09-20 17:54:57 IST] INFO [Service Name -> bookstore-api-gateway-service], [TraceId -> 9d0435448dfaa7c4], [SpanId -> 9d0435448dfaa7c4] 
      <http-nio-8765-exec-8> com.devd.spring.bookstoreapigatewayservice.filters.PreFilter : PreFilter: GET request to http://localhost:8765/api/catalog/image/2b3ba80b-da93-4206-b50f-83008180a09e__sheHolmes.jpg
[2026-09-20 17:54:57 IST] INFO [Service Name -> bookstore-api-gateway-service], [TraceId -> b70fdcf2556ab80c], [SpanId -> b70fdcf2556ab80c] 
      <http-nio-8765-exec-1> com.devd.spring.bookstoreapigatewayservice.filters.PreFilter : PreFilter: GET request to http://localhost:8765/api/catalog/image/0547ab94-59f8-4352-b17b-0918d07913f2__pricePredudice.jpg
[2026-09-20 17:54:57 IST] WARN [Service Name -> bookstore-api-gateway-service], [TraceId -> 9d0435448dfaa7c4], [SpanId -> 9d0435448dfaa7c4] 
      <http-nio-8765-exec-8> org.springframework.cloud.netflix.zuul.filters.route.support.AbstractRibbonCommand : The Hystrix timeout of 40000ms for the command bookstore-catalog-service is set lower than the combination of the Ribbon read and connect timeout, 140000ms.
[2026-09-20 17:54:57 IST] INFO [Service Name -> bookstore-api-gateway-service], [TraceId -> ae82609e57006f5b], [SpanId -> ae82609e57006f5b] 
      <http-nio-8765-exec-6> com.devd.spring.bookstoreapigatewayservice.filters.PreFilter : PreFilter: GET request to http://localhost:8765/api/catalog/image/4b050ba6-9573-4554-bdd4-26ae806c06aa__IntroEngLit.jpg
[2026-09-20 17:54:57 IST] WARN [Service Name -> bookstore-api-gateway-service], [TraceId -> b70fdcf2556ab80c], [SpanId -> b70fdcf2556ab80c] 
      <http-nio-8765-exec-1> org.springframework.cloud.netflix.zuul.filters.route.support.AbstractRibbonCommand : The Hystrix timeout of 40000ms for the command bookstore-catalog-service is set lower than the combination of the Ribbon read and connect timeout, 140000ms.
[2026-09-20 17:54:57 IST] WARN [Service Name -> bookstore-api-gateway-service], [TraceId -> ae82609e57006f5b], [SpanId -> ae82609e57006f5b] 
      <http-nio-8765-exec-6> org.springframework.cloud.netflix.zuul.filters.route.support.AbstractRibbonCommand : The Hystrix timeout of 40000ms for the command bookstore-catalog-service is set lower than the combination of the Ribbon read and connect timeout, 140000ms.
[2026-09-20 17:54:57 IST] INFO [Service Name -> bookstore-api-gateway-service], [TraceId -> e75182197696da09], [SpanId -> e75182197696da09] 
      <http-nio-8765-exec-3> com.devd.spring.bookstoreapigatewayservice.filters.PreFilter : PreFilter: GET request to http://localhost:8765/api/catalog/image/8e6abb0e-180b-4e8e-856a-cb8491ff9454__greatGatsby.jpg
[2026-09-20 17:54:57 IST] WARN [Service Name -> bookstore-api-gateway-service], [TraceId -> e75182197696da09], [SpanId -> e75182197696da09] 
      <http-nio-8765-exec-3> org.springframework.cloud.netflix.zuul.filters.route.support.AbstractRibbonCommand : The Hystrix timeout of 40000ms for the command bookstore-catalog-service is set lower than the combination of the Ribbon read and connect timeout, 140000ms.
[2026-09-20 17:54:57 IST] INFO [Service Name -> bookstore-api-gateway-service], [TraceId -> eae042bbc4b9c562], [SpanId -> eae042bbc4b9c562] 
      <http-nio-8765-exec-9> com.devd.spring.bookstoreapigatewayservice.filters.PreFilter : PreFilter: GET request to http://localhost:8765/api/catalog/image/1ecfd5c4-dba2-4feb-bd88-006105a8d5ab__alchemist.jpg
[2026-09-20 17:54:57 IST] INFO [Service Name -> bookstore-api-gateway-service], [TraceId -> 1bbbbae3dd4b4df2], [SpanId -> 1bbbbae3dd4b4df2] 
      <http-nio-8765-exec-10> com.devd.spring.bookstoreapigatewayservice.filters.PreFilter : PreFilter: GET request to http://localhost:8765/api/catalog/image/b1175b20-e946-42a6-b63d-83e35b7a73fa__oneArrangedMurder.jpg
[2026-09-20 17:54:57 IST] INFO [Service Name -> bookstore-api-gateway-service], [TraceId -> 7654a823a330694d], [SpanId -> 7654a823a330694d] 
      <http-nio-8765-exec-4> com.devd.spring.bookstoreapigatewayservice.filters.PreFilter : PreFilter: GET request to http://localhost:8765/api/catalog/image/e6602eb6-3f67-4993-abc8-0b54a36bad1b__thousandSplendidSuns.jpg
[2026-09-20 17:54:57 IST] WARN [Service Name -> bookstore-api-gateway-service], [TraceId -> 1bbbbae3dd4b4df2], [SpanId -> 1bbbbae3dd4b4df2] 
      <http-nio-8765-exec-10> org.springframework.cloud.netflix.zuul.filters.route.support.AbstractRibbonCommand : The Hystrix timeout of 40000ms for the command bookstore-catalog-service is set lower than the combination of the Ribbon read and connect timeout, 140000ms.
[2026-09-20 17:54:57 IST] WARN [Service Name -> bookstore-api-gateway-service], [TraceId -> 7654a823a330694d], [SpanId -> 7654a823a330694d] 
      <http-nio-8765-exec-4> org.springframework.cloud.netflix.zuul.filters.route.support.AbstractRibbonCommand : The Hystrix timeout of 40000ms for the command bookstore-catalog-service is set lower than the combination of the Ribbon read and connect timeout, 140000ms.
[2026-09-20 17:54:57 IST] WARN [Service Name -> bookstore-api-gateway-service], [TraceId -> eae042bbc4b9c562], [SpanId -> eae042bbc4b9c562] 
      <http-nio-8765-exec-9> org.springframework.cloud.netflix.zuul.filters.route.support.AbstractRibbonCommand : The Hystrix timeout of 40000ms for the command bookstore-catalog-service is set lower than the combination of the Ribbon read and connect timeout, 140000ms.
[2026-09-20 17:55:01 IST] INFO [Service Name -> bookstore-api-gateway-service], [TraceId -> bc3e329c207e835d], [SpanId -> bc3e329c207e835d] 
      <http-nio-8765-exec-2> com.devd.spring.bookstoreapigatewayservice.filters.PreFilter : PreFilter: OPTIONS request to http://localhost:8765/api/account/userInfo
[2026-09-20 17:55:01 IST] WARN [Service Name -> bookstore-api-gateway-service], [TraceId -> bc3e329c207e835d], [SpanId -> bc3e329c207e835d] 
      <http-nio-8765-exec-2> org.springframework.cloud.netflix.zuul.filters.route.support.AbstractRibbonCommand : The Hystrix timeout of 40000ms for the command bookstore-account-service is set lower than the combination of the Ribbon read and connect timeout, 140000ms.
[2026-09-20 17:55:01 IST] INFO [Service Name -> bookstore-api-gateway-service], [TraceId -> a3346eed3628c94a], [SpanId -> a3346eed3628c94a] 
      <http-nio-8765-exec-5> com.devd.spring.bookstoreapigatewayservice.filters.PreFilter : PreFilter: OPTIONS request to http://localhost:8765/api/order/order/myorders
[2026-09-20 17:55:01 IST] WARN [Service Name -> bookstore-api-gateway-service], [TraceId -> a3346eed3628c94a], [SpanId -> a3346eed3628c94a] 
      <http-nio-8765-exec-5> org.springframework.cloud.netflix.zuul.filters.route.support.AbstractRibbonCommand : The Hystrix timeout of 40000ms for the command bookstore-order-service is set lower than the combination of the Ribbon read and connect timeout, 140000ms.
[2026-09-20 17:55:01 IST] INFO [Service Name -> bookstore-api-gateway-service], [TraceId -> ac6315500bd1f810], [SpanId -> ac6315500bd1f810] 
      <http-nio-8765-exec-6> com.devd.spring.bookstoreapigatewayservice.filters.PreFilter : PreFilter: GET request to http://localhost:8765/api/account/userInfo
[2026-09-20 17:55:01 IST] INFO [Service Name -> bookstore-api-gateway-service], [TraceId -> e1e6a28bebc638a5], [SpanId -> e1e6a28bebc638a5] 
      <http-nio-8765-exec-7> com.devd.spring.bookstoreapigatewayservice.filters.PreFilter : PreFilter: GET request to http://localhost:8765/api/order/order/myorders
[2026-09-20 17:55:01 IST] WARN [Service Name -> bookstore-api-gateway-service], [TraceId -> ac6315500bd1f810], [SpanId -> ac6315500bd1f810] 
      <http-nio-8765-exec-6> org.springframework.cloud.netflix.zuul.filters.route.support.AbstractRibbonCommand : The Hystrix timeout of 40000ms for the command bookstore-account-service is set lower than the combination of the Ribbon read and connect timeout, 140000ms.
[2026-09-20 17:55:01 IST] WARN [Service Name -> bookstore-api-gateway-service], [TraceId -> e1e6a28bebc638a5], [SpanId -> e1e6a28bebc638a5] 
      <http-nio-8765-exec-7> org.springframework.cloud.netflix.zuul.filters.route.support.AbstractRibbonCommand : The Hystrix timeout of 40000ms for the command bookstore-order-service is set lower than the combination of the Ribbon read and connect timeout, 140000ms.
[2026-09-20 17:55:02 IST] INFO [Service Name -> bookstore-api-gateway-service], [TraceId -> 8e4a0027c9c8917a], [SpanId -> 8e4a0027c9c8917a] 
      <http-nio-8765-exec-1> com.devd.spring.bookstoreapigatewayservice.filters.PreFilter : PreFilter: OPTIONS request to http://localhost:8765/api/order/order/myorders
[2026-09-20 17:55:02 IST] WARN [Service Name -> bookstore-api-gateway-service], [TraceId -> 8e4a0027c9c8917a], [SpanId -> 8e4a0027c9c8917a] 
      <http-nio-8765-exec-1> org.springframework.cloud.netflix.zuul.filters.route.support.AbstractRibbonCommand : The Hystrix timeout of 40000ms for the command bookstore-order-service is set lower than the combination of the Ribbon read and connect timeout, 140000ms.
[2026-09-20 17:55:02 IST] INFO [Service Name -> bookstore-api-gateway-service], [TraceId -> 8a50eada77ed6905], [SpanId -> 8a50eada77ed6905] 
      <http-nio-8765-exec-3> com.devd.spring.bookstoreapigatewayservice.filters.PreFilter : PreFilter: GET request to http://localhost:8765/api/order/order/myorders
[2026-09-20 17:55:02 IST] WARN [Service Name -> bookstore-api-gateway-service], [TraceId -> 8a50eada77ed6905], [SpanId -> 8a50eada77ed6905] 
      <http-nio-8765-exec-3> org.springframework.cloud.netflix.zuul.filters.route.support.AbstractRibbonCommand : The Hystrix timeout of 40000ms for the command bookstore-order-service is set lower than the combination of the Ribbon read and connect timeout, 140000ms.
[2026-09-20 17:55:07 IST] INFO [Service Name -> bookstore-api-gateway-service], [TraceId -> c8d654f063b1741d], [SpanId -> c8d654f063b1741d] 
      <http-nio-8765-exec-9> com.devd.spring.bookstoreapigatewayservice.filters.PreFilter : PreFilter: OPTIONS request to http://localhost:8765/api/account/users
[2026-09-20 17:55:07 IST] WARN [Service Name -> bookstore-api-gateway-service], [TraceId -> c8d654f063b1741d], [SpanId -> c8d654f063b1741d] 
      <http-nio-8765-exec-9> org.springframework.cloud.netflix.zuul.filters.route.support.AbstractRibbonCommand : The Hystrix timeout of 40000ms for the command bookstore-account-service is set lower than the combination of the Ribbon read and connect timeout, 140000ms.
[2026-09-20 17:55:07 IST] INFO [Service Name -> bookstore-api-gateway-service], [TraceId -> 1182f2147fe97866], [SpanId -> 1182f2147fe97866] 
      <http-nio-8765-exec-8> com.devd.spring.bookstoreapigatewayservice.filters.PreFilter : PreFilter: GET request to http://localhost:8765/api/account/users
[2026-09-20 17:55:07 IST] WARN [Service Name -> bookstore-api-gateway-service], [TraceId -> 1182f2147fe97866], [SpanId -> 1182f2147fe97866] 
      <http-nio-8765-exec-8> org.springframework.cloud.netflix.zuul.filters.route.support.AbstractRibbonCommand : The Hystrix timeout of 40000ms for the command bookstore-account-service is set lower than the combination of the Ribbon read and connect timeout, 140000ms.
[2026-09-20 17:55:22 IST] INFO [Service Name -> bookstore-api-gateway-service], [TraceId -> 1b14276258da91bf], [SpanId -> 1b14276258da91bf] 
      <http-nio-8765-exec-4> com.devd.spring.bookstoreapigatewayservice.filters.PreFilter : PreFilter: OPTIONS request to http://localhost:8765/api/account/user
[2026-09-20 17:55:22 IST] INFO [Service Name -> bookstore-api-gateway-service], [TraceId -> 0a71adb4c8dedc08], [SpanId -> 0a71adb4c8dedc08] 
      <http-nio-8765-exec-10> com.devd.spring.bookstoreapigatewayservice.filters.PreFilter : PreFilter: OPTIONS request to http://localhost:8765/api/account/roles
[2026-09-20 17:55:22 IST] WARN [Service Name -> bookstore-api-gateway-service], [TraceId -> 1b14276258da91bf], [SpanId -> 1b14276258da91bf] 
      <http-nio-8765-exec-4> org.springframework.cloud.netflix.zuul.filters.route.support.AbstractRibbonCommand : The Hystrix timeout of 40000ms for the command bookstore-account-service is set lower than the combination of the Ribbon read and connect timeout, 140000ms.
[2026-09-20 17:55:22 IST] WARN [Service Name -> bookstore-api-gateway-service], [TraceId -> 0a71adb4c8dedc08], [SpanId -> 0a71adb4c8dedc08] 
      <http-nio-8765-exec-10> org.springframework.cloud.netflix.zuul.filters.route.support.AbstractRibbonCommand : The Hystrix timeout of 40000ms for the command bookstore-account-service is set lower than the combination of the Ribbon read and connect timeout, 140000ms.
[2026-09-20 17:55:22 IST] INFO [Service Name -> bookstore-api-gateway-service], [TraceId -> 76966ed0448bda9c], [SpanId -> 76966ed0448bda9c] 
      <http-nio-8765-exec-5> com.devd.spring.bookstoreapigatewayservice.filters.PreFilter : PreFilter: GET request to http://localhost:8765/api/account/user
[2026-09-20 17:55:22 IST] INFO [Service Name -> bookstore-api-gateway-service], [TraceId -> 656b070fbc821cd9], [SpanId -> 656b070fbc821cd9] 
      <http-nio-8765-exec-2> com.devd.spring.bookstoreapigatewayservice.filters.PreFilter : PreFilter: GET request to http://localhost:8765/api/account/roles
[2026-09-20 17:55:22 IST] WARN [Service Name -> bookstore-api-gateway-service], [TraceId -> 76966ed0448bda9c], [SpanId -> 76966ed0448bda9c] 
      <http-nio-8765-exec-5> org.springframework.cloud.netflix.zuul.filters.route.support.AbstractRibbonCommand : The Hystrix timeout of 40000ms for the command bookstore-account-service is set lower than the combination of the Ribbon read and connect timeout, 140000ms.
[2026-09-20 17:55:22 IST] WARN [Service Name -> bookstore-api-gateway-service], [TraceId -> 656b070fbc821cd9], [SpanId -> 656b070fbc821cd9] 
      <http-nio-8765-exec-2> org.springframework.cloud.netflix.zuul.filters.route.support.AbstractRibbonCommand : The Hystrix timeout of 40000ms for the command bookstore-account-service is set lower than the combination of the Ribbon read and connect timeout, 140000ms.
[2026-09-20 17:55:23 IST] INFO [Service Name -> bookstore-api-gateway-service], [TraceId -> d4581552220b70dd], [SpanId -> d4581552220b70dd] 
      <http-nio-8765-exec-6> com.devd.spring.bookstoreapigatewayservice.filters.PreFilter : PreFilter: OPTIONS request to http://localhost:8765/api/account/roles
[2026-09-20 17:55:23 IST] WARN [Service Name -> bookstore-api-gateway-service], [TraceId -> d4581552220b70dd], [SpanId -> d4581552220b70dd] 
      <http-nio-8765-exec-6> org.springframework.cloud.netflix.zuul.filters.route.support.AbstractRibbonCommand : The Hystrix timeout of 40000ms for the command bookstore-account-service is set lower than the combination of the Ribbon read and connect timeout, 140000ms.
[2026-09-20 17:55:23 IST] INFO [Service Name -> bookstore-api-gateway-service], [TraceId -> f110d9583b53c1e0], [SpanId -> f110d9583b53c1e0] 
      <http-nio-8765-exec-1> com.devd.spring.bookstoreapigatewayservice.filters.PreFilter : PreFilter: GET request to http://localhost:8765/api/account/roles
[2026-09-20 17:55:23 IST] WARN [Service Name -> bookstore-api-gateway-service], [TraceId -> f110d9583b53c1e0], [SpanId -> f110d9583b53c1e0] 
      <http-nio-8765-exec-1> org.springframework.cloud.netflix.zuul.filters.route.support.AbstractRibbonCommand : The Hystrix timeout of 40000ms for the command bookstore-account-service is set lower than the combination of the Ribbon read and connect timeout, 140000ms.
[2026-09-20 17:55:31 IST] INFO [Service Name -> bookstore-api-gateway-service], [TraceId -> 18295e0d3d4e4164], [SpanId -> 18295e0d3d4e4164] 
      <http-nio-8765-exec-9> com.devd.spring.bookstoreapigatewayservice.filters.PreFilter : PreFilter: OPTIONS request to http://localhost:8765/api/account/user/8b23cce1-1f79-44b4-82f9-5bdc43eb4783
[2026-09-20 17:55:31 IST] WARN [Service Name -> bookstore-api-gateway-service], [TraceId -> 18295e0d3d4e4164], [SpanId -> 18295e0d3d4e4164] 
      <http-nio-8765-exec-9> org.springframework.cloud.netflix.zuul.filters.route.support.AbstractRibbonCommand : The Hystrix timeout of 40000ms for the command bookstore-account-service is set lower than the combination of the Ribbon read and connect timeout, 140000ms.
[2026-09-20 17:55:31 IST] INFO [Service Name -> bookstore-api-gateway-service], [TraceId -> 0c37e9ebe07aa622], [SpanId -> 0c37e9ebe07aa622] 
      <http-nio-8765-exec-4> com.devd.spring.bookstoreapigatewayservice.filters.PreFilter : PreFilter: PUT request to http://localhost:8765/api/account/user/8b23cce1-1f79-44b4-82f9-5bdc43eb4783
[2026-09-20 17:55:31 IST] WARN [Service Name -> bookstore-api-gateway-service], [TraceId -> 0c37e9ebe07aa622], [SpanId -> 0c37e9ebe07aa622] 
      <http-nio-8765-exec-4> org.springframework.cloud.netflix.zuul.filters.route.support.AbstractRibbonCommand : The Hystrix timeout of 40000ms for the command bookstore-account-service is set lower than the combination of the Ribbon read and connect timeout, 140000ms.
[2026-09-20 17:55:33 IST] INFO [Service Name -> bookstore-api-gateway-service], [TraceId -> 872bf658b82b5beb], [SpanId -> 872bf658b82b5beb] 
      <http-nio-8765-exec-10> com.devd.spring.bookstoreapigatewayservice.filters.PreFilter : PreFilter: OPTIONS request to http://localhost:8765/api/account/roles
[2026-09-20 17:55:33 IST] WARN [Service Name -> bookstore-api-gateway-service], [TraceId -> 872bf658b82b5beb], [SpanId -> 872bf658b82b5beb] 
      <http-nio-8765-exec-10> org.springframework.cloud.netflix.zuul.filters.route.support.AbstractRibbonCommand : The Hystrix timeout of 40000ms for the command bookstore-account-service is set lower than the combination of the Ribbon read and connect timeout, 140000ms.
[2026-09-20 17:55:33 IST] INFO [Service Name -> bookstore-api-gateway-service], [TraceId -> bfb9ccb50109e543], [SpanId -> bfb9ccb50109e543] 
      <http-nio-8765-exec-2> com.devd.spring.bookstoreapigatewayservice.filters.PreFilter : PreFilter: OPTIONS request to http://localhost:8765/api/account/user
[2026-09-20 17:55:33 IST] WARN [Service Name -> bookstore-api-gateway-service], [TraceId -> bfb9ccb50109e543], [SpanId -> bfb9ccb50109e543] 
      <http-nio-8765-exec-2> org.springframework.cloud.netflix.zuul.filters.route.support.AbstractRibbonCommand : The Hystrix timeout of 40000ms for the command bookstore-account-service is set lower than the combination of the Ribbon read and connect timeout, 140000ms.
[2026-09-20 17:55:33 IST] INFO [Service Name -> bookstore-api-gateway-service], [TraceId -> c37f9d9a9cbea5a0], [SpanId -> c37f9d9a9cbea5a0] 
      <http-nio-8765-exec-5> com.devd.spring.bookstoreapigatewayservice.filters.PreFilter : PreFilter: OPTIONS request to http://localhost:8765/api/account/users
[2026-09-20 17:55:33 IST] WARN [Service Name -> bookstore-api-gateway-service], [TraceId -> c37f9d9a9cbea5a0], [SpanId -> c37f9d9a9cbea5a0] 
      <http-nio-8765-exec-5> org.springframework.cloud.netflix.zuul.filters.route.support.AbstractRibbonCommand : The Hystrix timeout of 40000ms for the command bookstore-account-service is set lower than the combination of the Ribbon read and connect timeout, 140000ms.
[2026-09-20 17:55:33 IST] INFO [Service Name -> bookstore-api-gateway-service], [TraceId -> 1521171858c0c4c8], [SpanId -> 1521171858c0c4c8] 
      <http-nio-8765-exec-7> com.devd.spring.bookstoreapigatewayservice.filters.PreFilter : PreFilter: OPTIONS request to http://localhost:8765/api/account/users
[2026-09-20 17:55:33 IST] WARN [Service Name -> bookstore-api-gateway-service], [TraceId -> 1521171858c0c4c8], [SpanId -> 1521171858c0c4c8] 
      <http-nio-8765-exec-7> org.springframework.cloud.netflix.zuul.filters.route.support.AbstractRibbonCommand : The Hystrix timeout of 40000ms for the command bookstore-account-service is set lower than the combination of the Ribbon read and connect timeout, 140000ms.
[2026-09-20 17:55:33 IST] INFO [Service Name -> bookstore-api-gateway-service], [TraceId -> cfed7949ea8ec05e], [SpanId -> cfed7949ea8ec05e] 
      <http-nio-8765-exec-6> com.devd.spring.bookstoreapigatewayservice.filters.PreFilter : PreFilter: GET request to http://localhost:8765/api/account/roles
[2026-09-20 17:55:33 IST] WARN [Service Name -> bookstore-api-gateway-service], [TraceId -> cfed7949ea8ec05e], [SpanId -> cfed7949ea8ec05e] 
      <http-nio-8765-exec-6> org.springframework.cloud.netflix.zuul.filters.route.support.AbstractRibbonCommand : The Hystrix timeout of 40000ms for the command bookstore-account-service is set lower than the combination of the Ribbon read and connect timeout, 140000ms.
[2026-09-20 17:55:33 IST] INFO [Service Name -> bookstore-api-gateway-service], [TraceId -> 06f5048cf2c8594c], [SpanId -> 06f5048cf2c8594c] 
      <http-nio-8765-exec-1> com.devd.spring.bookstoreapigatewayservice.filters.PreFilter : PreFilter: GET request to http://localhost:8765/api/account/users
[2026-09-20 17:55:33 IST] WARN [Service Name -> bookstore-api-gateway-service], [TraceId -> 06f5048cf2c8594c], [SpanId -> 06f5048cf2c8594c] 
      <http-nio-8765-exec-1> org.springframework.cloud.netflix.zuul.filters.route.support.AbstractRibbonCommand : The Hystrix timeout of 40000ms for the command bookstore-account-service is set lower than the combination of the Ribbon read and connect timeout, 140000ms.
[2026-09-20 17:55:33 IST] INFO [Service Name -> bookstore-api-gateway-service], [TraceId -> 0b447de61b51f2d3], [SpanId -> 0b447de61b51f2d3] 
      <http-nio-8765-exec-3> com.devd.spring.bookstoreapigatewayservice.filters.PreFilter : PreFilter: GET request to http://localhost:8765/api/account/user
[2026-09-20 17:55:33 IST] WARN [Service Name -> bookstore-api-gateway-service], [TraceId -> 0b447de61b51f2d3], [SpanId -> 0b447de61b51f2d3] 
      <http-nio-8765-exec-3> org.springframework.cloud.netflix.zuul.filters.route.support.AbstractRibbonCommand : The Hystrix timeout of 40000ms for the command bookstore-account-service is set lower than the combination of the Ribbon read and connect timeout, 140000ms.
[2026-09-20 17:55:33 IST] INFO [Service Name -> bookstore-api-gateway-service], [TraceId -> 34923b5880b19ef9], [SpanId -> 34923b5880b19ef9] 
      <http-nio-8765-exec-9> com.devd.spring.bookstoreapigatewayservice.filters.PreFilter : PreFilter: GET request to http://localhost:8765/api/account/users
[2026-09-20 17:55:33 IST] WARN [Service Name -> bookstore-api-gateway-service], [TraceId -> 34923b5880b19ef9], [SpanId -> 34923b5880b19ef9] 
      <http-nio-8765-exec-9> org.springframework.cloud.netflix.zuul.filters.route.support.AbstractRibbonCommand : The Hystrix timeout of 40000ms for the command bookstore-account-service is set lower than the combination of the Ribbon read and connect timeout, 140000ms.
[2026-09-20 17:55:40 IST] INFO [Service Name -> bookstore-api-gateway-service], [TraceId -> dd1888a1e9dea5cf], [SpanId -> dd1888a1e9dea5cf] 
      <http-nio-8765-exec-8> com.devd.spring.bookstoreapigatewayservice.filters.PreFilter : PreFilter: GET request to http://localhost:8765/api/catalog/products
[2026-09-20 17:55:40 IST] WARN [Service Name -> bookstore-api-gateway-service], [TraceId -> dd1888a1e9dea5cf], [SpanId -> dd1888a1e9dea5cf] 
      <http-nio-8765-exec-8> org.springframework.cloud.netflix.zuul.filters.route.support.AbstractRibbonCommand : The Hystrix timeout of 40000ms for the command bookstore-catalog-service is set lower than the combination of the Ribbon read and connect timeout, 140000ms.
[2026-09-20 17:55:46 IST] INFO [Service Name -> bookstore-api-gateway-service], [TraceId -> e68f2a70c36b7953], [SpanId -> e68f2a70c36b7953] 
      <http-nio-8765-exec-4> com.devd.spring.bookstoreapigatewayservice.filters.PreFilter : PreFilter: GET request to http://localhost:8765/api/catalog/image/
[2026-09-20 17:55:46 IST] WARN [Service Name -> bookstore-api-gateway-service], [TraceId -> e68f2a70c36b7953], [SpanId -> e68f2a70c36b7953] 
      <http-nio-8765-exec-4> org.springframework.cloud.netflix.zuul.filters.route.support.AbstractRibbonCommand : The Hystrix timeout of 40000ms for the command bookstore-catalog-service is set lower than the combination of the Ribbon read and connect timeout, 140000ms.
[2026-09-20 17:55:46 IST] INFO [Service Name -> bookstore-api-gateway-service], [TraceId -> 328fad49e5bd123c], [SpanId -> 328fad49e5bd123c] 
      <http-nio-8765-exec-10> com.devd.spring.bookstoreapigatewayservice.filters.PreFilter : PreFilter: GET request to http://localhost:8765/api/catalog/productCategories
[2026-09-20 17:55:46 IST] WARN [Service Name -> bookstore-api-gateway-service], [TraceId -> 328fad49e5bd123c], [SpanId -> 328fad49e5bd123c] 
      <http-nio-8765-exec-10> org.springframework.cloud.netflix.zuul.filters.route.support.AbstractRibbonCommand : The Hystrix timeout of 40000ms for the command bookstore-catalog-service is set lower than the combination of the Ribbon read and connect timeout, 140000ms.
[2026-09-20 17:56:03 IST] INFO [Service Name -> bookstore-api-gateway-service], [TraceId -> f21592cdf4b976b0], [SpanId -> f21592cdf4b976b0] 
      <http-nio-8765-exec-5> com.devd.spring.bookstoreapigatewayservice.filters.PreFilter : PreFilter: OPTIONS request to http://localhost:8765/api/catalog/product
[2026-09-20 17:56:03 IST] WARN [Service Name -> bookstore-api-gateway-service], [TraceId -> f21592cdf4b976b0], [SpanId -> f21592cdf4b976b0] 
      <http-nio-8765-exec-5> org.springframework.cloud.netflix.zuul.filters.route.support.AbstractRibbonCommand : The Hystrix timeout of 40000ms for the command bookstore-catalog-service is set lower than the combination of the Ribbon read and connect timeout, 140000ms.
[2026-09-20 17:56:03 IST] INFO [Service Name -> bookstore-api-gateway-service], [TraceId -> 5767d182b2fd956a], [SpanId -> 5767d182b2fd956a] 
      <http-nio-8765-exec-2> com.devd.spring.bookstoreapigatewayservice.filters.PreFilter : PreFilter: GET request to http://localhost:8765/api/catalog/products
[2026-09-20 17:56:03 IST] WARN [Service Name -> bookstore-api-gateway-service], [TraceId -> 5767d182b2fd956a], [SpanId -> 5767d182b2fd956a] 
      <http-nio-8765-exec-2> org.springframework.cloud.netflix.zuul.filters.route.support.AbstractRibbonCommand : The Hystrix timeout of 40000ms for the command bookstore-catalog-service is set lower than the combination of the Ribbon read and connect timeout, 140000ms.
[2026-09-20 17:56:03 IST] INFO [Service Name -> bookstore-api-gateway-service], [TraceId -> ba04c0ba153f6542], [SpanId -> ba04c0ba153f6542] 
      <http-nio-8765-exec-7> com.devd.spring.bookstoreapigatewayservice.filters.PreFilter : PreFilter: POST request to http://localhost:8765/api/catalog/product
[2026-09-20 17:56:03 IST] WARN [Service Name -> bookstore-api-gateway-service], [TraceId -> ba04c0ba153f6542], [SpanId -> ba04c0ba153f6542] 
      <http-nio-8765-exec-7> org.springframework.cloud.netflix.zuul.filters.route.support.AbstractRibbonCommand : The Hystrix timeout of 40000ms for the command bookstore-catalog-service is set lower than the combination of the Ribbon read and connect timeout, 140000ms.
[2026-09-20 17:56:07 IST] INFO [Service Name -> bookstore-api-gateway-service], [TraceId -> debb05350aaed89c], [SpanId -> debb05350aaed89c] 
      <http-nio-8765-exec-6> com.devd.spring.bookstoreapigatewayservice.filters.PreFilter : PreFilter: GET request to http://localhost:8765/api/catalog/products
[2026-09-20 17:56:07 IST] WARN [Service Name -> bookstore-api-gateway-service], [TraceId -> debb05350aaed89c], [SpanId -> debb05350aaed89c] 
      <http-nio-8765-exec-6> org.springframework.cloud.netflix.zuul.filters.route.support.AbstractRibbonCommand : The Hystrix timeout of 40000ms for the command bookstore-catalog-service is set lower than the combination of the Ribbon read and connect timeout, 140000ms.
[2026-09-20 17:56:10 IST] INFO [Service Name -> bookstore-api-gateway-service], [TraceId -> 0a5c5fd1989f3b12], [SpanId -> 0a5c5fd1989f3b12] 
      <http-nio-8765-exec-3> com.devd.spring.bookstoreapigatewayservice.filters.PreFilter : PreFilter: GET request to http://localhost:8765/api/catalog/products
[2026-09-20 17:56:10 IST] WARN [Service Name -> bookstore-api-gateway-service], [TraceId -> 0a5c5fd1989f3b12], [SpanId -> 0a5c5fd1989f3b12] 
      <http-nio-8765-exec-3> org.springframework.cloud.netflix.zuul.filters.route.support.AbstractRibbonCommand : The Hystrix timeout of 40000ms for the command bookstore-catalog-service is set lower than the combination of the Ribbon read and connect timeout, 140000ms.
[2026-09-20 17:56:10 IST] INFO [Service Name -> bookstore-api-gateway-service], [TraceId -> 364134283d1e89b7], [SpanId -> 364134283d1e89b7] 
      <http-nio-8765-exec-8> com.devd.spring.bookstoreapigatewayservice.filters.PreFilter : PreFilter: GET request to http://localhost:8765/api/catalog/products
[2026-09-20 17:56:10 IST] WARN [Service Name -> bookstore-api-gateway-service], [TraceId -> 364134283d1e89b7], [SpanId -> 364134283d1e89b7] 
      <http-nio-8765-exec-8> org.springframework.cloud.netflix.zuul.filters.route.support.AbstractRibbonCommand : The Hystrix timeout of 40000ms for the command bookstore-catalog-service is set lower than the combination of the Ribbon read and connect timeout, 140000ms.
[2026-09-20 17:56:10 IST] INFO [Service Name -> bookstore-api-gateway-service], [TraceId -> c879a8ac06643cb7], [SpanId -> c879a8ac06643cb7] 
      <http-nio-8765-exec-1> com.devd.spring.bookstoreapigatewayservice.filters.PreFilter : PreFilter: GET request to http://localhost:8765/api/catalog/products
[2026-09-20 17:56:10 IST] WARN [Service Name -> bookstore-api-gateway-service], [TraceId -> c879a8ac06643cb7], [SpanId -> c879a8ac06643cb7] 
      <http-nio-8765-exec-1> org.springframework.cloud.netflix.zuul.filters.route.support.AbstractRibbonCommand : The Hystrix timeout of 40000ms for the command bookstore-catalog-service is set lower than the combination of the Ribbon read and connect timeout, 140000ms.
[2026-09-20 17:56:13 IST] INFO [Service Name -> bookstore-api-gateway-service], [TraceId -> 3aedeea6b82c99e9], [SpanId -> 3aedeea6b82c99e9] 
      <http-nio-8765-exec-10> com.devd.spring.bookstoreapigatewayservice.filters.PreFilter : PreFilter: GET request to http://localhost:8765/api/catalog/products
[2026-09-20 17:56:13 IST] WARN [Service Name -> bookstore-api-gateway-service], [TraceId -> 3aedeea6b82c99e9], [SpanId -> 3aedeea6b82c99e9] 
      <http-nio-8765-exec-10> org.springframework.cloud.netflix.zuul.filters.route.support.AbstractRibbonCommand : The Hystrix timeout of 40000ms for the command bookstore-catalog-service is set lower than the combination of the Ribbon read and connect timeout, 140000ms.
[2026-09-20 17:56:15 IST] INFO [Service Name -> bookstore-api-gateway-service], [TraceId -> ccd409203fd0f207], [SpanId -> ccd409203fd0f207] 
      <http-nio-8765-exec-5> com.devd.spring.bookstoreapigatewayservice.filters.PreFilter : PreFilter: GET request to http://localhost:8765/api/catalog/products
[2026-09-20 17:56:15 IST] WARN [Service Name -> bookstore-api-gateway-service], [TraceId -> ccd409203fd0f207], [SpanId -> ccd409203fd0f207] 
      <http-nio-8765-exec-5> org.springframework.cloud.netflix.zuul.filters.route.support.AbstractRibbonCommand : The Hystrix timeout of 40000ms for the command bookstore-catalog-service is set lower than the combination of the Ribbon read and connect timeout, 140000ms.
[2026-09-20 17:56:19 IST] INFO [Service Name -> bookstore-api-gateway-service], [TraceId -> fff8cc69715d2ffa], [SpanId -> fff8cc69715d2ffa] 
      <http-nio-8765-exec-2> com.devd.spring.bookstoreapigatewayservice.filters.PreFilter : PreFilter: OPTIONS request to http://localhost:8765/api/order/orders
[2026-09-20 17:56:19 IST] WARN [Service Name -> bookstore-api-gateway-service], [TraceId -> fff8cc69715d2ffa], [SpanId -> fff8cc69715d2ffa] 
      <http-nio-8765-exec-2> org.springframework.cloud.netflix.zuul.filters.route.support.AbstractRibbonCommand : The Hystrix timeout of 40000ms for the command bookstore-order-service is set lower than the combination of the Ribbon read and connect timeout, 140000ms.
[2026-09-20 17:56:19 IST] INFO [Service Name -> bookstore-api-gateway-service], [TraceId -> 295846cbfeab6dc8], [SpanId -> 295846cbfeab6dc8] 
      <http-nio-8765-exec-6> com.devd.spring.bookstoreapigatewayservice.filters.PreFilter : PreFilter: GET request to http://localhost:8765/api/order/orders
[2026-09-20 17:56:19 IST] WARN [Service Name -> bookstore-api-gateway-service], [TraceId -> 295846cbfeab6dc8], [SpanId -> 295846cbfeab6dc8] 
      <http-nio-8765-exec-6> org.springframework.cloud.netflix.zuul.filters.route.support.AbstractRibbonCommand : The Hystrix timeout of 40000ms for the command bookstore-order-service is set lower than the combination of the Ribbon read and connect timeout, 140000ms.
[2026-09-20 17:56:24 IST] INFO [Service Name -> bookstore-api-gateway-service], [TraceId -> 13e6b4bedb8562eb], [SpanId -> 13e6b4bedb8562eb] 
      <http-nio-8765-exec-7> com.devd.spring.bookstoreapigatewayservice.filters.PreFilter : PreFilter: OPTIONS request to http://localhost:8765/api/order/orders
[2026-09-20 17:56:24 IST] WARN [Service Name -> bookstore-api-gateway-service], [TraceId -> 13e6b4bedb8562eb], [SpanId -> 13e6b4bedb8562eb] 
      <http-nio-8765-exec-7> org.springframework.cloud.netflix.zuul.filters.route.support.AbstractRibbonCommand : The Hystrix timeout of 40000ms for the command bookstore-order-service is set lower than the combination of the Ribbon read and connect timeout, 140000ms.
[2026-09-20 17:56:24 IST] INFO [Service Name -> bookstore-api-gateway-service], [TraceId -> 96026ed7ab4a80ea], [SpanId -> 96026ed7ab4a80ea] 
      <http-nio-8765-exec-9> com.devd.spring.bookstoreapigatewayservice.filters.PreFilter : PreFilter: GET request to http://localhost:8765/api/order/orders
[2026-09-20 17:56:24 IST] WARN [Service Name -> bookstore-api-gateway-service], [TraceId -> 96026ed7ab4a80ea], [SpanId -> 96026ed7ab4a80ea] 
      <http-nio-8765-exec-9> org.springframework.cloud.netflix.zuul.filters.route.support.AbstractRibbonCommand : The Hystrix timeout of 40000ms for the command bookstore-order-service is set lower than the combination of the Ribbon read and connect timeout, 140000ms.
[2026-09-20 17:56:26 IST] INFO [Service Name -> bookstore-api-gateway-service], [TraceId -> 7ec4bf6fd6d6cb67], [SpanId -> 7ec4bf6fd6d6cb67] 
      <http-nio-8765-exec-3> com.devd.spring.bookstoreapigatewayservice.filters.PreFilter : PreFilter: GET request to http://localhost:8765/api/catalog/products
[2026-09-20 17:56:26 IST] WARN [Service Name -> bookstore-api-gateway-service], [TraceId -> 7ec4bf6fd6d6cb67], [SpanId -> 7ec4bf6fd6d6cb67] 
      <http-nio-8765-exec-3> org.springframework.cloud.netflix.zuul.filters.route.support.AbstractRibbonCommand : The Hystrix timeout of 40000ms for the command bookstore-catalog-service is set lower than the combination of the Ribbon read and connect timeout, 140000ms.
[2026-09-20 17:56:29 IST] INFO [Service Name -> bookstore-api-gateway-service], [TraceId -> 78b0d5e4a6d5a5a3], [SpanId -> 78b0d5e4a6d5a5a3] 
      <http-nio-8765-exec-1> com.devd.spring.bookstoreapigatewayservice.filters.PreFilter : PreFilter: GET request to http://localhost:8765/api/catalog/image/
[2026-09-20 17:56:29 IST] WARN [Service Name -> bookstore-api-gateway-service], [TraceId -> 78b0d5e4a6d5a5a3], [SpanId -> 78b0d5e4a6d5a5a3] 
      <http-nio-8765-exec-1> org.springframework.cloud.netflix.zuul.filters.route.support.AbstractRibbonCommand : The Hystrix timeout of 40000ms for the command bookstore-catalog-service is set lower than the combination of the Ribbon read and connect timeout, 140000ms.
[2026-09-20 17:56:29 IST] INFO [Service Name -> bookstore-api-gateway-service], [TraceId -> 827dc77703990f8e], [SpanId -> 827dc77703990f8e] 
      <http-nio-8765-exec-8> com.devd.spring.bookstoreapigatewayservice.filters.PreFilter : PreFilter: GET request to http://localhost:8765/api/catalog/productCategories
[2026-09-20 17:56:29 IST] WARN [Service Name -> bookstore-api-gateway-service], [TraceId -> 827dc77703990f8e], [SpanId -> 827dc77703990f8e] 
      <http-nio-8765-exec-8> org.springframework.cloud.netflix.zuul.filters.route.support.AbstractRibbonCommand : The Hystrix timeout of 40000ms for the command bookstore-catalog-service is set lower than the combination of the Ribbon read and connect timeout, 140000ms.
[2026-09-20 17:56:31 IST] INFO [Service Name -> bookstore-api-gateway-service], [TraceId -> 273ef685076b1374], [SpanId -> 273ef685076b1374] 
      <http-nio-8765-exec-10> com.devd.spring.bookstoreapigatewayservice.filters.PreFilter : PreFilter: GET request to http://localhost:8765/api/catalog/image/
[2026-09-20 17:56:31 IST] INFO [Service Name -> bookstore-api-gateway-service], [TraceId -> f5365b86a912e8db], [SpanId -> f5365b86a912e8db] 
      <http-nio-8765-exec-4> com.devd.spring.bookstoreapigatewayservice.filters.PreFilter : PreFilter: GET request to http://localhost:8765/api/catalog/productCategories
[2026-09-20 17:56:31 IST] WARN [Service Name -> bookstore-api-gateway-service], [TraceId -> f5365b86a912e8db], [SpanId -> f5365b86a912e8db] 
      <http-nio-8765-exec-4> org.springframework.cloud.netflix.zuul.filters.route.support.AbstractRibbonCommand : The Hystrix timeout of 40000ms for the command bookstore-catalog-service is set lower than the combination of the Ribbon read and connect timeout, 140000ms.
[2026-09-20 17:56:31 IST] WARN [Service Name -> bookstore-api-gateway-service], [TraceId -> 273ef685076b1374], [SpanId -> 273ef685076b1374] 
      <http-nio-8765-exec-10> org.springframework.cloud.netflix.zuul.filters.route.support.AbstractRibbonCommand : The Hystrix timeout of 40000ms for the command bookstore-catalog-service is set lower than the combination of the Ribbon read and connect timeout, 140000ms.
[2026-09-20 17:56:34 IST] INFO [Service Name -> bookstore-api-gateway-service], [TraceId -> ee4b9651b515146d], [SpanId -> ee4b9651b515146d] 
      <http-nio-8765-exec-2> com.devd.spring.bookstoreapigatewayservice.filters.PreFilter : PreFilter: OPTIONS request to http://localhost:8765/api/account/userInfo
[2026-09-20 17:56:34 IST] INFO [Service Name -> bookstore-api-gateway-service], [TraceId -> cc7af457349d86d0], [SpanId -> cc7af457349d86d0] 
      <http-nio-8765-exec-6> com.devd.spring.bookstoreapigatewayservice.filters.PreFilter : PreFilter: OPTIONS request to http://localhost:8765/api/order/order/myorders
[2026-09-20 17:56:34 IST] WARN [Service Name -> bookstore-api-gateway-service], [TraceId -> cc7af457349d86d0], [SpanId -> cc7af457349d86d0] 
      <http-nio-8765-exec-6> org.springframework.cloud.netflix.zuul.filters.route.support.AbstractRibbonCommand : The Hystrix timeout of 40000ms for the command bookstore-order-service is set lower than the combination of the Ribbon read and connect timeout, 140000ms.
[2026-09-20 17:56:35 IST] WARN [Service Name -> bookstore-api-gateway-service], [TraceId -> ee4b9651b515146d], [SpanId -> ee4b9651b515146d] 
      <http-nio-8765-exec-2> org.springframework.cloud.netflix.zuul.filters.route.support.AbstractRibbonCommand : The Hystrix timeout of 40000ms for the command bookstore-account-service is set lower than the combination of the Ribbon read and connect timeout, 140000ms.
[2026-09-20 17:56:35 IST] INFO [Service Name -> bookstore-api-gateway-service], [TraceId -> 1f635b4be487d383], [SpanId -> 1f635b4be487d383] 
      <http-nio-8765-exec-9> com.devd.spring.bookstoreapigatewayservice.filters.PreFilter : PreFilter: GET request to http://localhost:8765/api/order/order/myorders
[2026-09-20 17:56:35 IST] WARN [Service Name -> bookstore-api-gateway-service], [TraceId -> 1f635b4be487d383], [SpanId -> 1f635b4be487d383] 
      <http-nio-8765-exec-9> org.springframework.cloud.netflix.zuul.filters.route.support.AbstractRibbonCommand : The Hystrix timeout of 40000ms for the command bookstore-order-service is set lower than the combination of the Ribbon read and connect timeout, 140000ms.
[2026-09-20 17:56:35 IST] INFO [Service Name -> bookstore-api-gateway-service], [TraceId -> ae48b7310773db71], [SpanId -> ae48b7310773db71] 
      <http-nio-8765-exec-3> com.devd.spring.bookstoreapigatewayservice.filters.PreFilter : PreFilter: GET request to http://localhost:8765/api/account/userInfo
[2026-09-20 17:56:35 IST] WARN [Service Name -> bookstore-api-gateway-service], [TraceId -> ae48b7310773db71], [SpanId -> ae48b7310773db71] 
      <http-nio-8765-exec-3> org.springframework.cloud.netflix.zuul.filters.route.support.AbstractRibbonCommand : The Hystrix timeout of 40000ms for the command bookstore-account-service is set lower than the combination of the Ribbon read and connect timeout, 140000ms.
[2026-09-20 17:56:35 IST] INFO [Service Name -> bookstore-api-gateway-service], [TraceId -> b1b88c0fa44492c8], [SpanId -> b1b88c0fa44492c8] 
      <http-nio-8765-exec-1> com.devd.spring.bookstoreapigatewayservice.filters.PreFilter : PreFilter: OPTIONS request to http://localhost:8765/api/order/order/myorders
[2026-09-20 17:56:35 IST] WARN [Service Name -> bookstore-api-gateway-service], [TraceId -> b1b88c0fa44492c8], [SpanId -> b1b88c0fa44492c8] 
      <http-nio-8765-exec-1> org.springframework.cloud.netflix.zuul.filters.route.support.AbstractRibbonCommand : The Hystrix timeout of 40000ms for the command bookstore-order-service is set lower than the combination of the Ribbon read and connect timeout, 140000ms.
[2026-09-20 17:56:35 IST] INFO [Service Name -> bookstore-api-gateway-service], [TraceId -> ff31a4bfeaef66c8], [SpanId -> ff31a4bfeaef66c8] 
      <http-nio-8765-exec-8> com.devd.spring.bookstoreapigatewayservice.filters.PreFilter : PreFilter: GET request to http://localhost:8765/api/order/order/myorders
[2026-09-20 17:56:35 IST] WARN [Service Name -> bookstore-api-gateway-service], [TraceId -> ff31a4bfeaef66c8], [SpanId -> ff31a4bfeaef66c8] 
      <http-nio-8765-exec-8> org.springframework.cloud.netflix.zuul.filters.route.support.AbstractRibbonCommand : The Hystrix timeout of 40000ms for the command bookstore-order-service is set lower than the combination of the Ribbon read and connect timeout, 140000ms.
[2026-09-20 17:56:38 IST] INFO [Service Name -> bookstore-api-gateway-service], [TraceId -> 1b25c1a4847cf9d3], [SpanId -> 1b25c1a4847cf9d3] 
      <http-nio-8765-exec-10> com.devd.spring.bookstoreapigatewayservice.filters.PreFilter : PreFilter: GET request to http://localhost:8765/api/catalog/products
[2026-09-20 17:56:38 IST] WARN [Service Name -> bookstore-api-gateway-service], [TraceId -> 1b25c1a4847cf9d3], [SpanId -> 1b25c1a4847cf9d3] 
      <http-nio-8765-exec-10> org.springframework.cloud.netflix.zuul.filters.route.support.AbstractRibbonCommand : The Hystrix timeout of 40000ms for the command bookstore-catalog-service is set lower than the combination of the Ribbon read and connect timeout, 140000ms.
[2026-09-20 17:56:38 IST] INFO [Service Name -> bookstore-api-gateway-service], [TraceId -> 72d793ce3361b2f0], [SpanId -> 72d793ce3361b2f0] 
      <http-nio-8765-exec-5> com.devd.spring.bookstoreapigatewayservice.filters.PreFilter : PreFilter: GET request to http://localhost:8765/api/catalog/image/c16108e1-8276-41ad-bf12-4aee4c0a7e65__IndModernLiterature.jpg
[2026-09-20 17:56:38 IST] INFO [Service Name -> bookstore-api-gateway-service], [TraceId -> 130bcb27c468747d], [SpanId -> 130bcb27c468747d] 
      <http-nio-8765-exec-6> com.devd.spring.bookstoreapigatewayservice.filters.PreFilter : PreFilter: GET request to http://localhost:8765/api/catalog/image/2b3ba80b-da93-4206-b50f-83008180a09e__sheHolmes.jpg
[2026-09-20 17:56:38 IST] INFO [Service Name -> bookstore-api-gateway-service], [TraceId -> 593ec6f59ab8d543], [SpanId -> 593ec6f59ab8d543] 
      <http-nio-8765-exec-7> com.devd.spring.bookstoreapigatewayservice.filters.PreFilter : PreFilter: GET request to http://localhost:8765/api/catalog/image/0547ab94-59f8-4352-b17b-0918d07913f2__pricePredudice.jpg
[2026-09-20 17:56:38 IST] INFO [Service Name -> bookstore-api-gateway-service], [TraceId -> c87cc95dc30fcbbe], [SpanId -> c87cc95dc30fcbbe] 
      <http-nio-8765-exec-2> com.devd.spring.bookstoreapigatewayservice.filters.PreFilter : PreFilter: GET request to http://localhost:8765/api/catalog/image/4b050ba6-9573-4554-bdd4-26ae806c06aa__IntroEngLit.jpg
[2026-09-20 17:56:38 IST] WARN [Service Name -> bookstore-api-gateway-service], [TraceId -> 130bcb27c468747d], [SpanId -> 130bcb27c468747d] 
      <http-nio-8765-exec-6> org.springframework.cloud.netflix.zuul.filters.route.support.AbstractRibbonCommand : The Hystrix timeout of 40000ms for the command bookstore-catalog-service is set lower than the combination of the Ribbon read and connect timeout, 140000ms.
[2026-09-20 17:56:38 IST] WARN [Service Name -> bookstore-api-gateway-service], [TraceId -> c87cc95dc30fcbbe], [SpanId -> c87cc95dc30fcbbe] 
      <http-nio-8765-exec-2> org.springframework.cloud.netflix.zuul.filters.route.support.AbstractRibbonCommand : The Hystrix timeout of 40000ms for the command bookstore-catalog-service is set lower than the combination of the Ribbon read and connect timeout, 140000ms.
[2026-09-20 17:56:38 IST] WARN [Service Name -> bookstore-api-gateway-service], [TraceId -> 72d793ce3361b2f0], [SpanId -> 72d793ce3361b2f0] 
      <http-nio-8765-exec-5> org.springframework.cloud.netflix.zuul.filters.route.support.AbstractRibbonCommand : The Hystrix timeout of 40000ms for the command bookstore-catalog-service is set lower than the combination of the Ribbon read and connect timeout, 140000ms.
[2026-09-20 17:56:38 IST] INFO [Service Name -> bookstore-api-gateway-service], [TraceId -> 6f50aef36cdeb68c], [SpanId -> 6f50aef36cdeb68c] 
      <http-nio-8765-exec-9> com.devd.spring.bookstoreapigatewayservice.filters.PreFilter : PreFilter: GET request to http://localhost:8765/api/catalog/image/8e6abb0e-180b-4e8e-856a-cb8491ff9454__greatGatsby.jpg
[2026-09-20 17:56:38 IST] INFO [Service Name -> bookstore-api-gateway-service], [TraceId -> bb50527174fc7162], [SpanId -> bb50527174fc7162] 
      <http-nio-8765-exec-1> com.devd.spring.bookstoreapigatewayservice.filters.PreFilter : PreFilter: GET request to http://localhost:8765/api/catalog/image/1ecfd5c4-dba2-4feb-bd88-006105a8d5ab__alchemist.jpg
[2026-09-20 17:56:38 IST] INFO [Service Name -> bookstore-api-gateway-service], [TraceId -> 59ba2c669f37da8c], [SpanId -> 59ba2c669f37da8c] 
      <http-nio-8765-exec-8> com.devd.spring.bookstoreapigatewayservice.filters.PreFilter : PreFilter: GET request to http://localhost:8765/api/catalog/image/e6602eb6-3f67-4993-abc8-0b54a36bad1b__thousandSplendidSuns.jpg
[2026-09-20 17:56:38 IST] WARN [Service Name -> bookstore-api-gateway-service], [TraceId -> 6f50aef36cdeb68c], [SpanId -> 6f50aef36cdeb68c] 
      <http-nio-8765-exec-9> org.springframework.cloud.netflix.zuul.filters.route.support.AbstractRibbonCommand : The Hystrix timeout of 40000ms for the command bookstore-catalog-service is set lower than the combination of the Ribbon read and connect timeout, 140000ms.
[2026-09-20 17:56:38 IST] WARN [Service Name -> bookstore-api-gateway-service], [TraceId -> bb50527174fc7162], [SpanId -> bb50527174fc7162] 
      <http-nio-8765-exec-1> org.springframework.cloud.netflix.zuul.filters.route.support.AbstractRibbonCommand : The Hystrix timeout of 40000ms for the command bookstore-catalog-service is set lower than the combination of the Ribbon read and connect timeout, 140000ms.
[2026-09-20 17:56:38 IST] WARN [Service Name -> bookstore-api-gateway-service], [TraceId -> 59ba2c669f37da8c], [SpanId -> 59ba2c669f37da8c] 
      <http-nio-8765-exec-8> org.springframework.cloud.netflix.zuul.filters.route.support.AbstractRibbonCommand : The Hystrix timeout of 40000ms for the command bookstore-catalog-service is set lower than the combination of the Ribbon read and connect timeout, 140000ms.
[2026-09-20 17:56:38 IST] WARN [Service Name -> bookstore-api-gateway-service], [TraceId -> 593ec6f59ab8d543], [SpanId -> 593ec6f59ab8d543] 
      <http-nio-8765-exec-7> org.springframework.cloud.netflix.zuul.filters.route.support.AbstractRibbonCommand : The Hystrix timeout of 40000ms for the command bookstore-catalog-service is set lower than the combination of the Ribbon read and connect timeout, 140000ms.
[2026-09-20 17:56:38 IST] INFO [Service Name -> bookstore-api-gateway-service], [TraceId -> 76d824d594a2ea63], [SpanId -> 76d824d594a2ea63] 
      <http-nio-8765-exec-3> com.devd.spring.bookstoreapigatewayservice.filters.PreFilter : PreFilter: GET request to http://localhost:8765/api/catalog/image/b1175b20-e946-42a6-b63d-83e35b7a73fa__oneArrangedMurder.jpg
[2026-09-20 17:56:38 IST] WARN [Service Name -> bookstore-api-gateway-service], [TraceId -> 76d824d594a2ea63], [SpanId -> 76d824d594a2ea63] 
      <http-nio-8765-exec-3> org.springframework.cloud.netflix.zuul.filters.route.support.AbstractRibbonCommand : The Hystrix timeout of 40000ms for the command bookstore-catalog-service is set lower than the combination of the Ribbon read and connect timeout, 140000ms.
[2026-09-20 17:56:59 IST] INFO [Service Name -> bookstore-api-gateway-service], [TraceId -> 31c68d8c4b8749d2], [SpanId -> 31c68d8c4b8749d2] 
      <http-nio-8765-exec-4> com.devd.spring.bookstoreapigatewayservice.filters.PreFilter : PreFilter: GET request to http://localhost:8765/api/catalog/products
[2026-09-20 17:56:59 IST] WARN [Service Name -> bookstore-api-gateway-service], [TraceId -> 31c68d8c4b8749d2], [SpanId -> 31c68d8c4b8749d2] 
      <http-nio-8765-exec-4> org.springframework.cloud.netflix.zuul.filters.route.support.AbstractRibbonCommand : The Hystrix timeout of 40000ms for the command bookstore-catalog-service is set lower than the combination of the Ribbon read and connect timeout, 140000ms.
[2026-09-20 17:57:04 IST] INFO [Service Name -> bookstore-api-gateway-service], [TraceId -> 747897fbc810b503], [SpanId -> 747897fbc810b503] 
      <http-nio-8765-exec-10> com.devd.spring.bookstoreapigatewayservice.filters.PreFilter : PreFilter: OPTIONS request to http://localhost:8765/api/account/users
[2026-09-20 17:57:04 IST] WARN [Service Name -> bookstore-api-gateway-service], [TraceId -> 747897fbc810b503], [SpanId -> 747897fbc810b503] 
      <http-nio-8765-exec-10> org.springframework.cloud.netflix.zuul.filters.route.support.AbstractRibbonCommand : The Hystrix timeout of 40000ms for the command bookstore-account-service is set lower than the combination of the Ribbon read and connect timeout, 140000ms.
[2026-09-20 17:57:04 IST] INFO [Service Name -> bookstore-api-gateway-service], [TraceId -> 3bca4ed1c325a10d], [SpanId -> 3bca4ed1c325a10d] 
      <http-nio-8765-exec-8> com.devd.spring.bookstoreapigatewayservice.filters.PreFilter : PreFilter: GET request to http://localhost:8765/api/account/users
[2026-09-20 17:57:04 IST] WARN [Service Name -> bookstore-api-gateway-service], [TraceId -> 3bca4ed1c325a10d], [SpanId -> 3bca4ed1c325a10d] 
      <http-nio-8765-exec-8> org.springframework.cloud.netflix.zuul.filters.route.support.AbstractRibbonCommand : The Hystrix timeout of 40000ms for the command bookstore-account-service is set lower than the combination of the Ribbon read and connect timeout, 140000ms.
[2026-09-20 17:57:08 IST] INFO [Service Name -> bookstore-api-gateway-service], [TraceId -> 025c7f58ff9c142a], [SpanId -> 025c7f58ff9c142a] 
      <http-nio-8765-exec-5> com.devd.spring.bookstoreapigatewayservice.filters.PreFilter : PreFilter: OPTIONS request to http://localhost:8765/api/order/order/myorders
[2026-09-20 17:57:08 IST] WARN [Service Name -> bookstore-api-gateway-service], [TraceId -> 025c7f58ff9c142a], [SpanId -> 025c7f58ff9c142a] 
      <http-nio-8765-exec-5> org.springframework.cloud.netflix.zuul.filters.route.support.AbstractRibbonCommand : The Hystrix timeout of 40000ms for the command bookstore-order-service is set lower than the combination of the Ribbon read and connect timeout, 140000ms.
[2026-09-20 17:57:09 IST] INFO [Service Name -> bookstore-api-gateway-service], [TraceId -> c2253827d8d6281b], [SpanId -> c2253827d8d6281b] 
      <http-nio-8765-exec-2> com.devd.spring.bookstoreapigatewayservice.filters.PreFilter : PreFilter: GET request to http://localhost:8765/api/order/order/myorders
[2026-09-20 17:57:09 IST] WARN [Service Name -> bookstore-api-gateway-service], [TraceId -> c2253827d8d6281b], [SpanId -> c2253827d8d6281b] 
      <http-nio-8765-exec-2> org.springframework.cloud.netflix.zuul.filters.route.support.AbstractRibbonCommand : The Hystrix timeout of 40000ms for the command bookstore-order-service is set lower than the combination of the Ribbon read and connect timeout, 140000ms.
[2026-09-20 17:58:59 IST] INFO [Service Name -> bookstore-api-gateway-service], [TraceId -> ], [SpanId -> ] 
      <AsyncResolver-bootstrap-executor-0> com.netflix.discovery.shared.resolver.aws.ConfigClusterResolver : Resolving eureka endpoints via configuration
[2026-09-20 18:01:00 IST] INFO [Service Name -> bookstore-api-gateway-service], [TraceId -> 5aa5bc08057b123c], [SpanId -> 5aa5bc08057b123c] 
      <http-nio-8765-exec-9> com.devd.spring.bookstoreapigatewayservice.filters.PreFilter : PreFilter: GET request to http://localhost:8765/api/order/order/myorders
[2026-09-20 18:01:00 IST] WARN [Service Name -> bookstore-api-gateway-service], [TraceId -> 5aa5bc08057b123c], [SpanId -> 5aa5bc08057b123c] 
      <http-nio-8765-exec-9> org.springframework.cloud.netflix.zuul.filters.route.support.AbstractRibbonCommand : The Hystrix timeout of 40000ms for the command bookstore-order-service is set lower than the combination of the Ribbon read and connect timeout, 140000ms.
[2026-09-20 18:01:02 IST] INFO [Service Name -> bookstore-api-gateway-service], [TraceId -> c737c1d5f978bce5], [SpanId -> c737c1d5f978bce5] 
      <http-nio-8765-exec-7> com.devd.spring.bookstoreapigatewayservice.filters.PreFilter : PreFilter: GET request to http://localhost:8765/api/catalog/products
[2026-09-20 18:01:02 IST] WARN [Service Name -> bookstore-api-gateway-service], [TraceId -> c737c1d5f978bce5], [SpanId -> c737c1d5f978bce5] 
      <http-nio-8765-exec-7> org.springframework.cloud.netflix.zuul.filters.route.support.AbstractRibbonCommand : The Hystrix timeout of 40000ms for the command bookstore-catalog-service is set lower than the combination of the Ribbon read and connect timeout, 140000ms.
[2026-09-20 18:01:03 IST] INFO [Service Name -> bookstore-api-gateway-service], [TraceId -> 59e720511ccb9725], [SpanId -> 59e720511ccb9725] 
      <http-nio-8765-exec-3> com.devd.spring.bookstoreapigatewayservice.filters.PreFilter : PreFilter: GET request to http://localhost:8765/api/catalog/image/c16108e1-8276-41ad-bf12-4aee4c0a7e65__IndModernLiterature.jpg
[2026-09-20 18:01:03 IST] WARN [Service Name -> bookstore-api-gateway-service], [TraceId -> 59e720511ccb9725], [SpanId -> 59e720511ccb9725] 
      <http-nio-8765-exec-3> org.springframework.cloud.netflix.zuul.filters.route.support.AbstractRibbonCommand : The Hystrix timeout of 40000ms for the command bookstore-catalog-service is set lower than the combination of the Ribbon read and connect timeout, 140000ms.
[2026-09-20 18:01:03 IST] INFO [Service Name -> bookstore-api-gateway-service], [TraceId -> 48a338ddec59db9a], [SpanId -> 48a338ddec59db9a] 
      <http-nio-8765-exec-6> com.devd.spring.bookstoreapigatewayservice.filters.PreFilter : PreFilter: GET request to http://localhost:8765/api/catalog/image/2b3ba80b-da93-4206-b50f-83008180a09e__sheHolmes.jpg
[2026-09-20 18:01:03 IST] INFO [Service Name -> bookstore-api-gateway-service], [TraceId -> 03b6be7c78960075], [SpanId -> 03b6be7c78960075] 
      <http-nio-8765-exec-4> com.devd.spring.bookstoreapigatewayservice.filters.PreFilter : PreFilter: GET request to http://localhost:8765/api/catalog/image/0547ab94-59f8-4352-b17b-0918d07913f2__pricePredudice.jpg
[2026-09-20 18:01:03 IST] WARN [Service Name -> bookstore-api-gateway-service], [TraceId -> 48a338ddec59db9a], [SpanId -> 48a338ddec59db9a] 
      <http-nio-8765-exec-6> org.springframework.cloud.netflix.zuul.filters.route.support.AbstractRibbonCommand : The Hystrix timeout of 40000ms for the command bookstore-catalog-service is set lower than the combination of the Ribbon read and connect timeout, 140000ms.
[2026-09-20 18:01:03 IST] WARN [Service Name -> bookstore-api-gateway-service], [TraceId -> 03b6be7c78960075], [SpanId -> 03b6be7c78960075] 
      <http-nio-8765-exec-4> org.springframework.cloud.netflix.zuul.filters.route.support.AbstractRibbonCommand : The Hystrix timeout of 40000ms for the command bookstore-catalog-service is set lower than the combination of the Ribbon read and connect timeout, 140000ms.
[2026-09-20 18:01:03 IST] INFO [Service Name -> bookstore-api-gateway-service], [TraceId -> 8046be53c52b951b], [SpanId -> 8046be53c52b951b] 
      <http-nio-8765-exec-10> com.devd.spring.bookstoreapigatewayservice.filters.PreFilter : PreFilter: GET request to http://localhost:8765/api/catalog/image/4b050ba6-9573-4554-bdd4-26ae806c06aa__IntroEngLit.jpg
[2026-09-20 18:01:03 IST] INFO [Service Name -> bookstore-api-gateway-service], [TraceId -> 92752e6ef71138ae], [SpanId -> 92752e6ef71138ae] 
      <http-nio-8765-exec-8> com.devd.spring.bookstoreapigatewayservice.filters.PreFilter : PreFilter: GET request to http://localhost:8765/api/catalog/image/8e6abb0e-180b-4e8e-856a-cb8491ff9454__greatGatsby.jpg
[2026-09-20 18:01:03 IST] INFO [Service Name -> bookstore-api-gateway-service], [TraceId -> 7b07001bf0b74e76], [SpanId -> 7b07001bf0b74e76] 
      <http-nio-8765-exec-5> com.devd.spring.bookstoreapigatewayservice.filters.PreFilter : PreFilter: GET request to http://localhost:8765/api/catalog/image/b1175b20-e946-42a6-b63d-83e35b7a73fa__oneArrangedMurder.jpg
[2026-09-20 18:01:03 IST] WARN [Service Name -> bookstore-api-gateway-service], [TraceId -> 8046be53c52b951b], [SpanId -> 8046be53c52b951b] 
      <http-nio-8765-exec-10> org.springframework.cloud.netflix.zuul.filters.route.support.AbstractRibbonCommand : The Hystrix timeout of 40000ms for the command bookstore-catalog-service is set lower than the combination of the Ribbon read and connect timeout, 140000ms.
[2026-09-20 18:01:03 IST] INFO [Service Name -> bookstore-api-gateway-service], [TraceId -> bf47ea9fab8efac1], [SpanId -> bf47ea9fab8efac1] 
      <http-nio-8765-exec-1> com.devd.spring.bookstoreapigatewayservice.filters.PreFilter : PreFilter: GET request to http://localhost:8765/api/catalog/image/1ecfd5c4-dba2-4feb-bd88-006105a8d5ab__alchemist.jpg
[2026-09-20 18:01:03 IST] WARN [Service Name -> bookstore-api-gateway-service], [TraceId -> 92752e6ef71138ae], [SpanId -> 92752e6ef71138ae] 
      <http-nio-8765-exec-8> org.springframework.cloud.netflix.zuul.filters.route.support.AbstractRibbonCommand : The Hystrix timeout of 40000ms for the command bookstore-catalog-service is set lower than the combination of the Ribbon read and connect timeout, 140000ms.
[2026-09-20 18:01:03 IST] WARN [Service Name -> bookstore-api-gateway-service], [TraceId -> 7b07001bf0b74e76], [SpanId -> 7b07001bf0b74e76] 
      <http-nio-8765-exec-5> org.springframework.cloud.netflix.zuul.filters.route.support.AbstractRibbonCommand : The Hystrix timeout of 40000ms for the command bookstore-catalog-service is set lower than the combination of the Ribbon read and connect timeout, 140000ms.
[2026-09-20 18:01:03 IST] WARN [Service Name -> bookstore-api-gateway-service], [TraceId -> bf47ea9fab8efac1], [SpanId -> bf47ea9fab8efac1] 
      <http-nio-8765-exec-1> org.springframework.cloud.netflix.zuul.filters.route.support.AbstractRibbonCommand : The Hystrix timeout of 40000ms for the command bookstore-catalog-service is set lower than the combination of the Ribbon read and connect timeout, 140000ms.
[2026-09-20 18:01:03 IST] INFO [Service Name -> bookstore-api-gateway-service], [TraceId -> 3b26e1948c56c4ab], [SpanId -> 3b26e1948c56c4ab] 
      <http-nio-8765-exec-2> com.devd.spring.bookstoreapigatewayservice.filters.PreFilter : PreFilter: GET request to http://localhost:8765/api/catalog/image/e6602eb6-3f67-4993-abc8-0b54a36bad1b__thousandSplendidSuns.jpg
[2026-09-20 18:01:03 IST] WARN [Service Name -> bookstore-api-gateway-service], [TraceId -> 3b26e1948c56c4ab], [SpanId -> 3b26e1948c56c4ab] 
      <http-nio-8765-exec-2> org.springframework.cloud.netflix.zuul.filters.route.support.AbstractRibbonCommand : The Hystrix timeout of 40000ms for the command bookstore-catalog-service is set lower than the combination of the Ribbon read and connect timeout, 140000ms.
[2026-09-20 18:01:07 IST] INFO [Service Name -> bookstore-api-gateway-service], [TraceId -> e44200956ea0a4c6], [SpanId -> e44200956ea0a4c6] 
      <http-nio-8765-exec-9> com.devd.spring.bookstoreapigatewayservice.filters.PreFilter : PreFilter: GET request to http://localhost:8765/api/catalog/products
[2026-09-20 18:01:07 IST] WARN [Service Name -> bookstore-api-gateway-service], [TraceId -> e44200956ea0a4c6], [SpanId -> e44200956ea0a4c6] 
      <http-nio-8765-exec-9> org.springframework.cloud.netflix.zuul.filters.route.support.AbstractRibbonCommand : The Hystrix timeout of 40000ms for the command bookstore-catalog-service is set lower than the combination of the Ribbon read and connect timeout, 140000ms.
[2026-09-20 18:01:07 IST] INFO [Service Name -> bookstore-api-gateway-service], [TraceId -> 3b6d76b9c3c5c574], [SpanId -> 3b6d76b9c3c5c574] 
      <http-nio-8765-exec-3> com.devd.spring.bookstoreapigatewayservice.filters.PreFilter : PreFilter: GET request to http://localhost:8765/api/catalog/image/
[2026-09-20 18:01:07 IST] WARN [Service Name -> bookstore-api-gateway-service], [TraceId -> 3b6d76b9c3c5c574], [SpanId -> 3b6d76b9c3c5c574] 
      <http-nio-8765-exec-3> org.springframework.cloud.netflix.zuul.filters.route.support.AbstractRibbonCommand : The Hystrix timeout of 40000ms for the command bookstore-catalog-service is set lower than the combination of the Ribbon read and connect timeout, 140000ms.
[2026-09-20 18:01:07 IST] INFO [Service Name -> bookstore-api-gateway-service], [TraceId -> d141d7dfcf33f88e], [SpanId -> d141d7dfcf33f88e] 
      <http-nio-8765-exec-10> com.devd.spring.bookstoreapigatewayservice.filters.PreFilter : PreFilter: GET request to http://localhost:8765/api/catalog/image/990945b7-900e-432b-9b2c-79ea20302f6e__Productivity%20Superhero.jpg
[2026-09-20 18:01:07 IST] WARN [Service Name -> bookstore-api-gateway-service], [TraceId -> d141d7dfcf33f88e], [SpanId -> d141d7dfcf33f88e] 
      <http-nio-8765-exec-10> org.springframework.cloud.netflix.zuul.filters.route.support.AbstractRibbonCommand : The Hystrix timeout of 40000ms for the command bookstore-catalog-service is set lower than the combination of the Ribbon read and connect timeout, 140000ms.
[2026-09-20 18:01:08 IST] INFO [Service Name -> bookstore-api-gateway-service], [TraceId -> ee35a21097ffc334], [SpanId -> ee35a21097ffc334] 
      <http-nio-8765-exec-6> com.devd.spring.bookstoreapigatewayservice.filters.PreFilter : PreFilter: GET request to http://localhost:8765/api/catalog/product/d265fcf8-51c3-4a3d-9c22-5a4abf1c3732
[2026-09-20 18:01:08 IST] WARN [Service Name -> bookstore-api-gateway-service], [TraceId -> ee35a21097ffc334], [SpanId -> ee35a21097ffc334] 
      <http-nio-8765-exec-6> org.springframework.cloud.netflix.zuul.filters.route.support.AbstractRibbonCommand : The Hystrix timeout of 40000ms for the command bookstore-catalog-service is set lower than the combination of the Ribbon read and connect timeout, 140000ms.
[2026-09-20 18:01:08 IST] INFO [Service Name -> bookstore-api-gateway-service], [TraceId -> 2e6fd6b29eed62f0], [SpanId -> 2e6fd6b29eed62f0] 
      <http-nio-8765-exec-4> com.devd.spring.bookstoreapigatewayservice.filters.PreFilter : PreFilter: GET request to http://localhost:8765/api/catalog/product/d265fcf8-51c3-4a3d-9c22-5a4abf1c3732
[2026-09-20 18:01:08 IST] WARN [Service Name -> bookstore-api-gateway-service], [TraceId -> 2e6fd6b29eed62f0], [SpanId -> 2e6fd6b29eed62f0] 
      <http-nio-8765-exec-4> org.springframework.cloud.netflix.zuul.filters.route.support.AbstractRibbonCommand : The Hystrix timeout of 40000ms for the command bookstore-catalog-service is set lower than the combination of the Ribbon read and connect timeout, 140000ms.
[2026-09-20 18:01:08 IST] INFO [Service Name -> bookstore-api-gateway-service], [TraceId -> 5b30f3c5a5fa6000], [SpanId -> 5b30f3c5a5fa6000] 
      <http-nio-8765-exec-5> com.devd.spring.bookstoreapigatewayservice.filters.PreFilter : PreFilter: GET request to http://localhost:8765/api/catalog/review
[2026-09-20 18:01:08 IST] INFO [Service Name -> bookstore-api-gateway-service], [TraceId -> 212c07be689fa854], [SpanId -> 212c07be689fa854] 
      <http-nio-8765-exec-1> com.devd.spring.bookstoreapigatewayservice.filters.PreFilter : PreFilter: GET request to http://localhost:8765/api/catalog/image/undefined
[2026-09-20 18:01:08 IST] WARN [Service Name -> bookstore-api-gateway-service], [TraceId -> 5b30f3c5a5fa6000], [SpanId -> 5b30f3c5a5fa6000] 
      <http-nio-8765-exec-5> org.springframework.cloud.netflix.zuul.filters.route.support.AbstractRibbonCommand : The Hystrix timeout of 40000ms for the command bookstore-catalog-service is set lower than the combination of the Ribbon read and connect timeout, 140000ms.
[2026-09-20 18:01:08 IST] WARN [Service Name -> bookstore-api-gateway-service], [TraceId -> 212c07be689fa854], [SpanId -> 212c07be689fa854] 
      <http-nio-8765-exec-1> org.springframework.cloud.netflix.zuul.filters.route.support.AbstractRibbonCommand : The Hystrix timeout of 40000ms for the command bookstore-catalog-service is set lower than the combination of the Ribbon read and connect timeout, 140000ms.
[2026-09-20 18:01:08 IST] INFO [Service Name -> bookstore-api-gateway-service], [TraceId -> 6ae256fec4beb737], [SpanId -> 6ae256fec4beb737] 
      <http-nio-8765-exec-2> com.devd.spring.bookstoreapigatewayservice.filters.PreFilter : PreFilter: GET request to http://localhost:8765/api/catalog/review
[2026-09-20 18:01:08 IST] INFO [Service Name -> bookstore-api-gateway-service], [TraceId -> 2883228f20060d02], [SpanId -> 2883228f20060d02] 
      <http-nio-8765-exec-9> com.devd.spring.bookstoreapigatewayservice.filters.PreFilter : PreFilter: GET request to http://localhost:8765/api/catalog/image/
[2026-09-20 18:01:08 IST] WARN [Service Name -> bookstore-api-gateway-service], [TraceId -> 6ae256fec4beb737], [SpanId -> 6ae256fec4beb737] 
      <http-nio-8765-exec-2> org.springframework.cloud.netflix.zuul.filters.route.support.AbstractRibbonCommand : The Hystrix timeout of 40000ms for the command bookstore-catalog-service is set lower than the combination of the Ribbon read and connect timeout, 140000ms.
[2026-09-20 18:01:09 IST] WARN [Service Name -> bookstore-api-gateway-service], [TraceId -> 2883228f20060d02], [SpanId -> 2883228f20060d02] 
      <http-nio-8765-exec-9> org.springframework.cloud.netflix.zuul.filters.route.support.AbstractRibbonCommand : The Hystrix timeout of 40000ms for the command bookstore-catalog-service is set lower than the combination of the Ribbon read and connect timeout, 140000ms.
[2026-09-20 18:01:10 IST] INFO [Service Name -> bookstore-api-gateway-service], [TraceId -> 0a904742368d98df], [SpanId -> 0a904742368d98df] 
      <http-nio-8765-exec-7> com.devd.spring.bookstoreapigatewayservice.filters.PreFilter : PreFilter: GET request to http://localhost:8765/api/catalog/image/990945b7-900e-432b-9b2c-79ea20302f6e__Productivity%20Superhero.jpg
[2026-09-20 18:01:10 IST] INFO [Service Name -> bookstore-api-gateway-service], [TraceId -> 5c57db619b09c76a], [SpanId -> 5c57db619b09c76a] 
      <http-nio-8765-exec-10> com.devd.spring.bookstoreapigatewayservice.filters.PreFilter : PreFilter: GET request to http://localhost:8765/api/catalog/image/
[2026-09-20 18:01:10 IST] WARN [Service Name -> bookstore-api-gateway-service], [TraceId -> 5c57db619b09c76a], [SpanId -> 5c57db619b09c76a] 
      <http-nio-8765-exec-10> org.springframework.cloud.netflix.zuul.filters.route.support.AbstractRibbonCommand : The Hystrix timeout of 40000ms for the command bookstore-catalog-service is set lower than the combination of the Ribbon read and connect timeout, 140000ms.
[2026-09-20 18:01:10 IST] WARN [Service Name -> bookstore-api-gateway-service], [TraceId -> 0a904742368d98df], [SpanId -> 0a904742368d98df] 
      <http-nio-8765-exec-7> org.springframework.cloud.netflix.zuul.filters.route.support.AbstractRibbonCommand : The Hystrix timeout of 40000ms for the command bookstore-catalog-service is set lower than the combination of the Ribbon read and connect timeout, 140000ms.
[2026-09-20 18:01:10 IST] INFO [Service Name -> bookstore-api-gateway-service], [TraceId -> 7e8d6d72db61f8f7], [SpanId -> 7e8d6d72db61f8f7] 
      <http-nio-8765-exec-3> com.devd.spring.bookstoreapigatewayservice.filters.PreFilter : PreFilter: GET request to http://localhost:8765/api/catalog/products
[2026-09-20 18:01:10 IST] WARN [Service Name -> bookstore-api-gateway-service], [TraceId -> 7e8d6d72db61f8f7], [SpanId -> 7e8d6d72db61f8f7] 
      <http-nio-8765-exec-3> org.springframework.cloud.netflix.zuul.filters.route.support.AbstractRibbonCommand : The Hystrix timeout of 40000ms for the command bookstore-catalog-service is set lower than the combination of the Ribbon read and connect timeout, 140000ms.
[2026-09-20 18:01:10 IST] INFO [Service Name -> bookstore-api-gateway-service], [TraceId -> 32b469258080b194], [SpanId -> 32b469258080b194] 
      <http-nio-8765-exec-8> com.devd.spring.bookstoreapigatewayservice.filters.PreFilter : PreFilter: GET request to http://localhost:8765/api/catalog/image/2b3ba80b-da93-4206-b50f-83008180a09e__sheHolmes.jpg
[2026-09-20 18:01:10 IST] WARN [Service Name -> bookstore-api-gateway-service], [TraceId -> 32b469258080b194], [SpanId -> 32b469258080b194] 
      <http-nio-8765-exec-8> org.springframework.cloud.netflix.zuul.filters.route.support.AbstractRibbonCommand : The Hystrix timeout of 40000ms for the command bookstore-catalog-service is set lower than the combination of the Ribbon read and connect timeout, 140000ms.
[2026-09-20 18:01:10 IST] INFO [Service Name -> bookstore-api-gateway-service], [TraceId -> 2ff3f515328a0cd5], [SpanId -> 2ff3f515328a0cd5] 
      <http-nio-8765-exec-6> com.devd.spring.bookstoreapigatewayservice.filters.PreFilter : PreFilter: GET request to http://localhost:8765/api/catalog/image/c16108e1-8276-41ad-bf12-4aee4c0a7e65__IndModernLiterature.jpg
[2026-09-20 18:01:10 IST] INFO [Service Name -> bookstore-api-gateway-service], [TraceId -> e9ad305df26060ec], [SpanId -> e9ad305df26060ec] 
      <http-nio-8765-exec-4> com.devd.spring.bookstoreapigatewayservice.filters.PreFilter : PreFilter: GET request to http://localhost:8765/api/catalog/image/0547ab94-59f8-4352-b17b-0918d07913f2__pricePredudice.jpg
[2026-09-20 18:01:10 IST] WARN [Service Name -> bookstore-api-gateway-service], [TraceId -> 2ff3f515328a0cd5], [SpanId -> 2ff3f515328a0cd5] 
      <http-nio-8765-exec-6> org.springframework.cloud.netflix.zuul.filters.route.support.AbstractRibbonCommand : The Hystrix timeout of 40000ms for the command bookstore-catalog-service is set lower than the combination of the Ribbon read and connect timeout, 140000ms.
[2026-09-20 18:01:10 IST] INFO [Service Name -> bookstore-api-gateway-service], [TraceId -> 283e024ad7264fe8], [SpanId -> 283e024ad7264fe8] 
      <http-nio-8765-exec-1> com.devd.spring.bookstoreapigatewayservice.filters.PreFilter : PreFilter: GET request to http://localhost:8765/api/catalog/image/b1175b20-e946-42a6-b63d-83e35b7a73fa__oneArrangedMurder.jpg
[2026-09-20 18:01:10 IST] INFO [Service Name -> bookstore-api-gateway-service], [TraceId -> 650e3c318c91aaad], [SpanId -> 650e3c318c91aaad] 
      <http-nio-8765-exec-9> com.devd.spring.bookstoreapigatewayservice.filters.PreFilter : PreFilter: GET request to http://localhost:8765/api/catalog/image/e6602eb6-3f67-4993-abc8-0b54a36bad1b__thousandSplendidSuns.jpg
[2026-09-20 18:01:10 IST] INFO [Service Name -> bookstore-api-gateway-service], [TraceId -> 69fb206cd3290719], [SpanId -> 69fb206cd3290719] 
      <http-nio-8765-exec-5> com.devd.spring.bookstoreapigatewayservice.filters.PreFilter : PreFilter: GET request to http://localhost:8765/api/catalog/image/8e6abb0e-180b-4e8e-856a-cb8491ff9454__greatGatsby.jpg
[2026-09-20 18:01:10 IST] INFO [Service Name -> bookstore-api-gateway-service], [TraceId -> 34857a9af68b02da], [SpanId -> 34857a9af68b02da] 
      <http-nio-8765-exec-2> com.devd.spring.bookstoreapigatewayservice.filters.PreFilter : PreFilter: GET request to http://localhost:8765/api/catalog/image/4b050ba6-9573-4554-bdd4-26ae806c06aa__IntroEngLit.jpg
[2026-09-20 18:01:10 IST] INFO [Service Name -> bookstore-api-gateway-service], [TraceId -> 581cab464a31a88e], [SpanId -> 581cab464a31a88e] 
      <http-nio-8765-exec-10> com.devd.spring.bookstoreapigatewayservice.filters.PreFilter : PreFilter: GET request to http://localhost:8765/api/catalog/image/1ecfd5c4-dba2-4feb-bd88-006105a8d5ab__alchemist.jpg
[2026-09-20 18:01:10 IST] WARN [Service Name -> bookstore-api-gateway-service], [TraceId -> 283e024ad7264fe8], [SpanId -> 283e024ad7264fe8] 
      <http-nio-8765-exec-1> org.springframework.cloud.netflix.zuul.filters.route.support.AbstractRibbonCommand : The Hystrix timeout of 40000ms for the command bookstore-catalog-service is set lower than the combination of the Ribbon read and connect timeout, 140000ms.
[2026-09-20 18:01:10 IST] WARN [Service Name -> bookstore-api-gateway-service], [TraceId -> e9ad305df26060ec], [SpanId -> e9ad305df26060ec] 
      <http-nio-8765-exec-4> org.springframework.cloud.netflix.zuul.filters.route.support.AbstractRibbonCommand : The Hystrix timeout of 40000ms for the command bookstore-catalog-service is set lower than the combination of the Ribbon read and connect timeout, 140000ms.
[2026-09-20 18:01:10 IST] WARN [Service Name -> bookstore-api-gateway-service], [TraceId -> 650e3c318c91aaad], [SpanId -> 650e3c318c91aaad] 
      <http-nio-8765-exec-9> org.springframework.cloud.netflix.zuul.filters.route.support.AbstractRibbonCommand : The Hystrix timeout of 40000ms for the command bookstore-catalog-service is set lower than the combination of the Ribbon read and connect timeout, 140000ms.
[2026-09-20 18:01:10 IST] WARN [Service Name -> bookstore-api-gateway-service], [TraceId -> 34857a9af68b02da], [SpanId -> 34857a9af68b02da] 
      <http-nio-8765-exec-2> org.springframework.cloud.netflix.zuul.filters.route.support.AbstractRibbonCommand : The Hystrix timeout of 40000ms for the command bookstore-catalog-service is set lower than the combination of the Ribbon read and connect timeout, 140000ms.
[2026-09-20 18:01:10 IST] WARN [Service Name -> bookstore-api-gateway-service], [TraceId -> 69fb206cd3290719], [SpanId -> 69fb206cd3290719] 
      <http-nio-8765-exec-5> org.springframework.cloud.netflix.zuul.filters.route.support.AbstractRibbonCommand : The Hystrix timeout of 40000ms for the command bookstore-catalog-service is set lower than the combination of the Ribbon read and connect timeout, 140000ms.
[2026-09-20 18:01:10 IST] WARN [Service Name -> bookstore-api-gateway-service], [TraceId -> 581cab464a31a88e], [SpanId -> 581cab464a31a88e] 
      <http-nio-8765-exec-10> org.springframework.cloud.netflix.zuul.filters.route.support.AbstractRibbonCommand : The Hystrix timeout of 40000ms for the command bookstore-catalog-service is set lower than the combination of the Ribbon read and connect timeout, 140000ms.
[2026-09-20 18:03:59 IST] INFO [Service Name -> bookstore-api-gateway-service], [TraceId -> ], [SpanId -> ] 
      <AsyncResolver-bootstrap-executor-0> com.netflix.discovery.shared.resolver.aws.ConfigClusterResolver : Resolving eureka endpoints via configuration
[2026-09-20 18:08:59 IST] INFO [Service Name -> bookstore-api-gateway-service], [TraceId -> ], [SpanId -> ] 
      <AsyncResolver-bootstrap-executor-0> com.netflix.discovery.shared.resolver.aws.ConfigClusterResolver : Resolving eureka endpoints via configuration
[2026-09-20 18:13:59 IST] INFO [Service Name -> bookstore-api-gateway-service], [TraceId -> ], [SpanId -> ] 
      <AsyncResolver-bootstrap-executor-0> com.netflix.discovery.shared.resolver.aws.ConfigClusterResolver : Resolving eureka endpoints via configuration
[2026-09-20 18:14:51 IST] INFO [Service Name -> bookstore-api-gateway-service], [TraceId -> ], [SpanId -> ] 
      <Thread-99> com.netflix.loadbalancer.PollingServerListUpdater : Shutting down the Executor Pool for PollingServerListUpdater
[2026-09-20 18:14:56 IST] INFO [Service Name -> bookstore-api-gateway-service], [TraceId -> ], [SpanId -> ] 
      <SpringContextShutdownHook> org.springframework.cloud.netflix.eureka.serviceregistry.EurekaServiceRegistry : Unregistering application BOOKSTORE-API-GATEWAY-SERVICE with eureka with status DOWN
[2026-09-20 18:14:56 IST] WARN [Service Name -> bookstore-api-gateway-service], [TraceId -> ], [SpanId -> ] 
      <SpringContextShutdownHook> com.netflix.discovery.DiscoveryClient : Saw local status change event StatusChangeEvent [timestamp=1789908296961, current=DOWN, previous=UP]
[2026-09-20 18:14:56 IST] INFO [Service Name -> bookstore-api-gateway-service], [TraceId -> ], [SpanId -> ] 
      <DiscoveryClient-InstanceInfoReplicator-0> com.netflix.discovery.DiscoveryClient : DiscoveryClient_BOOKSTORE-API-GATEWAY-SERVICE/LAPTOP-PIAE5DDA:bookstore-api-gateway-service:8765: registering service...
[2026-09-20 18:15:00 IST] INFO [Service Name -> bookstore-api-gateway-service], [TraceId -> ], [SpanId -> ] 
      <DiscoveryClient-HeartbeatExecutor-0> com.netflix.discovery.DiscoveryClient : DiscoveryClient_BOOKSTORE-API-GATEWAY-SERVICE/LAPTOP-PIAE5DDA:bookstore-api-gateway-service:8765 - Re-registering apps/BOOKSTORE-API-GATEWAY-SERVICE
[2026-09-20 18:15:00 IST] INFO [Service Name -> bookstore-api-gateway-service], [TraceId -> ], [SpanId -> ] 
      <DiscoveryClient-HeartbeatExecutor-0> com.netflix.discovery.DiscoveryClient : DiscoveryClient_BOOKSTORE-API-GATEWAY-SERVICE/LAPTOP-PIAE5DDA:bookstore-api-gateway-service:8765: registering service...
[2026-09-20 18:15:07 IST] ERROR [Service Name -> bookstore-api-gateway-service], [TraceId -> ], [SpanId -> ] 
      <DiscoveryClient-InstanceInfoReplicator-0> com.netflix.discovery.shared.transport.decorator.RedirectingEurekaHttpClient : Request execution error. endpoint=DefaultEndpoint{ serviceUrl='http://localhost:8761/eureka/}
com.sun.jersey.api.client.ClientHandlerException: java.net.SocketTimeoutException: Read timed out
	at com.sun.jersey.client.apache4.ApacheHttpClient4Handler.handle(ApacheHttpClient4Handler.java:187)
	at com.sun.jersey.api.client.filter.GZIPContentEncodingFilter.handle(GZIPContentEncodingFilter.java:123)
	at com.netflix.discovery.EurekaIdentityHeaderFilter.handle(EurekaIdentityHeaderFilter.java:27)
	at com.sun.jersey.api.client.Client.handle(Client.java:652)
	at com.sun.jersey.api.client.WebResource.handle(WebResource.java:682)
	at com.sun.jersey.api.client.WebResource.access$200(WebResource.java:74)
	at com.sun.jersey.api.client.WebResource$Builder.post(WebResource.java:570)
	at com.netflix.discovery.shared.transport.jersey.AbstractJerseyEurekaHttpClient.register(AbstractJerseyEurekaHttpClient.java:56)
	at com.netflix.discovery.shared.transport.decorator.EurekaHttpClientDecorator$1.execute(EurekaHttpClientDecorator.java:59)
	at com.netflix.discovery.shared.transport.decorator.MetricsCollectingEurekaHttpClient.execute(MetricsCollectingEurekaHttpClient.java:73)
	at com.netflix.discovery.shared.transport.decorator.EurekaHttpClientDecorator.register(EurekaHttpClientDecorator.java:56)
	at com.netflix.discovery.shared.transport.decorator.EurekaHttpClientDecorator$1.execute(EurekaHttpClientDecorator.java:59)
	at com.netflix.discovery.shared.transport.decorator.RedirectingEurekaHttpClient.execute(RedirectingEurekaHttpClient.java:89)
	at com.netflix.discovery.shared.transport.decorator.EurekaHttpClientDecorator.register(EurekaHttpClientDecorator.java:56)
	at com.netflix.discovery.shared.transport.decorator.EurekaHttpClientDecorator$1.execute(EurekaHttpClientDecorator.java:59)
	at com.netflix.discovery.shared.transport.decorator.RetryableEurekaHttpClient.execute(RetryableEurekaHttpClient.java:120)
	at com.netflix.discovery.shared.transport.decorator.EurekaHttpClientDecorator.register(EurekaHttpClientDecorator.java:56)
	at com.netflix.discovery.shared.transport.decorator.EurekaHttpClientDecorator$1.execute(EurekaHttpClientDecorator.java:59)
	at com.netflix.discovery.shared.transport.decorator.SessionedEurekaHttpClient.execute(SessionedEurekaHttpClient.java:77)
	at com.netflix.discovery.shared.transport.decorator.EurekaHttpClientDecorator.register(EurekaHttpClientDecorator.java:56)
	at com.netflix.discovery.DiscoveryClient.register(DiscoveryClient.java:847)
	at com.netflix.discovery.InstanceInfoReplicator.run(InstanceInfoReplicator.java:121)
	at com.netflix.discovery.InstanceInfoReplicator$1.run(InstanceInfoReplicator.java:101)
	at java.util.concurrent.Executors$RunnableAdapter.call(Executors.java:511)
	at java.util.concurrent.FutureTask.run(FutureTask.java:266)
	at java.util.concurrent.ScheduledThreadPoolExecutor$ScheduledFutureTask.access$201(ScheduledThreadPoolExecutor.java:180)
	at java.util.concurrent.ScheduledThreadPoolExecutor$ScheduledFutureTask.run(ScheduledThreadPoolExecutor.java:293)
	at java.util.concurrent.ThreadPoolExecutor.runWorker(ThreadPoolExecutor.java:1149)
	at java.util.concurrent.ThreadPoolExecutor$Worker.run(ThreadPoolExecutor.java:624)
	at java.lang.Thread.run(Thread.java:750)
Caused by: java.net.SocketTimeoutException: Read timed out
	at java.net.SocketInputStream.socketRead0(Native Method)
	at java.net.SocketInputStream.socketRead(SocketInputStream.java:116)
	at java.net.SocketInputStream.read(SocketInputStream.java:171)
	at java.net.SocketInputStream.read(SocketInputStream.java:141)
	at org.apache.http.impl.io.AbstractSessionInputBuffer.fillBuffer(AbstractSessionInputBuffer.java:161)
	at org.apache.http.impl.io.SocketInputBuffer.fillBuffer(SocketInputBuffer.java:82)
	at org.apache.http.impl.io.AbstractSessionInputBuffer.readLine(AbstractSessionInputBuffer.java:276)
	at org.apache.http.impl.conn.DefaultHttpResponseParser.parseHead(DefaultHttpResponseParser.java:138)
	at org.apache.http.impl.conn.DefaultHttpResponseParser.parseHead(DefaultHttpResponseParser.java:56)
	at org.apache.http.impl.io.AbstractMessageParser.parse(AbstractMessageParser.java:259)
	at org.apache.http.impl.AbstractHttpClientConnection.receiveResponseHeader(AbstractHttpClientConnection.java:294)
	at org.apache.http.impl.conn.DefaultClientConnection.receiveResponseHeader(DefaultClientConnection.java:257)
	at org.apache.http.impl.conn.AbstractClientConnAdapter.receiveResponseHeader(AbstractClientConnAdapter.java:230)
	at org.apache.http.protocol.HttpRequestExecutor.doReceiveResponse(HttpRequestExecutor.java:273)
	at org.apache.http.protocol.HttpRequestExecutor.execute(HttpRequestExecutor.java:125)
	at org.apache.http.impl.client.DefaultRequestDirector.tryExecute(DefaultRequestDirector.java:679)
	at org.apache.http.impl.client.DefaultRequestDirector.execute(DefaultRequestDirector.java:481)
	at org.apache.http.impl.client.AbstractHttpClient.doExecute(AbstractHttpClient.java:835)
	at org.apache.http.impl.client.CloseableHttpClient.execute(CloseableHttpClient.java:118)
	at org.apache.http.impl.client.CloseableHttpClient.execute(CloseableHttpClient.java:56)
	at com.sun.jersey.client.apache4.ApacheHttpClient4Handler.handle(ApacheHttpClient4Handler.java:173)
	... 29 common frames omitted
[2026-09-20 18:15:07 IST] WARN [Service Name -> bookstore-api-gateway-service], [TraceId -> ], [SpanId -> ] 
      <DiscoveryClient-InstanceInfoReplicator-0> com.netflix.discovery.shared.transport.decorator.RetryableEurekaHttpClient : Request execution failed with message: java.net.SocketTimeoutException: Read timed out
[2026-09-20 18:15:09 IST] ERROR [Service Name -> bookstore-api-gateway-service], [TraceId -> ], [SpanId -> ] 
      <DiscoveryClient-HeartbeatExecutor-0> com.netflix.discovery.shared.transport.decorator.RedirectingEurekaHttpClient : Request execution error. endpoint=DefaultEndpoint{ serviceUrl='http://localhost:8761/eureka/}
com.sun.jersey.api.client.ClientHandlerException: java.net.SocketTimeoutException: Read timed out
	at com.sun.jersey.client.apache4.ApacheHttpClient4Handler.handle(ApacheHttpClient4Handler.java:187)
	at com.sun.jersey.api.client.filter.GZIPContentEncodingFilter.handle(GZIPContentEncodingFilter.java:123)
	at com.netflix.discovery.EurekaIdentityHeaderFilter.handle(EurekaIdentityHeaderFilter.java:27)
	at com.sun.jersey.api.client.Client.handle(Client.java:652)
	at com.sun.jersey.api.client.WebResource.handle(WebResource.java:682)
	at com.sun.jersey.api.client.WebResource.access$200(WebResource.java:74)
	at com.sun.jersey.api.client.WebResource$Builder.post(WebResource.java:570)
	at com.netflix.discovery.shared.transport.jersey.AbstractJerseyEurekaHttpClient.register(AbstractJerseyEurekaHttpClient.java:56)
	at com.netflix.discovery.shared.transport.decorator.EurekaHttpClientDecorator$1.execute(EurekaHttpClientDecorator.java:59)
	at com.netflix.discovery.shared.transport.decorator.MetricsCollectingEurekaHttpClient.execute(MetricsCollectingEurekaHttpClient.java:73)
	at com.netflix.discovery.shared.transport.decorator.EurekaHttpClientDecorator.register(EurekaHttpClientDecorator.java:56)
	at com.netflix.discovery.shared.transport.decorator.EurekaHttpClientDecorator$1.execute(EurekaHttpClientDecorator.java:59)
	at com.netflix.discovery.shared.transport.decorator.RedirectingEurekaHttpClient.execute(RedirectingEurekaHttpClient.java:89)
	at com.netflix.discovery.shared.transport.decorator.EurekaHttpClientDecorator.register(EurekaHttpClientDecorator.java:56)
	at com.netflix.discovery.shared.transport.decorator.EurekaHttpClientDecorator$1.execute(EurekaHttpClientDecorator.java:59)
	at com.netflix.discovery.shared.transport.decorator.RetryableEurekaHttpClient.execute(RetryableEurekaHttpClient.java:120)
	at com.netflix.discovery.shared.transport.decorator.EurekaHttpClientDecorator.register(EurekaHttpClientDecorator.java:56)
	at com.netflix.discovery.shared.transport.decorator.EurekaHttpClientDecorator$1.execute(EurekaHttpClientDecorator.java:59)
	at com.netflix.discovery.shared.transport.decorator.SessionedEurekaHttpClient.execute(SessionedEurekaHttpClient.java:77)
	at com.netflix.discovery.shared.transport.decorator.EurekaHttpClientDecorator.register(EurekaHttpClientDecorator.java:56)
	at com.netflix.discovery.DiscoveryClient.register(DiscoveryClient.java:847)
	at com.netflix.discovery.DiscoveryClient.renew(DiscoveryClient.java:870)
	at com.netflix.discovery.DiscoveryClient$HeartbeatThread.run(DiscoveryClient.java:1423)
	at java.util.concurrent.Executors$RunnableAdapter.call(Executors.java:511)
	at java.util.concurrent.FutureTask.run(FutureTask.java:266)
	at java.util.concurrent.ThreadPoolExecutor.runWorker(ThreadPoolExecutor.java:1149)
	at java.util.concurrent.ThreadPoolExecutor$Worker.run(ThreadPoolExecutor.java:624)
	at java.lang.Thread.run(Thread.java:750)
Caused by: java.net.SocketTimeoutException: Read timed out
	at java.net.SocketInputStream.socketRead0(Native Method)
	at java.net.SocketInputStream.socketRead(SocketInputStream.java:116)
	at java.net.SocketInputStream.read(SocketInputStream.java:171)
	at java.net.SocketInputStream.read(SocketInputStream.java:141)
	at org.apache.http.impl.io.AbstractSessionInputBuffer.fillBuffer(AbstractSessionInputBuffer.java:161)
	at org.apache.http.impl.io.SocketInputBuffer.fillBuffer(SocketInputBuffer.java:82)
	at org.apache.http.impl.io.AbstractSessionInputBuffer.readLine(AbstractSessionInputBuffer.java:276)
	at org.apache.http.impl.conn.DefaultHttpResponseParser.parseHead(DefaultHttpResponseParser.java:138)
	at org.apache.http.impl.conn.DefaultHttpResponseParser.parseHead(DefaultHttpResponseParser.java:56)
	at org.apache.http.impl.io.AbstractMessageParser.parse(AbstractMessageParser.java:259)
	at org.apache.http.impl.AbstractHttpClientConnection.receiveResponseHeader(AbstractHttpClientConnection.java:294)
	at org.apache.http.impl.conn.DefaultClientConnection.receiveResponseHeader(DefaultClientConnection.java:257)
	at org.apache.http.impl.conn.AbstractClientConnAdapter.receiveResponseHeader(AbstractClientConnAdapter.java:230)
	at org.apache.http.protocol.HttpRequestExecutor.doReceiveResponse(HttpRequestExecutor.java:273)
	at org.apache.http.protocol.HttpRequestExecutor.execute(HttpRequestExecutor.java:125)
	at org.apache.http.impl.client.DefaultRequestDirector.tryExecute(DefaultRequestDirector.java:679)
	at org.apache.http.impl.client.DefaultRequestDirector.execute(DefaultRequestDirector.java:481)
	at org.apache.http.impl.client.AbstractHttpClient.doExecute(AbstractHttpClient.java:835)
	at org.apache.http.impl.client.CloseableHttpClient.execute(CloseableHttpClient.java:118)
	at org.apache.http.impl.client.CloseableHttpClient.execute(CloseableHttpClient.java:56)
	at com.sun.jersey.client.apache4.ApacheHttpClient4Handler.handle(ApacheHttpClient4Handler.java:173)
	... 27 common frames omitted
[2026-09-20 18:15:09 IST] WARN [Service Name -> bookstore-api-gateway-service], [TraceId -> ], [SpanId -> ] 
      <DiscoveryClient-HeartbeatExecutor-0> com.netflix.discovery.shared.transport.decorator.RetryableEurekaHttpClient : Request execution failed with message: java.net.SocketTimeoutException: Read timed out
[2026-09-20 18:15:09 IST] INFO [Service Name -> bookstore-api-gateway-service], [TraceId -> ], [SpanId -> ] 
      <DiscoveryClient-InstanceInfoReplicator-0> com.netflix.discovery.shared.transport.decorator.RetryableEurekaHttpClient : Request execution succeeded on retry #1
[2026-09-20 18:15:09 IST] INFO [Service Name -> bookstore-api-gateway-service], [TraceId -> ], [SpanId -> ] 
      <DiscoveryClient-InstanceInfoReplicator-0> com.netflix.discovery.DiscoveryClient : DiscoveryClient_BOOKSTORE-API-GATEWAY-SERVICE/LAPTOP-PIAE5DDA:bookstore-api-gateway-service:8765 - registration status: 204
[2026-09-20 18:15:12 IST] INFO [Service Name -> bookstore-api-gateway-service], [TraceId -> ], [SpanId -> ] 
      <DiscoveryClient-HeartbeatExecutor-0> com.netflix.discovery.shared.transport.decorator.RetryableEurekaHttpClient : Request execution succeeded on retry #1
[2026-09-20 18:15:12 IST] INFO [Service Name -> bookstore-api-gateway-service], [TraceId -> ], [SpanId -> ] 
      <DiscoveryClient-HeartbeatExecutor-0> com.netflix.discovery.DiscoveryClient : DiscoveryClient_BOOKSTORE-API-GATEWAY-SERVICE/LAPTOP-PIAE5DDA:bookstore-api-gateway-service:8765 - registration status: 204
[2026-09-20 18:15:13 IST] INFO [Service Name -> bookstore-api-gateway-service], [TraceId -> ], [SpanId -> ] 
      <SpringContextShutdownHook> org.springframework.cloud.netflix.zuul.ZuulFilterInitializer : Stopping filter initializer
[2026-09-20 18:15:17 IST] INFO [Service Name -> bookstore-api-gateway-service], [TraceId -> ], [SpanId -> ] 
      <SpringContextShutdownHook> org.springframework.scheduling.concurrent.ThreadPoolTaskExecutor : Shutting down ExecutorService 'applicationTaskExecutor'
[2026-09-20 18:15:22 IST] INFO [Service Name -> bookstore-api-gateway-service], [TraceId -> ], [SpanId -> ] 
      <SpringContextShutdownHook> com.netflix.util.concurrent.ShutdownEnabledTimer : Shutdown hook removed for: NFLoadBalancer-PingTimer-bookstore-payment-service
[2026-09-20 18:15:22 IST] INFO [Service Name -> bookstore-api-gateway-service], [TraceId -> ], [SpanId -> ] 
      <SpringContextShutdownHook> com.netflix.util.concurrent.ShutdownEnabledTimer : Exception caught (might be ok if at shutdown)
java.lang.IllegalStateException: Shutdown in progress
	at java.lang.ApplicationShutdownHooks.remove(ApplicationShutdownHooks.java:82)
	at java.lang.Runtime.removeShutdownHook(Runtime.java:231)
	at com.netflix.util.concurrent.ShutdownEnabledTimer.cancel(ShutdownEnabledTimer.java:70)
	at com.netflix.loadbalancer.BaseLoadBalancer.cancelPingTask(BaseLoadBalancer.java:632)
	at com.netflix.loadbalancer.BaseLoadBalancer.shutdown(BaseLoadBalancer.java:883)
	at com.netflix.loadbalancer.DynamicServerListLoadBalancer.shutdown(DynamicServerListLoadBalancer.java:285)
	at sun.reflect.NativeMethodAccessorImpl.invoke0(Native Method)
	at sun.reflect.NativeMethodAccessorImpl.invoke(NativeMethodAccessorImpl.java:62)
	at sun.reflect.DelegatingMethodAccessorImpl.invoke(DelegatingMethodAccessorImpl.java:43)
	at java.lang.reflect.Method.invoke(Method.java:498)
	at org.springframework.beans.factory.support.DisposableBeanAdapter.invokeCustomDestroyMethod(DisposableBeanAdapter.java:339)
	at org.springframework.beans.factory.support.DisposableBeanAdapter.destroy(DisposableBeanAdapter.java:273)
	at org.springframework.beans.factory.support.DefaultSingletonBeanRegistry.destroyBean(DefaultSingletonBeanRegistry.java:587)
	at org.springframework.beans.factory.support.DefaultSingletonBeanRegistry.destroySingleton(DefaultSingletonBeanRegistry.java:559)
	at org.springframework.beans.factory.support.DefaultListableBeanFactory.destroySingleton(DefaultListableBeanFactory.java:1092)
	at org.springframework.beans.factory.support.DefaultSingletonBeanRegistry.destroySingletons(DefaultSingletonBeanRegistry.java:520)
	at org.springframework.beans.factory.support.DefaultListableBeanFactory.destroySingletons(DefaultListableBeanFactory.java:1085)
	at org.springframework.context.support.AbstractApplicationContext.destroyBeans(AbstractApplicationContext.java:1061)
	at org.springframework.context.support.AbstractApplicationContext.doClose(AbstractApplicationContext.java:1030)
	at org.springframework.context.support.AbstractApplicationContext.close(AbstractApplicationContext.java:979)
	at org.springframework.cloud.context.named.NamedContextFactory.destroy(NamedContextFactory.java:92)
	at org.springframework.beans.factory.support.DisposableBeanAdapter.destroy(DisposableBeanAdapter.java:258)
	at org.springframework.beans.factory.support.DefaultSingletonBeanRegistry.destroyBean(DefaultSingletonBeanRegistry.java:587)
	at org.springframework.beans.factory.support.DefaultSingletonBeanRegistry.destroySingleton(DefaultSingletonBeanRegistry.java:559)
	at org.springframework.beans.factory.support.DefaultListableBeanFactory.destroySingleton(DefaultListableBeanFactory.java:1092)
	at org.springframework.beans.factory.support.DefaultSingletonBeanRegistry.destroySingletons(DefaultSingletonBeanRegistry.java:520)
	at org.springframework.beans.factory.support.DefaultListableBeanFactory.destroySingletons(DefaultListableBeanFactory.java:1085)
	at org.springframework.context.support.AbstractApplicationContext.destroyBeans(AbstractApplicationContext.java:1061)
	at org.springframework.context.support.AbstractApplicationContext.doClose(AbstractApplicationContext.java:1030)
	at org.springframework.boot.web.servlet.context.ServletWebServerApplicationContext.doClose(ServletWebServerApplicationContext.java:170)
	at org.springframework.context.support.AbstractApplicationContext$1.run(AbstractApplicationContext.java:949)
[2026-09-20 18:15:23 IST] INFO [Service Name -> bookstore-api-gateway-service], [TraceId -> ], [SpanId -> ] 
      <SpringContextShutdownHook> com.netflix.util.concurrent.ShutdownEnabledTimer : Shutdown hook removed for: NFLoadBalancer-PingTimer-bookstore-account-service
[2026-09-20 18:15:23 IST] INFO [Service Name -> bookstore-api-gateway-service], [TraceId -> ], [SpanId -> ] 
      <SpringContextShutdownHook> com.netflix.util.concurrent.ShutdownEnabledTimer : Exception caught (might be ok if at shutdown)
java.lang.IllegalStateException: Shutdown in progress
	at java.lang.ApplicationShutdownHooks.remove(ApplicationShutdownHooks.java:82)
	at java.lang.Runtime.removeShutdownHook(Runtime.java:231)
	at com.netflix.util.concurrent.ShutdownEnabledTimer.cancel(ShutdownEnabledTimer.java:70)
	at com.netflix.loadbalancer.BaseLoadBalancer.cancelPingTask(BaseLoadBalancer.java:632)
	at com.netflix.loadbalancer.BaseLoadBalancer.shutdown(BaseLoadBalancer.java:883)
	at com.netflix.loadbalancer.DynamicServerListLoadBalancer.shutdown(DynamicServerListLoadBalancer.java:285)
	at sun.reflect.NativeMethodAccessorImpl.invoke0(Native Method)
	at sun.reflect.NativeMethodAccessorImpl.invoke(NativeMethodAccessorImpl.java:62)
	at sun.reflect.DelegatingMethodAccessorImpl.invoke(DelegatingMethodAccessorImpl.java:43)
	at java.lang.reflect.Method.invoke(Method.java:498)
	at org.springframework.beans.factory.support.DisposableBeanAdapter.invokeCustomDestroyMethod(DisposableBeanAdapter.java:339)
	at org.springframework.beans.factory.support.DisposableBeanAdapter.destroy(DisposableBeanAdapter.java:273)
	at org.springframework.beans.factory.support.DefaultSingletonBeanRegistry.destroyBean(DefaultSingletonBeanRegistry.java:587)
	at org.springframework.beans.factory.support.DefaultSingletonBeanRegistry.destroySingleton(DefaultSingletonBeanRegistry.java:559)
	at org.springframework.beans.factory.support.DefaultListableBeanFactory.destroySingleton(DefaultListableBeanFactory.java:1092)
	at org.springframework.beans.factory.support.DefaultSingletonBeanRegistry.destroySingletons(DefaultSingletonBeanRegistry.java:520)
	at org.springframework.beans.factory.support.DefaultListableBeanFactory.destroySingletons(DefaultListableBeanFactory.java:1085)
	at org.springframework.context.support.AbstractApplicationContext.destroyBeans(AbstractApplicationContext.java:1061)
	at org.springframework.context.support.AbstractApplicationContext.doClose(AbstractApplicationContext.java:1030)
	at org.springframework.context.support.AbstractApplicationContext.close(AbstractApplicationContext.java:979)
	at org.springframework.cloud.context.named.NamedContextFactory.destroy(NamedContextFactory.java:92)
	at org.springframework.beans.factory.support.DisposableBeanAdapter.destroy(DisposableBeanAdapter.java:258)
	at org.springframework.beans.factory.support.DefaultSingletonBeanRegistry.destroyBean(DefaultSingletonBeanRegistry.java:587)
	at org.springframework.beans.factory.support.DefaultSingletonBeanRegistry.destroySingleton(DefaultSingletonBeanRegistry.java:559)
	at org.springframework.beans.factory.support.DefaultListableBeanFactory.destroySingleton(DefaultListableBeanFactory.java:1092)
	at org.springframework.beans.factory.support.DefaultSingletonBeanRegistry.destroySingletons(DefaultSingletonBeanRegistry.java:520)
	at org.springframework.beans.factory.support.DefaultListableBeanFactory.destroySingletons(DefaultListableBeanFactory.java:1085)
	at org.springframework.context.support.AbstractApplicationContext.destroyBeans(AbstractApplicationContext.java:1061)
	at org.springframework.context.support.AbstractApplicationContext.doClose(AbstractApplicationContext.java:1030)
	at org.springframework.boot.web.servlet.context.ServletWebServerApplicationContext.doClose(ServletWebServerApplicationContext.java:170)
	at org.springframework.context.support.AbstractApplicationContext$1.run(AbstractApplicationContext.java:949)
[2026-09-20 18:15:23 IST] INFO [Service Name -> bookstore-api-gateway-service], [TraceId -> ], [SpanId -> ] 
      <SpringContextShutdownHook> com.netflix.util.concurrent.ShutdownEnabledTimer : Shutdown hook removed for: NFLoadBalancer-PingTimer-bookstore-billing-service
[2026-09-20 18:15:23 IST] INFO [Service Name -> bookstore-api-gateway-service], [TraceId -> ], [SpanId -> ] 
      <SpringContextShutdownHook> com.netflix.util.concurrent.ShutdownEnabledTimer : Exception caught (might be ok if at shutdown)
java.lang.IllegalStateException: Shutdown in progress
	at java.lang.ApplicationShutdownHooks.remove(ApplicationShutdownHooks.java:82)
	at java.lang.Runtime.removeShutdownHook(Runtime.java:231)
	at com.netflix.util.concurrent.ShutdownEnabledTimer.cancel(ShutdownEnabledTimer.java:70)
	at com.netflix.loadbalancer.BaseLoadBalancer.cancelPingTask(BaseLoadBalancer.java:632)
	at com.netflix.loadbalancer.BaseLoadBalancer.shutdown(BaseLoadBalancer.java:883)
	at com.netflix.loadbalancer.DynamicServerListLoadBalancer.shutdown(DynamicServerListLoadBalancer.java:285)
	at sun.reflect.NativeMethodAccessorImpl.invoke0(Native Method)
	at sun.reflect.NativeMethodAccessorImpl.invoke(NativeMethodAccessorImpl.java:62)
	at sun.reflect.DelegatingMethodAccessorImpl.invoke(DelegatingMethodAccessorImpl.java:43)
	at java.lang.reflect.Method.invoke(Method.java:498)
	at org.springframework.beans.factory.support.DisposableBeanAdapter.invokeCustomDestroyMethod(DisposableBeanAdapter.java:339)
	at org.springframework.beans.factory.support.DisposableBeanAdapter.destroy(DisposableBeanAdapter.java:273)
	at org.springframework.beans.factory.support.DefaultSingletonBeanRegistry.destroyBean(DefaultSingletonBeanRegistry.java:587)
	at org.springframework.beans.factory.support.DefaultSingletonBeanRegistry.destroySingleton(DefaultSingletonBeanRegistry.java:559)
	at org.springframework.beans.factory.support.DefaultListableBeanFactory.destroySingleton(DefaultListableBeanFactory.java:1092)
	at org.springframework.beans.factory.support.DefaultSingletonBeanRegistry.destroySingletons(DefaultSingletonBeanRegistry.java:520)
	at org.springframework.beans.factory.support.DefaultListableBeanFactory.destroySingletons(DefaultListableBeanFactory.java:1085)
	at org.springframework.context.support.AbstractApplicationContext.destroyBeans(AbstractApplicationContext.java:1061)
	at org.springframework.context.support.AbstractApplicationContext.doClose(AbstractApplicationContext.java:1030)
	at org.springframework.context.support.AbstractApplicationContext.close(AbstractApplicationContext.java:979)
	at org.springframework.cloud.context.named.NamedContextFactory.destroy(NamedContextFactory.java:92)
	at org.springframework.beans.factory.support.DisposableBeanAdapter.destroy(DisposableBeanAdapter.java:258)
	at org.springframework.beans.factory.support.DefaultSingletonBeanRegistry.destroyBean(DefaultSingletonBeanRegistry.java:587)
	at org.springframework.beans.factory.support.DefaultSingletonBeanRegistry.destroySingleton(DefaultSingletonBeanRegistry.java:559)
	at org.springframework.beans.factory.support.DefaultListableBeanFactory.destroySingleton(DefaultListableBeanFactory.java:1092)
	at org.springframework.beans.factory.support.DefaultSingletonBeanRegistry.destroySingletons(DefaultSingletonBeanRegistry.java:520)
	at org.springframework.beans.factory.support.DefaultListableBeanFactory.destroySingletons(DefaultListableBeanFactory.java:1085)
	at org.springframework.context.support.AbstractApplicationContext.destroyBeans(AbstractApplicationContext.java:1061)
	at org.springframework.context.support.AbstractApplicationContext.doClose(AbstractApplicationContext.java:1030)
	at org.springframework.boot.web.servlet.context.ServletWebServerApplicationContext.doClose(ServletWebServerApplicationContext.java:170)
	at org.springframework.context.support.AbstractApplicationContext$1.run(AbstractApplicationContext.java:949)
[2026-09-20 18:15:24 IST] INFO [Service Name -> bookstore-api-gateway-service], [TraceId -> ], [SpanId -> ] 
      <SpringContextShutdownHook> com.netflix.util.concurrent.ShutdownEnabledTimer : Shutdown hook removed for: NFLoadBalancer-PingTimer-bookstore-order-service
[2026-09-20 18:15:24 IST] INFO [Service Name -> bookstore-api-gateway-service], [TraceId -> ], [SpanId -> ] 
      <SpringContextShutdownHook> com.netflix.util.concurrent.ShutdownEnabledTimer : Exception caught (might be ok if at shutdown)
java.lang.IllegalStateException: Shutdown in progress
	at java.lang.ApplicationShutdownHooks.remove(ApplicationShutdownHooks.java:82)
	at java.lang.Runtime.removeShutdownHook(Runtime.java:231)
	at com.netflix.util.concurrent.ShutdownEnabledTimer.cancel(ShutdownEnabledTimer.java:70)
	at com.netflix.loadbalancer.BaseLoadBalancer.cancelPingTask(BaseLoadBalancer.java:632)
	at com.netflix.loadbalancer.BaseLoadBalancer.shutdown(BaseLoadBalancer.java:883)
	at com.netflix.loadbalancer.DynamicServerListLoadBalancer.shutdown(DynamicServerListLoadBalancer.java:285)
	at sun.reflect.NativeMethodAccessorImpl.invoke0(Native Method)
	at sun.reflect.NativeMethodAccessorImpl.invoke(NativeMethodAccessorImpl.java:62)
	at sun.reflect.DelegatingMethodAccessorImpl.invoke(DelegatingMethodAccessorImpl.java:43)
	at java.lang.reflect.Method.invoke(Method.java:498)
	at org.springframework.beans.factory.support.DisposableBeanAdapter.invokeCustomDestroyMethod(DisposableBeanAdapter.java:339)
	at org.springframework.beans.factory.support.DisposableBeanAdapter.destroy(DisposableBeanAdapter.java:273)
	at org.springframework.beans.factory.support.DefaultSingletonBeanRegistry.destroyBean(DefaultSingletonBeanRegistry.java:587)
	at org.springframework.beans.factory.support.DefaultSingletonBeanRegistry.destroySingleton(DefaultSingletonBeanRegistry.java:559)
	at org.springframework.beans.factory.support.DefaultListableBeanFactory.destroySingleton(DefaultListableBeanFactory.java:1092)
	at org.springframework.beans.factory.support.DefaultSingletonBeanRegistry.destroySingletons(DefaultSingletonBeanRegistry.java:520)
	at org.springframework.beans.factory.support.DefaultListableBeanFactory.destroySingletons(DefaultListableBeanFactory.java:1085)
	at org.springframework.context.support.AbstractApplicationContext.destroyBeans(AbstractApplicationContext.java:1061)
	at org.springframework.context.support.AbstractApplicationContext.doClose(AbstractApplicationContext.java:1030)
	at org.springframework.context.support.AbstractApplicationContext.close(AbstractApplicationContext.java:979)
	at org.springframework.cloud.context.named.NamedContextFactory.destroy(NamedContextFactory.java:92)
	at org.springframework.beans.factory.support.DisposableBeanAdapter.destroy(DisposableBeanAdapter.java:258)
	at org.springframework.beans.factory.support.DefaultSingletonBeanRegistry.destroyBean(DefaultSingletonBeanRegistry.java:587)
	at org.springframework.beans.factory.support.DefaultSingletonBeanRegistry.destroySingleton(DefaultSingletonBeanRegistry.java:559)
	at org.springframework.beans.factory.support.DefaultListableBeanFactory.destroySingleton(DefaultListableBeanFactory.java:1092)
	at org.springframework.beans.factory.support.DefaultSingletonBeanRegistry.destroySingletons(DefaultSingletonBeanRegistry.java:520)
	at org.springframework.beans.factory.support.DefaultListableBeanFactory.destroySingletons(DefaultListableBeanFactory.java:1085)
	at org.springframework.context.support.AbstractApplicationContext.destroyBeans(AbstractApplicationContext.java:1061)
	at org.springframework.context.support.AbstractApplicationContext.doClose(AbstractApplicationContext.java:1030)
	at org.springframework.boot.web.servlet.context.ServletWebServerApplicationContext.doClose(ServletWebServerApplicationContext.java:170)
	at org.springframework.context.support.AbstractApplicationContext$1.run(AbstractApplicationContext.java:949)
[2026-09-20 18:15:24 IST] INFO [Service Name -> bookstore-api-gateway-service], [TraceId -> ], [SpanId -> ] 
      <SpringContextShutdownHook> com.netflix.util.concurrent.ShutdownEnabledTimer : Shutdown hook removed for: NFLoadBalancer-PingTimer-bookstore-catalog-service
[2026-09-20 18:15:24 IST] INFO [Service Name -> bookstore-api-gateway-service], [TraceId -> ], [SpanId -> ] 
      <SpringContextShutdownHook> com.netflix.util.concurrent.ShutdownEnabledTimer : Exception caught (might be ok if at shutdown)
java.lang.IllegalStateException: Shutdown in progress
	at java.lang.ApplicationShutdownHooks.remove(ApplicationShutdownHooks.java:82)
	at java.lang.Runtime.removeShutdownHook(Runtime.java:231)
	at com.netflix.util.concurrent.ShutdownEnabledTimer.cancel(ShutdownEnabledTimer.java:70)
	at com.netflix.loadbalancer.BaseLoadBalancer.cancelPingTask(BaseLoadBalancer.java:632)
	at com.netflix.loadbalancer.BaseLoadBalancer.shutdown(BaseLoadBalancer.java:883)
	at com.netflix.loadbalancer.DynamicServerListLoadBalancer.shutdown(DynamicServerListLoadBalancer.java:285)
	at sun.reflect.NativeMethodAccessorImpl.invoke0(Native Method)
	at sun.reflect.NativeMethodAccessorImpl.invoke(NativeMethodAccessorImpl.java:62)
	at sun.reflect.DelegatingMethodAccessorImpl.invoke(DelegatingMethodAccessorImpl.java:43)
	at java.lang.reflect.Method.invoke(Method.java:498)
	at org.springframework.beans.factory.support.DisposableBeanAdapter.invokeCustomDestroyMethod(DisposableBeanAdapter.java:339)
	at org.springframework.beans.factory.support.DisposableBeanAdapter.destroy(DisposableBeanAdapter.java:273)
	at org.springframework.beans.factory.support.DefaultSingletonBeanRegistry.destroyBean(DefaultSingletonBeanRegistry.java:587)
	at org.springframework.beans.factory.support.DefaultSingletonBeanRegistry.destroySingleton(DefaultSingletonBeanRegistry.java:559)
	at org.springframework.beans.factory.support.DefaultListableBeanFactory.destroySingleton(DefaultListableBeanFactory.java:1092)
	at org.springframework.beans.factory.support.DefaultSingletonBeanRegistry.destroySingletons(DefaultSingletonBeanRegistry.java:520)
	at org.springframework.beans.factory.support.DefaultListableBeanFactory.destroySingletons(DefaultListableBeanFactory.java:1085)
	at org.springframework.context.support.AbstractApplicationContext.destroyBeans(AbstractApplicationContext.java:1061)
	at org.springframework.context.support.AbstractApplicationContext.doClose(AbstractApplicationContext.java:1030)
	at org.springframework.context.support.AbstractApplicationContext.close(AbstractApplicationContext.java:979)
	at org.springframework.cloud.context.named.NamedContextFactory.destroy(NamedContextFactory.java:92)
	at org.springframework.beans.factory.support.DisposableBeanAdapter.destroy(DisposableBeanAdapter.java:258)
	at org.springframework.beans.factory.support.DefaultSingletonBeanRegistry.destroyBean(DefaultSingletonBeanRegistry.java:587)
	at org.springframework.beans.factory.support.DefaultSingletonBeanRegistry.destroySingleton(DefaultSingletonBeanRegistry.java:559)
	at org.springframework.beans.factory.support.DefaultListableBeanFactory.destroySingleton(DefaultListableBeanFactory.java:1092)
	at org.springframework.beans.factory.support.DefaultSingletonBeanRegistry.destroySingletons(DefaultSingletonBeanRegistry.java:520)
	at org.springframework.beans.factory.support.DefaultListableBeanFactory.destroySingletons(DefaultListableBeanFactory.java:1085)
	at org.springframework.context.support.AbstractApplicationContext.destroyBeans(AbstractApplicationContext.java:1061)
	at org.springframework.context.support.AbstractApplicationContext.doClose(AbstractApplicationContext.java:1030)
	at org.springframework.boot.web.servlet.context.ServletWebServerApplicationContext.doClose(ServletWebServerApplicationContext.java:170)
	at org.springframework.context.support.AbstractApplicationContext$1.run(AbstractApplicationContext.java:949)
[2026-09-20 18:15:26 IST] INFO [Service Name -> bookstore-api-gateway-service], [TraceId -> ], [SpanId -> ] 
      <SpringContextShutdownHook> com.netflix.discovery.DiscoveryClient : Shutting down DiscoveryClient ...
[2026-09-20 18:15:29 IST] INFO [Service Name -> bookstore-api-gateway-service], [TraceId -> ], [SpanId -> ] 
      <SpringContextShutdownHook> com.netflix.discovery.DiscoveryClient : Unregistering ...
[2026-09-20 18:15:29 IST] INFO [Service Name -> bookstore-api-gateway-service], [TraceId -> ], [SpanId -> ] 
      <SpringContextShutdownHook> com.netflix.discovery.DiscoveryClient : DiscoveryClient_BOOKSTORE-API-GATEWAY-SERVICE/LAPTOP-PIAE5DDA:bookstore-api-gateway-service:8765 - deregister  status: 200
[2026-09-20 18:15:30 IST] INFO [Service Name -> bookstore-api-gateway-service], [TraceId -> ], [SpanId -> ] 
      <SpringContextShutdownHook> com.netflix.discovery.DiscoveryClient : Completed shut down of DiscoveryClient
