[2026-09-23 21:30:06 IST] INFO [Service Name -> bookstore-api-gateway-service], [TraceId -> ], [SpanId -> ] 
      <main> org.springframework.context.support.PostProcessorRegistrationDelegate$BeanPostProcessorChecker : Bean 'org.springframework.cloud.autoconfigure.ConfigurationPropertiesRebinderAutoConfiguration' of type [org.springframework.cloud.autoconfigure.ConfigurationPropertiesRebinderAutoConfiguration] is not eligible for getting processed by all BeanPostProcessors (for example: not eligible for auto-proxying)
[2026-09-23 21:30:12 IST] INFO [Service Name -> bookstore-api-gateway-service], [TraceId -> ], [SpanId -> ] 
      <main> com.devd.spring.bookstoreapigatewayservice.BookstoreApiGatewayServiceApplication : The following profiles are active: local
[2026-09-23 21:30:19 IST] INFO [Service Name -> bookstore-api-gateway-service], [TraceId -> ], [SpanId -> ] 
      <main> org.springframework.cloud.context.scope.GenericScope : BeanFactory id=f7bc21fa-1300-367c-9be1-97050eb17bd9
[2026-09-23 21:30:20 IST] INFO [Service Name -> bookstore-api-gateway-service], [TraceId -> ], [SpanId -> ] 
      <main> org.springframework.context.support.PostProcessorRegistrationDelegate$BeanPostProcessorChecker : Bean 'org.springframework.cloud.autoconfigure.ConfigurationPropertiesRebinderAutoConfiguration' of type [org.springframework.cloud.autoconfigure.ConfigurationPropertiesRebinderAutoConfiguration] is not eligible for getting processed by all BeanPostProcessors (for example: not eligible for auto-proxying)
[2026-09-23 21:30:22 IST] INFO [Service Name -> bookstore-api-gateway-service], [TraceId -> ], [SpanId -> ] 
      <main> org.springframework.boot.web.embedded.tomcat.TomcatWebServer : Tomcat initialized with port(s): 8765 (http)
[2026-09-23 21:30:22 IST] INFO [Service Name -> bookstore-api-gateway-service], [TraceId -> ], [SpanId -> ] 
      <main> org.apache.coyote.http11.Http11NioProtocol : Initializing ProtocolHandler ["http-nio-8765"]
[2026-09-23 21:30:22 IST] INFO [Service Name -> bookstore-api-gateway-service], [TraceId -> ], [SpanId -> ] 
      <main> org.apache.catalina.core.StandardService : Starting service [Tomcat]
[2026-09-23 21:30:22 IST] INFO [Service Name -> bookstore-api-gateway-service], [TraceId -> ], [SpanId -> ] 
      <main> org.apache.catalina.core.StandardEngine : Starting Servlet engine: [Apache Tomcat/9.0.38]
[2026-09-23 21:30:22 IST] INFO [Service Name -> bookstore-api-gateway-service], [TraceId -> ], [SpanId -> ] 
      <main> org.apache.catalina.core.ContainerBase.[Tomcat].[localhost].[/] : Initializing Spring embedded WebApplicationContext
[2026-09-23 21:30:22 IST] INFO [Service Name -> bookstore-api-gateway-service], [TraceId -> ], [SpanId -> ] 
      <main> org.springframework.boot.web.servlet.context.ServletWebServerApplicationContext : Root WebApplicationContext: initialization completed in 10482 ms
[2026-09-23 21:30:24 IST] WARN [Service Name -> bookstore-api-gateway-service], [TraceId -> ], [SpanId -> ] 
      <main> com.netflix.config.sources.URLConfigurationSource : No URLs will be polled as dynamic configuration sources.
[2026-09-23 21:30:24 IST] INFO [Service Name -> bookstore-api-gateway-service], [TraceId -> ], [SpanId -> ] 
      <main> com.netflix.config.sources.URLConfigurationSource : To enable URLs as dynamic configuration sources, define System property archaius.configurationSource.additionalUrls or make config.properties available on classpath.
[2026-09-23 21:30:24 IST] INFO [Service Name -> bookstore-api-gateway-service], [TraceId -> ], [SpanId -> ] 
      <main> com.netflix.config.DynamicPropertyFactory : DynamicPropertyFactory is initialized with configuration sources: com.netflix.config.ConcurrentCompositeConfiguration@16a5c7e4
[2026-09-23 21:30:29 IST] WARN [Service Name -> bookstore-api-gateway-service], [TraceId -> ], [SpanId -> ] 
      <main> org.springframework.boot.actuate.endpoint.EndpointId : Endpoint ID 'service-registry' contains invalid characters, please migrate to a valid format.
[2026-09-23 21:30:29 IST] WARN [Service Name -> bookstore-api-gateway-service], [TraceId -> ], [SpanId -> ] 
      <main> org.springframework.boot.actuate.endpoint.EndpointId : Endpoint ID 'hystrix.stream' contains invalid characters, please migrate to a valid format.
[2026-09-23 21:30:31 IST] WARN [Service Name -> bookstore-api-gateway-service], [TraceId -> ], [SpanId -> ] 
      <main> org.springframework.cloud.sleuth.zipkin2.ZipkinAutoConfiguration : Check result of the [AsyncReporter{org.springframework.cloud.sleuth.zipkin2.sender.RestTemplateSender@5c48b72c}] contains an error [CheckResult{ok=false, error=org.springframework.web.client.ResourceAccessException: I/O error on POST request for "http://localhost:9411/api/v2/spans": connect timed out; nested exception is java.net.SocketTimeoutException: connect timed out}]
[2026-09-23 21:30:34 IST] INFO [Service Name -> bookstore-api-gateway-service], [TraceId -> ], [SpanId -> ] 
      <main> org.springframework.boot.actuate.endpoint.web.ServletEndpointRegistrar : Registered '/actuator/hystrix.stream' to hystrix.stream-actuator-endpoint
[2026-09-23 21:30:35 IST] WARN [Service Name -> bookstore-api-gateway-service], [TraceId -> ], [SpanId -> ] 
      <main> com.netflix.config.sources.URLConfigurationSource : No URLs will be polled as dynamic configuration sources.
[2026-09-23 21:30:35 IST] INFO [Service Name -> bookstore-api-gateway-service], [TraceId -> ], [SpanId -> ] 
      <main> com.netflix.config.sources.URLConfigurationSource : To enable URLs as dynamic configuration sources, define System property archaius.configurationSource.additionalUrls or make config.properties available on classpath.
[2026-09-23 21:30:36 IST] INFO [Service Name -> bookstore-api-gateway-service], [TraceId -> ], [SpanId -> ] 
      <main> org.springframework.scheduling.concurrent.ThreadPoolTaskExecutor : Initializing ExecutorService 'applicationTaskExecutor'
[2026-09-23 21:30:47 IST] WARN [Service Name -> bookstore-api-gateway-service], [TraceId -> ], [SpanId -> ] 
      <main> org.springframework.cloud.loadbalancer.config.BlockingLoadBalancerClientAutoConfiguration$BlockingLoadBalancerClientRibbonWarnLogger : You already have RibbonLoadBalancerClient on your classpath. It will be used by default. As Spring Cloud Ribbon is in maintenance mode. We recommend switching to BlockingLoadBalancerClient instead. In order to use it, set the value of `spring.cloud.loadbalancer.ribbon.enabled` to `false` or remove spring-cloud-starter-netflix-ribbon from your project.
[2026-09-23 21:30:51 IST] WARN [Service Name -> bookstore-api-gateway-service], [TraceId -> ], [SpanId -> ] 
      <main> org.springframework.cloud.loadbalancer.config.LoadBalancerCacheAutoConfiguration$LoadBalancerCaffeineWarnLogger : Spring Cloud LoadBalancer is currently working with default default cache. You can switch to using Caffeine cache, by adding it to the classpath.
[2026-09-23 21:30:52 IST] INFO [Service Name -> bookstore-api-gateway-service], [TraceId -> ], [SpanId -> ] 
      <main> org.springframework.cloud.netflix.zuul.ZuulFilterInitializer : Starting filter initializer
[2026-09-23 21:30:53 IST] INFO [Service Name -> bookstore-api-gateway-service], [TraceId -> ], [SpanId -> ] 
      <main> org.springframework.boot.actuate.endpoint.web.EndpointLinksResolver : Exposing 24 endpoint(s) beneath base path '/actuator'
[2026-09-23 21:30:53 IST] INFO [Service Name -> bookstore-api-gateway-service], [TraceId -> ], [SpanId -> ] 
      <main> org.springframework.cloud.netflix.eureka.InstanceInfoFactory : Setting initial instance status as: STARTING
[2026-09-23 21:30:53 IST] INFO [Service Name -> bookstore-api-gateway-service], [TraceId -> ], [SpanId -> ] 
      <main> com.netflix.discovery.DiscoveryClient : Initializing Eureka in region us-east-1
[2026-09-23 21:30:54 IST] INFO [Service Name -> bookstore-api-gateway-service], [TraceId -> ], [SpanId -> ] 
      <main> com.netflix.discovery.provider.DiscoveryJerseyProvider : Using JSON encoding codec LegacyJacksonJson
[2026-09-23 21:30:54 IST] INFO [Service Name -> bookstore-api-gateway-service], [TraceId -> ], [SpanId -> ] 
      <main> com.netflix.discovery.provider.DiscoveryJerseyProvider : Using JSON decoding codec LegacyJacksonJson
[2026-09-23 21:30:54 IST] INFO [Service Name -> bookstore-api-gateway-service], [TraceId -> ], [SpanId -> ] 
      <main> com.netflix.discovery.provider.DiscoveryJerseyProvider : Using XML encoding codec XStreamXml
[2026-09-23 21:30:54 IST] INFO [Service Name -> bookstore-api-gateway-service], [TraceId -> ], [SpanId -> ] 
      <main> com.netflix.discovery.provider.DiscoveryJerseyProvider : Using XML decoding codec XStreamXml
[2026-09-23 21:30:56 IST] INFO [Service Name -> bookstore-api-gateway-service], [TraceId -> ], [SpanId -> ] 
      <main> com.netflix.discovery.shared.resolver.aws.ConfigClusterResolver : Resolving eureka endpoints via configuration
[2026-09-23 21:30:58 IST] INFO [Service Name -> bookstore-api-gateway-service], [TraceId -> ], [SpanId -> ] 
      <main> com.netflix.discovery.DiscoveryClient : Disable delta property : false
[2026-09-23 21:30:58 IST] INFO [Service Name -> bookstore-api-gateway-service], [TraceId -> ], [SpanId -> ] 
      <main> com.netflix.discovery.DiscoveryClient : Single vip registry refresh property : null
[2026-09-23 21:30:58 IST] INFO [Service Name -> bookstore-api-gateway-service], [TraceId -> ], [SpanId -> ] 
      <main> com.netflix.discovery.DiscoveryClient : Force full registry fetch : false
[2026-09-23 21:30:58 IST] INFO [Service Name -> bookstore-api-gateway-service], [TraceId -> ], [SpanId -> ] 
      <main> com.netflix.discovery.DiscoveryClient : Application is null : false
[2026-09-23 21:30:58 IST] INFO [Service Name -> bookstore-api-gateway-service], [TraceId -> ], [SpanId -> ] 
      <main> com.netflix.discovery.DiscoveryClient : Registered Applications size is zero : true
[2026-09-23 21:30:58 IST] INFO [Service Name -> bookstore-api-gateway-service], [TraceId -> ], [SpanId -> ] 
      <main> com.netflix.discovery.DiscoveryClient : Application version is -1: true
[2026-09-23 21:30:58 IST] INFO [Service Name -> bookstore-api-gateway-service], [TraceId -> ], [SpanId -> ] 
      <main> com.netflix.discovery.DiscoveryClient : Getting all instance registry info from the eureka server
[2026-09-23 21:31:03 IST] ERROR [Service Name -> bookstore-api-gateway-service], [TraceId -> ], [SpanId -> ] 
      <main> com.netflix.discovery.shared.transport.decorator.RedirectingEurekaHttpClient : Request execution error. endpoint=DefaultEndpoint{ serviceUrl='http://localhost:8761/eureka/}
com.sun.jersey.api.client.ClientHandlerException: java.net.ConnectException: Connection refused: connect
	at com.sun.jersey.client.apache4.ApacheHttpClient4Handler.handle(ApacheHttpClient4Handler.java:187)
	at com.sun.jersey.api.client.filter.GZIPContentEncodingFilter.handle(GZIPContentEncodingFilter.java:123)
	at com.netflix.discovery.EurekaIdentityHeaderFilter.handle(EurekaIdentityHeaderFilter.java:27)
	at com.sun.jersey.api.client.Client.handle(Client.java:652)
	at com.sun.jersey.api.client.WebResource.handle(WebResource.java:682)
	at com.sun.jersey.api.client.WebResource.access$200(WebResource.java:74)
	at com.sun.jersey.api.client.WebResource$Builder.get(WebResource.java:509)
	at com.netflix.discovery.shared.transport.jersey.AbstractJerseyEurekaHttpClient.getApplicationsInternal(AbstractJerseyEurekaHttpClient.java:194)
	at com.netflix.discovery.shared.transport.jersey.AbstractJerseyEurekaHttpClient.getApplications(AbstractJerseyEurekaHttpClient.java:165)
	at com.netflix.discovery.shared.transport.decorator.EurekaHttpClientDecorator$6.execute(EurekaHttpClientDecorator.java:137)
	at com.netflix.discovery.shared.transport.decorator.MetricsCollectingEurekaHttpClient.execute(MetricsCollectingEurekaHttpClient.java:73)
	at com.netflix.discovery.shared.transport.decorator.EurekaHttpClientDecorator.getApplications(EurekaHttpClientDecorator.java:134)
	at com.netflix.discovery.shared.transport.decorator.EurekaHttpClientDecorator$6.execute(EurekaHttpClientDecorator.java:137)
	at com.netflix.discovery.shared.transport.decorator.RedirectingEurekaHttpClient.executeOnNewServer(RedirectingEurekaHttpClient.java:118)
	at com.netflix.discovery.shared.transport.decorator.RedirectingEurekaHttpClient.execute(RedirectingEurekaHttpClient.java:79)
	at com.netflix.discovery.shared.transport.decorator.EurekaHttpClientDecorator.getApplications(EurekaHttpClientDecorator.java:134)
	at com.netflix.discovery.shared.transport.decorator.EurekaHttpClientDecorator$6.execute(EurekaHttpClientDecorator.java:137)
	at com.netflix.discovery.shared.transport.decorator.RetryableEurekaHttpClient.execute(RetryableEurekaHttpClient.java:120)
	at com.netflix.discovery.shared.transport.decorator.EurekaHttpClientDecorator.getApplications(EurekaHttpClientDecorator.java:134)
	at com.netflix.discovery.shared.transport.decorator.EurekaHttpClientDecorator$6.execute(EurekaHttpClientDecorator.java:137)
	at com.netflix.discovery.shared.transport.decorator.SessionedEurekaHttpClient.execute(SessionedEurekaHttpClient.java:77)
	at com.netflix.discovery.shared.transport.decorator.EurekaHttpClientDecorator.getApplications(EurekaHttpClientDecorator.java:134)
	at com.netflix.discovery.DiscoveryClient.getAndStoreFullRegistry(DiscoveryClient.java:1069)
	at com.netflix.discovery.DiscoveryClient.fetchRegistry(DiscoveryClient.java:983)
	at com.netflix.discovery.DiscoveryClient.<init>(DiscoveryClient.java:430)
	at com.netflix.discovery.DiscoveryClient.<init>(DiscoveryClient.java:276)
	at com.netflix.discovery.DiscoveryClient.<init>(DiscoveryClient.java:272)
	at org.springframework.cloud.netflix.eureka.CloudEurekaClient.<init>(CloudEurekaClient.java:67)
	at org.springframework.cloud.netflix.eureka.EurekaClientAutoConfiguration$RefreshableEurekaClientConfiguration.eurekaClient(EurekaClientAutoConfiguration.java:324)
	at sun.reflect.NativeMethodAccessorImpl.invoke0(Native Method)
	at sun.reflect.NativeMethodAccessorImpl.invoke(NativeMethodAccessorImpl.java:62)
	at sun.reflect.DelegatingMethodAccessorImpl.invoke(DelegatingMethodAccessorImpl.java:43)
	at java.lang.reflect.Method.invoke(Method.java:498)
	at org.springframework.beans.factory.support.SimpleInstantiationStrategy.instantiate(SimpleInstantiationStrategy.java:154)
	at org.springframework.beans.factory.support.ConstructorResolver.instantiate(ConstructorResolver.java:650)
	at org.springframework.beans.factory.support.ConstructorResolver.instantiateUsingFactoryMethod(ConstructorResolver.java:635)
	at org.springframework.beans.factory.support.AbstractAutowireCapableBeanFactory.instantiateUsingFactoryMethod(AbstractAutowireCapableBeanFactory.java:1336)
	at org.springframework.beans.factory.support.AbstractAutowireCapableBeanFactory.createBeanInstance(AbstractAutowireCapableBeanFactory.java:1176)
	at org.springframework.beans.factory.support.AbstractAutowireCapableBeanFactory.doCreateBean(AbstractAutowireCapableBeanFactory.java:556)
	at org.springframework.beans.factory.support.AbstractAutowireCapableBeanFactory.createBean(AbstractAutowireCapableBeanFactory.java:516)
	at org.springframework.beans.factory.support.AbstractBeanFactory.lambda$doGetBean$1(AbstractBeanFactory.java:363)
	at org.springframework.cloud.context.scope.GenericScope$BeanLifecycleWrapper.getBean(GenericScope.java:389)
	at org.springframework.cloud.context.scope.GenericScope.get(GenericScope.java:186)
	at org.springframework.beans.factory.support.AbstractBeanFactory.doGetBean(AbstractBeanFactory.java:360)
	at org.springframework.beans.factory.support.AbstractBeanFactory.getBean(AbstractBeanFactory.java:202)
	at org.springframework.aop.target.SimpleBeanTargetSource.getTarget(SimpleBeanTargetSource.java:35)
	at org.springframework.cloud.netflix.eureka.serviceregistry.EurekaRegistration.getTargetObject(EurekaRegistration.java:129)
	at org.springframework.cloud.netflix.eureka.serviceregistry.EurekaRegistration.getEurekaClient(EurekaRegistration.java:117)
	at sun.reflect.NativeMethodAccessorImpl.invoke0(Native Method)
	at sun.reflect.NativeMethodAccessorImpl.invoke(NativeMethodAccessorImpl.java:62)
	at sun.reflect.DelegatingMethodAccessorImpl.invoke(DelegatingMethodAccessorImpl.java:43)
	at java.lang.reflect.Method.invoke(Method.java:498)
	at org.springframework.util.ReflectionUtils.invokeMethod(ReflectionUtils.java:282)
	at org.springframework.cloud.context.scope.GenericScope$LockedScopedProxyFactoryBean.invoke(GenericScope.java:499)
	at org.springframework.aop.framework.ReflectiveMethodInvocation.proceed(ReflectiveMethodInvocation.java:186)
	at org.springframework.aop.framework.CglibAopProxy$CglibMethodInvocation.proceed(CglibAopProxy.java:749)
	at org.springframework.aop.framework.CglibAopProxy$DynamicAdvisedInterceptor.intercept(CglibAopProxy.java:691)
	at org.springframework.cloud.netflix.eureka.serviceregistry.EurekaRegistration$$EnhancerBySpringCGLIB$$69844c8.getEurekaClient(<generated>)
	at org.springframework.cloud.netflix.eureka.serviceregistry.EurekaServiceRegistry.maybeInitializeClient(EurekaServiceRegistry.java:57)
	at org.springframework.cloud.netflix.eureka.serviceregistry.EurekaServiceRegistry.register(EurekaServiceRegistry.java:38)
	at org.springframework.cloud.netflix.eureka.serviceregistry.EurekaAutoServiceRegistration.start(EurekaAutoServiceRegistration.java:83)
	at org.springframework.context.support.DefaultLifecycleProcessor.doStart(DefaultLifecycleProcessor.java:182)
	at org.springframework.context.support.DefaultLifecycleProcessor.access$200(DefaultLifecycleProcessor.java:53)
	at org.springframework.context.support.DefaultLifecycleProcessor$LifecycleGroup.start(DefaultLifecycleProcessor.java:360)
	at org.springframework.context.support.DefaultLifecycleProcessor.startBeans(DefaultLifecycleProcessor.java:158)
	at org.springframework.context.support.DefaultLifecycleProcessor.onRefresh(DefaultLifecycleProcessor.java:122)
	at org.springframework.context.support.AbstractApplicationContext.finishRefresh(AbstractApplicationContext.java:895)
	at org.springframework.context.support.AbstractApplicationContext.refresh(AbstractApplicationContext.java:554)
	at org.springframework.boot.web.servlet.context.ServletWebServerApplicationContext.refresh(ServletWebServerApplicationContext.java:143)
	at org.springframework.boot.SpringApplication.refresh(SpringApplication.java:758)
	at org.springframework.boot.SpringApplication.refresh(SpringApplication.java:750)
	at org.springframework.boot.SpringApplication.refreshContext(SpringApplication.java:397)
	at org.springframework.boot.SpringApplication.run(SpringApplication.java:315)
	at org.springframework.boot.SpringApplication.run(SpringApplication.java:1237)
	at org.springframework.boot.SpringApplication.run(SpringApplication.java:1226)
	at com.devd.spring.bookstoreapigatewayservice.BookstoreApiGatewayServiceApplication.main(BookstoreApiGatewayServiceApplication.java:18)
Caused by: java.net.ConnectException: Connection refused: connect
	at java.net.DualStackPlainSocketImpl.waitForConnect(Native Method)
	at java.net.DualStackPlainSocketImpl.socketConnect(DualStackPlainSocketImpl.java:85)
	at java.net.AbstractPlainSocketImpl.doConnect(AbstractPlainSocketImpl.java:350)
	at java.net.AbstractPlainSocketImpl.connectToAddress(AbstractPlainSocketImpl.java:206)
	at java.net.AbstractPlainSocketImpl.connect(AbstractPlainSocketImpl.java:188)
	at java.net.PlainSocketImpl.connect(PlainSocketImpl.java:172)
	at java.net.SocksSocketImpl.connect(SocksSocketImpl.java:392)
	at java.net.Socket.connect(Socket.java:607)
	at org.apache.http.conn.scheme.PlainSocketFactory.connectSocket(PlainSocketFactory.java:121)
	at org.apache.http.impl.conn.DefaultClientConnectionOperator.openConnection(DefaultClientConnectionOperator.java:180)
	at org.apache.http.impl.conn.AbstractPoolEntry.open(AbstractPoolEntry.java:144)
	at org.apache.http.impl.conn.AbstractPooledConnAdapter.open(AbstractPooledConnAdapter.java:134)
	at org.apache.http.impl.client.DefaultRequestDirector.tryConnect(DefaultRequestDirector.java:605)
	at org.apache.http.impl.client.DefaultRequestDirector.execute(DefaultRequestDirector.java:440)
	at org.apache.http.impl.client.AbstractHttpClient.doExecute(AbstractHttpClient.java:835)
	at org.apache.http.impl.client.CloseableHttpClient.execute(CloseableHttpClient.java:118)
	at org.apache.http.impl.client.CloseableHttpClient.execute(CloseableHttpClient.java:56)
	at com.sun.jersey.client.apache4.ApacheHttpClient4Handler.handle(ApacheHttpClient4Handler.java:173)
	... 75 common frames omitted
[2026-09-23 21:31:03 IST] WARN [Service Name -> bookstore-api-gateway-service], [TraceId -> ], [SpanId -> ] 
      <main> com.netflix.discovery.shared.transport.decorator.RetryableEurekaHttpClient : Request execution failed with message: java.net.ConnectException: Connection refused: connect
[2026-09-23 21:31:03 IST] ERROR [Service Name -> bookstore-api-gateway-service], [TraceId -> ], [SpanId -> ] 
      <main> com.netflix.discovery.DiscoveryClient : DiscoveryClient_BOOKSTORE-API-GATEWAY-SERVICE/LAPTOP-PIAE5DDA.mshome.net:bookstore-api-gateway-service:8765 - was unable to refresh its cache! status = Cannot execute request on any known server
com.netflix.discovery.shared.transport.TransportException: Cannot execute request on any known server
	at com.netflix.discovery.shared.transport.decorator.RetryableEurekaHttpClient.execute(RetryableEurekaHttpClient.java:112)
	at com.netflix.discovery.shared.transport.decorator.EurekaHttpClientDecorator.getApplications(EurekaHttpClientDecorator.java:134)
	at com.netflix.discovery.shared.transport.decorator.EurekaHttpClientDecorator$6.execute(EurekaHttpClientDecorator.java:137)
	at com.netflix.discovery.shared.transport.decorator.SessionedEurekaHttpClient.execute(SessionedEurekaHttpClient.java:77)
	at com.netflix.discovery.shared.transport.decorator.EurekaHttpClientDecorator.getApplications(EurekaHttpClientDecorator.java:134)
	at com.netflix.discovery.DiscoveryClient.getAndStoreFullRegistry(DiscoveryClient.java:1069)
	at com.netflix.discovery.DiscoveryClient.fetchRegistry(DiscoveryClient.java:983)
	at com.netflix.discovery.DiscoveryClient.<init>(DiscoveryClient.java:430)
	at com.netflix.discovery.DiscoveryClient.<init>(DiscoveryClient.java:276)
	at com.netflix.discovery.DiscoveryClient.<init>(DiscoveryClient.java:272)
	at org.springframework.cloud.netflix.eureka.CloudEurekaClient.<init>(CloudEurekaClient.java:67)
	at org.springframework.cloud.netflix.eureka.EurekaClientAutoConfiguration$RefreshableEurekaClientConfiguration.eurekaClient(EurekaClientAutoConfiguration.java:324)
	at sun.reflect.NativeMethodAccessorImpl.invoke0(Native Method)
	at sun.reflect.NativeMethodAccessorImpl.invoke(NativeMethodAccessorImpl.java:62)
	at sun.reflect.DelegatingMethodAccessorImpl.invoke(DelegatingMethodAccessorImpl.java:43)
	at java.lang.reflect.Method.invoke(Method.java:498)
	at org.springframework.beans.factory.support.SimpleInstantiationStrategy.instantiate(SimpleInstantiationStrategy.java:154)
	at org.springframework.beans.factory.support.ConstructorResolver.instantiate(ConstructorResolver.java:650)
	at org.springframework.beans.factory.support.ConstructorResolver.instantiateUsingFactoryMethod(ConstructorResolver.java:635)
	at org.springframework.beans.factory.support.AbstractAutowireCapableBeanFactory.instantiateUsingFactoryMethod(AbstractAutowireCapableBeanFactory.java:1336)
	at org.springframework.beans.factory.support.AbstractAutowireCapableBeanFactory.createBeanInstance(AbstractAutowireCapableBeanFactory.java:1176)
	at org.springframework.beans.factory.support.AbstractAutowireCapableBeanFactory.doCreateBean(AbstractAutowireCapableBeanFactory.java:556)
	at org.springframework.beans.factory.support.AbstractAutowireCapableBeanFactory.createBean(AbstractAutowireCapableBeanFactory.java:516)
	at org.springframework.beans.factory.support.AbstractBeanFactory.lambda$doGetBean$1(AbstractBeanFactory.java:363)
	at org.springframework.cloud.context.scope.GenericScope$BeanLifecycleWrapper.getBean(GenericScope.java:389)
	at org.springframework.cloud.context.scope.GenericScope.get(GenericScope.java:186)
	at org.springframework.beans.factory.support.AbstractBeanFactory.doGetBean(AbstractBeanFactory.java:360)
	at org.springframework.beans.factory.support.AbstractBeanFactory.getBean(AbstractBeanFactory.java:202)
	at org.springframework.aop.target.SimpleBeanTargetSource.getTarget(SimpleBeanTargetSource.java:35)
	at org.springframework.cloud.netflix.eureka.serviceregistry.EurekaRegistration.getTargetObject(EurekaRegistration.java:129)
	at org.springframework.cloud.netflix.eureka.serviceregistry.EurekaRegistration.getEurekaClient(EurekaRegistration.java:117)
	at sun.reflect.NativeMethodAccessorImpl.invoke0(Native Method)
	at sun.reflect.NativeMethodAccessorImpl.invoke(NativeMethodAccessorImpl.java:62)
	at sun.reflect.DelegatingMethodAccessorImpl.invoke(DelegatingMethodAccessorImpl.java:43)
	at java.lang.reflect.Method.invoke(Method.java:498)
	at org.springframework.util.ReflectionUtils.invokeMethod(ReflectionUtils.java:282)
	at org.springframework.cloud.context.scope.GenericScope$LockedScopedProxyFactoryBean.invoke(GenericScope.java:499)
	at org.springframework.aop.framework.ReflectiveMethodInvocation.proceed(ReflectiveMethodInvocation.java:186)
	at org.springframework.aop.framework.CglibAopProxy$CglibMethodInvocation.proceed(CglibAopProxy.java:749)
	at org.springframework.aop.framework.CglibAopProxy$DynamicAdvisedInterceptor.intercept(CglibAopProxy.java:691)
	at org.springframework.cloud.netflix.eureka.serviceregistry.EurekaRegistration$$EnhancerBySpringCGLIB$$69844c8.getEurekaClient(<generated>)
	at org.springframework.cloud.netflix.eureka.serviceregistry.EurekaServiceRegistry.maybeInitializeClient(EurekaServiceRegistry.java:57)
	at org.springframework.cloud.netflix.eureka.serviceregistry.EurekaServiceRegistry.register(EurekaServiceRegistry.java:38)
	at org.springframework.cloud.netflix.eureka.serviceregistry.EurekaAutoServiceRegistration.start(EurekaAutoServiceRegistration.java:83)
	at org.springframework.context.support.DefaultLifecycleProcessor.doStart(DefaultLifecycleProcessor.java:182)
	at org.springframework.context.support.DefaultLifecycleProcessor.access$200(DefaultLifecycleProcessor.java:53)
	at org.springframework.context.support.DefaultLifecycleProcessor$LifecycleGroup.start(DefaultLifecycleProcessor.java:360)
	at org.springframework.context.support.DefaultLifecycleProcessor.startBeans(DefaultLifecycleProcessor.java:158)
	at org.springframework.context.support.DefaultLifecycleProcessor.onRefresh(DefaultLifecycleProcessor.java:122)
	at org.springframework.context.support.AbstractApplicationContext.finishRefresh(AbstractApplicationContext.java:895)
	at org.springframework.context.support.AbstractApplicationContext.refresh(AbstractApplicationContext.java:554)
	at org.springframework.boot.web.servlet.context.ServletWebServerApplicationContext.refresh(ServletWebServerApplicationContext.java:143)
	at org.springframework.boot.SpringApplication.refresh(SpringApplication.java:758)
	at org.springframework.boot.SpringApplication.refresh(SpringApplication.java:750)
	at org.springframework.boot.SpringApplication.refreshContext(SpringApplication.java:397)
	at org.springframework.boot.SpringApplication.run(SpringApplication.java:315)
	at org.springframework.boot.SpringApplication.run(SpringApplication.java:1237)
	at org.springframework.boot.SpringApplication.run(SpringApplication.java:1226)
	at com.devd.spring.bookstoreapigatewayservice.BookstoreApiGatewayServiceApplication.main(BookstoreApiGatewayServiceApplication.java:18)
[2026-09-23 21:31:03 IST] WARN [Service Name -> bookstore-api-gateway-service], [TraceId -> ], [SpanId -> ] 
      <main> com.netflix.discovery.DiscoveryClient : Using default backup registry implementation which does not do anything.
[2026-09-23 21:31:03 IST] INFO [Service Name -> bookstore-api-gateway-service], [TraceId -> ], [SpanId -> ] 
      <main> com.netflix.discovery.DiscoveryClient : Starting heartbeat executor: renew interval is: 30
[2026-09-23 21:31:03 IST] INFO [Service Name -> bookstore-api-gateway-service], [TraceId -> ], [SpanId -> ] 
      <main> com.netflix.discovery.InstanceInfoReplicator : InstanceInfoReplicator onDemand update allowed rate per min is 4
[2026-09-23 21:31:03 IST] INFO [Service Name -> bookstore-api-gateway-service], [TraceId -> ], [SpanId -> ] 
      <main> com.netflix.discovery.DiscoveryClient : Discovery Client initialized at timestamp 1790179263156 with initial instances count: 0
[2026-09-23 21:31:03 IST] INFO [Service Name -> bookstore-api-gateway-service], [TraceId -> ], [SpanId -> ] 
      <main> org.springframework.cloud.netflix.eureka.serviceregistry.EurekaServiceRegistry : Registering application BOOKSTORE-API-GATEWAY-SERVICE with eureka with status UP
[2026-09-23 21:31:03 IST] INFO [Service Name -> bookstore-api-gateway-service], [TraceId -> ], [SpanId -> ] 
      <main> com.netflix.discovery.DiscoveryClient : Saw local status change event StatusChangeEvent [timestamp=1790179263207, current=UP, previous=STARTING]
[2026-09-23 21:31:03 IST] INFO [Service Name -> bookstore-api-gateway-service], [TraceId -> ], [SpanId -> ] 
      <DiscoveryClient-InstanceInfoReplicator-0> com.netflix.discovery.DiscoveryClient : DiscoveryClient_BOOKSTORE-API-GATEWAY-SERVICE/LAPTOP-PIAE5DDA.mshome.net:bookstore-api-gateway-service:8765: registering service...
[2026-09-23 21:31:03 IST] INFO [Service Name -> bookstore-api-gateway-service], [TraceId -> ], [SpanId -> ] 
      <main> org.apache.coyote.http11.Http11NioProtocol : Starting ProtocolHandler ["http-nio-8765"]
[2026-09-23 21:31:03 IST] INFO [Service Name -> bookstore-api-gateway-service], [TraceId -> ], [SpanId -> ] 
      <main> org.springframework.boot.web.embedded.tomcat.TomcatWebServer : Tomcat started on port(s): 8765 (http) with context path ''
[2026-09-23 21:31:03 IST] INFO [Service Name -> bookstore-api-gateway-service], [TraceId -> ], [SpanId -> ] 
      <main> org.springframework.cloud.netflix.eureka.serviceregistry.EurekaAutoServiceRegistration : Updating port to 8765
[2026-09-23 21:31:06 IST] INFO [Service Name -> bookstore-api-gateway-service], [TraceId -> ], [SpanId -> ] 
      <main> com.devd.spring.bookstoreapigatewayservice.BookstoreApiGatewayServiceApplication : Started BookstoreApiGatewayServiceApplication in 67.569 seconds (JVM running for 72.982)
[2026-09-23 21:31:07 IST] INFO [Service Name -> bookstore-api-gateway-service], [TraceId -> ], [SpanId -> ] 
      <main> com.netflix.config.ChainedDynamicProperty : Flipping property: bookstore-billing-service.ribbon.ActiveConnectionsLimit to use NEXT property: niws.loadbalancer.availabilityFilteringRule.activeConnectionsLimit = 2147483647
[2026-09-23 21:31:07 IST] INFO [Service Name -> bookstore-api-gateway-service], [TraceId -> ], [SpanId -> ] 
      <main> com.netflix.util.concurrent.ShutdownEnabledTimer : Shutdown hook installed for: NFLoadBalancer-PingTimer-bookstore-billing-service
[2026-09-23 21:31:07 IST] INFO [Service Name -> bookstore-api-gateway-service], [TraceId -> ], [SpanId -> ] 
      <main> com.netflix.loadbalancer.BaseLoadBalancer : Client: bookstore-billing-service instantiated a LoadBalancer: DynamicServerListLoadBalancer:{NFLoadBalancer:name=bookstore-billing-service,current list of Servers=[],Load balancer stats=Zone stats: {},Server stats: []}ServerList:null
[2026-09-23 21:31:07 IST] INFO [Service Name -> bookstore-api-gateway-service], [TraceId -> ], [SpanId -> ] 
      <main> com.netflix.loadbalancer.DynamicServerListLoadBalancer : Using serverListUpdater PollingServerListUpdater
[2026-09-23 21:31:07 IST] INFO [Service Name -> bookstore-api-gateway-service], [TraceId -> ], [SpanId -> ] 
      <main> com.netflix.loadbalancer.DynamicServerListLoadBalancer : DynamicServerListLoadBalancer for client bookstore-billing-service initialized: DynamicServerListLoadBalancer:{NFLoadBalancer:name=bookstore-billing-service,current list of Servers=[],Load balancer stats=Zone stats: {},Server stats: []}ServerList:org.springframework.cloud.netflix.ribbon.eureka.DomainExtractingServerList@6f2864c3
[2026-09-23 21:31:07 IST] ERROR [Service Name -> bookstore-api-gateway-service], [TraceId -> ], [SpanId -> ] 
      <DiscoveryClient-InstanceInfoReplicator-0> com.netflix.discovery.shared.transport.decorator.RedirectingEurekaHttpClient : Request execution error. endpoint=DefaultEndpoint{ serviceUrl='http://localhost:8761/eureka/}
com.sun.jersey.api.client.ClientHandlerException: java.net.ConnectException: Connection refused: connect
	at com.sun.jersey.client.apache4.ApacheHttpClient4Handler.handle(ApacheHttpClient4Handler.java:187)
	at com.sun.jersey.api.client.filter.GZIPContentEncodingFilter.handle(GZIPContentEncodingFilter.java:123)
	at com.netflix.discovery.EurekaIdentityHeaderFilter.handle(EurekaIdentityHeaderFilter.java:27)
	at com.sun.jersey.api.client.Client.handle(Client.java:652)
	at com.sun.jersey.api.client.WebResource.handle(WebResource.java:682)
	at com.sun.jersey.api.client.WebResource.access$200(WebResource.java:74)
	at com.sun.jersey.api.client.WebResource$Builder.post(WebResource.java:570)
	at com.netflix.discovery.shared.transport.jersey.AbstractJerseyEurekaHttpClient.register(AbstractJerseyEurekaHttpClient.java:56)
	at com.netflix.discovery.shared.transport.decorator.EurekaHttpClientDecorator$1.execute(EurekaHttpClientDecorator.java:59)
	at com.netflix.discovery.shared.transport.decorator.MetricsCollectingEurekaHttpClient.execute(MetricsCollectingEurekaHttpClient.java:73)
	at com.netflix.discovery.shared.transport.decorator.EurekaHttpClientDecorator.register(EurekaHttpClientDecorator.java:56)
	at com.netflix.discovery.shared.transport.decorator.EurekaHttpClientDecorator$1.execute(EurekaHttpClientDecorator.java:59)
	at com.netflix.discovery.shared.transport.decorator.RedirectingEurekaHttpClient.executeOnNewServer(RedirectingEurekaHttpClient.java:118)
	at com.netflix.discovery.shared.transport.decorator.RedirectingEurekaHttpClient.execute(RedirectingEurekaHttpClient.java:79)
	at com.netflix.discovery.shared.transport.decorator.EurekaHttpClientDecorator.register(EurekaHttpClientDecorator.java:56)
	at com.netflix.discovery.shared.transport.decorator.EurekaHttpClientDecorator$1.execute(EurekaHttpClientDecorator.java:59)
	at com.netflix.discovery.shared.transport.decorator.RetryableEurekaHttpClient.execute(RetryableEurekaHttpClient.java:120)
	at com.netflix.discovery.shared.transport.decorator.EurekaHttpClientDecorator.register(EurekaHttpClientDecorator.java:56)
	at com.netflix.discovery.shared.transport.decorator.EurekaHttpClientDecorator$1.execute(EurekaHttpClientDecorator.java:59)
	at com.netflix.discovery.shared.transport.decorator.SessionedEurekaHttpClient.execute(SessionedEurekaHttpClient.java:77)
	at com.netflix.discovery.shared.transport.decorator.EurekaHttpClientDecorator.register(EurekaHttpClientDecorator.java:56)
	at com.netflix.discovery.DiscoveryClient.register(DiscoveryClient.java:847)
	at com.netflix.discovery.InstanceInfoReplicator.run(InstanceInfoReplicator.java:121)
	at com.netflix.discovery.InstanceInfoReplicator$1.run(InstanceInfoReplicator.java:101)
	at java.util.concurrent.Executors$RunnableAdapter.call(Executors.java:511)
	at java.util.concurrent.FutureTask.run(FutureTask.java:266)
	at java.util.concurrent.ScheduledThreadPoolExecutor$ScheduledFutureTask.access$201(ScheduledThreadPoolExecutor.java:180)
	at java.util.concurrent.ScheduledThreadPoolExecutor$ScheduledFutureTask.run(ScheduledThreadPoolExecutor.java:293)
	at java.util.concurrent.ThreadPoolExecutor.runWorker(ThreadPoolExecutor.java:1149)
	at java.util.concurrent.ThreadPoolExecutor$Worker.run(ThreadPoolExecutor.java:624)
	at java.lang.Thread.run(Thread.java:750)
Caused by: java.net.ConnectException: Connection refused: connect
	at java.net.DualStackPlainSocketImpl.waitForConnect(Native Method)
	at java.net.DualStackPlainSocketImpl.socketConnect(DualStackPlainSocketImpl.java:85)
	at java.net.AbstractPlainSocketImpl.doConnect(AbstractPlainSocketImpl.java:350)
	at java.net.AbstractPlainSocketImpl.connectToAddress(AbstractPlainSocketImpl.java:206)
	at java.net.AbstractPlainSocketImpl.connect(AbstractPlainSocketImpl.java:188)
	at java.net.PlainSocketImpl.connect(PlainSocketImpl.java:172)
	at java.net.SocksSocketImpl.connect(SocksSocketImpl.java:392)
	at java.net.Socket.connect(Socket.java:607)
	at org.apache.http.conn.scheme.PlainSocketFactory.connectSocket(PlainSocketFactory.java:121)
	at org.apache.http.impl.conn.DefaultClientConnectionOperator.openConnection(DefaultClientConnectionOperator.java:180)
	at org.apache.http.impl.conn.AbstractPoolEntry.open(AbstractPoolEntry.java:144)
	at org.apache.http.impl.conn.AbstractPooledConnAdapter.open(AbstractPooledConnAdapter.java:134)
	at org.apache.http.impl.client.DefaultRequestDirector.tryConnect(DefaultRequestDirector.java:605)
	at org.apache.http.impl.client.DefaultRequestDirector.execute(DefaultRequestDirector.java:440)
	at org.apache.http.impl.client.AbstractHttpClient.doExecute(AbstractHttpClient.java:835)
	at org.apache.http.impl.client.CloseableHttpClient.execute(CloseableHttpClient.java:118)
	at org.apache.http.impl.client.CloseableHttpClient.execute(CloseableHttpClient.java:56)
	at com.sun.jersey.client.apache4.ApacheHttpClient4Handler.handle(ApacheHttpClient4Handler.java:173)
	... 30 common frames omitted
[2026-09-23 21:31:07 IST] WARN [Service Name -> bookstore-api-gateway-service], [TraceId -> ], [SpanId -> ] 
      <DiscoveryClient-InstanceInfoReplicator-0> com.netflix.discovery.shared.transport.decorator.RetryableEurekaHttpClient : Request execution failed with message: java.net.ConnectException: Connection refused: connect
[2026-09-23 21:31:07 IST] WARN [Service Name -> bookstore-api-gateway-service], [TraceId -> ], [SpanId -> ] 
      <DiscoveryClient-InstanceInfoReplicator-0> com.netflix.discovery.DiscoveryClient : DiscoveryClient_BOOKSTORE-API-GATEWAY-SERVICE/LAPTOP-PIAE5DDA.mshome.net:bookstore-api-gateway-service:8765 - registration failed Cannot execute request on any known server
com.netflix.discovery.shared.transport.TransportException: Cannot execute request on any known server
	at com.netflix.discovery.shared.transport.decorator.RetryableEurekaHttpClient.execute(RetryableEurekaHttpClient.java:112)
	at com.netflix.discovery.shared.transport.decorator.EurekaHttpClientDecorator.register(EurekaHttpClientDecorator.java:56)
	at com.netflix.discovery.shared.transport.decorator.EurekaHttpClientDecorator$1.execute(EurekaHttpClientDecorator.java:59)
	at com.netflix.discovery.shared.transport.decorator.SessionedEurekaHttpClient.execute(SessionedEurekaHttpClient.java:77)
	at com.netflix.discovery.shared.transport.decorator.EurekaHttpClientDecorator.register(EurekaHttpClientDecorator.java:56)
	at com.netflix.discovery.DiscoveryClient.register(DiscoveryClient.java:847)
	at com.netflix.discovery.InstanceInfoReplicator.run(InstanceInfoReplicator.java:121)
	at com.netflix.discovery.InstanceInfoReplicator$1.run(InstanceInfoReplicator.java:101)
	at java.util.concurrent.Executors$RunnableAdapter.call(Executors.java:511)
	at java.util.concurrent.FutureTask.run(FutureTask.java:266)
	at java.util.concurrent.ScheduledThreadPoolExecutor$ScheduledFutureTask.access$201(ScheduledThreadPoolExecutor.java:180)
	at java.util.concurrent.ScheduledThreadPoolExecutor$ScheduledFutureTask.run(ScheduledThreadPoolExecutor.java:293)
	at java.util.concurrent.ThreadPoolExecutor.runWorker(ThreadPoolExecutor.java:1149)
	at java.util.concurrent.ThreadPoolExecutor$Worker.run(ThreadPoolExecutor.java:624)
	at java.lang.Thread.run(Thread.java:750)
[2026-09-23 21:31:07 IST] WARN [Service Name -> bookstore-api-gateway-service], [TraceId -> ], [SpanId -> ] 
      <DiscoveryClient-InstanceInfoReplicator-0> com.netflix.discovery.InstanceInfoReplicator : There was a problem with the instance info replicator
com.netflix.discovery.shared.transport.TransportException: Cannot execute request on any known server
	at com.netflix.discovery.shared.transport.decorator.RetryableEurekaHttpClient.execute(RetryableEurekaHttpClient.java:112)
	at com.netflix.discovery.shared.transport.decorator.EurekaHttpClientDecorator.register(EurekaHttpClientDecorator.java:56)
	at com.netflix.discovery.shared.transport.decorator.EurekaHttpClientDecorator$1.execute(EurekaHttpClientDecorator.java:59)
	at com.netflix.discovery.shared.transport.decorator.SessionedEurekaHttpClient.execute(SessionedEurekaHttpClient.java:77)
	at com.netflix.discovery.shared.transport.decorator.EurekaHttpClientDecorator.register(EurekaHttpClientDecorator.java:56)
	at com.netflix.discovery.DiscoveryClient.register(DiscoveryClient.java:847)
	at com.netflix.discovery.InstanceInfoReplicator.run(InstanceInfoReplicator.java:121)
	at com.netflix.discovery.InstanceInfoReplicator$1.run(InstanceInfoReplicator.java:101)
	at java.util.concurrent.Executors$RunnableAdapter.call(Executors.java:511)
	at java.util.concurrent.FutureTask.run(FutureTask.java:266)
	at java.util.concurrent.ScheduledThreadPoolExecutor$ScheduledFutureTask.access$201(ScheduledThreadPoolExecutor.java:180)
	at java.util.concurrent.ScheduledThreadPoolExecutor$ScheduledFutureTask.run(ScheduledThreadPoolExecutor.java:293)
	at java.util.concurrent.ThreadPoolExecutor.runWorker(ThreadPoolExecutor.java:1149)
	at java.util.concurrent.ThreadPoolExecutor$Worker.run(ThreadPoolExecutor.java:624)
	at java.lang.Thread.run(Thread.java:750)
[2026-09-23 21:31:07 IST] INFO [Service Name -> bookstore-api-gateway-service], [TraceId -> ], [SpanId -> ] 
      <main> com.netflix.config.ChainedDynamicProperty : Flipping property: bookstore-catalog-service.ribbon.ActiveConnectionsLimit to use NEXT property: niws.loadbalancer.availabilityFilteringRule.activeConnectionsLimit = 2147483647
[2026-09-23 21:31:07 IST] INFO [Service Name -> bookstore-api-gateway-service], [TraceId -> ], [SpanId -> ] 
      <main> com.netflix.util.concurrent.ShutdownEnabledTimer : Shutdown hook installed for: NFLoadBalancer-PingTimer-bookstore-catalog-service
[2026-09-23 21:31:07 IST] INFO [Service Name -> bookstore-api-gateway-service], [TraceId -> ], [SpanId -> ] 
      <main> com.netflix.loadbalancer.BaseLoadBalancer : Client: bookstore-catalog-service instantiated a LoadBalancer: DynamicServerListLoadBalancer:{NFLoadBalancer:name=bookstore-catalog-service,current list of Servers=[],Load balancer stats=Zone stats: {},Server stats: []}ServerList:null
[2026-09-23 21:31:07 IST] INFO [Service Name -> bookstore-api-gateway-service], [TraceId -> ], [SpanId -> ] 
      <main> com.netflix.loadbalancer.DynamicServerListLoadBalancer : Using serverListUpdater PollingServerListUpdater
[2026-09-23 21:31:07 IST] INFO [Service Name -> bookstore-api-gateway-service], [TraceId -> ], [SpanId -> ] 
      <main> com.netflix.loadbalancer.DynamicServerListLoadBalancer : DynamicServerListLoadBalancer for client bookstore-catalog-service initialized: DynamicServerListLoadBalancer:{NFLoadBalancer:name=bookstore-catalog-service,current list of Servers=[],Load balancer stats=Zone stats: {},Server stats: []}ServerList:org.springframework.cloud.netflix.ribbon.eureka.DomainExtractingServerList@5487a8f1
[2026-09-23 21:31:07 IST] INFO [Service Name -> bookstore-api-gateway-service], [TraceId -> ], [SpanId -> ] 
      <main> com.netflix.config.ChainedDynamicProperty : Flipping property: bookstore-account-service.ribbon.ActiveConnectionsLimit to use NEXT property: niws.loadbalancer.availabilityFilteringRule.activeConnectionsLimit = 2147483647
[2026-09-23 21:31:07 IST] INFO [Service Name -> bookstore-api-gateway-service], [TraceId -> ], [SpanId -> ] 
      <main> com.netflix.util.concurrent.ShutdownEnabledTimer : Shutdown hook installed for: NFLoadBalancer-PingTimer-bookstore-account-service
[2026-09-23 21:31:07 IST] INFO [Service Name -> bookstore-api-gateway-service], [TraceId -> ], [SpanId -> ] 
      <main> com.netflix.loadbalancer.BaseLoadBalancer : Client: bookstore-account-service instantiated a LoadBalancer: DynamicServerListLoadBalancer:{NFLoadBalancer:name=bookstore-account-service,current list of Servers=[],Load balancer stats=Zone stats: {},Server stats: []}ServerList:null
[2026-09-23 21:31:07 IST] INFO [Service Name -> bookstore-api-gateway-service], [TraceId -> ], [SpanId -> ] 
      <main> com.netflix.loadbalancer.DynamicServerListLoadBalancer : Using serverListUpdater PollingServerListUpdater
[2026-09-23 21:31:07 IST] INFO [Service Name -> bookstore-api-gateway-service], [TraceId -> ], [SpanId -> ] 
      <main> com.netflix.loadbalancer.DynamicServerListLoadBalancer : DynamicServerListLoadBalancer for client bookstore-account-service initialized: DynamicServerListLoadBalancer:{NFLoadBalancer:name=bookstore-account-service,current list of Servers=[],Load balancer stats=Zone stats: {},Server stats: []}ServerList:org.springframework.cloud.netflix.ribbon.eureka.DomainExtractingServerList@19d9ba89
[2026-09-23 21:31:07 IST] INFO [Service Name -> bookstore-api-gateway-service], [TraceId -> ], [SpanId -> ] 
      <main> com.netflix.config.ChainedDynamicProperty : Flipping property: bookstore-order-service.ribbon.ActiveConnectionsLimit to use NEXT property: niws.loadbalancer.availabilityFilteringRule.activeConnectionsLimit = 2147483647
[2026-09-23 21:31:07 IST] INFO [Service Name -> bookstore-api-gateway-service], [TraceId -> ], [SpanId -> ] 
      <main> com.netflix.util.concurrent.ShutdownEnabledTimer : Shutdown hook installed for: NFLoadBalancer-PingTimer-bookstore-order-service
[2026-09-23 21:31:07 IST] INFO [Service Name -> bookstore-api-gateway-service], [TraceId -> ], [SpanId -> ] 
      <main> com.netflix.loadbalancer.BaseLoadBalancer : Client: bookstore-order-service instantiated a LoadBalancer: DynamicServerListLoadBalancer:{NFLoadBalancer:name=bookstore-order-service,current list of Servers=[],Load balancer stats=Zone stats: {},Server stats: []}ServerList:null
[2026-09-23 21:31:07 IST] INFO [Service Name -> bookstore-api-gateway-service], [TraceId -> ], [SpanId -> ] 
      <main> com.netflix.loadbalancer.DynamicServerListLoadBalancer : Using serverListUpdater PollingServerListUpdater
[2026-09-23 21:31:07 IST] INFO [Service Name -> bookstore-api-gateway-service], [TraceId -> ], [SpanId -> ] 
      <main> com.netflix.loadbalancer.DynamicServerListLoadBalancer : DynamicServerListLoadBalancer for client bookstore-order-service initialized: DynamicServerListLoadBalancer:{NFLoadBalancer:name=bookstore-order-service,current list of Servers=[],Load balancer stats=Zone stats: {},Server stats: []}ServerList:org.springframework.cloud.netflix.ribbon.eureka.DomainExtractingServerList@714b6999
[2026-09-23 21:31:07 IST] INFO [Service Name -> bookstore-api-gateway-service], [TraceId -> ], [SpanId -> ] 
      <main> com.netflix.config.ChainedDynamicProperty : Flipping property: bookstore-payment-service.ribbon.ActiveConnectionsLimit to use NEXT property: niws.loadbalancer.availabilityFilteringRule.activeConnectionsLimit = 2147483647
[2026-09-23 21:31:07 IST] INFO [Service Name -> bookstore-api-gateway-service], [TraceId -> ], [SpanId -> ] 
      <main> com.netflix.util.concurrent.ShutdownEnabledTimer : Shutdown hook installed for: NFLoadBalancer-PingTimer-bookstore-payment-service
[2026-09-23 21:31:07 IST] INFO [Service Name -> bookstore-api-gateway-service], [TraceId -> ], [SpanId -> ] 
      <main> com.netflix.loadbalancer.BaseLoadBalancer : Client: bookstore-payment-service instantiated a LoadBalancer: DynamicServerListLoadBalancer:{NFLoadBalancer:name=bookstore-payment-service,current list of Servers=[],Load balancer stats=Zone stats: {},Server stats: []}ServerList:null
[2026-09-23 21:31:07 IST] INFO [Service Name -> bookstore-api-gateway-service], [TraceId -> ], [SpanId -> ] 
      <main> com.netflix.loadbalancer.DynamicServerListLoadBalancer : Using serverListUpdater PollingServerListUpdater
[2026-09-23 21:31:07 IST] INFO [Service Name -> bookstore-api-gateway-service], [TraceId -> ], [SpanId -> ] 
      <main> com.netflix.loadbalancer.DynamicServerListLoadBalancer : DynamicServerListLoadBalancer for client bookstore-payment-service initialized: DynamicServerListLoadBalancer:{NFLoadBalancer:name=bookstore-payment-service,current list of Servers=[],Load balancer stats=Zone stats: {},Server stats: []}ServerList:org.springframework.cloud.netflix.ribbon.eureka.DomainExtractingServerList@2431050d
[2026-09-23 21:31:11 IST] INFO [Service Name -> bookstore-api-gateway-service], [TraceId -> ], [SpanId -> ] 
      <RMI TCP Connection(7)-172.27.176.1> org.apache.catalina.core.ContainerBase.[Tomcat].[localhost].[/] : Initializing Spring DispatcherServlet 'dispatcherServlet'
[2026-09-23 21:31:11 IST] INFO [Service Name -> bookstore-api-gateway-service], [TraceId -> ], [SpanId -> ] 
      <RMI TCP Connection(7)-172.27.176.1> org.springframework.web.servlet.DispatcherServlet : Initializing Servlet 'dispatcherServlet'
[2026-09-23 21:31:11 IST] INFO [Service Name -> bookstore-api-gateway-service], [TraceId -> ], [SpanId -> ] 
      <RMI TCP Connection(7)-172.27.176.1> org.springframework.web.servlet.DispatcherServlet : Completed initialization in 66 ms
[2026-09-23 21:31:33 IST] INFO [Service Name -> bookstore-api-gateway-service], [TraceId -> ], [SpanId -> ] 
      <DiscoveryClient-CacheRefreshExecutor-0> com.netflix.discovery.DiscoveryClient : Disable delta property : false
[2026-09-23 21:31:33 IST] INFO [Service Name -> bookstore-api-gateway-service], [TraceId -> ], [SpanId -> ] 
      <DiscoveryClient-CacheRefreshExecutor-0> com.netflix.discovery.DiscoveryClient : Single vip registry refresh property : null
[2026-09-23 21:31:33 IST] INFO [Service Name -> bookstore-api-gateway-service], [TraceId -> ], [SpanId -> ] 
      <DiscoveryClient-CacheRefreshExecutor-0> com.netflix.discovery.DiscoveryClient : Force full registry fetch : false
[2026-09-23 21:31:33 IST] INFO [Service Name -> bookstore-api-gateway-service], [TraceId -> ], [SpanId -> ] 
      <DiscoveryClient-CacheRefreshExecutor-0> com.netflix.discovery.DiscoveryClient : Application is null : false
[2026-09-23 21:31:33 IST] INFO [Service Name -> bookstore-api-gateway-service], [TraceId -> ], [SpanId -> ] 
      <DiscoveryClient-CacheRefreshExecutor-0> com.netflix.discovery.DiscoveryClient : Registered Applications size is zero : true
[2026-09-23 21:31:33 IST] INFO [Service Name -> bookstore-api-gateway-service], [TraceId -> ], [SpanId -> ] 
      <DiscoveryClient-CacheRefreshExecutor-0> com.netflix.discovery.DiscoveryClient : Application version is -1: true
[2026-09-23 21:31:33 IST] INFO [Service Name -> bookstore-api-gateway-service], [TraceId -> ], [SpanId -> ] 
      <DiscoveryClient-CacheRefreshExecutor-0> com.netflix.discovery.DiscoveryClient : Getting all instance registry info from the eureka server
[2026-09-23 21:31:37 IST] ERROR [Service Name -> bookstore-api-gateway-service], [TraceId -> ], [SpanId -> ] 
      <DiscoveryClient-HeartbeatExecutor-0> com.netflix.discovery.shared.transport.decorator.RedirectingEurekaHttpClient : Request execution error. endpoint=DefaultEndpoint{ serviceUrl='http://localhost:8761/eureka/}
com.sun.jersey.api.client.ClientHandlerException: java.net.ConnectException: Connection refused: connect
	at com.sun.jersey.client.apache4.ApacheHttpClient4Handler.handle(ApacheHttpClient4Handler.java:187)
	at com.sun.jersey.api.client.filter.GZIPContentEncodingFilter.handle(GZIPContentEncodingFilter.java:123)
	at com.netflix.discovery.EurekaIdentityHeaderFilter.handle(EurekaIdentityHeaderFilter.java:27)
	at com.sun.jersey.api.client.Client.handle(Client.java:652)
	at com.sun.jersey.api.client.WebResource.handle(WebResource.java:682)
	at com.sun.jersey.api.client.WebResource.access$200(WebResource.java:74)
	at com.sun.jersey.api.client.WebResource$Builder.put(WebResource.java:529)
	at com.netflix.discovery.shared.transport.jersey.AbstractJerseyEurekaHttpClient.sendHeartBeat(AbstractJerseyEurekaHttpClient.java:102)
	at com.netflix.discovery.shared.transport.decorator.EurekaHttpClientDecorator$3.execute(EurekaHttpClientDecorator.java:92)
	at com.netflix.discovery.shared.transport.decorator.MetricsCollectingEurekaHttpClient.execute(MetricsCollectingEurekaHttpClient.java:73)
	at com.netflix.discovery.shared.transport.decorator.EurekaHttpClientDecorator.sendHeartBeat(EurekaHttpClientDecorator.java:89)
	at com.netflix.discovery.shared.transport.decorator.EurekaHttpClientDecorator$3.execute(EurekaHttpClientDecorator.java:92)
	at com.netflix.discovery.shared.transport.decorator.RedirectingEurekaHttpClient.executeOnNewServer(RedirectingEurekaHttpClient.java:118)
	at com.netflix.discovery.shared.transport.decorator.RedirectingEurekaHttpClient.execute(RedirectingEurekaHttpClient.java:79)
	at com.netflix.discovery.shared.transport.decorator.EurekaHttpClientDecorator.sendHeartBeat(EurekaHttpClientDecorator.java:89)
	at com.netflix.discovery.shared.transport.decorator.EurekaHttpClientDecorator$3.execute(EurekaHttpClientDecorator.java:92)
	at com.netflix.discovery.shared.transport.decorator.RetryableEurekaHttpClient.execute(RetryableEurekaHttpClient.java:120)
	at com.netflix.discovery.shared.transport.decorator.EurekaHttpClientDecorator.sendHeartBeat(EurekaHttpClientDecorator.java:89)
	at com.netflix.discovery.shared.transport.decorator.EurekaHttpClientDecorator$3.execute(EurekaHttpClientDecorator.java:92)
	at com.netflix.discovery.shared.transport.decorator.SessionedEurekaHttpClient.execute(SessionedEurekaHttpClient.java:77)
	at com.netflix.discovery.shared.transport.decorator.EurekaHttpClientDecorator.sendHeartBeat(EurekaHttpClientDecorator.java:89)
	at com.netflix.discovery.DiscoveryClient.renew(DiscoveryClient.java:864)
	at com.netflix.discovery.DiscoveryClient$HeartbeatThread.run(DiscoveryClient.java:1423)
	at java.util.concurrent.Executors$RunnableAdapter.call(Executors.java:511)
	at java.util.concurrent.FutureTask.run(FutureTask.java:266)
	at java.util.concurrent.ThreadPoolExecutor.runWorker(ThreadPoolExecutor.java:1149)
	at java.util.concurrent.ThreadPoolExecutor$Worker.run(ThreadPoolExecutor.java:624)
	at java.lang.Thread.run(Thread.java:750)
Caused by: java.net.ConnectException: Connection refused: connect
	at java.net.DualStackPlainSocketImpl.waitForConnect(Native Method)
	at java.net.DualStackPlainSocketImpl.socketConnect(DualStackPlainSocketImpl.java:85)
	at java.net.AbstractPlainSocketImpl.doConnect(AbstractPlainSocketImpl.java:350)
	at java.net.AbstractPlainSocketImpl.connectToAddress(AbstractPlainSocketImpl.java:206)
	at java.net.AbstractPlainSocketImpl.connect(AbstractPlainSocketImpl.java:188)
	at java.net.PlainSocketImpl.connect(PlainSocketImpl.java:172)
	at java.net.SocksSocketImpl.connect(SocksSocketImpl.java:392)
	at java.net.Socket.connect(Socket.java:607)
	at org.apache.http.conn.scheme.PlainSocketFactory.connectSocket(PlainSocketFactory.java:121)
	at org.apache.http.impl.conn.DefaultClientConnectionOperator.openConnection(DefaultClientConnectionOperator.java:180)
	at org.apache.http.impl.conn.AbstractPoolEntry.open(AbstractPoolEntry.java:144)
	at org.apache.http.impl.conn.AbstractPooledConnAdapter.open(AbstractPooledConnAdapter.java:134)
	at org.apache.http.impl.client.DefaultRequestDirector.tryConnect(DefaultRequestDirector.java:605)
	at org.apache.http.impl.client.DefaultRequestDirector.execute(DefaultRequestDirector.java:440)
	at org.apache.http.impl.client.AbstractHttpClient.doExecute(AbstractHttpClient.java:835)
	at org.apache.http.impl.client.CloseableHttpClient.execute(CloseableHttpClient.java:118)
	at org.apache.http.impl.client.CloseableHttpClient.execute(CloseableHttpClient.java:56)
	at com.sun.jersey.client.apache4.ApacheHttpClient4Handler.handle(ApacheHttpClient4Handler.java:173)
	... 27 common frames omitted
[2026-09-23 21:31:37 IST] WARN [Service Name -> bookstore-api-gateway-service], [TraceId -> ], [SpanId -> ] 
      <DiscoveryClient-HeartbeatExecutor-0> com.netflix.discovery.shared.transport.decorator.RetryableEurekaHttpClient : Request execution failed with message: java.net.ConnectException: Connection refused: connect
[2026-09-23 21:31:37 IST] ERROR [Service Name -> bookstore-api-gateway-service], [TraceId -> ], [SpanId -> ] 
      <DiscoveryClient-HeartbeatExecutor-0> com.netflix.discovery.DiscoveryClient : DiscoveryClient_BOOKSTORE-API-GATEWAY-SERVICE/LAPTOP-PIAE5DDA.mshome.net:bookstore-api-gateway-service:8765 - was unable to send heartbeat!
com.netflix.discovery.shared.transport.TransportException: Cannot execute request on any known server
	at com.netflix.discovery.shared.transport.decorator.RetryableEurekaHttpClient.execute(RetryableEurekaHttpClient.java:112)
	at com.netflix.discovery.shared.transport.decorator.EurekaHttpClientDecorator.sendHeartBeat(EurekaHttpClientDecorator.java:89)
	at com.netflix.discovery.shared.transport.decorator.EurekaHttpClientDecorator$3.execute(EurekaHttpClientDecorator.java:92)
	at com.netflix.discovery.shared.transport.decorator.SessionedEurekaHttpClient.execute(SessionedEurekaHttpClient.java:77)
	at com.netflix.discovery.shared.transport.decorator.EurekaHttpClientDecorator.sendHeartBeat(EurekaHttpClientDecorator.java:89)
	at com.netflix.discovery.DiscoveryClient.renew(DiscoveryClient.java:864)
	at com.netflix.discovery.DiscoveryClient$HeartbeatThread.run(DiscoveryClient.java:1423)
	at java.util.concurrent.Executors$RunnableAdapter.call(Executors.java:511)
	at java.util.concurrent.FutureTask.run(FutureTask.java:266)
	at java.util.concurrent.ThreadPoolExecutor.runWorker(ThreadPoolExecutor.java:1149)
	at java.util.concurrent.ThreadPoolExecutor$Worker.run(ThreadPoolExecutor.java:624)
	at java.lang.Thread.run(Thread.java:750)
[2026-09-23 21:31:37 IST] ERROR [Service Name -> bookstore-api-gateway-service], [TraceId -> ], [SpanId -> ] 
      <DiscoveryClient-CacheRefreshExecutor-0> com.netflix.discovery.shared.transport.decorator.RedirectingEurekaHttpClient : Request execution error. endpoint=DefaultEndpoint{ serviceUrl='http://localhost:8761/eureka/}
com.sun.jersey.api.client.ClientHandlerException: java.net.ConnectException: Connection refused: connect
	at com.sun.jersey.client.apache4.ApacheHttpClient4Handler.handle(ApacheHttpClient4Handler.java:187)
	at com.sun.jersey.api.client.filter.GZIPContentEncodingFilter.handle(GZIPContentEncodingFilter.java:123)
	at com.netflix.discovery.EurekaIdentityHeaderFilter.handle(EurekaIdentityHeaderFilter.java:27)
	at com.sun.jersey.api.client.Client.handle(Client.java:652)
	at com.sun.jersey.api.client.WebResource.handle(WebResource.java:682)
	at com.sun.jersey.api.client.WebResource.access$200(WebResource.java:74)
	at com.sun.jersey.api.client.WebResource$Builder.get(WebResource.java:509)
	at com.netflix.discovery.shared.transport.jersey.AbstractJerseyEurekaHttpClient.getApplicationsInternal(AbstractJerseyEurekaHttpClient.java:194)
	at com.netflix.discovery.shared.transport.jersey.AbstractJerseyEurekaHttpClient.getApplications(AbstractJerseyEurekaHttpClient.java:165)
	at com.netflix.discovery.shared.transport.decorator.EurekaHttpClientDecorator$6.execute(EurekaHttpClientDecorator.java:137)
	at com.netflix.discovery.shared.transport.decorator.MetricsCollectingEurekaHttpClient.execute(MetricsCollectingEurekaHttpClient.java:73)
	at com.netflix.discovery.shared.transport.decorator.EurekaHttpClientDecorator.getApplications(EurekaHttpClientDecorator.java:134)
	at com.netflix.discovery.shared.transport.decorator.EurekaHttpClientDecorator$6.execute(EurekaHttpClientDecorator.java:137)
	at com.netflix.discovery.shared.transport.decorator.RedirectingEurekaHttpClient.executeOnNewServer(RedirectingEurekaHttpClient.java:118)
	at com.netflix.discovery.shared.transport.decorator.RedirectingEurekaHttpClient.execute(RedirectingEurekaHttpClient.java:79)
	at com.netflix.discovery.shared.transport.decorator.EurekaHttpClientDecorator.getApplications(EurekaHttpClientDecorator.java:134)
	at com.netflix.discovery.shared.transport.decorator.EurekaHttpClientDecorator$6.execute(EurekaHttpClientDecorator.java:137)
	at com.netflix.discovery.shared.transport.decorator.RetryableEurekaHttpClient.execute(RetryableEurekaHttpClient.java:120)
	at com.netflix.discovery.shared.transport.decorator.EurekaHttpClientDecorator.getApplications(EurekaHttpClientDecorator.java:134)
	at com.netflix.discovery.shared.transport.decorator.EurekaHttpClientDecorator$6.execute(EurekaHttpClientDecorator.java:137)
	at com.netflix.discovery.shared.transport.decorator.SessionedEurekaHttpClient.execute(SessionedEurekaHttpClient.java:77)
	at com.netflix.discovery.shared.transport.decorator.EurekaHttpClientDecorator.getApplications(EurekaHttpClientDecorator.java:134)
	at com.netflix.discovery.DiscoveryClient.getAndStoreFullRegistry(DiscoveryClient.java:1069)
	at com.netflix.discovery.DiscoveryClient.fetchRegistry(DiscoveryClient.java:983)
	at com.netflix.discovery.DiscoveryClient.refreshRegistry(DiscoveryClient.java:1497)
	at com.netflix.discovery.DiscoveryClient$CacheRefreshThread.run(DiscoveryClient.java:1464)
	at java.util.concurrent.Executors$RunnableAdapter.call(Executors.java:511)
	at java.util.concurrent.FutureTask.run(FutureTask.java:266)
	at java.util.concurrent.ThreadPoolExecutor.runWorker(ThreadPoolExecutor.java:1149)
	at java.util.concurrent.ThreadPoolExecutor$Worker.run(ThreadPoolExecutor.java:624)
	at java.lang.Thread.run(Thread.java:750)
Caused by: java.net.ConnectException: Connection refused: connect
	at java.net.DualStackPlainSocketImpl.waitForConnect(Native Method)
	at java.net.DualStackPlainSocketImpl.socketConnect(DualStackPlainSocketImpl.java:85)
	at java.net.AbstractPlainSocketImpl.doConnect(AbstractPlainSocketImpl.java:350)
	at java.net.AbstractPlainSocketImpl.connectToAddress(AbstractPlainSocketImpl.java:206)
	at java.net.AbstractPlainSocketImpl.connect(AbstractPlainSocketImpl.java:188)
	at java.net.PlainSocketImpl.connect(PlainSocketImpl.java:172)
	at java.net.SocksSocketImpl.connect(SocksSocketImpl.java:392)
	at java.net.Socket.connect(Socket.java:607)
	at org.apache.http.conn.scheme.PlainSocketFactory.connectSocket(PlainSocketFactory.java:121)
	at org.apache.http.impl.conn.DefaultClientConnectionOperator.openConnection(DefaultClientConnectionOperator.java:180)
	at org.apache.http.impl.conn.AbstractPoolEntry.open(AbstractPoolEntry.java:144)
	at org.apache.http.impl.conn.AbstractPooledConnAdapter.open(AbstractPooledConnAdapter.java:134)
	at org.apache.http.impl.client.DefaultRequestDirector.tryConnect(DefaultRequestDirector.java:605)
	at org.apache.http.impl.client.DefaultRequestDirector.execute(DefaultRequestDirector.java:440)
	at org.apache.http.impl.client.AbstractHttpClient.doExecute(AbstractHttpClient.java:835)
	at org.apache.http.impl.client.CloseableHttpClient.execute(CloseableHttpClient.java:118)
	at org.apache.http.impl.client.CloseableHttpClient.execute(CloseableHttpClient.java:56)
	at com.sun.jersey.client.apache4.ApacheHttpClient4Handler.handle(ApacheHttpClient4Handler.java:173)
	... 30 common frames omitted
[2026-09-23 21:31:37 IST] WARN [Service Name -> bookstore-api-gateway-service], [TraceId -> ], [SpanId -> ] 
      <DiscoveryClient-CacheRefreshExecutor-0> com.netflix.discovery.shared.transport.decorator.RetryableEurekaHttpClient : Request execution failed with message: java.net.ConnectException: Connection refused: connect
[2026-09-23 21:31:37 IST] ERROR [Service Name -> bookstore-api-gateway-service], [TraceId -> ], [SpanId -> ] 
      <DiscoveryClient-CacheRefreshExecutor-0> com.netflix.discovery.DiscoveryClient : DiscoveryClient_BOOKSTORE-API-GATEWAY-SERVICE/LAPTOP-PIAE5DDA.mshome.net:bookstore-api-gateway-service:8765 - was unable to refresh its cache! status = Cannot execute request on any known server
com.netflix.discovery.shared.transport.TransportException: Cannot execute request on any known server
	at com.netflix.discovery.shared.transport.decorator.RetryableEurekaHttpClient.execute(RetryableEurekaHttpClient.java:112)
	at com.netflix.discovery.shared.transport.decorator.EurekaHttpClientDecorator.getApplications(EurekaHttpClientDecorator.java:134)
	at com.netflix.discovery.shared.transport.decorator.EurekaHttpClientDecorator$6.execute(EurekaHttpClientDecorator.java:137)
	at com.netflix.discovery.shared.transport.decorator.SessionedEurekaHttpClient.execute(SessionedEurekaHttpClient.java:77)
	at com.netflix.discovery.shared.transport.decorator.EurekaHttpClientDecorator.getApplications(EurekaHttpClientDecorator.java:134)
	at com.netflix.discovery.DiscoveryClient.getAndStoreFullRegistry(DiscoveryClient.java:1069)
	at com.netflix.discovery.DiscoveryClient.fetchRegistry(DiscoveryClient.java:983)
	at com.netflix.discovery.DiscoveryClient.refreshRegistry(DiscoveryClient.java:1497)
	at com.netflix.discovery.DiscoveryClient$CacheRefreshThread.run(DiscoveryClient.java:1464)
	at java.util.concurrent.Executors$RunnableAdapter.call(Executors.java:511)
	at java.util.concurrent.FutureTask.run(FutureTask.java:266)
	at java.util.concurrent.ThreadPoolExecutor.runWorker(ThreadPoolExecutor.java:1149)
	at java.util.concurrent.ThreadPoolExecutor$Worker.run(ThreadPoolExecutor.java:624)
	at java.lang.Thread.run(Thread.java:750)
[2026-09-23 21:31:37 IST] INFO [Service Name -> bookstore-api-gateway-service], [TraceId -> ], [SpanId -> ] 
      <DiscoveryClient-InstanceInfoReplicator-0> com.netflix.discovery.DiscoveryClient : DiscoveryClient_BOOKSTORE-API-GATEWAY-SERVICE/LAPTOP-PIAE5DDA.mshome.net:bookstore-api-gateway-service:8765: registering service...
[2026-09-23 21:31:41 IST] ERROR [Service Name -> bookstore-api-gateway-service], [TraceId -> ], [SpanId -> ] 
      <DiscoveryClient-InstanceInfoReplicator-0> com.netflix.discovery.shared.transport.decorator.RedirectingEurekaHttpClient : Request execution error. endpoint=DefaultEndpoint{ serviceUrl='http://localhost:8761/eureka/}
com.sun.jersey.api.client.ClientHandlerException: java.net.ConnectException: Connection refused: connect
	at com.sun.jersey.client.apache4.ApacheHttpClient4Handler.handle(ApacheHttpClient4Handler.java:187)
	at com.sun.jersey.api.client.filter.GZIPContentEncodingFilter.handle(GZIPContentEncodingFilter.java:123)
	at com.netflix.discovery.EurekaIdentityHeaderFilter.handle(EurekaIdentityHeaderFilter.java:27)
	at com.sun.jersey.api.client.Client.handle(Client.java:652)
	at com.sun.jersey.api.client.WebResource.handle(WebResource.java:682)
	at com.sun.jersey.api.client.WebResource.access$200(WebResource.java:74)
	at com.sun.jersey.api.client.WebResource$Builder.post(WebResource.java:570)
	at com.netflix.discovery.shared.transport.jersey.AbstractJerseyEurekaHttpClient.register(AbstractJerseyEurekaHttpClient.java:56)
	at com.netflix.discovery.shared.transport.decorator.EurekaHttpClientDecorator$1.execute(EurekaHttpClientDecorator.java:59)
	at com.netflix.discovery.shared.transport.decorator.MetricsCollectingEurekaHttpClient.execute(MetricsCollectingEurekaHttpClient.java:73)
	at com.netflix.discovery.shared.transport.decorator.EurekaHttpClientDecorator.register(EurekaHttpClientDecorator.java:56)
	at com.netflix.discovery.shared.transport.decorator.EurekaHttpClientDecorator$1.execute(EurekaHttpClientDecorator.java:59)
	at com.netflix.discovery.shared.transport.decorator.RedirectingEurekaHttpClient.executeOnNewServer(RedirectingEurekaHttpClient.java:118)
	at com.netflix.discovery.shared.transport.decorator.RedirectingEurekaHttpClient.execute(RedirectingEurekaHttpClient.java:79)
	at com.netflix.discovery.shared.transport.decorator.EurekaHttpClientDecorator.register(EurekaHttpClientDecorator.java:56)
	at com.netflix.discovery.shared.transport.decorator.EurekaHttpClientDecorator$1.execute(EurekaHttpClientDecorator.java:59)
	at com.netflix.discovery.shared.transport.decorator.RetryableEurekaHttpClient.execute(RetryableEurekaHttpClient.java:120)
	at com.netflix.discovery.shared.transport.decorator.EurekaHttpClientDecorator.register(EurekaHttpClientDecorator.java:56)
	at com.netflix.discovery.shared.transport.decorator.EurekaHttpClientDecorator$1.execute(EurekaHttpClientDecorator.java:59)
	at com.netflix.discovery.shared.transport.decorator.SessionedEurekaHttpClient.execute(SessionedEurekaHttpClient.java:77)
	at com.netflix.discovery.shared.transport.decorator.EurekaHttpClientDecorator.register(EurekaHttpClientDecorator.java:56)
	at com.netflix.discovery.DiscoveryClient.register(DiscoveryClient.java:847)
	at com.netflix.discovery.InstanceInfoReplicator.run(InstanceInfoReplicator.java:121)
	at java.util.concurrent.Executors$RunnableAdapter.call(Executors.java:511)
	at java.util.concurrent.FutureTask.run(FutureTask.java:266)
	at java.util.concurrent.ScheduledThreadPoolExecutor$ScheduledFutureTask.access$201(ScheduledThreadPoolExecutor.java:180)
	at java.util.concurrent.ScheduledThreadPoolExecutor$ScheduledFutureTask.run(ScheduledThreadPoolExecutor.java:293)
	at java.util.concurrent.ThreadPoolExecutor.runWorker(ThreadPoolExecutor.java:1149)
	at java.util.concurrent.ThreadPoolExecutor$Worker.run(ThreadPoolExecutor.java:624)
	at java.lang.Thread.run(Thread.java:750)
Caused by: java.net.ConnectException: Connection refused: connect
	at java.net.DualStackPlainSocketImpl.waitForConnect(Native Method)
	at java.net.DualStackPlainSocketImpl.socketConnect(DualStackPlainSocketImpl.java:85)
	at java.net.AbstractPlainSocketImpl.doConnect(AbstractPlainSocketImpl.java:350)
	at java.net.AbstractPlainSocketImpl.connectToAddress(AbstractPlainSocketImpl.java:206)
	at java.net.AbstractPlainSocketImpl.connect(AbstractPlainSocketImpl.java:188)
	at java.net.PlainSocketImpl.connect(PlainSocketImpl.java:172)
	at java.net.SocksSocketImpl.connect(SocksSocketImpl.java:392)
	at java.net.Socket.connect(Socket.java:607)
	at org.apache.http.conn.scheme.PlainSocketFactory.connectSocket(PlainSocketFactory.java:121)
	at org.apache.http.impl.conn.DefaultClientConnectionOperator.openConnection(DefaultClientConnectionOperator.java:180)
	at org.apache.http.impl.conn.AbstractPoolEntry.open(AbstractPoolEntry.java:144)
	at org.apache.http.impl.conn.AbstractPooledConnAdapter.open(AbstractPooledConnAdapter.java:134)
	at org.apache.http.impl.client.DefaultRequestDirector.tryConnect(DefaultRequestDirector.java:605)
	at org.apache.http.impl.client.DefaultRequestDirector.execute(DefaultRequestDirector.java:440)
	at org.apache.http.impl.client.AbstractHttpClient.doExecute(AbstractHttpClient.java:835)
	at org.apache.http.impl.client.CloseableHttpClient.execute(CloseableHttpClient.java:118)
	at org.apache.http.impl.client.CloseableHttpClient.execute(CloseableHttpClient.java:56)
	at com.sun.jersey.client.apache4.ApacheHttpClient4Handler.handle(ApacheHttpClient4Handler.java:173)
	... 29 common frames omitted
[2026-09-23 21:31:41 IST] WARN [Service Name -> bookstore-api-gateway-service], [TraceId -> ], [SpanId -> ] 
      <DiscoveryClient-InstanceInfoReplicator-0> com.netflix.discovery.shared.transport.decorator.RetryableEurekaHttpClient : Request execution failed with message: java.net.ConnectException: Connection refused: connect
[2026-09-23 21:31:41 IST] WARN [Service Name -> bookstore-api-gateway-service], [TraceId -> ], [SpanId -> ] 
      <DiscoveryClient-InstanceInfoReplicator-0> com.netflix.discovery.DiscoveryClient : DiscoveryClient_BOOKSTORE-API-GATEWAY-SERVICE/LAPTOP-PIAE5DDA.mshome.net:bookstore-api-gateway-service:8765 - registration failed Cannot execute request on any known server
com.netflix.discovery.shared.transport.TransportException: Cannot execute request on any known server
	at com.netflix.discovery.shared.transport.decorator.RetryableEurekaHttpClient.execute(RetryableEurekaHttpClient.java:112)
	at com.netflix.discovery.shared.transport.decorator.EurekaHttpClientDecorator.register(EurekaHttpClientDecorator.java:56)
	at com.netflix.discovery.shared.transport.decorator.EurekaHttpClientDecorator$1.execute(EurekaHttpClientDecorator.java:59)
	at com.netflix.discovery.shared.transport.decorator.SessionedEurekaHttpClient.execute(SessionedEurekaHttpClient.java:77)
	at com.netflix.discovery.shared.transport.decorator.EurekaHttpClientDecorator.register(EurekaHttpClientDecorator.java:56)
	at com.netflix.discovery.DiscoveryClient.register(DiscoveryClient.java:847)
	at com.netflix.discovery.InstanceInfoReplicator.run(InstanceInfoReplicator.java:121)
	at java.util.concurrent.Executors$RunnableAdapter.call(Executors.java:511)
	at java.util.concurrent.FutureTask.run(FutureTask.java:266)
	at java.util.concurrent.ScheduledThreadPoolExecutor$ScheduledFutureTask.access$201(ScheduledThreadPoolExecutor.java:180)
	at java.util.concurrent.ScheduledThreadPoolExecutor$ScheduledFutureTask.run(ScheduledThreadPoolExecutor.java:293)
	at java.util.concurrent.ThreadPoolExecutor.runWorker(ThreadPoolExecutor.java:1149)
	at java.util.concurrent.ThreadPoolExecutor$Worker.run(ThreadPoolExecutor.java:624)
	at java.lang.Thread.run(Thread.java:750)
[2026-09-23 21:31:41 IST] WARN [Service Name -> bookstore-api-gateway-service], [TraceId -> ], [SpanId -> ] 
      <DiscoveryClient-InstanceInfoReplicator-0> com.netflix.discovery.InstanceInfoReplicator : There was a problem with the instance info replicator
com.netflix.discovery.shared.transport.TransportException: Cannot execute request on any known server
	at com.netflix.discovery.shared.transport.decorator.RetryableEurekaHttpClient.execute(RetryableEurekaHttpClient.java:112)
	at com.netflix.discovery.shared.transport.decorator.EurekaHttpClientDecorator.register(EurekaHttpClientDecorator.java:56)
	at com.netflix.discovery.shared.transport.decorator.EurekaHttpClientDecorator$1.execute(EurekaHttpClientDecorator.java:59)
	at com.netflix.discovery.shared.transport.decorator.SessionedEurekaHttpClient.execute(SessionedEurekaHttpClient.java:77)
	at com.netflix.discovery.shared.transport.decorator.EurekaHttpClientDecorator.register(EurekaHttpClientDecorator.java:56)
	at com.netflix.discovery.DiscoveryClient.register(DiscoveryClient.java:847)
	at com.netflix.discovery.InstanceInfoReplicator.run(InstanceInfoReplicator.java:121)
	at java.util.concurrent.Executors$RunnableAdapter.call(Executors.java:511)
	at java.util.concurrent.FutureTask.run(FutureTask.java:266)
	at java.util.concurrent.ScheduledThreadPoolExecutor$ScheduledFutureTask.access$201(ScheduledThreadPoolExecutor.java:180)
	at java.util.concurrent.ScheduledThreadPoolExecutor$ScheduledFutureTask.run(ScheduledThreadPoolExecutor.java:293)
	at java.util.concurrent.ThreadPoolExecutor.runWorker(ThreadPoolExecutor.java:1149)
	at java.util.concurrent.ThreadPoolExecutor$Worker.run(ThreadPoolExecutor.java:624)
	at java.lang.Thread.run(Thread.java:750)
[2026-09-23 21:32:07 IST] INFO [Service Name -> bookstore-api-gateway-service], [TraceId -> ], [SpanId -> ] 
      <DiscoveryClient-CacheRefreshExecutor-0> com.netflix.discovery.DiscoveryClient : Disable delta property : false
[2026-09-23 21:32:07 IST] INFO [Service Name -> bookstore-api-gateway-service], [TraceId -> ], [SpanId -> ] 
      <DiscoveryClient-CacheRefreshExecutor-0> com.netflix.discovery.DiscoveryClient : Single vip registry refresh property : null
[2026-09-23 21:32:07 IST] INFO [Service Name -> bookstore-api-gateway-service], [TraceId -> ], [SpanId -> ] 
      <DiscoveryClient-CacheRefreshExecutor-0> com.netflix.discovery.DiscoveryClient : Force full registry fetch : false
[2026-09-23 21:32:07 IST] INFO [Service Name -> bookstore-api-gateway-service], [TraceId -> ], [SpanId -> ] 
      <DiscoveryClient-CacheRefreshExecutor-0> com.netflix.discovery.DiscoveryClient : Application is null : false
[2026-09-23 21:32:07 IST] INFO [Service Name -> bookstore-api-gateway-service], [TraceId -> ], [SpanId -> ] 
      <DiscoveryClient-CacheRefreshExecutor-0> com.netflix.discovery.DiscoveryClient : Registered Applications size is zero : true
[2026-09-23 21:32:07 IST] INFO [Service Name -> bookstore-api-gateway-service], [TraceId -> ], [SpanId -> ] 
      <DiscoveryClient-CacheRefreshExecutor-0> com.netflix.discovery.DiscoveryClient : Application version is -1: true
[2026-09-23 21:32:07 IST] INFO [Service Name -> bookstore-api-gateway-service], [TraceId -> ], [SpanId -> ] 
      <DiscoveryClient-CacheRefreshExecutor-0> com.netflix.discovery.DiscoveryClient : Getting all instance registry info from the eureka server
[2026-09-23 21:32:08 IST] INFO [Service Name -> bookstore-api-gateway-service], [TraceId -> d318312ca2499707], [SpanId -> d318312ca2499707] 
      <http-nio-8765-exec-1> com.devd.spring.bookstoreapigatewayservice.filters.PreFilter : PreFilter: GET request to http://localhost:8765/api/catalog/products
[2026-09-23 21:32:08 IST] WARN [Service Name -> bookstore-api-gateway-service], [TraceId -> d318312ca2499707], [SpanId -> d318312ca2499707] 
      <http-nio-8765-exec-1> org.springframework.cloud.netflix.zuul.filters.route.support.AbstractRibbonCommand : The Hystrix timeout of 40000ms for the command bookstore-catalog-service is set lower than the combination of the Ribbon read and connect timeout, 140000ms.
[2026-09-23 21:32:09 IST] ERROR [Service Name -> bookstore-api-gateway-service], [TraceId -> d318312ca2499707], [SpanId -> d318312ca2499707] 
      <http-nio-8765-exec-1> com.devd.spring.bookstoreapigatewayservice.filters.ErrorFilter : Zuul failure detected: Filter threw Exception
[2026-09-23 21:32:09 IST] ERROR [Service Name -> bookstore-api-gateway-service], [TraceId -> d318312ca2499707], [SpanId -> d318312ca2499707] 
      <http-nio-8765-exec-1> com.devd.spring.bookstoreapigatewayservice.exception.GlobalExceptionHandler : Something went wrong, Exception : com.netflix.zuul.exception.ZuulException: Forwarding error
[2026-09-23 21:32:09 IST] WARN [Service Name -> bookstore-api-gateway-service], [TraceId -> d318312ca2499707], [SpanId -> d318312ca2499707] 
      <http-nio-8765-exec-1> org.springframework.cloud.netflix.zuul.filters.post.SendErrorFilter : Error during filtering
com.netflix.zuul.exception.ZuulException: Forwarding error
	at org.springframework.cloud.netflix.zuul.filters.route.RibbonRoutingFilter.handleException(RibbonRoutingFilter.java:198)
	at org.springframework.cloud.netflix.zuul.filters.route.RibbonRoutingFilter.forward(RibbonRoutingFilter.java:173)
	at org.springframework.cloud.netflix.zuul.filters.route.RibbonRoutingFilter.run(RibbonRoutingFilter.java:119)
	at com.netflix.zuul.ZuulFilter.runFilter(ZuulFilter.java:117)
	at com.netflix.zuul.FilterProcessor.processZuulFilter(FilterProcessor.java:193)
	at com.netflix.zuul.FilterProcessor.runFilters(FilterProcessor.java:157)
	at com.netflix.zuul.FilterProcessor.route(FilterProcessor.java:118)
	at com.netflix.zuul.ZuulRunner.route(ZuulRunner.java:96)
	at com.netflix.zuul.http.ZuulServlet.route(ZuulServlet.java:116)
	at com.netflix.zuul.http.ZuulServlet.service(ZuulServlet.java:81)
	at org.springframework.web.servlet.mvc.ServletWrappingController.handleRequestInternal(ServletWrappingController.java:166)
	at org.springframework.cloud.netflix.zuul.web.ZuulController.handleRequest(ZuulController.java:45)
	at org.springframework.web.servlet.mvc.SimpleControllerHandlerAdapter.handle(SimpleControllerHandlerAdapter.java:52)
	at org.springframework.web.servlet.DispatcherServlet.doDispatch(DispatcherServlet.java:1040)
	at org.springframework.web.servlet.DispatcherServlet.doService(DispatcherServlet.java:943)
	at org.springframework.web.servlet.FrameworkServlet.processRequest(FrameworkServlet.java:1006)
	at org.springframework.web.servlet.FrameworkServlet.doGet(FrameworkServlet.java:898)
	at javax.servlet.http.HttpServlet.service(HttpServlet.java:626)
	at org.springframework.web.servlet.FrameworkServlet.service(FrameworkServlet.java:883)
	at javax.servlet.http.HttpServlet.service(HttpServlet.java:733)
	at org.apache.catalina.core.ApplicationFilterChain.internalDoFilter(ApplicationFilterChain.java:231)
	at org.apache.catalina.core.ApplicationFilterChain.doFilter(ApplicationFilterChain.java:166)
	at org.apache.tomcat.websocket.server.WsFilter.doFilter(WsFilter.java:53)
	at org.apache.catalina.core.ApplicationFilterChain.internalDoFilter(ApplicationFilterChain.java:193)
	at org.apache.catalina.core.ApplicationFilterChain.doFilter(ApplicationFilterChain.java:166)
	at brave.servlet.TracingFilter.doFilter(TracingFilter.java:65)
	at org.apache.catalina.core.ApplicationFilterChain.internalDoFilter(ApplicationFilterChain.java:193)
	at org.apache.catalina.core.ApplicationFilterChain.doFilter(ApplicationFilterChain.java:166)
	at org.springframework.web.filter.RequestContextFilter.doFilterInternal(RequestContextFilter.java:100)
	at org.springframework.web.filter.OncePerRequestFilter.doFilter(OncePerRequestFilter.java:119)
	at org.apache.catalina.core.ApplicationFilterChain.internalDoFilter(ApplicationFilterChain.java:193)
	at org.apache.catalina.core.ApplicationFilterChain.doFilter(ApplicationFilterChain.java:166)
	at org.springframework.web.filter.FormContentFilter.doFilterInternal(FormContentFilter.java:93)
	at org.springframework.web.filter.OncePerRequestFilter.doFilter(OncePerRequestFilter.java:119)
	at org.apache.catalina.core.ApplicationFilterChain.internalDoFilter(ApplicationFilterChain.java:193)
	at org.apache.catalina.core.ApplicationFilterChain.doFilter(ApplicationFilterChain.java:166)
	at com.devd.spring.bookstoreapigatewayservice.config.AddTraceIdToHttpResponseConfig.doFilter(AddTraceIdToHttpResponseConfig.java:42)
	at org.apache.catalina.core.ApplicationFilterChain.internalDoFilter(ApplicationFilterChain.java:193)
	at org.apache.catalina.core.ApplicationFilterChain.doFilter(ApplicationFilterChain.java:166)
	at org.springframework.cloud.sleuth.instrument.web.ExceptionLoggingFilter.doFilter(ExceptionLoggingFilter.java:50)
	at org.apache.catalina.core.ApplicationFilterChain.internalDoFilter(ApplicationFilterChain.java:193)
	at org.apache.catalina.core.ApplicationFilterChain.doFilter(ApplicationFilterChain.java:166)
	at brave.servlet.TracingFilter.doFilter(TracingFilter.java:82)
	at org.springframework.cloud.sleuth.instrument.web.LazyTracingFilter.doFilter(TraceWebServletAutoConfiguration.java:138)
	at org.apache.catalina.core.ApplicationFilterChain.internalDoFilter(ApplicationFilterChain.java:193)
	at org.apache.catalina.core.ApplicationFilterChain.doFilter(ApplicationFilterChain.java:166)
	at org.springframework.boot.actuate.metrics.web.servlet.WebMvcMetricsFilter.doFilterInternal(WebMvcMetricsFilter.java:93)
	at org.springframework.web.filter.OncePerRequestFilter.doFilter(OncePerRequestFilter.java:119)
	at org.apache.catalina.core.ApplicationFilterChain.internalDoFilter(ApplicationFilterChain.java:193)
	at org.apache.catalina.core.ApplicationFilterChain.doFilter(ApplicationFilterChain.java:166)
	at org.springframework.web.filter.CharacterEncodingFilter.doFilterInternal(CharacterEncodingFilter.java:201)
	at org.springframework.web.filter.OncePerRequestFilter.doFilter(OncePerRequestFilter.java:119)
	at org.apache.catalina.core.ApplicationFilterChain.internalDoFilter(ApplicationFilterChain.java:193)
	at org.apache.catalina.core.ApplicationFilterChain.doFilter(ApplicationFilterChain.java:166)
	at org.apache.catalina.core.StandardWrapperValve.invoke(StandardWrapperValve.java:202)
	at org.apache.catalina.core.StandardContextValve.invoke(StandardContextValve.java:97)
	at org.apache.catalina.authenticator.AuthenticatorBase.invoke(AuthenticatorBase.java:541)
	at org.apache.catalina.core.StandardHostValve.invoke(StandardHostValve.java:143)
	at org.apache.catalina.valves.ErrorReportValve.invoke(ErrorReportValve.java:92)
	at org.apache.catalina.core.StandardEngineValve.invoke(StandardEngineValve.java:78)
	at org.apache.catalina.connector.CoyoteAdapter.service(CoyoteAdapter.java:343)
	at org.apache.coyote.http11.Http11Processor.service(Http11Processor.java:374)
	at org.apache.coyote.AbstractProcessorLight.process(AbstractProcessorLight.java:65)
	at org.apache.coyote.AbstractProtocol$ConnectionHandler.process(AbstractProtocol.java:868)
	at org.apache.tomcat.util.net.NioEndpoint$SocketProcessor.doRun(NioEndpoint.java:1590)
	at org.apache.tomcat.util.net.SocketProcessorBase.run(SocketProcessorBase.java:49)
	at java.util.concurrent.ThreadPoolExecutor.runWorker(ThreadPoolExecutor.java:1149)
	at java.util.concurrent.ThreadPoolExecutor$Worker.run(ThreadPoolExecutor.java:624)
	at org.apache.tomcat.util.threads.TaskThread$WrappingRunnable.run(TaskThread.java:61)
	at java.lang.Thread.run(Thread.java:750)
Caused by: com.netflix.client.ClientException: Load balancer does not have available server for client: bookstore-catalog-service
	at com.netflix.loadbalancer.LoadBalancerContext.getServerFromLoadBalancer(LoadBalancerContext.java:483)
	at com.netflix.loadbalancer.reactive.LoadBalancerCommand$1.call(LoadBalancerCommand.java:184)
	at com.netflix.loadbalancer.reactive.LoadBalancerCommand$1.call(LoadBalancerCommand.java:180)
	at rx.Observable.unsafeSubscribe(Observable.java:10327)
	at rx.internal.operators.OnSubscribeConcatMap.call(OnSubscribeConcatMap.java:94)
	at rx.internal.operators.OnSubscribeConcatMap.call(OnSubscribeConcatMap.java:42)
	at rx.Observable.unsafeSubscribe(Observable.java:10327)
	at rx.internal.operators.OperatorRetryWithPredicate$SourceSubscriber$1.call(OperatorRetryWithPredicate.java:127)
	at rx.internal.schedulers.TrampolineScheduler$InnerCurrentThreadScheduler.enqueue(TrampolineScheduler.java:73)
	at rx.internal.schedulers.TrampolineScheduler$InnerCurrentThreadScheduler.schedule(TrampolineScheduler.java:52)
	at rx.internal.operators.OperatorRetryWithPredicate$SourceSubscriber.onNext(OperatorRetryWithPredicate.java:79)
	at rx.internal.operators.OperatorRetryWithPredicate$SourceSubscriber.onNext(OperatorRetryWithPredicate.java:45)
	at rx.internal.util.ScalarSynchronousObservable$WeakSingleProducer.request(ScalarSynchronousObservable.java:276)
	at rx.Subscriber.setProducer(Subscriber.java:209)
	at rx.internal.util.ScalarSynchronousObservable$JustOnSubscribe.call(ScalarSynchronousObservable.java:138)
	at rx.internal.util.ScalarSynchronousObservable$JustOnSubscribe.call(ScalarSynchronousObservable.java:129)
	at rx.internal.operators.OnSubscribeLift.call(OnSubscribeLift.java:48)
	at rx.internal.operators.OnSubscribeLift.call(OnSubscribeLift.java:30)
	at rx.internal.operators.OnSubscribeLift.call(OnSubscribeLift.java:48)
	at rx.internal.operators.OnSubscribeLift.call(OnSubscribeLift.java:30)
	at rx.internal.operators.OnSubscribeLift.call(OnSubscribeLift.java:48)
	at rx.internal.operators.OnSubscribeLift.call(OnSubscribeLift.java:30)
	at rx.Observable.subscribe(Observable.java:10423)
	at rx.Observable.subscribe(Observable.java:10390)
	at rx.observables.BlockingObservable.blockForSingle(BlockingObservable.java:443)
	at rx.observables.BlockingObservable.single(BlockingObservable.java:340)
	at com.netflix.client.AbstractLoadBalancerAwareClient.executeWithLoadBalancer(AbstractLoadBalancerAwareClient.java:112)
	at org.springframework.cloud.netflix.zuul.filters.route.support.AbstractRibbonCommand.run(AbstractRibbonCommand.java:221)
	at org.springframework.cloud.netflix.zuul.filters.route.support.AbstractRibbonCommand.run(AbstractRibbonCommand.java:55)
	at com.netflix.hystrix.HystrixCommand$2.call(HystrixCommand.java:302)
	at com.netflix.hystrix.HystrixCommand$2.call(HystrixCommand.java:298)
	at rx.internal.operators.OnSubscribeDefer.call(OnSubscribeDefer.java:46)
	at rx.internal.operators.OnSubscribeDefer.call(OnSubscribeDefer.java:35)
	at rx.internal.operators.OnSubscribeLift.call(OnSubscribeLift.java:48)
	at rx.internal.operators.OnSubscribeLift.call(OnSubscribeLift.java:30)
	at rx.internal.operators.OnSubscribeLift.call(OnSubscribeLift.java:48)
	at rx.internal.operators.OnSubscribeLift.call(OnSubscribeLift.java:30)
	at rx.internal.operators.OnSubscribeLift.call(OnSubscribeLift.java:48)
	at rx.internal.operators.OnSubscribeLift.call(OnSubscribeLift.java:30)
	at rx.Observable.unsafeSubscribe(Observable.java:10327)
	at rx.internal.operators.OnSubscribeDefer.call(OnSubscribeDefer.java:51)
	at rx.internal.operators.OnSubscribeDefer.call(OnSubscribeDefer.java:35)
	at rx.Observable.unsafeSubscribe(Observable.java:10327)
	at rx.internal.operators.OnSubscribeDoOnEach.call(OnSubscribeDoOnEach.java:41)
	at rx.internal.operators.OnSubscribeDoOnEach.call(OnSubscribeDoOnEach.java:30)
	at rx.internal.operators.OnSubscribeLift.call(OnSubscribeLift.java:48)
	at rx.internal.operators.OnSubscribeLift.call(OnSubscribeLift.java:30)
	at rx.Observable.unsafeSubscribe(Observable.java:10327)
	at rx.internal.operators.OperatorSubscribeOn$SubscribeOnSubscriber.call(OperatorSubscribeOn.java:100)
	at com.netflix.hystrix.strategy.concurrency.HystrixContexSchedulerAction$1.call(HystrixContexSchedulerAction.java:56)
	at com.netflix.hystrix.strategy.concurrency.HystrixContexSchedulerAction$1.call(HystrixContexSchedulerAction.java:47)
	at org.springframework.cloud.sleuth.instrument.async.TraceCallable.call(TraceCallable.java:70)
	at com.netflix.hystrix.strategy.concurrency.HystrixContexSchedulerAction.call(HystrixContexSchedulerAction.java:69)
	at rx.internal.schedulers.ScheduledAction.run(ScheduledAction.java:55)
	at java.util.concurrent.Executors$RunnableAdapter.call(Executors.java:511)
	at java.util.concurrent.FutureTask.run(FutureTask.java:266)
	at java.util.concurrent.ThreadPoolExecutor.runWorker(ThreadPoolExecutor.java:1149)
	at java.util.concurrent.ThreadPoolExecutor$Worker.run(ThreadPoolExecutor.java:624)
	... 1 common frames omitted
[2026-09-23 21:32:11 IST] ERROR [Service Name -> bookstore-api-gateway-service], [TraceId -> ], [SpanId -> ] 
      <DiscoveryClient-HeartbeatExecutor-0> com.netflix.discovery.shared.transport.decorator.RedirectingEurekaHttpClient : Request execution error. endpoint=DefaultEndpoint{ serviceUrl='http://localhost:8761/eureka/}
com.sun.jersey.api.client.ClientHandlerException: java.net.ConnectException: Connection refused: connect
	at com.sun.jersey.client.apache4.ApacheHttpClient4Handler.handle(ApacheHttpClient4Handler.java:187)
	at com.sun.jersey.api.client.filter.GZIPContentEncodingFilter.handle(GZIPContentEncodingFilter.java:123)
	at com.netflix.discovery.EurekaIdentityHeaderFilter.handle(EurekaIdentityHeaderFilter.java:27)
	at com.sun.jersey.api.client.Client.handle(Client.java:652)
	at com.sun.jersey.api.client.WebResource.handle(WebResource.java:682)
	at com.sun.jersey.api.client.WebResource.access$200(WebResource.java:74)
	at com.sun.jersey.api.client.WebResource$Builder.put(WebResource.java:529)
	at com.netflix.discovery.shared.transport.jersey.AbstractJerseyEurekaHttpClient.sendHeartBeat(AbstractJerseyEurekaHttpClient.java:102)
	at com.netflix.discovery.shared.transport.decorator.EurekaHttpClientDecorator$3.execute(EurekaHttpClientDecorator.java:92)
	at com.netflix.discovery.shared.transport.decorator.MetricsCollectingEurekaHttpClient.execute(MetricsCollectingEurekaHttpClient.java:73)
	at com.netflix.discovery.shared.transport.decorator.EurekaHttpClientDecorator.sendHeartBeat(EurekaHttpClientDecorator.java:89)
	at com.netflix.discovery.shared.transport.decorator.EurekaHttpClientDecorator$3.execute(EurekaHttpClientDecorator.java:92)
	at com.netflix.discovery.shared.transport.decorator.RedirectingEurekaHttpClient.executeOnNewServer(RedirectingEurekaHttpClient.java:118)
	at com.netflix.discovery.shared.transport.decorator.RedirectingEurekaHttpClient.execute(RedirectingEurekaHttpClient.java:79)
	at com.netflix.discovery.shared.transport.decorator.EurekaHttpClientDecorator.sendHeartBeat(EurekaHttpClientDecorator.java:89)
	at com.netflix.discovery.shared.transport.decorator.EurekaHttpClientDecorator$3.execute(EurekaHttpClientDecorator.java:92)
	at com.netflix.discovery.shared.transport.decorator.RetryableEurekaHttpClient.execute(RetryableEurekaHttpClient.java:120)
	at com.netflix.discovery.shared.transport.decorator.EurekaHttpClientDecorator.sendHeartBeat(EurekaHttpClientDecorator.java:89)
	at com.netflix.discovery.shared.transport.decorator.EurekaHttpClientDecorator$3.execute(EurekaHttpClientDecorator.java:92)
	at com.netflix.discovery.shared.transport.decorator.SessionedEurekaHttpClient.execute(SessionedEurekaHttpClient.java:77)
	at com.netflix.discovery.shared.transport.decorator.EurekaHttpClientDecorator.sendHeartBeat(EurekaHttpClientDecorator.java:89)
	at com.netflix.discovery.DiscoveryClient.renew(DiscoveryClient.java:864)
	at com.netflix.discovery.DiscoveryClient$HeartbeatThread.run(DiscoveryClient.java:1423)
	at java.util.concurrent.Executors$RunnableAdapter.call(Executors.java:511)
	at java.util.concurrent.FutureTask.run(FutureTask.java:266)
	at java.util.concurrent.ThreadPoolExecutor.runWorker(ThreadPoolExecutor.java:1149)
	at java.util.concurrent.ThreadPoolExecutor$Worker.run(ThreadPoolExecutor.java:624)
	at java.lang.Thread.run(Thread.java:750)
Caused by: java.net.ConnectException: Connection refused: connect
	at java.net.DualStackPlainSocketImpl.waitForConnect(Native Method)
	at java.net.DualStackPlainSocketImpl.socketConnect(DualStackPlainSocketImpl.java:85)
	at java.net.AbstractPlainSocketImpl.doConnect(AbstractPlainSocketImpl.java:350)
	at java.net.AbstractPlainSocketImpl.connectToAddress(AbstractPlainSocketImpl.java:206)
	at java.net.AbstractPlainSocketImpl.connect(AbstractPlainSocketImpl.java:188)
	at java.net.PlainSocketImpl.connect(PlainSocketImpl.java:172)
	at java.net.SocksSocketImpl.connect(SocksSocketImpl.java:392)
	at java.net.Socket.connect(Socket.java:607)
	at org.apache.http.conn.scheme.PlainSocketFactory.connectSocket(PlainSocketFactory.java:121)
	at org.apache.http.impl.conn.DefaultClientConnectionOperator.openConnection(DefaultClientConnectionOperator.java:180)
	at org.apache.http.impl.conn.AbstractPoolEntry.open(AbstractPoolEntry.java:144)
	at org.apache.http.impl.conn.AbstractPooledConnAdapter.open(AbstractPooledConnAdapter.java:134)
	at org.apache.http.impl.client.DefaultRequestDirector.tryConnect(DefaultRequestDirector.java:605)
	at org.apache.http.impl.client.DefaultRequestDirector.execute(DefaultRequestDirector.java:440)
	at org.apache.http.impl.client.AbstractHttpClient.doExecute(AbstractHttpClient.java:835)
	at org.apache.http.impl.client.CloseableHttpClient.execute(CloseableHttpClient.java:118)
	at org.apache.http.impl.client.CloseableHttpClient.execute(CloseableHttpClient.java:56)
	at com.sun.jersey.client.apache4.ApacheHttpClient4Handler.handle(ApacheHttpClient4Handler.java:173)
	... 27 common frames omitted
[2026-09-23 21:32:11 IST] WARN [Service Name -> bookstore-api-gateway-service], [TraceId -> ], [SpanId -> ] 
      <DiscoveryClient-HeartbeatExecutor-0> com.netflix.discovery.shared.transport.decorator.RetryableEurekaHttpClient : Request execution failed with message: java.net.ConnectException: Connection refused: connect
[2026-09-23 21:32:11 IST] ERROR [Service Name -> bookstore-api-gateway-service], [TraceId -> ], [SpanId -> ] 
      <DiscoveryClient-HeartbeatExecutor-0> com.netflix.discovery.DiscoveryClient : DiscoveryClient_BOOKSTORE-API-GATEWAY-SERVICE/LAPTOP-PIAE5DDA.mshome.net:bookstore-api-gateway-service:8765 - was unable to send heartbeat!
com.netflix.discovery.shared.transport.TransportException: Cannot execute request on any known server
	at com.netflix.discovery.shared.transport.decorator.RetryableEurekaHttpClient.execute(RetryableEurekaHttpClient.java:112)
	at com.netflix.discovery.shared.transport.decorator.EurekaHttpClientDecorator.sendHeartBeat(EurekaHttpClientDecorator.java:89)
	at com.netflix.discovery.shared.transport.decorator.EurekaHttpClientDecorator$3.execute(EurekaHttpClientDecorator.java:92)
	at com.netflix.discovery.shared.transport.decorator.SessionedEurekaHttpClient.execute(SessionedEurekaHttpClient.java:77)
	at com.netflix.discovery.shared.transport.decorator.EurekaHttpClientDecorator.sendHeartBeat(EurekaHttpClientDecorator.java:89)
	at com.netflix.discovery.DiscoveryClient.renew(DiscoveryClient.java:864)
	at com.netflix.discovery.DiscoveryClient$HeartbeatThread.run(DiscoveryClient.java:1423)
	at java.util.concurrent.Executors$RunnableAdapter.call(Executors.java:511)
	at java.util.concurrent.FutureTask.run(FutureTask.java:266)
	at java.util.concurrent.ThreadPoolExecutor.runWorker(ThreadPoolExecutor.java:1149)
	at java.util.concurrent.ThreadPoolExecutor$Worker.run(ThreadPoolExecutor.java:624)
	at java.lang.Thread.run(Thread.java:750)
[2026-09-23 21:32:11 IST] ERROR [Service Name -> bookstore-api-gateway-service], [TraceId -> ], [SpanId -> ] 
      <DiscoveryClient-CacheRefreshExecutor-0> com.netflix.discovery.shared.transport.decorator.RedirectingEurekaHttpClient : Request execution error. endpoint=DefaultEndpoint{ serviceUrl='http://localhost:8761/eureka/}
com.sun.jersey.api.client.ClientHandlerException: java.net.ConnectException: Connection refused: connect
	at com.sun.jersey.client.apache4.ApacheHttpClient4Handler.handle(ApacheHttpClient4Handler.java:187)
	at com.sun.jersey.api.client.filter.GZIPContentEncodingFilter.handle(GZIPContentEncodingFilter.java:123)
	at com.netflix.discovery.EurekaIdentityHeaderFilter.handle(EurekaIdentityHeaderFilter.java:27)
	at com.sun.jersey.api.client.Client.handle(Client.java:652)
	at com.sun.jersey.api.client.WebResource.handle(WebResource.java:682)
	at com.sun.jersey.api.client.WebResource.access$200(WebResource.java:74)
	at com.sun.jersey.api.client.WebResource$Builder.get(WebResource.java:509)
	at com.netflix.discovery.shared.transport.jersey.AbstractJerseyEurekaHttpClient.getApplicationsInternal(AbstractJerseyEurekaHttpClient.java:194)
	at com.netflix.discovery.shared.transport.jersey.AbstractJerseyEurekaHttpClient.getApplications(AbstractJerseyEurekaHttpClient.java:165)
	at com.netflix.discovery.shared.transport.decorator.EurekaHttpClientDecorator$6.execute(EurekaHttpClientDecorator.java:137)
	at com.netflix.discovery.shared.transport.decorator.MetricsCollectingEurekaHttpClient.execute(MetricsCollectingEurekaHttpClient.java:73)
	at com.netflix.discovery.shared.transport.decorator.EurekaHttpClientDecorator.getApplications(EurekaHttpClientDecorator.java:134)
	at com.netflix.discovery.shared.transport.decorator.EurekaHttpClientDecorator$6.execute(EurekaHttpClientDecorator.java:137)
	at com.netflix.discovery.shared.transport.decorator.RedirectingEurekaHttpClient.executeOnNewServer(RedirectingEurekaHttpClient.java:118)
	at com.netflix.discovery.shared.transport.decorator.RedirectingEurekaHttpClient.execute(RedirectingEurekaHttpClient.java:79)
	at com.netflix.discovery.shared.transport.decorator.EurekaHttpClientDecorator.getApplications(EurekaHttpClientDecorator.java:134)
	at com.netflix.discovery.shared.transport.decorator.EurekaHttpClientDecorator$6.execute(EurekaHttpClientDecorator.java:137)
	at com.netflix.discovery.shared.transport.decorator.RetryableEurekaHttpClient.execute(RetryableEurekaHttpClient.java:120)
	at com.netflix.discovery.shared.transport.decorator.EurekaHttpClientDecorator.getApplications(EurekaHttpClientDecorator.java:134)
	at com.netflix.discovery.shared.transport.decorator.EurekaHttpClientDecorator$6.execute(EurekaHttpClientDecorator.java:137)
	at com.netflix.discovery.shared.transport.decorator.SessionedEurekaHttpClient.execute(SessionedEurekaHttpClient.java:77)
	at com.netflix.discovery.shared.transport.decorator.EurekaHttpClientDecorator.getApplications(EurekaHttpClientDecorator.java:134)
	at com.netflix.discovery.DiscoveryClient.getAndStoreFullRegistry(DiscoveryClient.java:1069)
	at com.netflix.discovery.DiscoveryClient.fetchRegistry(DiscoveryClient.java:983)
	at com.netflix.discovery.DiscoveryClient.refreshRegistry(DiscoveryClient.java:1497)
	at com.netflix.discovery.DiscoveryClient$CacheRefreshThread.run(DiscoveryClient.java:1464)
	at java.util.concurrent.Executors$RunnableAdapter.call(Executors.java:511)
	at java.util.concurrent.FutureTask.run(FutureTask.java:266)
	at java.util.concurrent.ThreadPoolExecutor.runWorker(ThreadPoolExecutor.java:1149)
	at java.util.concurrent.ThreadPoolExecutor$Worker.run(ThreadPoolExecutor.java:624)
	at java.lang.Thread.run(Thread.java:750)
Caused by: java.net.ConnectException: Connection refused: connect
	at java.net.DualStackPlainSocketImpl.waitForConnect(Native Method)
	at java.net.DualStackPlainSocketImpl.socketConnect(DualStackPlainSocketImpl.java:85)
	at java.net.AbstractPlainSocketImpl.doConnect(AbstractPlainSocketImpl.java:350)
	at java.net.AbstractPlainSocketImpl.connectToAddress(AbstractPlainSocketImpl.java:206)
	at java.net.AbstractPlainSocketImpl.connect(AbstractPlainSocketImpl.java:188)
	at java.net.PlainSocketImpl.connect(PlainSocketImpl.java:172)
	at java.net.SocksSocketImpl.connect(SocksSocketImpl.java:392)
	at java.net.Socket.connect(Socket.java:607)
	at org.apache.http.conn.scheme.PlainSocketFactory.connectSocket(PlainSocketFactory.java:121)
	at org.apache.http.impl.conn.DefaultClientConnectionOperator.openConnection(DefaultClientConnectionOperator.java:180)
	at org.apache.http.impl.conn.AbstractPoolEntry.open(AbstractPoolEntry.java:144)
	at org.apache.http.impl.conn.AbstractPooledConnAdapter.open(AbstractPooledConnAdapter.java:134)
	at org.apache.http.impl.client.DefaultRequestDirector.tryConnect(DefaultRequestDirector.java:605)
	at org.apache.http.impl.client.DefaultRequestDirector.execute(DefaultRequestDirector.java:440)
	at org.apache.http.impl.client.AbstractHttpClient.doExecute(AbstractHttpClient.java:835)
	at org.apache.http.impl.client.CloseableHttpClient.execute(CloseableHttpClient.java:118)
	at org.apache.http.impl.client.CloseableHttpClient.execute(CloseableHttpClient.java:56)
	at com.sun.jersey.client.apache4.ApacheHttpClient4Handler.handle(ApacheHttpClient4Handler.java:173)
	... 30 common frames omitted
[2026-09-23 21:32:11 IST] WARN [Service Name -> bookstore-api-gateway-service], [TraceId -> ], [SpanId -> ] 
      <DiscoveryClient-CacheRefreshExecutor-0> com.netflix.discovery.shared.transport.decorator.RetryableEurekaHttpClient : Request execution failed with message: java.net.ConnectException: Connection refused: connect
[2026-09-23 21:32:11 IST] ERROR [Service Name -> bookstore-api-gateway-service], [TraceId -> ], [SpanId -> ] 
      <DiscoveryClient-CacheRefreshExecutor-0> com.netflix.discovery.DiscoveryClient : DiscoveryClient_BOOKSTORE-API-GATEWAY-SERVICE/LAPTOP-PIAE5DDA.mshome.net:bookstore-api-gateway-service:8765 - was unable to refresh its cache! status = Cannot execute request on any known server
com.netflix.discovery.shared.transport.TransportException: Cannot execute request on any known server
	at com.netflix.discovery.shared.transport.decorator.RetryableEurekaHttpClient.execute(RetryableEurekaHttpClient.java:112)
	at com.netflix.discovery.shared.transport.decorator.EurekaHttpClientDecorator.getApplications(EurekaHttpClientDecorator.java:134)
	at com.netflix.discovery.shared.transport.decorator.EurekaHttpClientDecorator$6.execute(EurekaHttpClientDecorator.java:137)
	at com.netflix.discovery.shared.transport.decorator.SessionedEurekaHttpClient.execute(SessionedEurekaHttpClient.java:77)
	at com.netflix.discovery.shared.transport.decorator.EurekaHttpClientDecorator.getApplications(EurekaHttpClientDecorator.java:134)
	at com.netflix.discovery.DiscoveryClient.getAndStoreFullRegistry(DiscoveryClient.java:1069)
	at com.netflix.discovery.DiscoveryClient.fetchRegistry(DiscoveryClient.java:983)
	at com.netflix.discovery.DiscoveryClient.refreshRegistry(DiscoveryClient.java:1497)
	at com.netflix.discovery.DiscoveryClient$CacheRefreshThread.run(DiscoveryClient.java:1464)
	at java.util.concurrent.Executors$RunnableAdapter.call(Executors.java:511)
	at java.util.concurrent.FutureTask.run(FutureTask.java:266)
	at java.util.concurrent.ThreadPoolExecutor.runWorker(ThreadPoolExecutor.java:1149)
	at java.util.concurrent.ThreadPoolExecutor$Worker.run(ThreadPoolExecutor.java:624)
	at java.lang.Thread.run(Thread.java:750)
[2026-09-23 21:32:11 IST] INFO [Service Name -> bookstore-api-gateway-service], [TraceId -> ], [SpanId -> ] 
      <DiscoveryClient-InstanceInfoReplicator-0> com.netflix.discovery.DiscoveryClient : DiscoveryClient_BOOKSTORE-API-GATEWAY-SERVICE/LAPTOP-PIAE5DDA.mshome.net:bookstore-api-gateway-service:8765: registering service...
[2026-09-23 21:32:11 IST] WARN [Service Name -> bookstore-api-gateway-service], [TraceId -> ], [SpanId -> ] 
      <AsyncReporter{org.springframework.cloud.sleuth.zipkin2.sender.RestTemplateSender@5c48b72c}> zipkin2.reporter.AsyncReporter$BoundedAsyncReporter : Spans were dropped due to exceptions. All subsequent errors will be logged at FINE level.
[2026-09-23 21:32:11 IST] WARN [Service Name -> bookstore-api-gateway-service], [TraceId -> ], [SpanId -> ] 
      <AsyncReporter{org.springframework.cloud.sleuth.zipkin2.sender.RestTemplateSender@5c48b72c}> zipkin2.reporter.AsyncReporter$BoundedAsyncReporter : Dropped 2 spans due to ResourceAccessException(I/O error on POST request for "http://localhost:9411/api/v2/spans": connect timed out; nested exception is java.net.SocketTimeoutException: connect timed out)
org.springframework.web.client.ResourceAccessException: I/O error on POST request for "http://localhost:9411/api/v2/spans": connect timed out; nested exception is java.net.SocketTimeoutException: connect timed out
	at org.springframework.web.client.RestTemplate.doExecute(RestTemplate.java:748)
	at org.springframework.cloud.sleuth.zipkin2.sender.ZipkinRestTemplateWrapper.doExecute(ZipkinRestTemplateSenderConfiguration.java:228)
	at org.springframework.web.client.RestTemplate.exchange(RestTemplate.java:641)
	at org.springframework.cloud.sleuth.zipkin2.sender.RestTemplateSender.post(RestTemplateSender.java:129)
	at org.springframework.cloud.sleuth.zipkin2.sender.RestTemplateSender$HttpPostCall.doExecute(RestTemplateSender.java:142)
	at org.springframework.cloud.sleuth.zipkin2.sender.RestTemplateSender$HttpPostCall.doExecute(RestTemplateSender.java:132)
	at zipkin2.Call$Base.execute(Call.java:380)
	at zipkin2.reporter.AsyncReporter$BoundedAsyncReporter.flush(AsyncReporter.java:285)
	at zipkin2.reporter.AsyncReporter$Flusher.run(AsyncReporter.java:354)
	at java.lang.Thread.run(Thread.java:750)
Caused by: java.net.SocketTimeoutException: connect timed out
	at java.net.DualStackPlainSocketImpl.waitForConnect(Native Method)
	at java.net.DualStackPlainSocketImpl.socketConnect(DualStackPlainSocketImpl.java:85)
	at java.net.AbstractPlainSocketImpl.doConnect(AbstractPlainSocketImpl.java:350)
	at java.net.AbstractPlainSocketImpl.connectToAddress(AbstractPlainSocketImpl.java:206)
	at java.net.AbstractPlainSocketImpl.connect(AbstractPlainSocketImpl.java:188)
	at java.net.PlainSocketImpl.connect(PlainSocketImpl.java:172)
	at java.net.SocksSocketImpl.connect(SocksSocketImpl.java:392)
	at java.net.Socket.connect(Socket.java:607)
	at sun.net.NetworkClient.doConnect(NetworkClient.java:175)
	at sun.net.www.http.HttpClient.openServer(HttpClient.java:473)
	at sun.net.www.http.HttpClient.openServer(HttpClient.java:568)
	at sun.net.www.http.HttpClient.<init>(HttpClient.java:254)
	at sun.net.www.http.HttpClient.New(HttpClient.java:349)
	at sun.net.www.http.HttpClient.New(HttpClient.java:367)
	at sun.net.www.protocol.http.HttpURLConnection.getNewHttpClient(HttpURLConnection.java:1248)
	at sun.net.www.protocol.http.HttpURLConnection.plainConnect0(HttpURLConnection.java:1182)
	at sun.net.www.protocol.http.HttpURLConnection.plainConnect(HttpURLConnection.java:1076)
	at sun.net.www.protocol.http.HttpURLConnection.connect(HttpURLConnection.java:1010)
	at org.springframework.http.client.SimpleBufferingClientHttpRequest.executeInternal(SimpleBufferingClientHttpRequest.java:76)
	at org.springframework.http.client.AbstractBufferingClientHttpRequest.executeInternal(AbstractBufferingClientHttpRequest.java:48)
	at org.springframework.http.client.AbstractClientHttpRequest.execute(AbstractClientHttpRequest.java:53)
	at org.springframework.web.client.RestTemplate.doExecute(RestTemplate.java:739)
	... 9 common frames omitted
[2026-09-23 21:32:15 IST] ERROR [Service Name -> bookstore-api-gateway-service], [TraceId -> ], [SpanId -> ] 
      <DiscoveryClient-InstanceInfoReplicator-0> com.netflix.discovery.shared.transport.decorator.RedirectingEurekaHttpClient : Request execution error. endpoint=DefaultEndpoint{ serviceUrl='http://localhost:8761/eureka/}
com.sun.jersey.api.client.ClientHandlerException: java.net.ConnectException: Connection refused: connect
	at com.sun.jersey.client.apache4.ApacheHttpClient4Handler.handle(ApacheHttpClient4Handler.java:187)
	at com.sun.jersey.api.client.filter.GZIPContentEncodingFilter.handle(GZIPContentEncodingFilter.java:123)
	at com.netflix.discovery.EurekaIdentityHeaderFilter.handle(EurekaIdentityHeaderFilter.java:27)
	at com.sun.jersey.api.client.Client.handle(Client.java:652)
	at com.sun.jersey.api.client.WebResource.handle(WebResource.java:682)
	at com.sun.jersey.api.client.WebResource.access$200(WebResource.java:74)
	at com.sun.jersey.api.client.WebResource$Builder.post(WebResource.java:570)
	at com.netflix.discovery.shared.transport.jersey.AbstractJerseyEurekaHttpClient.register(AbstractJerseyEurekaHttpClient.java:56)
	at com.netflix.discovery.shared.transport.decorator.EurekaHttpClientDecorator$1.execute(EurekaHttpClientDecorator.java:59)
	at com.netflix.discovery.shared.transport.decorator.MetricsCollectingEurekaHttpClient.execute(MetricsCollectingEurekaHttpClient.java:73)
	at com.netflix.discovery.shared.transport.decorator.EurekaHttpClientDecorator.register(EurekaHttpClientDecorator.java:56)
	at com.netflix.discovery.shared.transport.decorator.EurekaHttpClientDecorator$1.execute(EurekaHttpClientDecorator.java:59)
	at com.netflix.discovery.shared.transport.decorator.RedirectingEurekaHttpClient.executeOnNewServer(RedirectingEurekaHttpClient.java:118)
	at com.netflix.discovery.shared.transport.decorator.RedirectingEurekaHttpClient.execute(RedirectingEurekaHttpClient.java:79)
	at com.netflix.discovery.shared.transport.decorator.EurekaHttpClientDecorator.register(EurekaHttpClientDecorator.java:56)
	at com.netflix.discovery.shared.transport.decorator.EurekaHttpClientDecorator$1.execute(EurekaHttpClientDecorator.java:59)
	at com.netflix.discovery.shared.transport.decorator.RetryableEurekaHttpClient.execute(RetryableEurekaHttpClient.java:120)
	at com.netflix.discovery.shared.transport.decorator.EurekaHttpClientDecorator.register(EurekaHttpClientDecorator.java:56)
	at com.netflix.discovery.shared.transport.decorator.EurekaHttpClientDecorator$1.execute(EurekaHttpClientDecorator.java:59)
	at com.netflix.discovery.shared.transport.decorator.SessionedEurekaHttpClient.execute(SessionedEurekaHttpClient.java:77)
	at com.netflix.discovery.shared.transport.decorator.EurekaHttpClientDecorator.register(EurekaHttpClientDecorator.java:56)
	at com.netflix.discovery.DiscoveryClient.register(DiscoveryClient.java:847)
	at com.netflix.discovery.InstanceInfoReplicator.run(InstanceInfoReplicator.java:121)
	at java.util.concurrent.Executors$RunnableAdapter.call(Executors.java:511)
	at java.util.concurrent.FutureTask.run(FutureTask.java:266)
	at java.util.concurrent.ScheduledThreadPoolExecutor$ScheduledFutureTask.access$201(ScheduledThreadPoolExecutor.java:180)
	at java.util.concurrent.ScheduledThreadPoolExecutor$ScheduledFutureTask.run(ScheduledThreadPoolExecutor.java:293)
	at java.util.concurrent.ThreadPoolExecutor.runWorker(ThreadPoolExecutor.java:1149)
	at java.util.concurrent.ThreadPoolExecutor$Worker.run(ThreadPoolExecutor.java:624)
	at java.lang.Thread.run(Thread.java:750)
Caused by: java.net.ConnectException: Connection refused: connect
	at java.net.DualStackPlainSocketImpl.waitForConnect(Native Method)
	at java.net.DualStackPlainSocketImpl.socketConnect(DualStackPlainSocketImpl.java:85)
	at java.net.AbstractPlainSocketImpl.doConnect(AbstractPlainSocketImpl.java:350)
	at java.net.AbstractPlainSocketImpl.connectToAddress(AbstractPlainSocketImpl.java:206)
	at java.net.AbstractPlainSocketImpl.connect(AbstractPlainSocketImpl.java:188)
	at java.net.PlainSocketImpl.connect(PlainSocketImpl.java:172)
	at java.net.SocksSocketImpl.connect(SocksSocketImpl.java:392)
	at java.net.Socket.connect(Socket.java:607)
	at org.apache.http.conn.scheme.PlainSocketFactory.connectSocket(PlainSocketFactory.java:121)
	at org.apache.http.impl.conn.DefaultClientConnectionOperator.openConnection(DefaultClientConnectionOperator.java:180)
	at org.apache.http.impl.conn.AbstractPoolEntry.open(AbstractPoolEntry.java:144)
	at org.apache.http.impl.conn.AbstractPooledConnAdapter.open(AbstractPooledConnAdapter.java:134)
	at org.apache.http.impl.client.DefaultRequestDirector.tryConnect(DefaultRequestDirector.java:605)
	at org.apache.http.impl.client.DefaultRequestDirector.execute(DefaultRequestDirector.java:440)
	at org.apache.http.impl.client.AbstractHttpClient.doExecute(AbstractHttpClient.java:835)
	at org.apache.http.impl.client.CloseableHttpClient.execute(CloseableHttpClient.java:118)
	at org.apache.http.impl.client.CloseableHttpClient.execute(CloseableHttpClient.java:56)
	at com.sun.jersey.client.apache4.ApacheHttpClient4Handler.handle(ApacheHttpClient4Handler.java:173)
	... 29 common frames omitted
[2026-09-23 21:32:15 IST] WARN [Service Name -> bookstore-api-gateway-service], [TraceId -> ], [SpanId -> ] 
      <DiscoveryClient-InstanceInfoReplicator-0> com.netflix.discovery.shared.transport.decorator.RetryableEurekaHttpClient : Request execution failed with message: java.net.ConnectException: Connection refused: connect
[2026-09-23 21:32:15 IST] WARN [Service Name -> bookstore-api-gateway-service], [TraceId -> ], [SpanId -> ] 
      <DiscoveryClient-InstanceInfoReplicator-0> com.netflix.discovery.DiscoveryClient : DiscoveryClient_BOOKSTORE-API-GATEWAY-SERVICE/LAPTOP-PIAE5DDA.mshome.net:bookstore-api-gateway-service:8765 - registration failed Cannot execute request on any known server
com.netflix.discovery.shared.transport.TransportException: Cannot execute request on any known server
	at com.netflix.discovery.shared.transport.decorator.RetryableEurekaHttpClient.execute(RetryableEurekaHttpClient.java:112)
	at com.netflix.discovery.shared.transport.decorator.EurekaHttpClientDecorator.register(EurekaHttpClientDecorator.java:56)
	at com.netflix.discovery.shared.transport.decorator.EurekaHttpClientDecorator$1.execute(EurekaHttpClientDecorator.java:59)
	at com.netflix.discovery.shared.transport.decorator.SessionedEurekaHttpClient.execute(SessionedEurekaHttpClient.java:77)
	at com.netflix.discovery.shared.transport.decorator.EurekaHttpClientDecorator.register(EurekaHttpClientDecorator.java:56)
	at com.netflix.discovery.DiscoveryClient.register(DiscoveryClient.java:847)
	at com.netflix.discovery.InstanceInfoReplicator.run(InstanceInfoReplicator.java:121)
	at java.util.concurrent.Executors$RunnableAdapter.call(Executors.java:511)
	at java.util.concurrent.FutureTask.run(FutureTask.java:266)
	at java.util.concurrent.ScheduledThreadPoolExecutor$ScheduledFutureTask.access$201(ScheduledThreadPoolExecutor.java:180)
	at java.util.concurrent.ScheduledThreadPoolExecutor$ScheduledFutureTask.run(ScheduledThreadPoolExecutor.java:293)
	at java.util.concurrent.ThreadPoolExecutor.runWorker(ThreadPoolExecutor.java:1149)
	at java.util.concurrent.ThreadPoolExecutor$Worker.run(ThreadPoolExecutor.java:624)
	at java.lang.Thread.run(Thread.java:750)
[2026-09-23 21:32:15 IST] WARN [Service Name -> bookstore-api-gateway-service], [TraceId -> ], [SpanId -> ] 
      <DiscoveryClient-InstanceInfoReplicator-0> com.netflix.discovery.InstanceInfoReplicator : There was a problem with the instance info replicator
com.netflix.discovery.shared.transport.TransportException: Cannot execute request on any known server
	at com.netflix.discovery.shared.transport.decorator.RetryableEurekaHttpClient.execute(RetryableEurekaHttpClient.java:112)
	at com.netflix.discovery.shared.transport.decorator.EurekaHttpClientDecorator.register(EurekaHttpClientDecorator.java:56)
	at com.netflix.discovery.shared.transport.decorator.EurekaHttpClientDecorator$1.execute(EurekaHttpClientDecorator.java:59)
	at com.netflix.discovery.shared.transport.decorator.SessionedEurekaHttpClient.execute(SessionedEurekaHttpClient.java:77)
	at com.netflix.discovery.shared.transport.decorator.EurekaHttpClientDecorator.register(EurekaHttpClientDecorator.java:56)
	at com.netflix.discovery.DiscoveryClient.register(DiscoveryClient.java:847)
	at com.netflix.discovery.InstanceInfoReplicator.run(InstanceInfoReplicator.java:121)
	at java.util.concurrent.Executors$RunnableAdapter.call(Executors.java:511)
	at java.util.concurrent.FutureTask.run(FutureTask.java:266)
	at java.util.concurrent.ScheduledThreadPoolExecutor$ScheduledFutureTask.access$201(ScheduledThreadPoolExecutor.java:180)
	at java.util.concurrent.ScheduledThreadPoolExecutor$ScheduledFutureTask.run(ScheduledThreadPoolExecutor.java:293)
	at java.util.concurrent.ThreadPoolExecutor.runWorker(ThreadPoolExecutor.java:1149)
	at java.util.concurrent.ThreadPoolExecutor$Worker.run(ThreadPoolExecutor.java:624)
	at java.lang.Thread.run(Thread.java:750)
[2026-09-23 21:32:41 IST] INFO [Service Name -> bookstore-api-gateway-service], [TraceId -> ], [SpanId -> ] 
      <DiscoveryClient-CacheRefreshExecutor-0> com.netflix.discovery.DiscoveryClient : Disable delta property : false
[2026-09-23 21:32:41 IST] INFO [Service Name -> bookstore-api-gateway-service], [TraceId -> ], [SpanId -> ] 
      <DiscoveryClient-CacheRefreshExecutor-0> com.netflix.discovery.DiscoveryClient : Single vip registry refresh property : null
[2026-09-23 21:32:41 IST] INFO [Service Name -> bookstore-api-gateway-service], [TraceId -> ], [SpanId -> ] 
      <DiscoveryClient-CacheRefreshExecutor-0> com.netflix.discovery.DiscoveryClient : Force full registry fetch : false
[2026-09-23 21:32:41 IST] INFO [Service Name -> bookstore-api-gateway-service], [TraceId -> ], [SpanId -> ] 
      <DiscoveryClient-CacheRefreshExecutor-0> com.netflix.discovery.DiscoveryClient : Application is null : false
[2026-09-23 21:32:41 IST] INFO [Service Name -> bookstore-api-gateway-service], [TraceId -> ], [SpanId -> ] 
      <DiscoveryClient-CacheRefreshExecutor-0> com.netflix.discovery.DiscoveryClient : Registered Applications size is zero : true
[2026-09-23 21:32:41 IST] INFO [Service Name -> bookstore-api-gateway-service], [TraceId -> ], [SpanId -> ] 
      <DiscoveryClient-CacheRefreshExecutor-0> com.netflix.discovery.DiscoveryClient : Application version is -1: true
[2026-09-23 21:32:41 IST] INFO [Service Name -> bookstore-api-gateway-service], [TraceId -> ], [SpanId -> ] 
      <DiscoveryClient-CacheRefreshExecutor-0> com.netflix.discovery.DiscoveryClient : Getting all instance registry info from the eureka server
[2026-09-23 21:32:45 IST] ERROR [Service Name -> bookstore-api-gateway-service], [TraceId -> ], [SpanId -> ] 
      <DiscoveryClient-HeartbeatExecutor-0> com.netflix.discovery.shared.transport.decorator.RedirectingEurekaHttpClient : Request execution error. endpoint=DefaultEndpoint{ serviceUrl='http://localhost:8761/eureka/}
com.sun.jersey.api.client.ClientHandlerException: java.net.ConnectException: Connection refused: connect
	at com.sun.jersey.client.apache4.ApacheHttpClient4Handler.handle(ApacheHttpClient4Handler.java:187)
	at com.sun.jersey.api.client.filter.GZIPContentEncodingFilter.handle(GZIPContentEncodingFilter.java:123)
	at com.netflix.discovery.EurekaIdentityHeaderFilter.handle(EurekaIdentityHeaderFilter.java:27)
	at com.sun.jersey.api.client.Client.handle(Client.java:652)
	at com.sun.jersey.api.client.WebResource.handle(WebResource.java:682)
	at com.sun.jersey.api.client.WebResource.access$200(WebResource.java:74)
	at com.sun.jersey.api.client.WebResource$Builder.put(WebResource.java:529)
	at com.netflix.discovery.shared.transport.jersey.AbstractJerseyEurekaHttpClient.sendHeartBeat(AbstractJerseyEurekaHttpClient.java:102)
	at com.netflix.discovery.shared.transport.decorator.EurekaHttpClientDecorator$3.execute(EurekaHttpClientDecorator.java:92)
	at com.netflix.discovery.shared.transport.decorator.MetricsCollectingEurekaHttpClient.execute(MetricsCollectingEurekaHttpClient.java:73)
	at com.netflix.discovery.shared.transport.decorator.EurekaHttpClientDecorator.sendHeartBeat(EurekaHttpClientDecorator.java:89)
	at com.netflix.discovery.shared.transport.decorator.EurekaHttpClientDecorator$3.execute(EurekaHttpClientDecorator.java:92)
	at com.netflix.discovery.shared.transport.decorator.RedirectingEurekaHttpClient.executeOnNewServer(RedirectingEurekaHttpClient.java:118)
	at com.netflix.discovery.shared.transport.decorator.RedirectingEurekaHttpClient.execute(RedirectingEurekaHttpClient.java:79)
	at com.netflix.discovery.shared.transport.decorator.EurekaHttpClientDecorator.sendHeartBeat(EurekaHttpClientDecorator.java:89)
	at com.netflix.discovery.shared.transport.decorator.EurekaHttpClientDecorator$3.execute(EurekaHttpClientDecorator.java:92)
	at com.netflix.discovery.shared.transport.decorator.RetryableEurekaHttpClient.execute(RetryableEurekaHttpClient.java:120)
	at com.netflix.discovery.shared.transport.decorator.EurekaHttpClientDecorator.sendHeartBeat(EurekaHttpClientDecorator.java:89)
	at com.netflix.discovery.shared.transport.decorator.EurekaHttpClientDecorator$3.execute(EurekaHttpClientDecorator.java:92)
	at com.netflix.discovery.shared.transport.decorator.SessionedEurekaHttpClient.execute(SessionedEurekaHttpClient.java:77)
	at com.netflix.discovery.shared.transport.decorator.EurekaHttpClientDecorator.sendHeartBeat(EurekaHttpClientDecorator.java:89)
	at com.netflix.discovery.DiscoveryClient.renew(DiscoveryClient.java:864)
	at com.netflix.discovery.DiscoveryClient$HeartbeatThread.run(DiscoveryClient.java:1423)
	at java.util.concurrent.Executors$RunnableAdapter.call(Executors.java:511)
	at java.util.concurrent.FutureTask.run(FutureTask.java:266)
	at java.util.concurrent.ThreadPoolExecutor.runWorker(ThreadPoolExecutor.java:1149)
	at java.util.concurrent.ThreadPoolExecutor$Worker.run(ThreadPoolExecutor.java:624)
	at java.lang.Thread.run(Thread.java:750)
Caused by: java.net.ConnectException: Connection refused: connect
	at java.net.DualStackPlainSocketImpl.waitForConnect(Native Method)
	at java.net.DualStackPlainSocketImpl.socketConnect(DualStackPlainSocketImpl.java:85)
	at java.net.AbstractPlainSocketImpl.doConnect(AbstractPlainSocketImpl.java:350)
	at java.net.AbstractPlainSocketImpl.connectToAddress(AbstractPlainSocketImpl.java:206)
	at java.net.AbstractPlainSocketImpl.connect(AbstractPlainSocketImpl.java:188)
	at java.net.PlainSocketImpl.connect(PlainSocketImpl.java:172)
	at java.net.SocksSocketImpl.connect(SocksSocketImpl.java:392)
	at java.net.Socket.connect(Socket.java:607)
	at org.apache.http.conn.scheme.PlainSocketFactory.connectSocket(PlainSocketFactory.java:121)
	at org.apache.http.impl.conn.DefaultClientConnectionOperator.openConnection(DefaultClientConnectionOperator.java:180)
	at org.apache.http.impl.conn.AbstractPoolEntry.open(AbstractPoolEntry.java:144)
	at org.apache.http.impl.conn.AbstractPooledConnAdapter.open(AbstractPooledConnAdapter.java:134)
	at org.apache.http.impl.client.DefaultRequestDirector.tryConnect(DefaultRequestDirector.java:605)
	at org.apache.http.impl.client.DefaultRequestDirector.execute(DefaultRequestDirector.java:440)
	at org.apache.http.impl.client.AbstractHttpClient.doExecute(AbstractHttpClient.java:835)
	at org.apache.http.impl.client.CloseableHttpClient.execute(CloseableHttpClient.java:118)
	at org.apache.http.impl.client.CloseableHttpClient.execute(CloseableHttpClient.java:56)
	at com.sun.jersey.client.apache4.ApacheHttpClient4Handler.handle(ApacheHttpClient4Handler.java:173)
	... 27 common frames omitted
[2026-09-23 21:32:45 IST] WARN [Service Name -> bookstore-api-gateway-service], [TraceId -> ], [SpanId -> ] 
      <DiscoveryClient-HeartbeatExecutor-0> com.netflix.discovery.shared.transport.decorator.RetryableEurekaHttpClient : Request execution failed with message: java.net.ConnectException: Connection refused: connect
[2026-09-23 21:32:45 IST] ERROR [Service Name -> bookstore-api-gateway-service], [TraceId -> ], [SpanId -> ] 
      <DiscoveryClient-HeartbeatExecutor-0> com.netflix.discovery.DiscoveryClient : DiscoveryClient_BOOKSTORE-API-GATEWAY-SERVICE/LAPTOP-PIAE5DDA.mshome.net:bookstore-api-gateway-service:8765 - was unable to send heartbeat!
com.netflix.discovery.shared.transport.TransportException: Cannot execute request on any known server
	at com.netflix.discovery.shared.transport.decorator.RetryableEurekaHttpClient.execute(RetryableEurekaHttpClient.java:112)
	at com.netflix.discovery.shared.transport.decorator.EurekaHttpClientDecorator.sendHeartBeat(EurekaHttpClientDecorator.java:89)
	at com.netflix.discovery.shared.transport.decorator.EurekaHttpClientDecorator$3.execute(EurekaHttpClientDecorator.java:92)
	at com.netflix.discovery.shared.transport.decorator.SessionedEurekaHttpClient.execute(SessionedEurekaHttpClient.java:77)
	at com.netflix.discovery.shared.transport.decorator.EurekaHttpClientDecorator.sendHeartBeat(EurekaHttpClientDecorator.java:89)
	at com.netflix.discovery.DiscoveryClient.renew(DiscoveryClient.java:864)
	at com.netflix.discovery.DiscoveryClient$HeartbeatThread.run(DiscoveryClient.java:1423)
	at java.util.concurrent.Executors$RunnableAdapter.call(Executors.java:511)
	at java.util.concurrent.FutureTask.run(FutureTask.java:266)
	at java.util.concurrent.ThreadPoolExecutor.runWorker(ThreadPoolExecutor.java:1149)
	at java.util.concurrent.ThreadPoolExecutor$Worker.run(ThreadPoolExecutor.java:624)
	at java.lang.Thread.run(Thread.java:750)
[2026-09-23 21:32:45 IST] ERROR [Service Name -> bookstore-api-gateway-service], [TraceId -> ], [SpanId -> ] 
      <DiscoveryClient-CacheRefreshExecutor-0> com.netflix.discovery.shared.transport.decorator.RedirectingEurekaHttpClient : Request execution error. endpoint=DefaultEndpoint{ serviceUrl='http://localhost:8761/eureka/}
com.sun.jersey.api.client.ClientHandlerException: java.net.ConnectException: Connection refused: connect
	at com.sun.jersey.client.apache4.ApacheHttpClient4Handler.handle(ApacheHttpClient4Handler.java:187)
	at com.sun.jersey.api.client.filter.GZIPContentEncodingFilter.handle(GZIPContentEncodingFilter.java:123)
	at com.netflix.discovery.EurekaIdentityHeaderFilter.handle(EurekaIdentityHeaderFilter.java:27)
	at com.sun.jersey.api.client.Client.handle(Client.java:652)
	at com.sun.jersey.api.client.WebResource.handle(WebResource.java:682)
	at com.sun.jersey.api.client.WebResource.access$200(WebResource.java:74)
	at com.sun.jersey.api.client.WebResource$Builder.get(WebResource.java:509)
	at com.netflix.discovery.shared.transport.jersey.AbstractJerseyEurekaHttpClient.getApplicationsInternal(AbstractJerseyEurekaHttpClient.java:194)
	at com.netflix.discovery.shared.transport.jersey.AbstractJerseyEurekaHttpClient.getApplications(AbstractJerseyEurekaHttpClient.java:165)
	at com.netflix.discovery.shared.transport.decorator.EurekaHttpClientDecorator$6.execute(EurekaHttpClientDecorator.java:137)
	at com.netflix.discovery.shared.transport.decorator.MetricsCollectingEurekaHttpClient.execute(MetricsCollectingEurekaHttpClient.java:73)
	at com.netflix.discovery.shared.transport.decorator.EurekaHttpClientDecorator.getApplications(EurekaHttpClientDecorator.java:134)
	at com.netflix.discovery.shared.transport.decorator.EurekaHttpClientDecorator$6.execute(EurekaHttpClientDecorator.java:137)
	at com.netflix.discovery.shared.transport.decorator.RedirectingEurekaHttpClient.executeOnNewServer(RedirectingEurekaHttpClient.java:118)
	at com.netflix.discovery.shared.transport.decorator.RedirectingEurekaHttpClient.execute(RedirectingEurekaHttpClient.java:79)
	at com.netflix.discovery.shared.transport.decorator.EurekaHttpClientDecorator.getApplications(EurekaHttpClientDecorator.java:134)
	at com.netflix.discovery.shared.transport.decorator.EurekaHttpClientDecorator$6.execute(EurekaHttpClientDecorator.java:137)
	at com.netflix.discovery.shared.transport.decorator.RetryableEurekaHttpClient.execute(RetryableEurekaHttpClient.java:120)
	at com.netflix.discovery.shared.transport.decorator.EurekaHttpClientDecorator.getApplications(EurekaHttpClientDecorator.java:134)
	at com.netflix.discovery.shared.transport.decorator.EurekaHttpClientDecorator$6.execute(EurekaHttpClientDecorator.java:137)
	at com.netflix.discovery.shared.transport.decorator.SessionedEurekaHttpClient.execute(SessionedEurekaHttpClient.java:77)
	at com.netflix.discovery.shared.transport.decorator.EurekaHttpClientDecorator.getApplications(EurekaHttpClientDecorator.java:134)
	at com.netflix.discovery.DiscoveryClient.getAndStoreFullRegistry(DiscoveryClient.java:1069)
	at com.netflix.discovery.DiscoveryClient.fetchRegistry(DiscoveryClient.java:983)
	at com.netflix.discovery.DiscoveryClient.refreshRegistry(DiscoveryClient.java:1497)
	at com.netflix.discovery.DiscoveryClient$CacheRefreshThread.run(DiscoveryClient.java:1464)
	at java.util.concurrent.Executors$RunnableAdapter.call(Executors.java:511)
	at java.util.concurrent.FutureTask.run(FutureTask.java:266)
	at java.util.concurrent.ThreadPoolExecutor.runWorker(ThreadPoolExecutor.java:1149)
	at java.util.concurrent.ThreadPoolExecutor$Worker.run(ThreadPoolExecutor.java:624)
	at java.lang.Thread.run(Thread.java:750)
Caused by: java.net.ConnectException: Connection refused: connect
	at java.net.DualStackPlainSocketImpl.waitForConnect(Native Method)
	at java.net.DualStackPlainSocketImpl.socketConnect(DualStackPlainSocketImpl.java:85)
	at java.net.AbstractPlainSocketImpl.doConnect(AbstractPlainSocketImpl.java:350)
	at java.net.AbstractPlainSocketImpl.connectToAddress(AbstractPlainSocketImpl.java:206)
	at java.net.AbstractPlainSocketImpl.connect(AbstractPlainSocketImpl.java:188)
	at java.net.PlainSocketImpl.connect(PlainSocketImpl.java:172)
	at java.net.SocksSocketImpl.connect(SocksSocketImpl.java:392)
	at java.net.Socket.connect(Socket.java:607)
	at org.apache.http.conn.scheme.PlainSocketFactory.connectSocket(PlainSocketFactory.java:121)
	at org.apache.http.impl.conn.DefaultClientConnectionOperator.openConnection(DefaultClientConnectionOperator.java:180)
	at org.apache.http.impl.conn.AbstractPoolEntry.open(AbstractPoolEntry.java:144)
	at org.apache.http.impl.conn.AbstractPooledConnAdapter.open(AbstractPooledConnAdapter.java:134)
	at org.apache.http.impl.client.DefaultRequestDirector.tryConnect(DefaultRequestDirector.java:605)
	at org.apache.http.impl.client.DefaultRequestDirector.execute(DefaultRequestDirector.java:440)
	at org.apache.http.impl.client.AbstractHttpClient.doExecute(AbstractHttpClient.java:835)
	at org.apache.http.impl.client.CloseableHttpClient.execute(CloseableHttpClient.java:118)
	at org.apache.http.impl.client.CloseableHttpClient.execute(CloseableHttpClient.java:56)
	at com.sun.jersey.client.apache4.ApacheHttpClient4Handler.handle(ApacheHttpClient4Handler.java:173)
	... 30 common frames omitted
[2026-09-23 21:32:45 IST] WARN [Service Name -> bookstore-api-gateway-service], [TraceId -> ], [SpanId -> ] 
      <DiscoveryClient-CacheRefreshExecutor-0> com.netflix.discovery.shared.transport.decorator.RetryableEurekaHttpClient : Request execution failed with message: java.net.ConnectException: Connection refused: connect
[2026-09-23 21:32:45 IST] ERROR [Service Name -> bookstore-api-gateway-service], [TraceId -> ], [SpanId -> ] 
      <DiscoveryClient-CacheRefreshExecutor-0> com.netflix.discovery.DiscoveryClient : DiscoveryClient_BOOKSTORE-API-GATEWAY-SERVICE/LAPTOP-PIAE5DDA.mshome.net:bookstore-api-gateway-service:8765 - was unable to refresh its cache! status = Cannot execute request on any known server
com.netflix.discovery.shared.transport.TransportException: Cannot execute request on any known server
	at com.netflix.discovery.shared.transport.decorator.RetryableEurekaHttpClient.execute(RetryableEurekaHttpClient.java:112)
	at com.netflix.discovery.shared.transport.decorator.EurekaHttpClientDecorator.getApplications(EurekaHttpClientDecorator.java:134)
	at com.netflix.discovery.shared.transport.decorator.EurekaHttpClientDecorator$6.execute(EurekaHttpClientDecorator.java:137)
	at com.netflix.discovery.shared.transport.decorator.SessionedEurekaHttpClient.execute(SessionedEurekaHttpClient.java:77)
	at com.netflix.discovery.shared.transport.decorator.EurekaHttpClientDecorator.getApplications(EurekaHttpClientDecorator.java:134)
	at com.netflix.discovery.DiscoveryClient.getAndStoreFullRegistry(DiscoveryClient.java:1069)
	at com.netflix.discovery.DiscoveryClient.fetchRegistry(DiscoveryClient.java:983)
	at com.netflix.discovery.DiscoveryClient.refreshRegistry(DiscoveryClient.java:1497)
	at com.netflix.discovery.DiscoveryClient$CacheRefreshThread.run(DiscoveryClient.java:1464)
	at java.util.concurrent.Executors$RunnableAdapter.call(Executors.java:511)
	at java.util.concurrent.FutureTask.run(FutureTask.java:266)
	at java.util.concurrent.ThreadPoolExecutor.runWorker(ThreadPoolExecutor.java:1149)
	at java.util.concurrent.ThreadPoolExecutor$Worker.run(ThreadPoolExecutor.java:624)
	at java.lang.Thread.run(Thread.java:750)
[2026-09-23 21:32:45 IST] INFO [Service Name -> bookstore-api-gateway-service], [TraceId -> ], [SpanId -> ] 
      <DiscoveryClient-InstanceInfoReplicator-0> com.netflix.discovery.DiscoveryClient : DiscoveryClient_BOOKSTORE-API-GATEWAY-SERVICE/LAPTOP-PIAE5DDA.mshome.net:bookstore-api-gateway-service:8765: registering service...
[2026-09-23 21:32:49 IST] ERROR [Service Name -> bookstore-api-gateway-service], [TraceId -> ], [SpanId -> ] 
      <DiscoveryClient-InstanceInfoReplicator-0> com.netflix.discovery.shared.transport.decorator.RedirectingEurekaHttpClient : Request execution error. endpoint=DefaultEndpoint{ serviceUrl='http://localhost:8761/eureka/}
com.sun.jersey.api.client.ClientHandlerException: java.net.ConnectException: Connection refused: connect
	at com.sun.jersey.client.apache4.ApacheHttpClient4Handler.handle(ApacheHttpClient4Handler.java:187)
	at com.sun.jersey.api.client.filter.GZIPContentEncodingFilter.handle(GZIPContentEncodingFilter.java:123)
	at com.netflix.discovery.EurekaIdentityHeaderFilter.handle(EurekaIdentityHeaderFilter.java:27)
	at com.sun.jersey.api.client.Client.handle(Client.java:652)
	at com.sun.jersey.api.client.WebResource.handle(WebResource.java:682)
	at com.sun.jersey.api.client.WebResource.access$200(WebResource.java:74)
	at com.sun.jersey.api.client.WebResource$Builder.post(WebResource.java:570)
	at com.netflix.discovery.shared.transport.jersey.AbstractJerseyEurekaHttpClient.register(AbstractJerseyEurekaHttpClient.java:56)
	at com.netflix.discovery.shared.transport.decorator.EurekaHttpClientDecorator$1.execute(EurekaHttpClientDecorator.java:59)
	at com.netflix.discovery.shared.transport.decorator.MetricsCollectingEurekaHttpClient.execute(MetricsCollectingEurekaHttpClient.java:73)
	at com.netflix.discovery.shared.transport.decorator.EurekaHttpClientDecorator.register(EurekaHttpClientDecorator.java:56)
	at com.netflix.discovery.shared.transport.decorator.EurekaHttpClientDecorator$1.execute(EurekaHttpClientDecorator.java:59)
	at com.netflix.discovery.shared.transport.decorator.RedirectingEurekaHttpClient.executeOnNewServer(RedirectingEurekaHttpClient.java:118)
	at com.netflix.discovery.shared.transport.decorator.RedirectingEurekaHttpClient.execute(RedirectingEurekaHttpClient.java:79)
	at com.netflix.discovery.shared.transport.decorator.EurekaHttpClientDecorator.register(EurekaHttpClientDecorator.java:56)
	at com.netflix.discovery.shared.transport.decorator.EurekaHttpClientDecorator$1.execute(EurekaHttpClientDecorator.java:59)
	at com.netflix.discovery.shared.transport.decorator.RetryableEurekaHttpClient.execute(RetryableEurekaHttpClient.java:120)
	at com.netflix.discovery.shared.transport.decorator.EurekaHttpClientDecorator.register(EurekaHttpClientDecorator.java:56)
	at com.netflix.discovery.shared.transport.decorator.EurekaHttpClientDecorator$1.execute(EurekaHttpClientDecorator.java:59)
	at com.netflix.discovery.shared.transport.decorator.SessionedEurekaHttpClient.execute(SessionedEurekaHttpClient.java:77)
	at com.netflix.discovery.shared.transport.decorator.EurekaHttpClientDecorator.register(EurekaHttpClientDecorator.java:56)
	at com.netflix.discovery.DiscoveryClient.register(DiscoveryClient.java:847)
	at com.netflix.discovery.InstanceInfoReplicator.run(InstanceInfoReplicator.java:121)
	at java.util.concurrent.Executors$RunnableAdapter.call(Executors.java:511)
	at java.util.concurrent.FutureTask.run(FutureTask.java:266)
	at java.util.concurrent.ScheduledThreadPoolExecutor$ScheduledFutureTask.access$201(ScheduledThreadPoolExecutor.java:180)
	at java.util.concurrent.ScheduledThreadPoolExecutor$ScheduledFutureTask.run(ScheduledThreadPoolExecutor.java:293)
	at java.util.concurrent.ThreadPoolExecutor.runWorker(ThreadPoolExecutor.java:1149)
	at java.util.concurrent.ThreadPoolExecutor$Worker.run(ThreadPoolExecutor.java:624)
	at java.lang.Thread.run(Thread.java:750)
Caused by: java.net.ConnectException: Connection refused: connect
	at java.net.DualStackPlainSocketImpl.waitForConnect(Native Method)
	at java.net.DualStackPlainSocketImpl.socketConnect(DualStackPlainSocketImpl.java:85)
	at java.net.AbstractPlainSocketImpl.doConnect(AbstractPlainSocketImpl.java:350)
	at java.net.AbstractPlainSocketImpl.connectToAddress(AbstractPlainSocketImpl.java:206)
	at java.net.AbstractPlainSocketImpl.connect(AbstractPlainSocketImpl.java:188)
	at java.net.PlainSocketImpl.connect(PlainSocketImpl.java:172)
	at java.net.SocksSocketImpl.connect(SocksSocketImpl.java:392)
	at java.net.Socket.connect(Socket.java:607)
	at org.apache.http.conn.scheme.PlainSocketFactory.connectSocket(PlainSocketFactory.java:121)
	at org.apache.http.impl.conn.DefaultClientConnectionOperator.openConnection(DefaultClientConnectionOperator.java:180)
	at org.apache.http.impl.conn.AbstractPoolEntry.open(AbstractPoolEntry.java:144)
	at org.apache.http.impl.conn.AbstractPooledConnAdapter.open(AbstractPooledConnAdapter.java:134)
	at org.apache.http.impl.client.DefaultRequestDirector.tryConnect(DefaultRequestDirector.java:605)
	at org.apache.http.impl.client.DefaultRequestDirector.execute(DefaultRequestDirector.java:440)
	at org.apache.http.impl.client.AbstractHttpClient.doExecute(AbstractHttpClient.java:835)
	at org.apache.http.impl.client.CloseableHttpClient.execute(CloseableHttpClient.java:118)
	at org.apache.http.impl.client.CloseableHttpClient.execute(CloseableHttpClient.java:56)
	at com.sun.jersey.client.apache4.ApacheHttpClient4Handler.handle(ApacheHttpClient4Handler.java:173)
	... 29 common frames omitted
[2026-09-23 21:32:49 IST] WARN [Service Name -> bookstore-api-gateway-service], [TraceId -> ], [SpanId -> ] 
      <DiscoveryClient-InstanceInfoReplicator-0> com.netflix.discovery.shared.transport.decorator.RetryableEurekaHttpClient : Request execution failed with message: java.net.ConnectException: Connection refused: connect
[2026-09-23 21:32:49 IST] WARN [Service Name -> bookstore-api-gateway-service], [TraceId -> ], [SpanId -> ] 
      <DiscoveryClient-InstanceInfoReplicator-0> com.netflix.discovery.DiscoveryClient : DiscoveryClient_BOOKSTORE-API-GATEWAY-SERVICE/LAPTOP-PIAE5DDA.mshome.net:bookstore-api-gateway-service:8765 - registration failed Cannot execute request on any known server
com.netflix.discovery.shared.transport.TransportException: Cannot execute request on any known server
	at com.netflix.discovery.shared.transport.decorator.RetryableEurekaHttpClient.execute(RetryableEurekaHttpClient.java:112)
	at com.netflix.discovery.shared.transport.decorator.EurekaHttpClientDecorator.register(EurekaHttpClientDecorator.java:56)
	at com.netflix.discovery.shared.transport.decorator.EurekaHttpClientDecorator$1.execute(EurekaHttpClientDecorator.java:59)
	at com.netflix.discovery.shared.transport.decorator.SessionedEurekaHttpClient.execute(SessionedEurekaHttpClient.java:77)
	at com.netflix.discovery.shared.transport.decorator.EurekaHttpClientDecorator.register(EurekaHttpClientDecorator.java:56)
	at com.netflix.discovery.DiscoveryClient.register(DiscoveryClient.java:847)
	at com.netflix.discovery.InstanceInfoReplicator.run(InstanceInfoReplicator.java:121)
	at java.util.concurrent.Executors$RunnableAdapter.call(Executors.java:511)
	at java.util.concurrent.FutureTask.run(FutureTask.java:266)
	at java.util.concurrent.ScheduledThreadPoolExecutor$ScheduledFutureTask.access$201(ScheduledThreadPoolExecutor.java:180)
	at java.util.concurrent.ScheduledThreadPoolExecutor$ScheduledFutureTask.run(ScheduledThreadPoolExecutor.java:293)
	at java.util.concurrent.ThreadPoolExecutor.runWorker(ThreadPoolExecutor.java:1149)
	at java.util.concurrent.ThreadPoolExecutor$Worker.run(ThreadPoolExecutor.java:624)
	at java.lang.Thread.run(Thread.java:750)
[2026-09-23 21:32:49 IST] WARN [Service Name -> bookstore-api-gateway-service], [TraceId -> ], [SpanId -> ] 
      <DiscoveryClient-InstanceInfoReplicator-0> com.netflix.discovery.InstanceInfoReplicator : There was a problem with the instance info replicator
com.netflix.discovery.shared.transport.TransportException: Cannot execute request on any known server
	at com.netflix.discovery.shared.transport.decorator.RetryableEurekaHttpClient.execute(RetryableEurekaHttpClient.java:112)
	at com.netflix.discovery.shared.transport.decorator.EurekaHttpClientDecorator.register(EurekaHttpClientDecorator.java:56)
	at com.netflix.discovery.shared.transport.decorator.EurekaHttpClientDecorator$1.execute(EurekaHttpClientDecorator.java:59)
	at com.netflix.discovery.shared.transport.decorator.SessionedEurekaHttpClient.execute(SessionedEurekaHttpClient.java:77)
	at com.netflix.discovery.shared.transport.decorator.EurekaHttpClientDecorator.register(EurekaHttpClientDecorator.java:56)
	at com.netflix.discovery.DiscoveryClient.register(DiscoveryClient.java:847)
	at com.netflix.discovery.InstanceInfoReplicator.run(InstanceInfoReplicator.java:121)
	at java.util.concurrent.Executors$RunnableAdapter.call(Executors.java:511)
	at java.util.concurrent.FutureTask.run(FutureTask.java:266)
	at java.util.concurrent.ScheduledThreadPoolExecutor$ScheduledFutureTask.access$201(ScheduledThreadPoolExecutor.java:180)
	at java.util.concurrent.ScheduledThreadPoolExecutor$ScheduledFutureTask.run(ScheduledThreadPoolExecutor.java:293)
	at java.util.concurrent.ThreadPoolExecutor.runWorker(ThreadPoolExecutor.java:1149)
	at java.util.concurrent.ThreadPoolExecutor$Worker.run(ThreadPoolExecutor.java:624)
	at java.lang.Thread.run(Thread.java:750)
[2026-09-23 21:33:15 IST] INFO [Service Name -> bookstore-api-gateway-service], [TraceId -> ], [SpanId -> ] 
      <DiscoveryClient-CacheRefreshExecutor-0> com.netflix.discovery.DiscoveryClient : Disable delta property : false
[2026-09-23 21:33:15 IST] INFO [Service Name -> bookstore-api-gateway-service], [TraceId -> ], [SpanId -> ] 
      <DiscoveryClient-CacheRefreshExecutor-0> com.netflix.discovery.DiscoveryClient : Single vip registry refresh property : null
[2026-09-23 21:33:15 IST] INFO [Service Name -> bookstore-api-gateway-service], [TraceId -> ], [SpanId -> ] 
      <DiscoveryClient-CacheRefreshExecutor-0> com.netflix.discovery.DiscoveryClient : Force full registry fetch : false
[2026-09-23 21:33:15 IST] INFO [Service Name -> bookstore-api-gateway-service], [TraceId -> ], [SpanId -> ] 
      <DiscoveryClient-CacheRefreshExecutor-0> com.netflix.discovery.DiscoveryClient : Application is null : false
[2026-09-23 21:33:15 IST] INFO [Service Name -> bookstore-api-gateway-service], [TraceId -> ], [SpanId -> ] 
      <DiscoveryClient-CacheRefreshExecutor-0> com.netflix.discovery.DiscoveryClient : Registered Applications size is zero : true
[2026-09-23 21:33:15 IST] INFO [Service Name -> bookstore-api-gateway-service], [TraceId -> ], [SpanId -> ] 
      <DiscoveryClient-CacheRefreshExecutor-0> com.netflix.discovery.DiscoveryClient : Application version is -1: true
[2026-09-23 21:33:15 IST] INFO [Service Name -> bookstore-api-gateway-service], [TraceId -> ], [SpanId -> ] 
      <DiscoveryClient-CacheRefreshExecutor-0> com.netflix.discovery.DiscoveryClient : Getting all instance registry info from the eureka server
[2026-09-23 21:33:16 IST] INFO [Service Name -> bookstore-api-gateway-service], [TraceId -> ], [SpanId -> ] 
      <DiscoveryClient-HeartbeatExecutor-0> com.netflix.discovery.DiscoveryClient : DiscoveryClient_BOOKSTORE-API-GATEWAY-SERVICE/LAPTOP-PIAE5DDA.mshome.net:bookstore-api-gateway-service:8765 - Re-registering apps/BOOKSTORE-API-GATEWAY-SERVICE
[2026-09-23 21:33:16 IST] INFO [Service Name -> bookstore-api-gateway-service], [TraceId -> ], [SpanId -> ] 
      <DiscoveryClient-HeartbeatExecutor-0> com.netflix.discovery.DiscoveryClient : DiscoveryClient_BOOKSTORE-API-GATEWAY-SERVICE/LAPTOP-PIAE5DDA.mshome.net:bookstore-api-gateway-service:8765: registering service...
[2026-09-23 21:33:16 IST] INFO [Service Name -> bookstore-api-gateway-service], [TraceId -> ], [SpanId -> ] 
      <DiscoveryClient-CacheRefreshExecutor-0> com.netflix.discovery.DiscoveryClient : The response status is 200
[2026-09-23 21:33:16 IST] INFO [Service Name -> bookstore-api-gateway-service], [TraceId -> ], [SpanId -> ] 
      <DiscoveryClient-HeartbeatExecutor-0> com.netflix.discovery.DiscoveryClient : DiscoveryClient_BOOKSTORE-API-GATEWAY-SERVICE/LAPTOP-PIAE5DDA.mshome.net:bookstore-api-gateway-service:8765 - registration status: 204
[2026-09-23 21:33:46 IST] INFO [Service Name -> bookstore-api-gateway-service], [TraceId -> ], [SpanId -> ] 
      <DiscoveryClient-CacheRefreshExecutor-0> com.netflix.discovery.DiscoveryClient : Disable delta property : false
[2026-09-23 21:33:46 IST] INFO [Service Name -> bookstore-api-gateway-service], [TraceId -> ], [SpanId -> ] 
      <DiscoveryClient-CacheRefreshExecutor-0> com.netflix.discovery.DiscoveryClient : Single vip registry refresh property : null
[2026-09-23 21:33:46 IST] INFO [Service Name -> bookstore-api-gateway-service], [TraceId -> ], [SpanId -> ] 
      <DiscoveryClient-CacheRefreshExecutor-0> com.netflix.discovery.DiscoveryClient : Force full registry fetch : false
[2026-09-23 21:33:46 IST] INFO [Service Name -> bookstore-api-gateway-service], [TraceId -> ], [SpanId -> ] 
      <DiscoveryClient-CacheRefreshExecutor-0> com.netflix.discovery.DiscoveryClient : Application is null : false
[2026-09-23 21:33:46 IST] INFO [Service Name -> bookstore-api-gateway-service], [TraceId -> ], [SpanId -> ] 
      <DiscoveryClient-CacheRefreshExecutor-0> com.netflix.discovery.DiscoveryClient : Registered Applications size is zero : true
[2026-09-23 21:33:46 IST] INFO [Service Name -> bookstore-api-gateway-service], [TraceId -> ], [SpanId -> ] 
      <DiscoveryClient-CacheRefreshExecutor-0> com.netflix.discovery.DiscoveryClient : Application version is -1: false
[2026-09-23 21:33:46 IST] INFO [Service Name -> bookstore-api-gateway-service], [TraceId -> ], [SpanId -> ] 
      <DiscoveryClient-CacheRefreshExecutor-0> com.netflix.discovery.DiscoveryClient : Getting all instance registry info from the eureka server
[2026-09-23 21:33:46 IST] INFO [Service Name -> bookstore-api-gateway-service], [TraceId -> ], [SpanId -> ] 
      <DiscoveryClient-CacheRefreshExecutor-0> com.netflix.discovery.DiscoveryClient : The response status is 200
[2026-09-23 21:34:08 IST] INFO [Service Name -> bookstore-api-gateway-service], [TraceId -> ], [SpanId -> ] 
      <PollingServerListUpdater-0> com.netflix.config.ChainedDynamicProperty : Flipping property: bookstore-billing-service.ribbon.ActiveConnectionsLimit to use NEXT property: niws.loadbalancer.availabilityFilteringRule.activeConnectionsLimit = 2147483647
[2026-09-23 21:34:38 IST] INFO [Service Name -> bookstore-api-gateway-service], [TraceId -> ], [SpanId -> ] 
      <PollingServerListUpdater-0> com.netflix.config.ChainedDynamicProperty : Flipping property: bookstore-catalog-service.ribbon.ActiveConnectionsLimit to use NEXT property: niws.loadbalancer.availabilityFilteringRule.activeConnectionsLimit = 2147483647
[2026-09-23 21:35:58 IST] INFO [Service Name -> bookstore-api-gateway-service], [TraceId -> ], [SpanId -> ] 
      <AsyncResolver-bootstrap-executor-0> com.netflix.discovery.shared.resolver.aws.ConfigClusterResolver : Resolving eureka endpoints via configuration
[2026-09-23 21:36:09 IST] INFO [Service Name -> bookstore-api-gateway-service], [TraceId -> ], [SpanId -> ] 
      <PollingServerListUpdater-0> com.netflix.config.ChainedDynamicProperty : Flipping property: bookstore-order-service.ribbon.ActiveConnectionsLimit to use NEXT property: niws.loadbalancer.availabilityFilteringRule.activeConnectionsLimit = 2147483647
[2026-09-23 21:36:39 IST] INFO [Service Name -> bookstore-api-gateway-service], [TraceId -> ], [SpanId -> ] 
      <PollingServerListUpdater-0> com.netflix.config.ChainedDynamicProperty : Flipping property: bookstore-payment-service.ribbon.ActiveConnectionsLimit to use NEXT property: niws.loadbalancer.availabilityFilteringRule.activeConnectionsLimit = 2147483647
[2026-09-23 21:40:58 IST] INFO [Service Name -> bookstore-api-gateway-service], [TraceId -> ], [SpanId -> ] 
      <AsyncResolver-bootstrap-executor-0> com.netflix.discovery.shared.resolver.aws.ConfigClusterResolver : Resolving eureka endpoints via configuration
[2026-09-23 21:45:58 IST] INFO [Service Name -> bookstore-api-gateway-service], [TraceId -> ], [SpanId -> ] 
      <AsyncResolver-bootstrap-executor-0> com.netflix.discovery.shared.resolver.aws.ConfigClusterResolver : Resolving eureka endpoints via configuration
[2026-09-23 21:46:13 IST] INFO [Service Name -> bookstore-api-gateway-service], [TraceId -> ], [SpanId -> ] 
      <Thread-114> com.netflix.loadbalancer.PollingServerListUpdater : Shutting down the Executor Pool for PollingServerListUpdater
[2026-09-23 21:46:33 IST] ERROR [Service Name -> bookstore-api-gateway-service], [TraceId -> ], [SpanId -> ] 
      <DiscoveryClient-CacheRefreshExecutor-0> com.netflix.discovery.shared.transport.decorator.RedirectingEurekaHttpClient : Request execution error. endpoint=DefaultEndpoint{ serviceUrl='http://localhost:8761/eureka/}
com.sun.jersey.api.client.ClientHandlerException: java.net.ConnectException: Connection refused: connect
	at com.sun.jersey.client.apache4.ApacheHttpClient4Handler.handle(ApacheHttpClient4Handler.java:187)
	at com.sun.jersey.api.client.filter.GZIPContentEncodingFilter.handle(GZIPContentEncodingFilter.java:123)
	at com.netflix.discovery.EurekaIdentityHeaderFilter.handle(EurekaIdentityHeaderFilter.java:27)
	at com.sun.jersey.api.client.Client.handle(Client.java:652)
	at com.sun.jersey.api.client.WebResource.handle(WebResource.java:682)
	at com.sun.jersey.api.client.WebResource.access$200(WebResource.java:74)
	at com.sun.jersey.api.client.WebResource$Builder.get(WebResource.java:509)
	at com.netflix.discovery.shared.transport.jersey.AbstractJerseyEurekaHttpClient.getApplicationsInternal(AbstractJerseyEurekaHttpClient.java:194)
	at com.netflix.discovery.shared.transport.jersey.AbstractJerseyEurekaHttpClient.getDelta(AbstractJerseyEurekaHttpClient.java:170)
	at com.netflix.discovery.shared.transport.decorator.EurekaHttpClientDecorator$7.execute(EurekaHttpClientDecorator.java:152)
	at com.netflix.discovery.shared.transport.decorator.MetricsCollectingEurekaHttpClient.execute(MetricsCollectingEurekaHttpClient.java:73)
	at com.netflix.discovery.shared.transport.decorator.EurekaHttpClientDecorator.getDelta(EurekaHttpClientDecorator.java:149)
	at com.netflix.discovery.shared.transport.decorator.EurekaHttpClientDecorator$7.execute(EurekaHttpClientDecorator.java:152)
	at com.netflix.discovery.shared.transport.decorator.RedirectingEurekaHttpClient.execute(RedirectingEurekaHttpClient.java:89)
	at com.netflix.discovery.shared.transport.decorator.EurekaHttpClientDecorator.getDelta(EurekaHttpClientDecorator.java:149)
	at com.netflix.discovery.shared.transport.decorator.EurekaHttpClientDecorator$7.execute(EurekaHttpClientDecorator.java:152)
	at com.netflix.discovery.shared.transport.decorator.RetryableEurekaHttpClient.execute(RetryableEurekaHttpClient.java:120)
	at com.netflix.discovery.shared.transport.decorator.EurekaHttpClientDecorator.getDelta(EurekaHttpClientDecorator.java:149)
	at com.netflix.discovery.shared.transport.decorator.EurekaHttpClientDecorator$7.execute(EurekaHttpClientDecorator.java:152)
	at com.netflix.discovery.shared.transport.decorator.SessionedEurekaHttpClient.execute(SessionedEurekaHttpClient.java:77)
	at com.netflix.discovery.shared.transport.decorator.EurekaHttpClientDecorator.getDelta(EurekaHttpClientDecorator.java:149)
	at com.netflix.discovery.DiscoveryClient.getAndUpdateDelta(DiscoveryClient.java:1103)
	at com.netflix.discovery.DiscoveryClient.fetchRegistry(DiscoveryClient.java:985)
	at com.netflix.discovery.DiscoveryClient.refreshRegistry(DiscoveryClient.java:1497)
	at com.netflix.discovery.DiscoveryClient$CacheRefreshThread.run(DiscoveryClient.java:1464)
	at java.util.concurrent.Executors$RunnableAdapter.call(Executors.java:511)
	at java.util.concurrent.FutureTask.run(FutureTask.java:266)
	at java.util.concurrent.ThreadPoolExecutor.runWorker(ThreadPoolExecutor.java:1149)
	at java.util.concurrent.ThreadPoolExecutor$Worker.run(ThreadPoolExecutor.java:624)
	at java.lang.Thread.run(Thread.java:750)
Caused by: java.net.ConnectException: Connection refused: connect
	at java.net.DualStackPlainSocketImpl.waitForConnect(Native Method)
	at java.net.DualStackPlainSocketImpl.socketConnect(DualStackPlainSocketImpl.java:85)
	at java.net.AbstractPlainSocketImpl.doConnect(AbstractPlainSocketImpl.java:350)
	at java.net.AbstractPlainSocketImpl.connectToAddress(AbstractPlainSocketImpl.java:206)
	at java.net.AbstractPlainSocketImpl.connect(AbstractPlainSocketImpl.java:188)
	at java.net.PlainSocketImpl.connect(PlainSocketImpl.java:172)
	at java.net.SocksSocketImpl.connect(SocksSocketImpl.java:392)
	at java.net.Socket.connect(Socket.java:607)
	at org.apache.http.conn.scheme.PlainSocketFactory.connectSocket(PlainSocketFactory.java:121)
	at org.apache.http.impl.conn.DefaultClientConnectionOperator.openConnection(DefaultClientConnectionOperator.java:180)
	at org.apache.http.impl.conn.AbstractPoolEntry.open(AbstractPoolEntry.java:144)
	at org.apache.http.impl.conn.AbstractPooledConnAdapter.open(AbstractPooledConnAdapter.java:134)
	at org.apache.http.impl.client.DefaultRequestDirector.tryConnect(DefaultRequestDirector.java:605)
	at org.apache.http.impl.client.DefaultRequestDirector.execute(DefaultRequestDirector.java:440)
	at org.apache.http.impl.client.AbstractHttpClient.doExecute(AbstractHttpClient.java:835)
	at org.apache.http.impl.client.CloseableHttpClient.execute(CloseableHttpClient.java:118)
	at org.apache.http.impl.client.CloseableHttpClient.execute(CloseableHttpClient.java:56)
	at com.sun.jersey.client.apache4.ApacheHttpClient4Handler.handle(ApacheHttpClient4Handler.java:173)
	... 29 common frames omitted
[2026-09-23 21:46:33 IST] ERROR [Service Name -> bookstore-api-gateway-service], [TraceId -> ], [SpanId -> ] 
      <DiscoveryClient-HeartbeatExecutor-0> com.netflix.discovery.shared.transport.decorator.RedirectingEurekaHttpClient : Request execution error. endpoint=DefaultEndpoint{ serviceUrl='http://localhost:8761/eureka/}
com.sun.jersey.api.client.ClientHandlerException: java.net.ConnectException: Connection refused: connect
	at com.sun.jersey.client.apache4.ApacheHttpClient4Handler.handle(ApacheHttpClient4Handler.java:187)
	at com.sun.jersey.api.client.filter.GZIPContentEncodingFilter.handle(GZIPContentEncodingFilter.java:123)
	at com.netflix.discovery.EurekaIdentityHeaderFilter.handle(EurekaIdentityHeaderFilter.java:27)
	at com.sun.jersey.api.client.Client.handle(Client.java:652)
	at com.sun.jersey.api.client.WebResource.handle(WebResource.java:682)
	at com.sun.jersey.api.client.WebResource.access$200(WebResource.java:74)
	at com.sun.jersey.api.client.WebResource$Builder.put(WebResource.java:529)
	at com.netflix.discovery.shared.transport.jersey.AbstractJerseyEurekaHttpClient.sendHeartBeat(AbstractJerseyEurekaHttpClient.java:102)
	at com.netflix.discovery.shared.transport.decorator.EurekaHttpClientDecorator$3.execute(EurekaHttpClientDecorator.java:92)
	at com.netflix.discovery.shared.transport.decorator.MetricsCollectingEurekaHttpClient.execute(MetricsCollectingEurekaHttpClient.java:73)
	at com.netflix.discovery.shared.transport.decorator.EurekaHttpClientDecorator.sendHeartBeat(EurekaHttpClientDecorator.java:89)
	at com.netflix.discovery.shared.transport.decorator.EurekaHttpClientDecorator$3.execute(EurekaHttpClientDecorator.java:92)
	at com.netflix.discovery.shared.transport.decorator.RedirectingEurekaHttpClient.execute(RedirectingEurekaHttpClient.java:89)
	at com.netflix.discovery.shared.transport.decorator.EurekaHttpClientDecorator.sendHeartBeat(EurekaHttpClientDecorator.java:89)
	at com.netflix.discovery.shared.transport.decorator.EurekaHttpClientDecorator$3.execute(EurekaHttpClientDecorator.java:92)
	at com.netflix.discovery.shared.transport.decorator.RetryableEurekaHttpClient.execute(RetryableEurekaHttpClient.java:120)
	at com.netflix.discovery.shared.transport.decorator.EurekaHttpClientDecorator.sendHeartBeat(EurekaHttpClientDecorator.java:89)
	at com.netflix.discovery.shared.transport.decorator.EurekaHttpClientDecorator$3.execute(EurekaHttpClientDecorator.java:92)
	at com.netflix.discovery.shared.transport.decorator.SessionedEurekaHttpClient.execute(SessionedEurekaHttpClient.java:77)
	at com.netflix.discovery.shared.transport.decorator.EurekaHttpClientDecorator.sendHeartBeat(EurekaHttpClientDecorator.java:89)
	at com.netflix.discovery.DiscoveryClient.renew(DiscoveryClient.java:864)
	at com.netflix.discovery.DiscoveryClient$HeartbeatThread.run(DiscoveryClient.java:1423)
	at java.util.concurrent.Executors$RunnableAdapter.call(Executors.java:511)
	at java.util.concurrent.FutureTask.run(FutureTask.java:266)
	at java.util.concurrent.ThreadPoolExecutor.runWorker(ThreadPoolExecutor.java:1149)
	at java.util.concurrent.ThreadPoolExecutor$Worker.run(ThreadPoolExecutor.java:624)
	at java.lang.Thread.run(Thread.java:750)
Caused by: java.net.ConnectException: Connection refused: connect
	at java.net.DualStackPlainSocketImpl.waitForConnect(Native Method)
	at java.net.DualStackPlainSocketImpl.socketConnect(DualStackPlainSocketImpl.java:85)
	at java.net.AbstractPlainSocketImpl.doConnect(AbstractPlainSocketImpl.java:350)
	at java.net.AbstractPlainSocketImpl.connectToAddress(AbstractPlainSocketImpl.java:206)
	at java.net.AbstractPlainSocketImpl.connect(AbstractPlainSocketImpl.java:188)
	at java.net.PlainSocketImpl.connect(PlainSocketImpl.java:172)
	at java.net.SocksSocketImpl.connect(SocksSocketImpl.java:392)
	at java.net.Socket.connect(Socket.java:607)
	at org.apache.http.conn.scheme.PlainSocketFactory.connectSocket(PlainSocketFactory.java:121)
	at org.apache.http.impl.conn.DefaultClientConnectionOperator.openConnection(DefaultClientConnectionOperator.java:180)
	at org.apache.http.impl.conn.AbstractPoolEntry.open(AbstractPoolEntry.java:144)
	at org.apache.http.impl.conn.AbstractPooledConnAdapter.open(AbstractPooledConnAdapter.java:134)
	at org.apache.http.impl.client.DefaultRequestDirector.tryConnect(DefaultRequestDirector.java:605)
	at org.apache.http.impl.client.DefaultRequestDirector.execute(DefaultRequestDirector.java:440)
	at org.apache.http.impl.client.AbstractHttpClient.doExecute(AbstractHttpClient.java:835)
	at org.apache.http.impl.client.CloseableHttpClient.execute(CloseableHttpClient.java:118)
	at org.apache.http.impl.client.CloseableHttpClient.execute(CloseableHttpClient.java:56)
	at com.sun.jersey.client.apache4.ApacheHttpClient4Handler.handle(ApacheHttpClient4Handler.java:173)
	... 26 common frames omitted
[2026-09-23 21:46:33 IST] INFO [Service Name -> bookstore-api-gateway-service], [TraceId -> ], [SpanId -> ] 
      <SpringContextShutdownHook> org.springframework.cloud.netflix.eureka.serviceregistry.EurekaServiceRegistry : Unregistering application BOOKSTORE-API-GATEWAY-SERVICE with eureka with status DOWN
[2026-09-23 21:46:33 IST] WARN [Service Name -> bookstore-api-gateway-service], [TraceId -> ], [SpanId -> ] 
      <DiscoveryClient-CacheRefreshExecutor-0> com.netflix.discovery.shared.transport.decorator.RetryableEurekaHttpClient : Request execution failed with message: java.net.ConnectException: Connection refused: connect
[2026-09-23 21:46:39 IST] WARN [Service Name -> bookstore-api-gateway-service], [TraceId -> ], [SpanId -> ] 
      <DiscoveryClient-HeartbeatExecutor-0> com.netflix.discovery.shared.transport.decorator.RetryableEurekaHttpClient : Request execution failed with message: java.net.ConnectException: Connection refused: connect
[2026-09-23 21:46:40 IST] WARN [Service Name -> bookstore-api-gateway-service], [TraceId -> ], [SpanId -> ] 
      <SpringContextShutdownHook> com.netflix.discovery.DiscoveryClient : Saw local status change event StatusChangeEvent [timestamp=1790180199668, current=DOWN, previous=UP]
[2026-09-23 21:46:40 IST] INFO [Service Name -> bookstore-api-gateway-service], [TraceId -> ], [SpanId -> ] 
      <DiscoveryClient-InstanceInfoReplicator-0> com.netflix.discovery.DiscoveryClient : DiscoveryClient_BOOKSTORE-API-GATEWAY-SERVICE/LAPTOP-PIAE5DDA.mshome.net:bookstore-api-gateway-service:8765: registering service...
[2026-09-23 21:46:43 IST] ERROR [Service Name -> bookstore-api-gateway-service], [TraceId -> ], [SpanId -> ] 
      <DiscoveryClient-HeartbeatExecutor-0> com.netflix.discovery.shared.transport.decorator.RedirectingEurekaHttpClient : Request execution error. endpoint=DefaultEndpoint{ serviceUrl='http://localhost:8761/eureka/}
com.sun.jersey.api.client.ClientHandlerException: java.net.ConnectException: Connection refused: connect
	at com.sun.jersey.client.apache4.ApacheHttpClient4Handler.handle(ApacheHttpClient4Handler.java:187)
	at com.sun.jersey.api.client.filter.GZIPContentEncodingFilter.handle(GZIPContentEncodingFilter.java:123)
	at com.netflix.discovery.EurekaIdentityHeaderFilter.handle(EurekaIdentityHeaderFilter.java:27)
	at com.sun.jersey.api.client.Client.handle(Client.java:652)
	at com.sun.jersey.api.client.WebResource.handle(WebResource.java:682)
	at com.sun.jersey.api.client.WebResource.access$200(WebResource.java:74)
	at com.sun.jersey.api.client.WebResource$Builder.put(WebResource.java:529)
	at com.netflix.discovery.shared.transport.jersey.AbstractJerseyEurekaHttpClient.sendHeartBeat(AbstractJerseyEurekaHttpClient.java:102)
	at com.netflix.discovery.shared.transport.decorator.EurekaHttpClientDecorator$3.execute(EurekaHttpClientDecorator.java:92)
	at com.netflix.discovery.shared.transport.decorator.MetricsCollectingEurekaHttpClient.execute(MetricsCollectingEurekaHttpClient.java:73)
	at com.netflix.discovery.shared.transport.decorator.EurekaHttpClientDecorator.sendHeartBeat(EurekaHttpClientDecorator.java:89)
	at com.netflix.discovery.shared.transport.decorator.EurekaHttpClientDecorator$3.execute(EurekaHttpClientDecorator.java:92)
	at com.netflix.discovery.shared.transport.decorator.RedirectingEurekaHttpClient.executeOnNewServer(RedirectingEurekaHttpClient.java:118)
	at com.netflix.discovery.shared.transport.decorator.RedirectingEurekaHttpClient.execute(RedirectingEurekaHttpClient.java:79)
	at com.netflix.discovery.shared.transport.decorator.EurekaHttpClientDecorator.sendHeartBeat(EurekaHttpClientDecorator.java:89)
	at com.netflix.discovery.shared.transport.decorator.EurekaHttpClientDecorator$3.execute(EurekaHttpClientDecorator.java:92)
	at com.netflix.discovery.shared.transport.decorator.RetryableEurekaHttpClient.execute(RetryableEurekaHttpClient.java:120)
	at com.netflix.discovery.shared.transport.decorator.EurekaHttpClientDecorator.sendHeartBeat(EurekaHttpClientDecorator.java:89)
	at com.netflix.discovery.shared.transport.decorator.EurekaHttpClientDecorator$3.execute(EurekaHttpClientDecorator.java:92)
	at com.netflix.discovery.shared.transport.decorator.SessionedEurekaHttpClient.execute(SessionedEurekaHttpClient.java:77)
	at com.netflix.discovery.shared.transport.decorator.EurekaHttpClientDecorator.sendHeartBeat(EurekaHttpClientDecorator.java:89)
	at com.netflix.discovery.DiscoveryClient.renew(DiscoveryClient.java:864)
	at com.netflix.discovery.DiscoveryClient$HeartbeatThread.run(DiscoveryClient.java:1423)
	at java.util.concurrent.Executors$RunnableAdapter.call(Executors.java:511)
	at java.util.concurrent.FutureTask.run(FutureTask.java:266)
	at java.util.concurrent.ThreadPoolExecutor.runWorker(ThreadPoolExecutor.java:1149)
	at java.util.concurrent.ThreadPoolExecutor$Worker.run(ThreadPoolExecutor.java:624)
	at java.lang.Thread.run(Thread.java:750)
Caused by: java.net.ConnectException: Connection refused: connect
	at java.net.DualStackPlainSocketImpl.waitForConnect(Native Method)
	at java.net.DualStackPlainSocketImpl.socketConnect(DualStackPlainSocketImpl.java:85)
	at java.net.AbstractPlainSocketImpl.doConnect(AbstractPlainSocketImpl.java:350)
	at java.net.AbstractPlainSocketImpl.connectToAddress(AbstractPlainSocketImpl.java:206)
	at java.net.AbstractPlainSocketImpl.connect(AbstractPlainSocketImpl.java:188)
	at java.net.PlainSocketImpl.connect(PlainSocketImpl.java:172)
	at java.net.SocksSocketImpl.connect(SocksSocketImpl.java:392)
	at java.net.Socket.connect(Socket.java:607)
	at org.apache.http.conn.scheme.PlainSocketFactory.connectSocket(PlainSocketFactory.java:121)
	at org.apache.http.impl.conn.DefaultClientConnectionOperator.openConnection(DefaultClientConnectionOperator.java:180)
	at org.apache.http.impl.conn.AbstractPoolEntry.open(AbstractPoolEntry.java:144)
	at org.apache.http.impl.conn.AbstractPooledConnAdapter.open(AbstractPooledConnAdapter.java:134)
	at org.apache.http.impl.client.DefaultRequestDirector.tryConnect(DefaultRequestDirector.java:605)
	at org.apache.http.impl.client.DefaultRequestDirector.execute(DefaultRequestDirector.java:440)
	at org.apache.http.impl.client.AbstractHttpClient.doExecute(AbstractHttpClient.java:835)
	at org.apache.http.impl.client.CloseableHttpClient.execute(CloseableHttpClient.java:118)
	at org.apache.http.impl.client.CloseableHttpClient.execute(CloseableHttpClient.java:56)
	at com.sun.jersey.client.apache4.ApacheHttpClient4Handler.handle(ApacheHttpClient4Handler.java:173)
	... 27 common frames omitted
[2026-09-23 21:46:44 IST] ERROR [Service Name -> bookstore-api-gateway-service], [TraceId -> ], [SpanId -> ] 
      <DiscoveryClient-InstanceInfoReplicator-0> com.netflix.discovery.shared.transport.decorator.RedirectingEurekaHttpClient : Request execution error. endpoint=DefaultEndpoint{ serviceUrl='http://localhost:8761/eureka/}
com.sun.jersey.api.client.ClientHandlerException: java.net.ConnectException: Connection refused: connect
	at com.sun.jersey.client.apache4.ApacheHttpClient4Handler.handle(ApacheHttpClient4Handler.java:187)
	at com.sun.jersey.api.client.filter.GZIPContentEncodingFilter.handle(GZIPContentEncodingFilter.java:123)
	at com.netflix.discovery.EurekaIdentityHeaderFilter.handle(EurekaIdentityHeaderFilter.java:27)
	at com.sun.jersey.api.client.Client.handle(Client.java:652)
	at com.sun.jersey.api.client.WebResource.handle(WebResource.java:682)
	at com.sun.jersey.api.client.WebResource.access$200(WebResource.java:74)
	at com.sun.jersey.api.client.WebResource$Builder.post(WebResource.java:570)
	at com.netflix.discovery.shared.transport.jersey.AbstractJerseyEurekaHttpClient.register(AbstractJerseyEurekaHttpClient.java:56)
	at com.netflix.discovery.shared.transport.decorator.EurekaHttpClientDecorator$1.execute(EurekaHttpClientDecorator.java:59)
	at com.netflix.discovery.shared.transport.decorator.MetricsCollectingEurekaHttpClient.execute(MetricsCollectingEurekaHttpClient.java:73)
	at com.netflix.discovery.shared.transport.decorator.EurekaHttpClientDecorator.register(EurekaHttpClientDecorator.java:56)
	at com.netflix.discovery.shared.transport.decorator.EurekaHttpClientDecorator$1.execute(EurekaHttpClientDecorator.java:59)
	at com.netflix.discovery.shared.transport.decorator.RedirectingEurekaHttpClient.executeOnNewServer(RedirectingEurekaHttpClient.java:118)
	at com.netflix.discovery.shared.transport.decorator.RedirectingEurekaHttpClient.execute(RedirectingEurekaHttpClient.java:79)
	at com.netflix.discovery.shared.transport.decorator.EurekaHttpClientDecorator.register(EurekaHttpClientDecorator.java:56)
	at com.netflix.discovery.shared.transport.decorator.EurekaHttpClientDecorator$1.execute(EurekaHttpClientDecorator.java:59)
	at com.netflix.discovery.shared.transport.decorator.RetryableEurekaHttpClient.execute(RetryableEurekaHttpClient.java:120)
	at com.netflix.discovery.shared.transport.decorator.EurekaHttpClientDecorator.register(EurekaHttpClientDecorator.java:56)
	at com.netflix.discovery.shared.transport.decorator.EurekaHttpClientDecorator$1.execute(EurekaHttpClientDecorator.java:59)
	at com.netflix.discovery.shared.transport.decorator.SessionedEurekaHttpClient.execute(SessionedEurekaHttpClient.java:77)
	at com.netflix.discovery.shared.transport.decorator.EurekaHttpClientDecorator.register(EurekaHttpClientDecorator.java:56)
	at com.netflix.discovery.DiscoveryClient.register(DiscoveryClient.java:847)
	at com.netflix.discovery.InstanceInfoReplicator.run(InstanceInfoReplicator.java:121)
	at com.netflix.discovery.InstanceInfoReplicator$1.run(InstanceInfoReplicator.java:101)
	at java.util.concurrent.Executors$RunnableAdapter.call(Executors.java:511)
	at java.util.concurrent.FutureTask.run(FutureTask.java:266)
	at java.util.concurrent.ScheduledThreadPoolExecutor$ScheduledFutureTask.access$201(ScheduledThreadPoolExecutor.java:180)
	at java.util.concurrent.ScheduledThreadPoolExecutor$ScheduledFutureTask.run(ScheduledThreadPoolExecutor.java:293)
	at java.util.concurrent.ThreadPoolExecutor.runWorker(ThreadPoolExecutor.java:1149)
	at java.util.concurrent.ThreadPoolExecutor$Worker.run(ThreadPoolExecutor.java:624)
	at java.lang.Thread.run(Thread.java:750)
Caused by: java.net.ConnectException: Connection refused: connect
	at java.net.DualStackPlainSocketImpl.waitForConnect(Native Method)
	at java.net.DualStackPlainSocketImpl.socketConnect(DualStackPlainSocketImpl.java:85)
	at java.net.AbstractPlainSocketImpl.doConnect(AbstractPlainSocketImpl.java:350)
	at java.net.AbstractPlainSocketImpl.connectToAddress(AbstractPlainSocketImpl.java:206)
	at java.net.AbstractPlainSocketImpl.connect(AbstractPlainSocketImpl.java:188)
	at java.net.PlainSocketImpl.connect(PlainSocketImpl.java:172)
	at java.net.SocksSocketImpl.connect(SocksSocketImpl.java:392)
	at java.net.Socket.connect(Socket.java:607)
	at org.apache.http.conn.scheme.PlainSocketFactory.connectSocket(PlainSocketFactory.java:121)
	at org.apache.http.impl.conn.DefaultClientConnectionOperator.openConnection(DefaultClientConnectionOperator.java:180)
	at org.apache.http.impl.conn.AbstractPoolEntry.open(AbstractPoolEntry.java:144)
	at org.apache.http.impl.conn.AbstractPooledConnAdapter.open(AbstractPooledConnAdapter.java:134)
	at org.apache.http.impl.client.DefaultRequestDirector.tryConnect(DefaultRequestDirector.java:605)
	at org.apache.http.impl.client.DefaultRequestDirector.execute(DefaultRequestDirector.java:440)
	at org.apache.http.impl.client.AbstractHttpClient.doExecute(AbstractHttpClient.java:835)
	at org.apache.http.impl.client.CloseableHttpClient.execute(CloseableHttpClient.java:118)
	at org.apache.http.impl.client.CloseableHttpClient.execute(CloseableHttpClient.java:56)
	at com.sun.jersey.client.apache4.ApacheHttpClient4Handler.handle(ApacheHttpClient4Handler.java:173)
	... 30 common frames omitted
[2026-09-23 21:46:46 IST] ERROR [Service Name -> bookstore-api-gateway-service], [TraceId -> ], [SpanId -> ] 
      <DiscoveryClient-CacheRefreshExecutor-0> com.netflix.discovery.shared.transport.decorator.RedirectingEurekaHttpClient : Request execution error. endpoint=DefaultEndpoint{ serviceUrl='http://localhost:8761/eureka/}
com.sun.jersey.api.client.ClientHandlerException: java.net.ConnectException: Connection refused: connect
	at com.sun.jersey.client.apache4.ApacheHttpClient4Handler.handle(ApacheHttpClient4Handler.java:187)
	at com.sun.jersey.api.client.filter.GZIPContentEncodingFilter.handle(GZIPContentEncodingFilter.java:123)
	at com.netflix.discovery.EurekaIdentityHeaderFilter.handle(EurekaIdentityHeaderFilter.java:27)
	at com.sun.jersey.api.client.Client.handle(Client.java:652)
	at com.sun.jersey.api.client.WebResource.handle(WebResource.java:682)
	at com.sun.jersey.api.client.WebResource.access$200(WebResource.java:74)
	at com.sun.jersey.api.client.WebResource$Builder.get(WebResource.java:509)
	at com.netflix.discovery.shared.transport.jersey.AbstractJerseyEurekaHttpClient.getApplicationsInternal(AbstractJerseyEurekaHttpClient.java:194)
	at com.netflix.discovery.shared.transport.jersey.AbstractJerseyEurekaHttpClient.getDelta(AbstractJerseyEurekaHttpClient.java:170)
	at com.netflix.discovery.shared.transport.decorator.EurekaHttpClientDecorator$7.execute(EurekaHttpClientDecorator.java:152)
	at com.netflix.discovery.shared.transport.decorator.MetricsCollectingEurekaHttpClient.execute(MetricsCollectingEurekaHttpClient.java:73)
	at com.netflix.discovery.shared.transport.decorator.EurekaHttpClientDecorator.getDelta(EurekaHttpClientDecorator.java:149)
	at com.netflix.discovery.shared.transport.decorator.EurekaHttpClientDecorator$7.execute(EurekaHttpClientDecorator.java:152)
	at com.netflix.discovery.shared.transport.decorator.RedirectingEurekaHttpClient.executeOnNewServer(RedirectingEurekaHttpClient.java:118)
	at com.netflix.discovery.shared.transport.decorator.RedirectingEurekaHttpClient.execute(RedirectingEurekaHttpClient.java:79)
	at com.netflix.discovery.shared.transport.decorator.EurekaHttpClientDecorator.getDelta(EurekaHttpClientDecorator.java:149)
	at com.netflix.discovery.shared.transport.decorator.EurekaHttpClientDecorator$7.execute(EurekaHttpClientDecorator.java:152)
	at com.netflix.discovery.shared.transport.decorator.RetryableEurekaHttpClient.execute(RetryableEurekaHttpClient.java:120)
	at com.netflix.discovery.shared.transport.decorator.EurekaHttpClientDecorator.getDelta(EurekaHttpClientDecorator.java:149)
	at com.netflix.discovery.shared.transport.decorator.EurekaHttpClientDecorator$7.execute(EurekaHttpClientDecorator.java:152)
	at com.netflix.discovery.shared.transport.decorator.SessionedEurekaHttpClient.execute(SessionedEurekaHttpClient.java:77)
	at com.netflix.discovery.shared.transport.decorator.EurekaHttpClientDecorator.getDelta(EurekaHttpClientDecorator.java:149)
	at com.netflix.discovery.DiscoveryClient.getAndUpdateDelta(DiscoveryClient.java:1103)
	at com.netflix.discovery.DiscoveryClient.fetchRegistry(DiscoveryClient.java:985)
	at com.netflix.discovery.DiscoveryClient.refreshRegistry(DiscoveryClient.java:1497)
	at com.netflix.discovery.DiscoveryClient$CacheRefreshThread.run(DiscoveryClient.java:1464)
	at java.util.concurrent.Executors$RunnableAdapter.call(Executors.java:511)
	at java.util.concurrent.FutureTask.run(FutureTask.java:266)
	at java.util.concurrent.ThreadPoolExecutor.runWorker(ThreadPoolExecutor.java:1149)
	at java.util.concurrent.ThreadPoolExecutor$Worker.run(ThreadPoolExecutor.java:624)
	at java.lang.Thread.run(Thread.java:750)
Caused by: java.net.ConnectException: Connection refused: connect
	at java.net.DualStackPlainSocketImpl.waitForConnect(Native Method)
	at java.net.DualStackPlainSocketImpl.socketConnect(DualStackPlainSocketImpl.java:85)
	at java.net.AbstractPlainSocketImpl.doConnect(AbstractPlainSocketImpl.java:350)
	at java.net.AbstractPlainSocketImpl.connectToAddress(AbstractPlainSocketImpl.java:206)
	at java.net.AbstractPlainSocketImpl.connect(AbstractPlainSocketImpl.java:188)
	at java.net.PlainSocketImpl.connect(PlainSocketImpl.java:172)
	at java.net.SocksSocketImpl.connect(SocksSocketImpl.java:392)
	at java.net.Socket.connect(Socket.java:607)
	at org.apache.http.conn.scheme.PlainSocketFactory.connectSocket(PlainSocketFactory.java:121)
	at org.apache.http.impl.conn.DefaultClientConnectionOperator.openConnection(DefaultClientConnectionOperator.java:180)
	at org.apache.http.impl.conn.AbstractPoolEntry.open(AbstractPoolEntry.java:144)
	at org.apache.http.impl.conn.AbstractPooledConnAdapter.open(AbstractPooledConnAdapter.java:134)
	at org.apache.http.impl.client.DefaultRequestDirector.tryConnect(DefaultRequestDirector.java:605)
	at org.apache.http.impl.client.DefaultRequestDirector.execute(DefaultRequestDirector.java:440)
	at org.apache.http.impl.client.AbstractHttpClient.doExecute(AbstractHttpClient.java:835)
	at org.apache.http.impl.client.CloseableHttpClient.execute(CloseableHttpClient.java:118)
	at org.apache.http.impl.client.CloseableHttpClient.execute(CloseableHttpClient.java:56)
	at com.sun.jersey.client.apache4.ApacheHttpClient4Handler.handle(ApacheHttpClient4Handler.java:173)
	... 30 common frames omitted
[2026-09-23 21:46:49 IST] WARN [Service Name -> bookstore-api-gateway-service], [TraceId -> ], [SpanId -> ] 
      <DiscoveryClient-HeartbeatExecutor-0> com.netflix.discovery.shared.transport.decorator.RetryableEurekaHttpClient : Request execution failed with message: java.net.ConnectException: Connection refused: connect
[2026-09-23 21:46:49 IST] ERROR [Service Name -> bookstore-api-gateway-service], [TraceId -> ], [SpanId -> ] 
      <DiscoveryClient-HeartbeatExecutor-0> com.netflix.discovery.DiscoveryClient : DiscoveryClient_BOOKSTORE-API-GATEWAY-SERVICE/LAPTOP-PIAE5DDA.mshome.net:bookstore-api-gateway-service:8765 - was unable to send heartbeat!
com.netflix.discovery.shared.transport.TransportException: Cannot execute request on any known server
	at com.netflix.discovery.shared.transport.decorator.RetryableEurekaHttpClient.execute(RetryableEurekaHttpClient.java:112)
	at com.netflix.discovery.shared.transport.decorator.EurekaHttpClientDecorator.sendHeartBeat(EurekaHttpClientDecorator.java:89)
	at com.netflix.discovery.shared.transport.decorator.EurekaHttpClientDecorator$3.execute(EurekaHttpClientDecorator.java:92)
	at com.netflix.discovery.shared.transport.decorator.SessionedEurekaHttpClient.execute(SessionedEurekaHttpClient.java:77)
	at com.netflix.discovery.shared.transport.decorator.EurekaHttpClientDecorator.sendHeartBeat(EurekaHttpClientDecorator.java:89)
	at com.netflix.discovery.DiscoveryClient.renew(DiscoveryClient.java:864)
	at com.netflix.discovery.DiscoveryClient$HeartbeatThread.run(DiscoveryClient.java:1423)
	at java.util.concurrent.Executors$RunnableAdapter.call(Executors.java:511)
	at java.util.concurrent.FutureTask.run(FutureTask.java:266)
	at java.util.concurrent.ThreadPoolExecutor.runWorker(ThreadPoolExecutor.java:1149)
	at java.util.concurrent.ThreadPoolExecutor$Worker.run(ThreadPoolExecutor.java:624)
	at java.lang.Thread.run(Thread.java:750)
[2026-09-23 21:46:49 IST] WARN [Service Name -> bookstore-api-gateway-service], [TraceId -> ], [SpanId -> ] 
      <DiscoveryClient-InstanceInfoReplicator-0> com.netflix.discovery.shared.transport.decorator.RetryableEurekaHttpClient : Request execution failed with message: java.net.ConnectException: Connection refused: connect
[2026-09-23 21:46:49 IST] WARN [Service Name -> bookstore-api-gateway-service], [TraceId -> ], [SpanId -> ] 
      <DiscoveryClient-CacheRefreshExecutor-0> com.netflix.discovery.shared.transport.decorator.RetryableEurekaHttpClient : Request execution failed with message: java.net.ConnectException: Connection refused: connect
[2026-09-23 21:46:49 IST] ERROR [Service Name -> bookstore-api-gateway-service], [TraceId -> ], [SpanId -> ] 
      <DiscoveryClient-CacheRefreshExecutor-0> com.netflix.discovery.DiscoveryClient : DiscoveryClient_BOOKSTORE-API-GATEWAY-SERVICE/LAPTOP-PIAE5DDA.mshome.net:bookstore-api-gateway-service:8765 - was unable to refresh its cache! status = Cannot execute request on any known server
com.netflix.discovery.shared.transport.TransportException: Cannot execute request on any known server
	at com.netflix.discovery.shared.transport.decorator.RetryableEurekaHttpClient.execute(RetryableEurekaHttpClient.java:112)
	at com.netflix.discovery.shared.transport.decorator.EurekaHttpClientDecorator.getDelta(EurekaHttpClientDecorator.java:149)
	at com.netflix.discovery.shared.transport.decorator.EurekaHttpClientDecorator$7.execute(EurekaHttpClientDecorator.java:152)
	at com.netflix.discovery.shared.transport.decorator.SessionedEurekaHttpClient.execute(SessionedEurekaHttpClient.java:77)
	at com.netflix.discovery.shared.transport.decorator.EurekaHttpClientDecorator.getDelta(EurekaHttpClientDecorator.java:149)
	at com.netflix.discovery.DiscoveryClient.getAndUpdateDelta(DiscoveryClient.java:1103)
	at com.netflix.discovery.DiscoveryClient.fetchRegistry(DiscoveryClient.java:985)
	at com.netflix.discovery.DiscoveryClient.refreshRegistry(DiscoveryClient.java:1497)
	at com.netflix.discovery.DiscoveryClient$CacheRefreshThread.run(DiscoveryClient.java:1464)
	at java.util.concurrent.Executors$RunnableAdapter.call(Executors.java:511)
	at java.util.concurrent.FutureTask.run(FutureTask.java:266)
	at java.util.concurrent.ThreadPoolExecutor.runWorker(ThreadPoolExecutor.java:1149)
	at java.util.concurrent.ThreadPoolExecutor$Worker.run(ThreadPoolExecutor.java:624)
	at java.lang.Thread.run(Thread.java:750)
[2026-09-23 21:46:49 IST] WARN [Service Name -> bookstore-api-gateway-service], [TraceId -> ], [SpanId -> ] 
      <DiscoveryClient-InstanceInfoReplicator-0> com.netflix.discovery.DiscoveryClient : DiscoveryClient_BOOKSTORE-API-GATEWAY-SERVICE/LAPTOP-PIAE5DDA.mshome.net:bookstore-api-gateway-service:8765 - registration failed Cannot execute request on any known server
com.netflix.discovery.shared.transport.TransportException: Cannot execute request on any known server
	at com.netflix.discovery.shared.transport.decorator.RetryableEurekaHttpClient.execute(RetryableEurekaHttpClient.java:112)
	at com.netflix.discovery.shared.transport.decorator.EurekaHttpClientDecorator.register(EurekaHttpClientDecorator.java:56)
	at com.netflix.discovery.shared.transport.decorator.EurekaHttpClientDecorator$1.execute(EurekaHttpClientDecorator.java:59)
	at com.netflix.discovery.shared.transport.decorator.SessionedEurekaHttpClient.execute(SessionedEurekaHttpClient.java:77)
	at com.netflix.discovery.shared.transport.decorator.EurekaHttpClientDecorator.register(EurekaHttpClientDecorator.java:56)
	at com.netflix.discovery.DiscoveryClient.register(DiscoveryClient.java:847)
	at com.netflix.discovery.InstanceInfoReplicator.run(InstanceInfoReplicator.java:121)
	at com.netflix.discovery.InstanceInfoReplicator$1.run(InstanceInfoReplicator.java:101)
	at java.util.concurrent.Executors$RunnableAdapter.call(Executors.java:511)
	at java.util.concurrent.FutureTask.run(FutureTask.java:266)
	at java.util.concurrent.ScheduledThreadPoolExecutor$ScheduledFutureTask.access$201(ScheduledThreadPoolExecutor.java:180)
	at java.util.concurrent.ScheduledThreadPoolExecutor$ScheduledFutureTask.run(ScheduledThreadPoolExecutor.java:293)
	at java.util.concurrent.ThreadPoolExecutor.runWorker(ThreadPoolExecutor.java:1149)
	at java.util.concurrent.ThreadPoolExecutor$Worker.run(ThreadPoolExecutor.java:624)
	at java.lang.Thread.run(Thread.java:750)
[2026-09-23 21:46:49 IST] WARN [Service Name -> bookstore-api-gateway-service], [TraceId -> ], [SpanId -> ] 
      <DiscoveryClient-InstanceInfoReplicator-0> com.netflix.discovery.InstanceInfoReplicator : There was a problem with the instance info replicator
com.netflix.discovery.shared.transport.TransportException: Cannot execute request on any known server
	at com.netflix.discovery.shared.transport.decorator.RetryableEurekaHttpClient.execute(RetryableEurekaHttpClient.java:112)
	at com.netflix.discovery.shared.transport.decorator.EurekaHttpClientDecorator.register(EurekaHttpClientDecorator.java:56)
	at com.netflix.discovery.shared.transport.decorator.EurekaHttpClientDecorator$1.execute(EurekaHttpClientDecorator.java:59)
	at com.netflix.discovery.shared.transport.decorator.SessionedEurekaHttpClient.execute(SessionedEurekaHttpClient.java:77)
	at com.netflix.discovery.shared.transport.decorator.EurekaHttpClientDecorator.register(EurekaHttpClientDecorator.java:56)
	at com.netflix.discovery.DiscoveryClient.register(DiscoveryClient.java:847)
	at com.netflix.discovery.InstanceInfoReplicator.run(InstanceInfoReplicator.java:121)
	at com.netflix.discovery.InstanceInfoReplicator$1.run(InstanceInfoReplicator.java:101)
	at java.util.concurrent.Executors$RunnableAdapter.call(Executors.java:511)
	at java.util.concurrent.FutureTask.run(FutureTask.java:266)
	at java.util.concurrent.ScheduledThreadPoolExecutor$ScheduledFutureTask.access$201(ScheduledThreadPoolExecutor.java:180)
	at java.util.concurrent.ScheduledThreadPoolExecutor$ScheduledFutureTask.run(ScheduledThreadPoolExecutor.java:293)
	at java.util.concurrent.ThreadPoolExecutor.runWorker(ThreadPoolExecutor.java:1149)
	at java.util.concurrent.ThreadPoolExecutor$Worker.run(ThreadPoolExecutor.java:624)
	at java.lang.Thread.run(Thread.java:750)
