[2026-09-20 16:20:36 IST] INFO [Service Name -> bookstore-eureka-discovery-service], [TraceId -> ], [SpanId -> ] 
      <main> org.springframework.context.support.PostProcessorRegistrationDelegate$BeanPostProcessorChecker : Bean 'org.springframework.cloud.autoconfigure.ConfigurationPropertiesRebinderAutoConfiguration' of type [org.springframework.cloud.autoconfigure.ConfigurationPropertiesRebinderAutoConfiguration] is not eligible for getting processed by all BeanPostProcessors (for example: not eligible for auto-proxying)
[2026-09-20 16:20:38 IST] INFO [Service Name -> bookstore-eureka-discovery-service], [TraceId -> ], [SpanId -> ] 
      <main> com.devd.spring.bookstoreeurekadiscoveryservice.BookstoreEurekaDiscoveryServiceApplication : No active profile set, falling back to default profiles: default
[2026-09-20 16:20:43 IST] INFO [Service Name -> bookstore-eureka-discovery-service], [TraceId -> ], [SpanId -> ] 
      <main> org.springframework.cloud.context.scope.GenericScope : BeanFactory id=e73cd28f-0a03-3c59-a5f2-efde8e2aedc3
[2026-09-20 16:20:44 IST] INFO [Service Name -> bookstore-eureka-discovery-service], [TraceId -> ], [SpanId -> ] 
      <main> org.springframework.context.support.PostProcessorRegistrationDelegate$BeanPostProcessorChecker : Bean 'org.springframework.cloud.autoconfigure.ConfigurationPropertiesRebinderAutoConfiguration' of type [org.springframework.cloud.autoconfigure.ConfigurationPropertiesRebinderAutoConfiguration] is not eligible for getting processed by all BeanPostProcessors (for example: not eligible for auto-proxying)
[2026-09-20 16:20:45 IST] INFO [Service Name -> bookstore-eureka-discovery-service], [TraceId -> ], [SpanId -> ] 
      <main> org.springframework.boot.web.embedded.tomcat.TomcatWebServer : Tomcat initialized with port(s): 8761 (http)
[2026-09-20 16:20:45 IST] INFO [Service Name -> bookstore-eureka-discovery-service], [TraceId -> ], [SpanId -> ] 
      <main> org.apache.coyote.http11.Http11NioProtocol : Initializing ProtocolHandler ["http-nio-8761"]
[2026-09-20 16:20:45 IST] INFO [Service Name -> bookstore-eureka-discovery-service], [TraceId -> ], [SpanId -> ] 
      <main> org.apache.catalina.core.StandardService : Starting service [Tomcat]
[2026-09-20 16:20:45 IST] INFO [Service Name -> bookstore-eureka-discovery-service], [TraceId -> ], [SpanId -> ] 
      <main> org.apache.catalina.core.StandardEngine : Starting Servlet engine: [Apache Tomcat/9.0.38]
[2026-09-20 16:20:46 IST] INFO [Service Name -> bookstore-eureka-discovery-service], [TraceId -> ], [SpanId -> ] 
      <main> org.apache.catalina.core.ContainerBase.[Tomcat].[localhost].[/] : Initializing Spring embedded WebApplicationContext
[2026-09-20 16:20:46 IST] INFO [Service Name -> bookstore-eureka-discovery-service], [TraceId -> ], [SpanId -> ] 
      <main> org.springframework.boot.web.servlet.context.ServletWebServerApplicationContext : Root WebApplicationContext: initialization completed in 7847 ms
[2026-09-20 16:20:47 IST] WARN [Service Name -> bookstore-eureka-discovery-service], [TraceId -> ], [SpanId -> ] 
      <main> com.netflix.config.sources.URLConfigurationSource : No URLs will be polled as dynamic configuration sources.
[2026-09-20 16:20:47 IST] INFO [Service Name -> bookstore-eureka-discovery-service], [TraceId -> ], [SpanId -> ] 
      <main> com.netflix.config.sources.URLConfigurationSource : To enable URLs as dynamic configuration sources, define System property archaius.configurationSource.additionalUrls or make config.properties available on classpath.
[2026-09-20 16:20:47 IST] INFO [Service Name -> bookstore-eureka-discovery-service], [TraceId -> ], [SpanId -> ] 
      <main> com.netflix.config.DynamicPropertyFactory : DynamicPropertyFactory is initialized with configuration sources: com.netflix.config.ConcurrentCompositeConfiguration@161dd92a
[2026-09-20 16:20:48 IST] WARN [Service Name -> bookstore-eureka-discovery-service], [TraceId -> ], [SpanId -> ] 
      <main> org.springframework.boot.actuate.endpoint.EndpointId : Endpoint ID 'service-registry' contains invalid characters, please migrate to a valid format.
[2026-09-20 16:20:50 IST] WARN [Service Name -> bookstore-eureka-discovery-service], [TraceId -> ], [SpanId -> ] 
      <main> org.springframework.cloud.sleuth.zipkin2.ZipkinAutoConfiguration : Check result of the [AsyncReporter{org.springframework.cloud.sleuth.zipkin2.sender.RestTemplateSender@4ffced4e}] contains an error [CheckResult{ok=false, error=org.springframework.web.client.ResourceAccessException: I/O error on POST request for "http://localhost:9411/api/v2/spans": connect timed out; nested exception is java.net.SocketTimeoutException: connect timed out}]
[2026-09-20 16:20:51 IST] INFO [Service Name -> bookstore-eureka-discovery-service], [TraceId -> ], [SpanId -> ] 
      <main> com.sun.jersey.server.impl.application.WebApplicationImpl : Initiating Jersey application, version 'Jersey: 1.19.1 03/11/2016 02:08 PM'
[2026-09-20 16:20:51 IST] INFO [Service Name -> bookstore-eureka-discovery-service], [TraceId -> ], [SpanId -> ] 
      <main> com.netflix.discovery.provider.DiscoveryJerseyProvider : Using JSON encoding codec LegacyJacksonJson
[2026-09-20 16:20:51 IST] INFO [Service Name -> bookstore-eureka-discovery-service], [TraceId -> ], [SpanId -> ] 
      <main> com.netflix.discovery.provider.DiscoveryJerseyProvider : Using JSON decoding codec LegacyJacksonJson
[2026-09-20 16:20:52 IST] INFO [Service Name -> bookstore-eureka-discovery-service], [TraceId -> ], [SpanId -> ] 
      <main> com.netflix.discovery.provider.DiscoveryJerseyProvider : Using XML encoding codec XStreamXml
[2026-09-20 16:20:52 IST] INFO [Service Name -> bookstore-eureka-discovery-service], [TraceId -> ], [SpanId -> ] 
      <main> com.netflix.discovery.provider.DiscoveryJerseyProvider : Using XML decoding codec XStreamXml
[2026-09-20 16:20:54 IST] WARN [Service Name -> bookstore-eureka-discovery-service], [TraceId -> ], [SpanId -> ] 
      <main> com.netflix.config.sources.URLConfigurationSource : No URLs will be polled as dynamic configuration sources.
[2026-09-20 16:20:54 IST] INFO [Service Name -> bookstore-eureka-discovery-service], [TraceId -> ], [SpanId -> ] 
      <main> com.netflix.config.sources.URLConfigurationSource : To enable URLs as dynamic configuration sources, define System property archaius.configurationSource.additionalUrls or make config.properties available on classpath.
[2026-09-20 16:20:54 IST] INFO [Service Name -> bookstore-eureka-discovery-service], [TraceId -> ], [SpanId -> ] 
      <main> org.springframework.scheduling.concurrent.ThreadPoolTaskExecutor : Initializing ExecutorService 'applicationTaskExecutor'
[2026-09-20 16:20:57 IST] INFO [Service Name -> bookstore-eureka-discovery-service], [TraceId -> ], [SpanId -> ] 
      <main> org.springframework.cloud.netflix.eureka.InstanceInfoFactory : Setting initial instance status as: STARTING
[2026-09-20 16:20:57 IST] INFO [Service Name -> bookstore-eureka-discovery-service], [TraceId -> ], [SpanId -> ] 
      <main> com.netflix.discovery.DiscoveryClient : Initializing Eureka in region us-east-1
[2026-09-20 16:20:57 IST] INFO [Service Name -> bookstore-eureka-discovery-service], [TraceId -> ], [SpanId -> ] 
      <main> com.netflix.discovery.DiscoveryClient : Client configured to neither register nor query for data.
[2026-09-20 16:20:57 IST] INFO [Service Name -> bookstore-eureka-discovery-service], [TraceId -> ], [SpanId -> ] 
      <main> com.netflix.discovery.DiscoveryClient : Discovery Client initialized at timestamp 1789901457289 with initial instances count: 0
[2026-09-20 16:21:03 IST] WARN [Service Name -> bookstore-eureka-discovery-service], [TraceId -> ], [SpanId -> ] 
      <main> org.springframework.cloud.loadbalancer.config.BlockingLoadBalancerClientAutoConfiguration$BlockingLoadBalancerClientRibbonWarnLogger : You already have RibbonLoadBalancerClient on your classpath. It will be used by default. As Spring Cloud Ribbon is in maintenance mode. We recommend switching to BlockingLoadBalancerClient instead. In order to use it, set the value of `spring.cloud.loadbalancer.ribbon.enabled` to `false` or remove spring-cloud-starter-netflix-ribbon from your project.
[2026-09-20 16:21:04 IST] WARN [Service Name -> bookstore-eureka-discovery-service], [TraceId -> ], [SpanId -> ] 
      <main> org.springframework.cloud.loadbalancer.config.LoadBalancerCacheAutoConfiguration$LoadBalancerCaffeineWarnLogger : Spring Cloud LoadBalancer is currently working with default default cache. You can switch to using Caffeine cache, by adding it to the classpath.
[2026-09-20 16:21:04 IST] INFO [Service Name -> bookstore-eureka-discovery-service], [TraceId -> ], [SpanId -> ] 
      <main> com.netflix.eureka.DefaultEurekaServerContext : Initializing ...
[2026-09-20 16:21:05 IST] INFO [Service Name -> bookstore-eureka-discovery-service], [TraceId -> ], [SpanId -> ] 
      <main> com.netflix.eureka.cluster.PeerEurekaNodes : Adding new peer nodes [http://localhost:8761/eureka/]
[2026-09-20 16:21:05 IST] INFO [Service Name -> bookstore-eureka-discovery-service], [TraceId -> ], [SpanId -> ] 
      <main> com.netflix.discovery.provider.DiscoveryJerseyProvider : Using JSON encoding codec LegacyJacksonJson
[2026-09-20 16:21:05 IST] INFO [Service Name -> bookstore-eureka-discovery-service], [TraceId -> ], [SpanId -> ] 
      <main> com.netflix.discovery.provider.DiscoveryJerseyProvider : Using JSON decoding codec LegacyJacksonJson
[2026-09-20 16:21:05 IST] INFO [Service Name -> bookstore-eureka-discovery-service], [TraceId -> ], [SpanId -> ] 
      <main> com.netflix.discovery.provider.DiscoveryJerseyProvider : Using XML encoding codec XStreamXml
[2026-09-20 16:21:05 IST] INFO [Service Name -> bookstore-eureka-discovery-service], [TraceId -> ], [SpanId -> ] 
      <main> com.netflix.discovery.provider.DiscoveryJerseyProvider : Using XML decoding codec XStreamXml
[2026-09-20 16:21:05 IST] INFO [Service Name -> bookstore-eureka-discovery-service], [TraceId -> ], [SpanId -> ] 
      <main> com.netflix.eureka.cluster.PeerEurekaNodes : Replica node URL:  http://localhost:8761/eureka/
[2026-09-20 16:21:05 IST] INFO [Service Name -> bookstore-eureka-discovery-service], [TraceId -> ], [SpanId -> ] 
      <main> com.netflix.eureka.registry.AbstractInstanceRegistry : Finished initializing remote region registries. All known remote regions: []
[2026-09-20 16:21:05 IST] INFO [Service Name -> bookstore-eureka-discovery-service], [TraceId -> ], [SpanId -> ] 
      <main> com.netflix.eureka.DefaultEurekaServerContext : Initialized
[2026-09-20 16:21:06 IST] INFO [Service Name -> bookstore-eureka-discovery-service], [TraceId -> ], [SpanId -> ] 
      <main> org.springframework.boot.actuate.endpoint.web.EndpointLinksResolver : Exposing 2 endpoint(s) beneath base path '/actuator'
[2026-09-20 16:21:06 IST] INFO [Service Name -> bookstore-eureka-discovery-service], [TraceId -> ], [SpanId -> ] 
      <main> org.springframework.cloud.netflix.eureka.serviceregistry.EurekaServiceRegistry : Registering application BOOKSTORE-EUREKA-DISCOVERY-SERVICE with eureka with status UP
[2026-09-20 16:21:06 IST] INFO [Service Name -> bookstore-eureka-discovery-service], [TraceId -> ], [SpanId -> ] 
      <main> org.apache.coyote.http11.Http11NioProtocol : Starting ProtocolHandler ["http-nio-8761"]
[2026-09-20 16:21:06 IST] INFO [Service Name -> bookstore-eureka-discovery-service], [TraceId -> ], [SpanId -> ] 
      <Thread-86> org.springframework.cloud.netflix.eureka.server.EurekaServerBootstrap : Setting the eureka configuration..
[2026-09-20 16:21:06 IST] INFO [Service Name -> bookstore-eureka-discovery-service], [TraceId -> ], [SpanId -> ] 
      <Thread-86> org.springframework.cloud.netflix.eureka.server.EurekaServerBootstrap : Eureka data center value eureka.datacenter is not set, defaulting to default
[2026-09-20 16:21:06 IST] INFO [Service Name -> bookstore-eureka-discovery-service], [TraceId -> ], [SpanId -> ] 
      <Thread-86> org.springframework.cloud.netflix.eureka.server.EurekaServerBootstrap : Eureka environment value eureka.environment is not set, defaulting to test
[2026-09-20 16:21:06 IST] INFO [Service Name -> bookstore-eureka-discovery-service], [TraceId -> ], [SpanId -> ] 
      <Thread-86> org.springframework.cloud.netflix.eureka.server.EurekaServerBootstrap : isAws returned false
[2026-09-20 16:21:06 IST] INFO [Service Name -> bookstore-eureka-discovery-service], [TraceId -> ], [SpanId -> ] 
      <Thread-86> org.springframework.cloud.netflix.eureka.server.EurekaServerBootstrap : Initialized server context
[2026-09-20 16:21:06 IST] INFO [Service Name -> bookstore-eureka-discovery-service], [TraceId -> ], [SpanId -> ] 
      <Thread-86> com.netflix.eureka.registry.PeerAwareInstanceRegistryImpl : Got 1 instances from neighboring DS node
[2026-09-20 16:21:06 IST] INFO [Service Name -> bookstore-eureka-discovery-service], [TraceId -> ], [SpanId -> ] 
      <Thread-86> com.netflix.eureka.registry.PeerAwareInstanceRegistryImpl : Renew threshold is: 1
[2026-09-20 16:21:06 IST] INFO [Service Name -> bookstore-eureka-discovery-service], [TraceId -> ], [SpanId -> ] 
      <Thread-86> com.netflix.eureka.registry.PeerAwareInstanceRegistryImpl : Changing status to UP
[2026-09-20 16:21:06 IST] INFO [Service Name -> bookstore-eureka-discovery-service], [TraceId -> ], [SpanId -> ] 
      <Thread-86> org.springframework.cloud.netflix.eureka.server.EurekaServerInitializerConfiguration : Started Eureka Server
[2026-09-20 16:21:06 IST] INFO [Service Name -> bookstore-eureka-discovery-service], [TraceId -> ], [SpanId -> ] 
      <main> org.springframework.boot.web.embedded.tomcat.TomcatWebServer : Tomcat started on port(s): 8761 (http) with context path ''
[2026-09-20 16:21:06 IST] INFO [Service Name -> bookstore-eureka-discovery-service], [TraceId -> ], [SpanId -> ] 
      <main> org.springframework.cloud.netflix.eureka.serviceregistry.EurekaAutoServiceRegistration : Updating port to 8761
[2026-09-20 16:21:07 IST] INFO [Service Name -> bookstore-eureka-discovery-service], [TraceId -> ], [SpanId -> ] 
      <http-nio-8761-exec-1> org.apache.catalina.core.ContainerBase.[Tomcat].[localhost].[/] : Initializing Spring DispatcherServlet 'dispatcherServlet'
[2026-09-20 16:21:07 IST] INFO [Service Name -> bookstore-eureka-discovery-service], [TraceId -> ], [SpanId -> ] 
      <http-nio-8761-exec-1> org.springframework.web.servlet.DispatcherServlet : Initializing Servlet 'dispatcherServlet'
[2026-09-20 16:21:07 IST] INFO [Service Name -> bookstore-eureka-discovery-service], [TraceId -> ], [SpanId -> ] 
      <http-nio-8761-exec-1> org.springframework.web.servlet.DispatcherServlet : Completed initialization in 66 ms
[2026-09-20 16:21:08 IST] WARN [Service Name -> bookstore-eureka-discovery-service], [TraceId -> ], [SpanId -> ] 
      <AsyncReporter{org.springframework.cloud.sleuth.zipkin2.sender.RestTemplateSender@4ffced4e}> zipkin2.reporter.AsyncReporter$BoundedAsyncReporter : Spans were dropped due to exceptions. All subsequent errors will be logged at FINE level.
[2026-09-20 16:21:08 IST] WARN [Service Name -> bookstore-eureka-discovery-service], [TraceId -> ], [SpanId -> ] 
      <AsyncReporter{org.springframework.cloud.sleuth.zipkin2.sender.RestTemplateSender@4ffced4e}> zipkin2.reporter.AsyncReporter$BoundedAsyncReporter : Dropped 1 spans due to ResourceAccessException(I/O error on POST request for "http://localhost:9411/api/v2/spans": connect timed out; nested exception is java.net.SocketTimeoutException: connect timed out)
org.springframework.web.client.ResourceAccessException: I/O error on POST request for "http://localhost:9411/api/v2/spans": connect timed out; nested exception is java.net.SocketTimeoutException: connect timed out
	at org.springframework.web.client.RestTemplate.doExecute(RestTemplate.java:748)
	at org.springframework.cloud.sleuth.zipkin2.sender.ZipkinRestTemplateWrapper.doExecute(ZipkinRestTemplateSenderConfiguration.java:228)
	at org.springframework.web.client.RestTemplate.exchange(RestTemplate.java:641)
	at org.springframework.cloud.sleuth.zipkin2.sender.RestTemplateSender.post(RestTemplateSender.java:129)
	at org.springframework.cloud.sleuth.zipkin2.sender.RestTemplateSender$HttpPostCall.doExecute(RestTemplateSender.java:142)
	at org.springframework.cloud.sleuth.zipkin2.sender.RestTemplateSender$HttpPostCall.doExecute(RestTemplateSender.java:132)
	at zipkin2.Call$Base.execute(Call.java:380)
	at zipkin2.reporter.AsyncReporter$BoundedAsyncReporter.flush(AsyncReporter.java:285)
	at zipkin2.reporter.AsyncReporter$Flusher.run(AsyncReporter.java:354)
	at java.lang.Thread.run(Thread.java:750)
Caused by: java.net.SocketTimeoutException: connect timed out
	at java.net.DualStackPlainSocketImpl.waitForConnect(Native Method)
	at java.net.DualStackPlainSocketImpl.socketConnect(DualStackPlainSocketImpl.java:85)
	at java.net.AbstractPlainSocketImpl.doConnect(AbstractPlainSocketImpl.java:350)
	at java.net.AbstractPlainSocketImpl.connectToAddress(AbstractPlainSocketImpl.java:206)
	at java.net.AbstractPlainSocketImpl.connect(AbstractPlainSocketImpl.java:188)
	at java.net.PlainSocketImpl.connect(PlainSocketImpl.java:172)
	at java.net.SocksSocketImpl.connect(SocksSocketImpl.java:392)
	at java.net.Socket.connect(Socket.java:607)
	at sun.net.NetworkClient.doConnect(NetworkClient.java:175)
	at sun.net.www.http.HttpClient.openServer(HttpClient.java:473)
	at sun.net.www.http.HttpClient.openServer(HttpClient.java:568)
	at sun.net.www.http.HttpClient.<init>(HttpClient.java:254)
	at sun.net.www.http.HttpClient.New(HttpClient.java:349)
	at sun.net.www.http.HttpClient.New(HttpClient.java:367)
	at sun.net.www.protocol.http.HttpURLConnection.getNewHttpClient(HttpURLConnection.java:1248)
	at sun.net.www.protocol.http.HttpURLConnection.plainConnect0(HttpURLConnection.java:1182)
	at sun.net.www.protocol.http.HttpURLConnection.plainConnect(HttpURLConnection.java:1076)
	at sun.net.www.protocol.http.HttpURLConnection.connect(HttpURLConnection.java:1010)
	at org.springframework.http.client.SimpleBufferingClientHttpRequest.executeInternal(SimpleBufferingClientHttpRequest.java:76)
	at org.springframework.http.client.AbstractBufferingClientHttpRequest.executeInternal(AbstractBufferingClientHttpRequest.java:48)
	at org.springframework.http.client.AbstractClientHttpRequest.execute(AbstractClientHttpRequest.java:53)
	at org.springframework.web.client.RestTemplate.doExecute(RestTemplate.java:739)
	... 9 common frames omitted
[2026-09-20 16:21:08 IST] INFO [Service Name -> bookstore-eureka-discovery-service], [TraceId -> 4ccad4fbfe902bd2], [SpanId -> 4ccad4fbfe902bd2] 
      <http-nio-8761-exec-2> com.netflix.eureka.registry.AbstractInstanceRegistry : Registered instance BOOKSTORE-CATALOG-SERVICE/LAPTOP-PIAE5DDA:bookstore-catalog-service:6001 with status UP (replication=false)
[2026-09-20 16:21:09 IST] INFO [Service Name -> bookstore-eureka-discovery-service], [TraceId -> 88eab1466134ccfb], [SpanId -> 88eab1466134ccfb] 
      <http-nio-8761-exec-3> com.netflix.eureka.registry.AbstractInstanceRegistry : Registered instance BOOKSTORE-CATALOG-SERVICE/LAPTOP-PIAE5DDA:bookstore-catalog-service:6001 with status UP (replication=true)
[2026-09-20 16:21:09 IST] INFO [Service Name -> bookstore-eureka-discovery-service], [TraceId -> ], [SpanId -> ] 
      <main> com.devd.spring.bookstoreeurekadiscoveryservice.BookstoreEurekaDiscoveryServiceApplication : Started BookstoreEurekaDiscoveryServiceApplication in 39.444 seconds (JVM running for 44.324)
[2026-09-20 16:21:10 IST] WARN [Service Name -> bookstore-eureka-discovery-service], [TraceId -> 5f9a58a6859e1204], [SpanId -> 5f9a58a6859e1204] 
      <http-nio-8761-exec-5> com.netflix.eureka.registry.AbstractInstanceRegistry : DS: Registry: lease doesn't exist, registering resource: BOOKSTORE-BILLING-SERVICE - LAPTOP-PIAE5DDA:bookstore-billing-service:5001
[2026-09-20 16:21:10 IST] WARN [Service Name -> bookstore-eureka-discovery-service], [TraceId -> 5f9a58a6859e1204], [SpanId -> 5f9a58a6859e1204] 
      <http-nio-8761-exec-5> com.netflix.eureka.resources.InstanceResource : Not Found (Renew): BOOKSTORE-BILLING-SERVICE - LAPTOP-PIAE5DDA:bookstore-billing-service:5001
[2026-09-20 16:21:10 IST] INFO [Service Name -> bookstore-eureka-discovery-service], [TraceId -> e03ec26ab50720d9], [SpanId -> e03ec26ab50720d9] 
      <http-nio-8761-exec-6> com.netflix.eureka.registry.AbstractInstanceRegistry : Registered instance BOOKSTORE-BILLING-SERVICE/LAPTOP-PIAE5DDA:bookstore-billing-service:5001 with status UP (replication=false)
[2026-09-20 16:21:11 IST] INFO [Service Name -> bookstore-eureka-discovery-service], [TraceId -> 592a215e35ea03c6], [SpanId -> 592a215e35ea03c6] 
      <http-nio-8761-exec-7> com.netflix.eureka.registry.AbstractInstanceRegistry : Registered instance BOOKSTORE-BILLING-SERVICE/LAPTOP-PIAE5DDA:bookstore-billing-service:5001 with status UP (replication=true)
[2026-09-20 16:21:12 IST] WARN [Service Name -> bookstore-eureka-discovery-service], [TraceId -> c3d0e96e9da85336], [SpanId -> c3d0e96e9da85336] 
      <http-nio-8761-exec-8> com.netflix.eureka.registry.AbstractInstanceRegistry : DS: Registry: lease doesn't exist, registering resource: BOOKSTORE-ACCOUNT-SERVICE - LAPTOP-PIAE5DDA:bookstore-account-service:4001
[2026-09-20 16:21:12 IST] WARN [Service Name -> bookstore-eureka-discovery-service], [TraceId -> c3d0e96e9da85336], [SpanId -> c3d0e96e9da85336] 
      <http-nio-8761-exec-8> com.netflix.eureka.resources.InstanceResource : Not Found (Renew): BOOKSTORE-ACCOUNT-SERVICE - LAPTOP-PIAE5DDA:bookstore-account-service:4001
[2026-09-20 16:21:12 IST] INFO [Service Name -> bookstore-eureka-discovery-service], [TraceId -> 6d4009e30fbc7e09], [SpanId -> 6d4009e30fbc7e09] 
      <http-nio-8761-exec-10> com.netflix.eureka.registry.AbstractInstanceRegistry : Registered instance BOOKSTORE-ACCOUNT-SERVICE/LAPTOP-PIAE5DDA:bookstore-account-service:4001 with status UP (replication=false)
[2026-09-20 16:21:13 IST] INFO [Service Name -> bookstore-eureka-discovery-service], [TraceId -> a5f2d4b32188ff79], [SpanId -> a5f2d4b32188ff79] 
      <http-nio-8761-exec-1> com.netflix.eureka.registry.AbstractInstanceRegistry : Registered instance BOOKSTORE-ACCOUNT-SERVICE/LAPTOP-PIAE5DDA:bookstore-account-service:4001 with status UP (replication=true)
[2026-09-20 16:21:15 IST] WARN [Service Name -> bookstore-eureka-discovery-service], [TraceId -> 35ebb3cf7fa7e394], [SpanId -> 35ebb3cf7fa7e394] 
      <http-nio-8761-exec-3> com.netflix.eureka.registry.AbstractInstanceRegistry : DS: Registry: lease doesn't exist, registering resource: BOOKSTORE-API-GATEWAY-SERVICE - LAPTOP-PIAE5DDA:bookstore-api-gateway-service:8765
[2026-09-20 16:21:15 IST] WARN [Service Name -> bookstore-eureka-discovery-service], [TraceId -> 35ebb3cf7fa7e394], [SpanId -> 35ebb3cf7fa7e394] 
      <http-nio-8761-exec-3> com.netflix.eureka.resources.InstanceResource : Not Found (Renew): BOOKSTORE-API-GATEWAY-SERVICE - LAPTOP-PIAE5DDA:bookstore-api-gateway-service:8765
[2026-09-20 16:21:16 IST] INFO [Service Name -> bookstore-eureka-discovery-service], [TraceId -> 900ebe11445bd94b], [SpanId -> 900ebe11445bd94b] 
      <http-nio-8761-exec-4> com.netflix.eureka.registry.AbstractInstanceRegistry : Registered instance BOOKSTORE-API-GATEWAY-SERVICE/LAPTOP-PIAE5DDA:bookstore-api-gateway-service:8765 with status UP (replication=false)
[2026-09-20 16:21:16 IST] INFO [Service Name -> bookstore-eureka-discovery-service], [TraceId -> 9eafd94d1fc6e71a], [SpanId -> 9eafd94d1fc6e71a] 
      <http-nio-8761-exec-5> com.netflix.eureka.registry.AbstractInstanceRegistry : Registered instance BOOKSTORE-API-GATEWAY-SERVICE/LAPTOP-PIAE5DDA:bookstore-api-gateway-service:8765 with status UP (replication=true)
[2026-09-20 16:21:16 IST] ERROR [Service Name -> bookstore-eureka-discovery-service], [TraceId -> ], [SpanId -> ] 
      <TaskBatchingWorker-target_localhost-15> com.netflix.eureka.cluster.ReplicationTaskProcessor : It seems to be a socket read timeout exception, it will retry later. if it continues to happen and some eureka node occupied all the cpu time, you should set property 'eureka.server.peer-node-read-timeout-ms' to a bigger value
com.sun.jersey.api.client.ClientHandlerException: java.net.SocketTimeoutException: Read timed out
	at com.sun.jersey.client.apache4.ApacheHttpClient4Handler.handle(ApacheHttpClient4Handler.java:187)
	at com.netflix.eureka.cluster.DynamicGZIPContentEncodingFilter.handle(DynamicGZIPContentEncodingFilter.java:48)
	at com.netflix.discovery.EurekaIdentityHeaderFilter.handle(EurekaIdentityHeaderFilter.java:27)
	at com.sun.jersey.api.client.Client.handle(Client.java:652)
	at com.sun.jersey.api.client.WebResource.handle(WebResource.java:682)
	at com.sun.jersey.api.client.WebResource.access$200(WebResource.java:74)
	at com.sun.jersey.api.client.WebResource$Builder.post(WebResource.java:570)
	at com.netflix.eureka.transport.JerseyReplicationClient.submitBatchUpdates(JerseyReplicationClient.java:117)
	at com.netflix.eureka.cluster.ReplicationTaskProcessor.process(ReplicationTaskProcessor.java:80)
	at com.netflix.eureka.util.batcher.TaskExecutors$BatchWorkerRunnable.run(TaskExecutors.java:193)
	at java.lang.Thread.run(Thread.java:750)
Caused by: java.net.SocketTimeoutException: Read timed out
	at java.net.SocketInputStream.socketRead0(Native Method)
	at java.net.SocketInputStream.socketRead(SocketInputStream.java:116)
	at java.net.SocketInputStream.read(SocketInputStream.java:171)
	at java.net.SocketInputStream.read(SocketInputStream.java:141)
	at org.apache.http.impl.io.AbstractSessionInputBuffer.fillBuffer(AbstractSessionInputBuffer.java:161)
	at org.apache.http.impl.io.SocketInputBuffer.fillBuffer(SocketInputBuffer.java:82)
	at org.apache.http.impl.io.AbstractSessionInputBuffer.readLine(AbstractSessionInputBuffer.java:276)
	at org.apache.http.impl.conn.DefaultHttpResponseParser.parseHead(DefaultHttpResponseParser.java:138)
	at org.apache.http.impl.conn.DefaultHttpResponseParser.parseHead(DefaultHttpResponseParser.java:56)
	at org.apache.http.impl.io.AbstractMessageParser.parse(AbstractMessageParser.java:259)
	at org.apache.http.impl.AbstractHttpClientConnection.receiveResponseHeader(AbstractHttpClientConnection.java:294)
	at org.apache.http.impl.conn.DefaultClientConnection.receiveResponseHeader(DefaultClientConnection.java:257)
	at org.apache.http.impl.conn.AbstractClientConnAdapter.receiveResponseHeader(AbstractClientConnAdapter.java:230)
	at org.apache.http.protocol.HttpRequestExecutor.doReceiveResponse(HttpRequestExecutor.java:273)
	at org.apache.http.protocol.HttpRequestExecutor.execute(HttpRequestExecutor.java:125)
	at org.apache.http.impl.client.DefaultRequestDirector.tryExecute(DefaultRequestDirector.java:679)
	at org.apache.http.impl.client.DefaultRequestDirector.execute(DefaultRequestDirector.java:481)
	at org.apache.http.impl.client.AbstractHttpClient.doExecute(AbstractHttpClient.java:835)
	at org.apache.http.impl.client.CloseableHttpClient.execute(CloseableHttpClient.java:118)
	at org.apache.http.impl.client.CloseableHttpClient.execute(CloseableHttpClient.java:56)
	at com.sun.jersey.client.apache4.ApacheHttpClient4Handler.handle(ApacheHttpClient4Handler.java:173)
	... 10 common frames omitted
[2026-09-20 16:21:18 IST] INFO [Service Name -> bookstore-eureka-discovery-service], [TraceId -> 804daf8df6d91fbb], [SpanId -> 804daf8df6d91fbb] 
      <http-nio-8761-exec-6> com.netflix.eureka.registry.AbstractInstanceRegistry : Registered instance BOOKSTORE-API-GATEWAY-SERVICE/LAPTOP-PIAE5DDA:bookstore-api-gateway-service:8765 with status UP (replication=true)
[2026-09-20 16:22:06 IST] INFO [Service Name -> bookstore-eureka-discovery-service], [TraceId -> ], [SpanId -> ] 
      <Eureka-EvictionTimer> com.netflix.eureka.registry.AbstractInstanceRegistry : Running the evict task with compensationTime 0ms
[2026-09-20 16:22:31 IST] INFO [Service Name -> bookstore-eureka-discovery-service], [TraceId -> 4703fa87df88d585], [SpanId -> 4703fa87df88d585] 
      <http-nio-8761-exec-2> com.netflix.eureka.registry.AbstractInstanceRegistry : Registered instance BOOKSTORE-ORDER-SERVICE/LAPTOP-PIAE5DDA:bookstore-order-service:7001 with status UP (replication=false)
[2026-09-20 16:22:31 IST] INFO [Service Name -> bookstore-eureka-discovery-service], [TraceId -> d86b1058e6607fb5], [SpanId -> d86b1058e6607fb5] 
      <http-nio-8761-exec-3> com.netflix.eureka.registry.AbstractInstanceRegistry : Registered instance BOOKSTORE-ORDER-SERVICE/LAPTOP-PIAE5DDA:bookstore-order-service:7001 with status UP (replication=true)
[2026-09-20 16:22:54 IST] INFO [Service Name -> bookstore-eureka-discovery-service], [TraceId -> 5c797fbad92a4ad5], [SpanId -> 5c797fbad92a4ad5] 
      <http-nio-8761-exec-1> com.netflix.eureka.registry.AbstractInstanceRegistry : Registered instance BOOKSTORE-PAYMENT-SERVICE/LAPTOP-PIAE5DDA:bookstore-payment-service:8001 with status UP (replication=false)
[2026-09-20 16:22:55 IST] INFO [Service Name -> bookstore-eureka-discovery-service], [TraceId -> 30716c41158b15af], [SpanId -> 30716c41158b15af] 
      <http-nio-8761-exec-2> com.netflix.eureka.registry.AbstractInstanceRegistry : Registered instance BOOKSTORE-PAYMENT-SERVICE/LAPTOP-PIAE5DDA:bookstore-payment-service:8001 with status UP (replication=true)
[2026-09-20 16:23:06 IST] INFO [Service Name -> bookstore-eureka-discovery-service], [TraceId -> ], [SpanId -> ] 
      <Eureka-EvictionTimer> com.netflix.eureka.registry.AbstractInstanceRegistry : Running the evict task with compensationTime 3ms
[2026-09-20 16:24:06 IST] INFO [Service Name -> bookstore-eureka-discovery-service], [TraceId -> ], [SpanId -> ] 
      <Eureka-EvictionTimer> com.netflix.eureka.registry.AbstractInstanceRegistry : Running the evict task with compensationTime 8ms
[2026-09-20 16:25:06 IST] INFO [Service Name -> bookstore-eureka-discovery-service], [TraceId -> ], [SpanId -> ] 
      <Eureka-EvictionTimer> com.netflix.eureka.registry.AbstractInstanceRegistry : Running the evict task with compensationTime 8ms
[2026-09-20 16:26:06 IST] INFO [Service Name -> bookstore-eureka-discovery-service], [TraceId -> ], [SpanId -> ] 
      <Eureka-EvictionTimer> com.netflix.eureka.registry.AbstractInstanceRegistry : Running the evict task with compensationTime 10ms
[2026-09-20 16:27:06 IST] INFO [Service Name -> bookstore-eureka-discovery-service], [TraceId -> ], [SpanId -> ] 
      <Eureka-EvictionTimer> com.netflix.eureka.registry.AbstractInstanceRegistry : Running the evict task with compensationTime 0ms
[2026-09-20 16:28:06 IST] INFO [Service Name -> bookstore-eureka-discovery-service], [TraceId -> ], [SpanId -> ] 
      <Eureka-EvictionTimer> com.netflix.eureka.registry.AbstractInstanceRegistry : Running the evict task with compensationTime 3ms
[2026-09-20 16:29:06 IST] INFO [Service Name -> bookstore-eureka-discovery-service], [TraceId -> ], [SpanId -> ] 
      <Eureka-EvictionTimer> com.netflix.eureka.registry.AbstractInstanceRegistry : Running the evict task with compensationTime 6ms
[2026-09-20 16:30:06 IST] INFO [Service Name -> bookstore-eureka-discovery-service], [TraceId -> ], [SpanId -> ] 
      <Eureka-EvictionTimer> com.netflix.eureka.registry.AbstractInstanceRegistry : Running the evict task with compensationTime 3ms
[2026-09-20 16:31:06 IST] INFO [Service Name -> bookstore-eureka-discovery-service], [TraceId -> ], [SpanId -> ] 
      <Eureka-EvictionTimer> com.netflix.eureka.registry.AbstractInstanceRegistry : Running the evict task with compensationTime 1ms
[2026-09-20 16:32:06 IST] INFO [Service Name -> bookstore-eureka-discovery-service], [TraceId -> ], [SpanId -> ] 
      <Eureka-EvictionTimer> com.netflix.eureka.registry.AbstractInstanceRegistry : Running the evict task with compensationTime 14ms
[2026-09-20 16:33:06 IST] INFO [Service Name -> bookstore-eureka-discovery-service], [TraceId -> ], [SpanId -> ] 
      <Eureka-EvictionTimer> com.netflix.eureka.registry.AbstractInstanceRegistry : Running the evict task with compensationTime 0ms
[2026-09-20 16:34:06 IST] INFO [Service Name -> bookstore-eureka-discovery-service], [TraceId -> ], [SpanId -> ] 
      <Eureka-EvictionTimer> com.netflix.eureka.registry.AbstractInstanceRegistry : Running the evict task with compensationTime 15ms
[2026-09-20 16:35:06 IST] INFO [Service Name -> bookstore-eureka-discovery-service], [TraceId -> ], [SpanId -> ] 
      <Eureka-EvictionTimer> com.netflix.eureka.registry.AbstractInstanceRegistry : Running the evict task with compensationTime 14ms
[2026-09-20 16:36:05 IST] INFO [Service Name -> bookstore-eureka-discovery-service], [TraceId -> ], [SpanId -> ] 
      <ReplicaAwareInstanceRegistry - RenewalThresholdUpdater> com.netflix.eureka.registry.PeerAwareInstanceRegistryImpl : Current renewal threshold is : 11
[2026-09-20 16:36:06 IST] INFO [Service Name -> bookstore-eureka-discovery-service], [TraceId -> ], [SpanId -> ] 
      <Eureka-EvictionTimer> com.netflix.eureka.registry.AbstractInstanceRegistry : Running the evict task with compensationTime 1ms
[2026-09-20 16:37:07 IST] INFO [Service Name -> bookstore-eureka-discovery-service], [TraceId -> ], [SpanId -> ] 
      <Eureka-EvictionTimer> com.netflix.eureka.registry.AbstractInstanceRegistry : Running the evict task with compensationTime 15ms
[2026-09-20 16:38:07 IST] INFO [Service Name -> bookstore-eureka-discovery-service], [TraceId -> ], [SpanId -> ] 
      <Eureka-EvictionTimer> com.netflix.eureka.registry.AbstractInstanceRegistry : Running the evict task with compensationTime 14ms
[2026-09-20 16:39:07 IST] INFO [Service Name -> bookstore-eureka-discovery-service], [TraceId -> ], [SpanId -> ] 
      <Eureka-EvictionTimer> com.netflix.eureka.registry.AbstractInstanceRegistry : Running the evict task with compensationTime 13ms
[2026-09-20 16:40:07 IST] INFO [Service Name -> bookstore-eureka-discovery-service], [TraceId -> ], [SpanId -> ] 
      <Eureka-EvictionTimer> com.netflix.eureka.registry.AbstractInstanceRegistry : Running the evict task with compensationTime 2ms
[2026-09-20 16:41:07 IST] INFO [Service Name -> bookstore-eureka-discovery-service], [TraceId -> ], [SpanId -> ] 
      <Eureka-EvictionTimer> com.netflix.eureka.registry.AbstractInstanceRegistry : Running the evict task with compensationTime 2ms
[2026-09-20 16:42:07 IST] INFO [Service Name -> bookstore-eureka-discovery-service], [TraceId -> ], [SpanId -> ] 
      <Eureka-EvictionTimer> com.netflix.eureka.registry.AbstractInstanceRegistry : Running the evict task with compensationTime 11ms
[2026-09-20 16:43:07 IST] INFO [Service Name -> bookstore-eureka-discovery-service], [TraceId -> ], [SpanId -> ] 
      <Eureka-EvictionTimer> com.netflix.eureka.registry.AbstractInstanceRegistry : Running the evict task with compensationTime 12ms
[2026-09-20 16:44:07 IST] INFO [Service Name -> bookstore-eureka-discovery-service], [TraceId -> ], [SpanId -> ] 
      <Eureka-EvictionTimer> com.netflix.eureka.registry.AbstractInstanceRegistry : Running the evict task with compensationTime 13ms
[2026-09-20 16:45:07 IST] INFO [Service Name -> bookstore-eureka-discovery-service], [TraceId -> ], [SpanId -> ] 
      <Eureka-EvictionTimer> com.netflix.eureka.registry.AbstractInstanceRegistry : Running the evict task with compensationTime 1ms
[2026-09-20 16:46:07 IST] INFO [Service Name -> bookstore-eureka-discovery-service], [TraceId -> ], [SpanId -> ] 
      <Eureka-EvictionTimer> com.netflix.eureka.registry.AbstractInstanceRegistry : Running the evict task with compensationTime 8ms
[2026-09-20 16:47:07 IST] INFO [Service Name -> bookstore-eureka-discovery-service], [TraceId -> ], [SpanId -> ] 
      <Eureka-EvictionTimer> com.netflix.eureka.registry.AbstractInstanceRegistry : Running the evict task with compensationTime 10ms
[2026-09-20 16:48:07 IST] INFO [Service Name -> bookstore-eureka-discovery-service], [TraceId -> ], [SpanId -> ] 
      <Eureka-EvictionTimer> com.netflix.eureka.registry.AbstractInstanceRegistry : Running the evict task with compensationTime 13ms
[2026-09-20 16:49:07 IST] INFO [Service Name -> bookstore-eureka-discovery-service], [TraceId -> ], [SpanId -> ] 
      <Eureka-EvictionTimer> com.netflix.eureka.registry.AbstractInstanceRegistry : Running the evict task with compensationTime 2ms
[2026-09-20 16:50:07 IST] INFO [Service Name -> bookstore-eureka-discovery-service], [TraceId -> ], [SpanId -> ] 
      <Eureka-EvictionTimer> com.netflix.eureka.registry.AbstractInstanceRegistry : Running the evict task with compensationTime 12ms
[2026-09-20 16:51:05 IST] INFO [Service Name -> bookstore-eureka-discovery-service], [TraceId -> ], [SpanId -> ] 
      <ReplicaAwareInstanceRegistry - RenewalThresholdUpdater> com.netflix.eureka.registry.PeerAwareInstanceRegistryImpl : Current renewal threshold is : 11
[2026-09-20 16:51:07 IST] INFO [Service Name -> bookstore-eureka-discovery-service], [TraceId -> ], [SpanId -> ] 
      <Eureka-EvictionTimer> com.netflix.eureka.registry.AbstractInstanceRegistry : Running the evict task with compensationTime 12ms
[2026-09-20 16:52:07 IST] INFO [Service Name -> bookstore-eureka-discovery-service], [TraceId -> ], [SpanId -> ] 
      <Eureka-EvictionTimer> com.netflix.eureka.registry.AbstractInstanceRegistry : Running the evict task with compensationTime 11ms
[2026-09-20 16:53:07 IST] INFO [Service Name -> bookstore-eureka-discovery-service], [TraceId -> ], [SpanId -> ] 
      <Eureka-EvictionTimer> com.netflix.eureka.registry.AbstractInstanceRegistry : Running the evict task with compensationTime 6ms
[2026-09-20 16:54:07 IST] INFO [Service Name -> bookstore-eureka-discovery-service], [TraceId -> ], [SpanId -> ] 
      <Eureka-EvictionTimer> com.netflix.eureka.registry.AbstractInstanceRegistry : Running the evict task with compensationTime 15ms
[2026-09-20 16:55:07 IST] INFO [Service Name -> bookstore-eureka-discovery-service], [TraceId -> ], [SpanId -> ] 
      <Eureka-EvictionTimer> com.netflix.eureka.registry.AbstractInstanceRegistry : Running the evict task with compensationTime 9ms
[2026-09-20 16:56:07 IST] INFO [Service Name -> bookstore-eureka-discovery-service], [TraceId -> ], [SpanId -> ] 
      <Eureka-EvictionTimer> com.netflix.eureka.registry.AbstractInstanceRegistry : Running the evict task with compensationTime 4ms
[2026-09-20 16:57:07 IST] INFO [Service Name -> bookstore-eureka-discovery-service], [TraceId -> ], [SpanId -> ] 
      <Eureka-EvictionTimer> com.netflix.eureka.registry.AbstractInstanceRegistry : Running the evict task with compensationTime 13ms
[2026-09-20 16:58:07 IST] INFO [Service Name -> bookstore-eureka-discovery-service], [TraceId -> ], [SpanId -> ] 
      <Eureka-EvictionTimer> com.netflix.eureka.registry.AbstractInstanceRegistry : Running the evict task with compensationTime 9ms
[2026-09-20 16:59:07 IST] INFO [Service Name -> bookstore-eureka-discovery-service], [TraceId -> ], [SpanId -> ] 
      <Eureka-EvictionTimer> com.netflix.eureka.registry.AbstractInstanceRegistry : Running the evict task with compensationTime 1ms
[2026-09-20 17:00:07 IST] INFO [Service Name -> bookstore-eureka-discovery-service], [TraceId -> ], [SpanId -> ] 
      <Eureka-EvictionTimer> com.netflix.eureka.registry.AbstractInstanceRegistry : Running the evict task with compensationTime 2ms
[2026-09-20 17:01:07 IST] INFO [Service Name -> bookstore-eureka-discovery-service], [TraceId -> ], [SpanId -> ] 
      <Eureka-EvictionTimer> com.netflix.eureka.registry.AbstractInstanceRegistry : Running the evict task with compensationTime 0ms
[2026-09-20 17:02:07 IST] INFO [Service Name -> bookstore-eureka-discovery-service], [TraceId -> ], [SpanId -> ] 
      <Eureka-EvictionTimer> com.netflix.eureka.registry.AbstractInstanceRegistry : Running the evict task with compensationTime 11ms
[2026-09-20 17:03:07 IST] INFO [Service Name -> bookstore-eureka-discovery-service], [TraceId -> ], [SpanId -> ] 
      <Eureka-EvictionTimer> com.netflix.eureka.registry.AbstractInstanceRegistry : Running the evict task with compensationTime 16ms
[2026-09-20 17:04:07 IST] INFO [Service Name -> bookstore-eureka-discovery-service], [TraceId -> ], [SpanId -> ] 
      <Eureka-EvictionTimer> com.netflix.eureka.registry.AbstractInstanceRegistry : Running the evict task with compensationTime 10ms
[2026-09-20 17:05:07 IST] INFO [Service Name -> bookstore-eureka-discovery-service], [TraceId -> ], [SpanId -> ] 
      <Eureka-EvictionTimer> com.netflix.eureka.registry.AbstractInstanceRegistry : Running the evict task with compensationTime 3ms
[2026-09-20 17:06:05 IST] INFO [Service Name -> bookstore-eureka-discovery-service], [TraceId -> ], [SpanId -> ] 
      <ReplicaAwareInstanceRegistry - RenewalThresholdUpdater> com.netflix.eureka.registry.PeerAwareInstanceRegistryImpl : Current renewal threshold is : 11
[2026-09-20 17:06:07 IST] INFO [Service Name -> bookstore-eureka-discovery-service], [TraceId -> ], [SpanId -> ] 
      <Eureka-EvictionTimer> com.netflix.eureka.registry.AbstractInstanceRegistry : Running the evict task with compensationTime 5ms
[2026-09-20 17:07:07 IST] INFO [Service Name -> bookstore-eureka-discovery-service], [TraceId -> ], [SpanId -> ] 
      <Eureka-EvictionTimer> com.netflix.eureka.registry.AbstractInstanceRegistry : Running the evict task with compensationTime 8ms
[2026-09-20 17:08:07 IST] INFO [Service Name -> bookstore-eureka-discovery-service], [TraceId -> ], [SpanId -> ] 
      <Eureka-EvictionTimer> com.netflix.eureka.registry.AbstractInstanceRegistry : Running the evict task with compensationTime 3ms
[2026-09-20 17:09:07 IST] INFO [Service Name -> bookstore-eureka-discovery-service], [TraceId -> ], [SpanId -> ] 
      <Eureka-EvictionTimer> com.netflix.eureka.registry.AbstractInstanceRegistry : Running the evict task with compensationTime 7ms
[2026-09-20 17:10:07 IST] INFO [Service Name -> bookstore-eureka-discovery-service], [TraceId -> ], [SpanId -> ] 
      <Eureka-EvictionTimer> com.netflix.eureka.registry.AbstractInstanceRegistry : Running the evict task with compensationTime 10ms
[2026-09-20 17:11:07 IST] INFO [Service Name -> bookstore-eureka-discovery-service], [TraceId -> ], [SpanId -> ] 
      <Eureka-EvictionTimer> com.netflix.eureka.registry.AbstractInstanceRegistry : Running the evict task with compensationTime 7ms
[2026-09-20 17:12:07 IST] INFO [Service Name -> bookstore-eureka-discovery-service], [TraceId -> ], [SpanId -> ] 
      <Eureka-EvictionTimer> com.netflix.eureka.registry.AbstractInstanceRegistry : Running the evict task with compensationTime 12ms
[2026-09-20 17:13:07 IST] INFO [Service Name -> bookstore-eureka-discovery-service], [TraceId -> ], [SpanId -> ] 
      <Eureka-EvictionTimer> com.netflix.eureka.registry.AbstractInstanceRegistry : Running the evict task with compensationTime 1ms
[2026-09-20 17:14:07 IST] INFO [Service Name -> bookstore-eureka-discovery-service], [TraceId -> ], [SpanId -> ] 
      <Eureka-EvictionTimer> com.netflix.eureka.registry.AbstractInstanceRegistry : Running the evict task with compensationTime 10ms
[2026-09-20 17:15:07 IST] INFO [Service Name -> bookstore-eureka-discovery-service], [TraceId -> ], [SpanId -> ] 
      <Eureka-EvictionTimer> com.netflix.eureka.registry.AbstractInstanceRegistry : Running the evict task with compensationTime 0ms
[2026-09-20 17:16:07 IST] INFO [Service Name -> bookstore-eureka-discovery-service], [TraceId -> ], [SpanId -> ] 
      <Eureka-EvictionTimer> com.netflix.eureka.registry.AbstractInstanceRegistry : Running the evict task with compensationTime 11ms
[2026-09-20 17:17:07 IST] INFO [Service Name -> bookstore-eureka-discovery-service], [TraceId -> ], [SpanId -> ] 
      <Eureka-EvictionTimer> com.netflix.eureka.registry.AbstractInstanceRegistry : Running the evict task with compensationTime 5ms
[2026-09-20 17:18:07 IST] INFO [Service Name -> bookstore-eureka-discovery-service], [TraceId -> ], [SpanId -> ] 
      <Eureka-EvictionTimer> com.netflix.eureka.registry.AbstractInstanceRegistry : Running the evict task with compensationTime 13ms
[2026-09-20 17:19:07 IST] INFO [Service Name -> bookstore-eureka-discovery-service], [TraceId -> ], [SpanId -> ] 
      <Eureka-EvictionTimer> com.netflix.eureka.registry.AbstractInstanceRegistry : Running the evict task with compensationTime 7ms
[2026-09-20 17:20:07 IST] INFO [Service Name -> bookstore-eureka-discovery-service], [TraceId -> ], [SpanId -> ] 
      <Eureka-EvictionTimer> com.netflix.eureka.registry.AbstractInstanceRegistry : Running the evict task with compensationTime 12ms
[2026-09-20 17:21:05 IST] INFO [Service Name -> bookstore-eureka-discovery-service], [TraceId -> ], [SpanId -> ] 
      <ReplicaAwareInstanceRegistry - RenewalThresholdUpdater> com.netflix.eureka.registry.PeerAwareInstanceRegistryImpl : Current renewal threshold is : 11
[2026-09-20 17:21:07 IST] INFO [Service Name -> bookstore-eureka-discovery-service], [TraceId -> ], [SpanId -> ] 
      <Eureka-EvictionTimer> com.netflix.eureka.registry.AbstractInstanceRegistry : Running the evict task with compensationTime 10ms
[2026-09-20 17:22:07 IST] INFO [Service Name -> bookstore-eureka-discovery-service], [TraceId -> ], [SpanId -> ] 
      <Eureka-EvictionTimer> com.netflix.eureka.registry.AbstractInstanceRegistry : Running the evict task with compensationTime 8ms
[2026-09-20 17:23:07 IST] INFO [Service Name -> bookstore-eureka-discovery-service], [TraceId -> ], [SpanId -> ] 
      <Eureka-EvictionTimer> com.netflix.eureka.registry.AbstractInstanceRegistry : Running the evict task with compensationTime 6ms
[2026-09-20 17:24:07 IST] INFO [Service Name -> bookstore-eureka-discovery-service], [TraceId -> ], [SpanId -> ] 
      <Eureka-EvictionTimer> com.netflix.eureka.registry.AbstractInstanceRegistry : Running the evict task with compensationTime 1ms
[2026-09-20 17:25:07 IST] INFO [Service Name -> bookstore-eureka-discovery-service], [TraceId -> ], [SpanId -> ] 
      <Eureka-EvictionTimer> com.netflix.eureka.registry.AbstractInstanceRegistry : Running the evict task with compensationTime 14ms
[2026-09-20 17:26:07 IST] INFO [Service Name -> bookstore-eureka-discovery-service], [TraceId -> ], [SpanId -> ] 
      <Eureka-EvictionTimer> com.netflix.eureka.registry.AbstractInstanceRegistry : Running the evict task with compensationTime 14ms
[2026-09-20 17:27:07 IST] INFO [Service Name -> bookstore-eureka-discovery-service], [TraceId -> ], [SpanId -> ] 
      <Eureka-EvictionTimer> com.netflix.eureka.registry.AbstractInstanceRegistry : Running the evict task with compensationTime 10ms
[2026-09-20 17:28:07 IST] INFO [Service Name -> bookstore-eureka-discovery-service], [TraceId -> ], [SpanId -> ] 
      <Eureka-EvictionTimer> com.netflix.eureka.registry.AbstractInstanceRegistry : Running the evict task with compensationTime 13ms
[2026-09-20 17:29:07 IST] INFO [Service Name -> bookstore-eureka-discovery-service], [TraceId -> ], [SpanId -> ] 
      <Eureka-EvictionTimer> com.netflix.eureka.registry.AbstractInstanceRegistry : Running the evict task with compensationTime 7ms
[2026-09-20 17:30:07 IST] INFO [Service Name -> bookstore-eureka-discovery-service], [TraceId -> ], [SpanId -> ] 
      <Eureka-EvictionTimer> com.netflix.eureka.registry.AbstractInstanceRegistry : Running the evict task with compensationTime 9ms
[2026-09-20 17:31:07 IST] INFO [Service Name -> bookstore-eureka-discovery-service], [TraceId -> ], [SpanId -> ] 
      <Eureka-EvictionTimer> com.netflix.eureka.registry.AbstractInstanceRegistry : Running the evict task with compensationTime 5ms
[2026-09-20 17:32:07 IST] INFO [Service Name -> bookstore-eureka-discovery-service], [TraceId -> ], [SpanId -> ] 
      <Eureka-EvictionTimer> com.netflix.eureka.registry.AbstractInstanceRegistry : Running the evict task with compensationTime 15ms
[2026-09-20 17:33:07 IST] INFO [Service Name -> bookstore-eureka-discovery-service], [TraceId -> ], [SpanId -> ] 
      <Eureka-EvictionTimer> com.netflix.eureka.registry.AbstractInstanceRegistry : Running the evict task with compensationTime 7ms
[2026-09-20 17:34:07 IST] INFO [Service Name -> bookstore-eureka-discovery-service], [TraceId -> ], [SpanId -> ] 
      <Eureka-EvictionTimer> com.netflix.eureka.registry.AbstractInstanceRegistry : Running the evict task with compensationTime 7ms
[2026-09-20 17:35:07 IST] INFO [Service Name -> bookstore-eureka-discovery-service], [TraceId -> ], [SpanId -> ] 
      <Eureka-EvictionTimer> com.netflix.eureka.registry.AbstractInstanceRegistry : Running the evict task with compensationTime 2ms
[2026-09-20 17:36:05 IST] INFO [Service Name -> bookstore-eureka-discovery-service], [TraceId -> ], [SpanId -> ] 
      <ReplicaAwareInstanceRegistry - RenewalThresholdUpdater> com.netflix.eureka.registry.PeerAwareInstanceRegistryImpl : Current renewal threshold is : 11
[2026-09-20 17:36:07 IST] INFO [Service Name -> bookstore-eureka-discovery-service], [TraceId -> ], [SpanId -> ] 
      <Eureka-EvictionTimer> com.netflix.eureka.registry.AbstractInstanceRegistry : Running the evict task with compensationTime 0ms
[2026-09-20 17:37:07 IST] INFO [Service Name -> bookstore-eureka-discovery-service], [TraceId -> ], [SpanId -> ] 
      <Eureka-EvictionTimer> com.netflix.eureka.registry.AbstractInstanceRegistry : Running the evict task with compensationTime 7ms
[2026-09-20 17:38:07 IST] INFO [Service Name -> bookstore-eureka-discovery-service], [TraceId -> ], [SpanId -> ] 
      <Eureka-EvictionTimer> com.netflix.eureka.registry.AbstractInstanceRegistry : Running the evict task with compensationTime 7ms
[2026-09-20 17:39:07 IST] INFO [Service Name -> bookstore-eureka-discovery-service], [TraceId -> ], [SpanId -> ] 
      <Eureka-EvictionTimer> com.netflix.eureka.registry.AbstractInstanceRegistry : Running the evict task with compensationTime 13ms
[2026-09-20 17:40:07 IST] INFO [Service Name -> bookstore-eureka-discovery-service], [TraceId -> ], [SpanId -> ] 
      <Eureka-EvictionTimer> com.netflix.eureka.registry.AbstractInstanceRegistry : Running the evict task with compensationTime 4ms
[2026-09-20 17:41:07 IST] INFO [Service Name -> bookstore-eureka-discovery-service], [TraceId -> ], [SpanId -> ] 
      <Eureka-EvictionTimer> com.netflix.eureka.registry.AbstractInstanceRegistry : Running the evict task with compensationTime 11ms
[2026-09-20 17:42:07 IST] INFO [Service Name -> bookstore-eureka-discovery-service], [TraceId -> ], [SpanId -> ] 
      <Eureka-EvictionTimer> com.netflix.eureka.registry.AbstractInstanceRegistry : Running the evict task with compensationTime 15ms
[2026-09-20 17:43:07 IST] INFO [Service Name -> bookstore-eureka-discovery-service], [TraceId -> ], [SpanId -> ] 
      <Eureka-EvictionTimer> com.netflix.eureka.registry.AbstractInstanceRegistry : Running the evict task with compensationTime 2ms
[2026-09-20 17:44:07 IST] INFO [Service Name -> bookstore-eureka-discovery-service], [TraceId -> ], [SpanId -> ] 
      <Eureka-EvictionTimer> com.netflix.eureka.registry.AbstractInstanceRegistry : Running the evict task with compensationTime 9ms
[2026-09-20 17:45:07 IST] INFO [Service Name -> bookstore-eureka-discovery-service], [TraceId -> ], [SpanId -> ] 
      <Eureka-EvictionTimer> com.netflix.eureka.registry.AbstractInstanceRegistry : Running the evict task with compensationTime 13ms
[2026-09-20 17:46:07 IST] INFO [Service Name -> bookstore-eureka-discovery-service], [TraceId -> ], [SpanId -> ] 
      <Eureka-EvictionTimer> com.netflix.eureka.registry.AbstractInstanceRegistry : Running the evict task with compensationTime 15ms
[2026-09-20 17:47:07 IST] INFO [Service Name -> bookstore-eureka-discovery-service], [TraceId -> ], [SpanId -> ] 
      <Eureka-EvictionTimer> com.netflix.eureka.registry.AbstractInstanceRegistry : Running the evict task with compensationTime 0ms
[2026-09-20 17:48:07 IST] INFO [Service Name -> bookstore-eureka-discovery-service], [TraceId -> ], [SpanId -> ] 
      <Eureka-EvictionTimer> com.netflix.eureka.registry.AbstractInstanceRegistry : Running the evict task with compensationTime 14ms
[2026-09-20 17:48:21 IST] ERROR [Service Name -> bookstore-eureka-discovery-service], [TraceId -> ], [SpanId -> ] 
      <TaskBatchingWorker-target_localhost-14> com.netflix.eureka.cluster.ReplicationTaskProcessor : It seems to be a socket read timeout exception, it will retry later. if it continues to happen and some eureka node occupied all the cpu time, you should set property 'eureka.server.peer-node-read-timeout-ms' to a bigger value
com.sun.jersey.api.client.ClientHandlerException: java.net.SocketTimeoutException: Read timed out
	at com.sun.jersey.client.apache4.ApacheHttpClient4Handler.handle(ApacheHttpClient4Handler.java:187)
	at com.netflix.eureka.cluster.DynamicGZIPContentEncodingFilter.handle(DynamicGZIPContentEncodingFilter.java:48)
	at com.netflix.discovery.EurekaIdentityHeaderFilter.handle(EurekaIdentityHeaderFilter.java:27)
	at com.sun.jersey.api.client.Client.handle(Client.java:652)
	at com.sun.jersey.api.client.WebResource.handle(WebResource.java:682)
	at com.sun.jersey.api.client.WebResource.access$200(WebResource.java:74)
	at com.sun.jersey.api.client.WebResource$Builder.post(WebResource.java:570)
	at com.netflix.eureka.transport.JerseyReplicationClient.submitBatchUpdates(JerseyReplicationClient.java:117)
	at com.netflix.eureka.cluster.ReplicationTaskProcessor.process(ReplicationTaskProcessor.java:80)
	at com.netflix.eureka.util.batcher.TaskExecutors$BatchWorkerRunnable.run(TaskExecutors.java:193)
	at java.lang.Thread.run(Thread.java:750)
Caused by: java.net.SocketTimeoutException: Read timed out
	at java.net.SocketInputStream.socketRead0(Native Method)
	at java.net.SocketInputStream.socketRead(SocketInputStream.java:116)
	at java.net.SocketInputStream.read(SocketInputStream.java:171)
	at java.net.SocketInputStream.read(SocketInputStream.java:141)
	at org.apache.http.impl.io.AbstractSessionInputBuffer.fillBuffer(AbstractSessionInputBuffer.java:161)
	at org.apache.http.impl.io.SocketInputBuffer.fillBuffer(SocketInputBuffer.java:82)
	at org.apache.http.impl.io.AbstractSessionInputBuffer.readLine(AbstractSessionInputBuffer.java:276)
	at org.apache.http.impl.conn.DefaultHttpResponseParser.parseHead(DefaultHttpResponseParser.java:138)
	at org.apache.http.impl.conn.DefaultHttpResponseParser.parseHead(DefaultHttpResponseParser.java:56)
	at org.apache.http.impl.io.AbstractMessageParser.parse(AbstractMessageParser.java:259)
	at org.apache.http.impl.AbstractHttpClientConnection.receiveResponseHeader(AbstractHttpClientConnection.java:294)
	at org.apache.http.impl.conn.DefaultClientConnection.receiveResponseHeader(DefaultClientConnection.java:257)
	at org.apache.http.impl.conn.AbstractClientConnAdapter.receiveResponseHeader(AbstractClientConnAdapter.java:230)
	at org.apache.http.protocol.HttpRequestExecutor.doReceiveResponse(HttpRequestExecutor.java:273)
	at org.apache.http.protocol.HttpRequestExecutor.execute(HttpRequestExecutor.java:125)
	at org.apache.http.impl.client.DefaultRequestDirector.tryExecute(DefaultRequestDirector.java:679)
	at org.apache.http.impl.client.DefaultRequestDirector.execute(DefaultRequestDirector.java:481)
	at org.apache.http.impl.client.AbstractHttpClient.doExecute(AbstractHttpClient.java:835)
	at org.apache.http.impl.client.CloseableHttpClient.execute(CloseableHttpClient.java:118)
	at org.apache.http.impl.client.CloseableHttpClient.execute(CloseableHttpClient.java:56)
	at com.sun.jersey.client.apache4.ApacheHttpClient4Handler.handle(ApacheHttpClient4Handler.java:173)
	... 10 common frames omitted
[2026-09-20 17:48:26 IST] ERROR [Service Name -> bookstore-eureka-discovery-service], [TraceId -> ], [SpanId -> ] 
      <TaskBatchingWorker-target_localhost-7> com.netflix.eureka.cluster.ReplicationTaskProcessor : It seems to be a socket read timeout exception, it will retry later. if it continues to happen and some eureka node occupied all the cpu time, you should set property 'eureka.server.peer-node-read-timeout-ms' to a bigger value
com.sun.jersey.api.client.ClientHandlerException: java.net.SocketTimeoutException: Read timed out
	at com.sun.jersey.client.apache4.ApacheHttpClient4Handler.handle(ApacheHttpClient4Handler.java:187)
	at com.netflix.eureka.cluster.DynamicGZIPContentEncodingFilter.handle(DynamicGZIPContentEncodingFilter.java:48)
	at com.netflix.discovery.EurekaIdentityHeaderFilter.handle(EurekaIdentityHeaderFilter.java:27)
	at com.sun.jersey.api.client.Client.handle(Client.java:652)
	at com.sun.jersey.api.client.WebResource.handle(WebResource.java:682)
	at com.sun.jersey.api.client.WebResource.access$200(WebResource.java:74)
	at com.sun.jersey.api.client.WebResource$Builder.post(WebResource.java:570)
	at com.netflix.eureka.transport.JerseyReplicationClient.submitBatchUpdates(JerseyReplicationClient.java:117)
	at com.netflix.eureka.cluster.ReplicationTaskProcessor.process(ReplicationTaskProcessor.java:80)
	at com.netflix.eureka.util.batcher.TaskExecutors$BatchWorkerRunnable.run(TaskExecutors.java:193)
	at java.lang.Thread.run(Thread.java:750)
Caused by: java.net.SocketTimeoutException: Read timed out
	at java.net.SocketInputStream.socketRead0(Native Method)
	at java.net.SocketInputStream.socketRead(SocketInputStream.java:116)
	at java.net.SocketInputStream.read(SocketInputStream.java:171)
	at java.net.SocketInputStream.read(SocketInputStream.java:141)
	at org.apache.http.impl.io.AbstractSessionInputBuffer.fillBuffer(AbstractSessionInputBuffer.java:161)
	at org.apache.http.impl.io.SocketInputBuffer.fillBuffer(SocketInputBuffer.java:82)
	at org.apache.http.impl.io.AbstractSessionInputBuffer.readLine(AbstractSessionInputBuffer.java:276)
	at org.apache.http.impl.conn.DefaultHttpResponseParser.parseHead(DefaultHttpResponseParser.java:138)
	at org.apache.http.impl.conn.DefaultHttpResponseParser.parseHead(DefaultHttpResponseParser.java:56)
	at org.apache.http.impl.io.AbstractMessageParser.parse(AbstractMessageParser.java:259)
	at org.apache.http.impl.AbstractHttpClientConnection.receiveResponseHeader(AbstractHttpClientConnection.java:294)
	at org.apache.http.impl.conn.DefaultClientConnection.receiveResponseHeader(DefaultClientConnection.java:257)
	at org.apache.http.impl.conn.AbstractClientConnAdapter.receiveResponseHeader(AbstractClientConnAdapter.java:230)
	at org.apache.http.protocol.HttpRequestExecutor.doReceiveResponse(HttpRequestExecutor.java:273)
	at org.apache.http.protocol.HttpRequestExecutor.execute(HttpRequestExecutor.java:125)
	at org.apache.http.impl.client.DefaultRequestDirector.tryExecute(DefaultRequestDirector.java:679)
	at org.apache.http.impl.client.DefaultRequestDirector.execute(DefaultRequestDirector.java:481)
	at org.apache.http.impl.client.AbstractHttpClient.doExecute(AbstractHttpClient.java:835)
	at org.apache.http.impl.client.CloseableHttpClient.execute(CloseableHttpClient.java:118)
	at org.apache.http.impl.client.CloseableHttpClient.execute(CloseableHttpClient.java:56)
	at com.sun.jersey.client.apache4.ApacheHttpClient4Handler.handle(ApacheHttpClient4Handler.java:173)
	... 10 common frames omitted
[2026-09-20 17:49:07 IST] INFO [Service Name -> bookstore-eureka-discovery-service], [TraceId -> ], [SpanId -> ] 
      <Eureka-EvictionTimer> com.netflix.eureka.registry.AbstractInstanceRegistry : Running the evict task with compensationTime 6ms
[2026-09-20 17:50:07 IST] INFO [Service Name -> bookstore-eureka-discovery-service], [TraceId -> ], [SpanId -> ] 
      <Eureka-EvictionTimer> com.netflix.eureka.registry.AbstractInstanceRegistry : Running the evict task with compensationTime 10ms
[2026-09-20 17:51:05 IST] INFO [Service Name -> bookstore-eureka-discovery-service], [TraceId -> ], [SpanId -> ] 
      <ReplicaAwareInstanceRegistry - RenewalThresholdUpdater> com.netflix.eureka.registry.PeerAwareInstanceRegistryImpl : Current renewal threshold is : 11
[2026-09-20 17:51:07 IST] INFO [Service Name -> bookstore-eureka-discovery-service], [TraceId -> ], [SpanId -> ] 
      <Eureka-EvictionTimer> com.netflix.eureka.registry.AbstractInstanceRegistry : Running the evict task with compensationTime 2ms
[2026-09-20 17:52:07 IST] INFO [Service Name -> bookstore-eureka-discovery-service], [TraceId -> ], [SpanId -> ] 
      <Eureka-EvictionTimer> com.netflix.eureka.registry.AbstractInstanceRegistry : Running the evict task with compensationTime 12ms
[2026-09-20 17:53:07 IST] INFO [Service Name -> bookstore-eureka-discovery-service], [TraceId -> ], [SpanId -> ] 
      <Eureka-EvictionTimer> com.netflix.eureka.registry.AbstractInstanceRegistry : Running the evict task with compensationTime 15ms
[2026-09-20 17:54:16 IST] INFO [Service Name -> bookstore-eureka-discovery-service], [TraceId -> ], [SpanId -> ] 
      <Eureka-EvictionTimer> com.netflix.eureka.registry.AbstractInstanceRegistry : Running the evict task with compensationTime 8628ms
[2026-09-20 17:55:16 IST] INFO [Service Name -> bookstore-eureka-discovery-service], [TraceId -> ], [SpanId -> ] 
      <Eureka-EvictionTimer> com.netflix.eureka.registry.AbstractInstanceRegistry : Running the evict task with compensationTime 0ms
[2026-09-20 17:56:16 IST] INFO [Service Name -> bookstore-eureka-discovery-service], [TraceId -> ], [SpanId -> ] 
      <Eureka-EvictionTimer> com.netflix.eureka.registry.AbstractInstanceRegistry : Running the evict task with compensationTime 13ms
[2026-09-20 17:57:16 IST] INFO [Service Name -> bookstore-eureka-discovery-service], [TraceId -> ], [SpanId -> ] 
      <Eureka-EvictionTimer> com.netflix.eureka.registry.AbstractInstanceRegistry : Running the evict task with compensationTime 1ms
[2026-09-20 17:58:16 IST] INFO [Service Name -> bookstore-eureka-discovery-service], [TraceId -> ], [SpanId -> ] 
      <Eureka-EvictionTimer> com.netflix.eureka.registry.AbstractInstanceRegistry : Running the evict task with compensationTime 14ms
[2026-09-20 17:59:16 IST] INFO [Service Name -> bookstore-eureka-discovery-service], [TraceId -> ], [SpanId -> ] 
      <Eureka-EvictionTimer> com.netflix.eureka.registry.AbstractInstanceRegistry : Running the evict task with compensationTime 7ms
[2026-09-20 18:00:16 IST] INFO [Service Name -> bookstore-eureka-discovery-service], [TraceId -> ], [SpanId -> ] 
      <Eureka-EvictionTimer> com.netflix.eureka.registry.AbstractInstanceRegistry : Running the evict task with compensationTime 6ms
[2026-09-20 18:01:16 IST] INFO [Service Name -> bookstore-eureka-discovery-service], [TraceId -> ], [SpanId -> ] 
      <Eureka-EvictionTimer> com.netflix.eureka.registry.AbstractInstanceRegistry : Running the evict task with compensationTime 3ms
[2026-09-20 18:02:16 IST] INFO [Service Name -> bookstore-eureka-discovery-service], [TraceId -> ], [SpanId -> ] 
      <Eureka-EvictionTimer> com.netflix.eureka.registry.AbstractInstanceRegistry : Running the evict task with compensationTime 28ms
[2026-09-20 18:03:16 IST] INFO [Service Name -> bookstore-eureka-discovery-service], [TraceId -> ], [SpanId -> ] 
      <Eureka-EvictionTimer> com.netflix.eureka.registry.AbstractInstanceRegistry : Running the evict task with compensationTime 1ms
[2026-09-20 18:04:16 IST] INFO [Service Name -> bookstore-eureka-discovery-service], [TraceId -> ], [SpanId -> ] 
      <Eureka-EvictionTimer> com.netflix.eureka.registry.AbstractInstanceRegistry : Running the evict task with compensationTime 8ms
[2026-09-20 18:05:16 IST] INFO [Service Name -> bookstore-eureka-discovery-service], [TraceId -> ], [SpanId -> ] 
      <Eureka-EvictionTimer> com.netflix.eureka.registry.AbstractInstanceRegistry : Running the evict task with compensationTime 10ms
[2026-09-20 18:06:05 IST] INFO [Service Name -> bookstore-eureka-discovery-service], [TraceId -> ], [SpanId -> ] 
      <ReplicaAwareInstanceRegistry - RenewalThresholdUpdater> com.netflix.eureka.registry.PeerAwareInstanceRegistryImpl : Current renewal threshold is : 11
[2026-09-20 18:06:16 IST] INFO [Service Name -> bookstore-eureka-discovery-service], [TraceId -> ], [SpanId -> ] 
      <Eureka-EvictionTimer> com.netflix.eureka.registry.AbstractInstanceRegistry : Running the evict task with compensationTime 1ms
[2026-09-20 18:07:16 IST] INFO [Service Name -> bookstore-eureka-discovery-service], [TraceId -> ], [SpanId -> ] 
      <Eureka-EvictionTimer> com.netflix.eureka.registry.AbstractInstanceRegistry : Running the evict task with compensationTime 6ms
[2026-09-20 18:08:16 IST] INFO [Service Name -> bookstore-eureka-discovery-service], [TraceId -> ], [SpanId -> ] 
      <Eureka-EvictionTimer> com.netflix.eureka.registry.AbstractInstanceRegistry : Running the evict task with compensationTime 0ms
[2026-09-20 18:09:16 IST] INFO [Service Name -> bookstore-eureka-discovery-service], [TraceId -> ], [SpanId -> ] 
      <Eureka-EvictionTimer> com.netflix.eureka.registry.AbstractInstanceRegistry : Running the evict task with compensationTime 9ms
[2026-09-20 18:10:16 IST] INFO [Service Name -> bookstore-eureka-discovery-service], [TraceId -> ], [SpanId -> ] 
      <Eureka-EvictionTimer> com.netflix.eureka.registry.AbstractInstanceRegistry : Running the evict task with compensationTime 9ms
[2026-09-20 18:11:16 IST] INFO [Service Name -> bookstore-eureka-discovery-service], [TraceId -> ], [SpanId -> ] 
      <Eureka-EvictionTimer> com.netflix.eureka.registry.AbstractInstanceRegistry : Running the evict task with compensationTime 12ms
[2026-09-20 18:12:16 IST] INFO [Service Name -> bookstore-eureka-discovery-service], [TraceId -> ], [SpanId -> ] 
      <Eureka-EvictionTimer> com.netflix.eureka.registry.AbstractInstanceRegistry : Running the evict task with compensationTime 10ms
[2026-09-20 18:13:16 IST] INFO [Service Name -> bookstore-eureka-discovery-service], [TraceId -> ], [SpanId -> ] 
      <Eureka-EvictionTimer> com.netflix.eureka.registry.AbstractInstanceRegistry : Running the evict task with compensationTime 4ms
[2026-09-20 18:14:16 IST] INFO [Service Name -> bookstore-eureka-discovery-service], [TraceId -> ], [SpanId -> ] 
      <Eureka-EvictionTimer> com.netflix.eureka.registry.AbstractInstanceRegistry : Running the evict task with compensationTime 10ms
[2026-09-20 18:15:03 IST] WARN [Service Name -> bookstore-eureka-discovery-service], [TraceId -> a022b8d6c33406f7], [SpanId -> a022b8d6c33406f7] 
      <http-nio-8761-exec-9> com.netflix.eureka.registry.AbstractInstanceRegistry : There is an existing lease and the existing lease's dirty timestamp 1789908300807 is greater than the one that is being registered 1789908296961
[2026-09-20 18:15:08 IST] WARN [Service Name -> bookstore-eureka-discovery-service], [TraceId -> a022b8d6c33406f7], [SpanId -> a022b8d6c33406f7] 
      <http-nio-8761-exec-9> com.netflix.eureka.registry.AbstractInstanceRegistry : Using the existing instanceInfo instead of the new instanceInfo as the registrant
[2026-09-20 18:15:08 IST] INFO [Service Name -> bookstore-eureka-discovery-service], [TraceId -> bbb95fdf2a58a83f], [SpanId -> bbb95fdf2a58a83f] 
      <http-nio-8761-exec-4> com.netflix.eureka.registry.AbstractInstanceRegistry : Registered instance BOOKSTORE-PAYMENT-SERVICE/LAPTOP-PIAE5DDA:bookstore-payment-service:8001 with status DOWN (replication=false)
[2026-09-20 18:15:08 IST] INFO [Service Name -> bookstore-eureka-discovery-service], [TraceId -> d246ca535c2122e8], [SpanId -> d246ca535c2122e8] 
      <http-nio-8761-exec-8> com.netflix.eureka.registry.AbstractInstanceRegistry : Registered instance BOOKSTORE-PAYMENT-SERVICE/LAPTOP-PIAE5DDA:bookstore-payment-service:8001 with status DOWN (replication=false)
[2026-09-20 18:15:08 IST] INFO [Service Name -> bookstore-eureka-discovery-service], [TraceId -> 03525afba032d597], [SpanId -> 03525afba032d597] 
      <http-nio-8761-exec-6> com.netflix.eureka.registry.AbstractInstanceRegistry : Registered instance BOOKSTORE-API-GATEWAY-SERVICE/LAPTOP-PIAE5DDA:bookstore-api-gateway-service:8765 with status DOWN (replication=false)
[2026-09-20 18:15:08 IST] INFO [Service Name -> bookstore-eureka-discovery-service], [TraceId -> a8367af1f6a1e83c], [SpanId -> a8367af1f6a1e83c] 
      <http-nio-8761-exec-5> com.netflix.eureka.registry.AbstractInstanceRegistry : Registered instance BOOKSTORE-BILLING-SERVICE/LAPTOP-PIAE5DDA:bookstore-billing-service:5001 with status DOWN (replication=false)
[2026-09-20 18:15:08 IST] INFO [Service Name -> bookstore-eureka-discovery-service], [TraceId -> 14f22fad20e8cec0], [SpanId -> 14f22fad20e8cec0] 
      <http-nio-8761-exec-2> com.netflix.eureka.registry.AbstractInstanceRegistry : Registered instance BOOKSTORE-API-GATEWAY-SERVICE/LAPTOP-PIAE5DDA:bookstore-api-gateway-service:8765 with status DOWN (replication=false)
[2026-09-20 18:15:08 IST] INFO [Service Name -> bookstore-eureka-discovery-service], [TraceId -> 3ebff14879b396c0], [SpanId -> 3ebff14879b396c0] 
      <http-nio-8761-exec-10> com.netflix.eureka.registry.AbstractInstanceRegistry : Registered instance BOOKSTORE-ORDER-SERVICE/LAPTOP-PIAE5DDA:bookstore-order-service:7001 with status DOWN (replication=false)
[2026-09-20 18:15:08 IST] INFO [Service Name -> bookstore-eureka-discovery-service], [TraceId -> a022b8d6c33406f7], [SpanId -> a022b8d6c33406f7] 
      <http-nio-8761-exec-9> com.netflix.eureka.registry.AbstractInstanceRegistry : Registered instance BOOKSTORE-API-GATEWAY-SERVICE/LAPTOP-PIAE5DDA:bookstore-api-gateway-service:8765 with status DOWN (replication=false)
[2026-09-20 18:15:08 IST] INFO [Service Name -> bookstore-eureka-discovery-service], [TraceId -> 7bbca52b73b6ebd6], [SpanId -> 7bbca52b73b6ebd6] 
      <http-nio-8761-exec-1> com.netflix.eureka.registry.AbstractInstanceRegistry : Registered instance BOOKSTORE-CATALOG-SERVICE/LAPTOP-PIAE5DDA:bookstore-catalog-service:6001 with status DOWN (replication=false)
[2026-09-20 18:15:08 IST] INFO [Service Name -> bookstore-eureka-discovery-service], [TraceId -> e2be582e71477713], [SpanId -> e2be582e71477713] 
      <http-nio-8761-exec-7> com.netflix.eureka.registry.AbstractInstanceRegistry : Registered instance BOOKSTORE-ORDER-SERVICE/LAPTOP-PIAE5DDA:bookstore-order-service:7001 with status DOWN (replication=false)
[2026-09-20 18:15:08 IST] INFO [Service Name -> bookstore-eureka-discovery-service], [TraceId -> a970e4599d503334], [SpanId -> a970e4599d503334] 
      <http-nio-8761-exec-3> com.netflix.eureka.registry.AbstractInstanceRegistry : Registered instance BOOKSTORE-ACCOUNT-SERVICE/LAPTOP-PIAE5DDA:bookstore-account-service:4001 with status DOWN (replication=false)
[2026-09-20 18:15:11 IST] ERROR [Service Name -> bookstore-eureka-discovery-service], [TraceId -> ], [SpanId -> ] 
      <TaskBatchingWorker-target_localhost-0> com.netflix.eureka.cluster.ReplicationTaskProcessor : It seems to be a socket read timeout exception, it will retry later. if it continues to happen and some eureka node occupied all the cpu time, you should set property 'eureka.server.peer-node-read-timeout-ms' to a bigger value
com.sun.jersey.api.client.ClientHandlerException: java.net.SocketTimeoutException: Read timed out
	at com.sun.jersey.client.apache4.ApacheHttpClient4Handler.handle(ApacheHttpClient4Handler.java:187)
	at com.netflix.eureka.cluster.DynamicGZIPContentEncodingFilter.handle(DynamicGZIPContentEncodingFilter.java:48)
	at com.netflix.discovery.EurekaIdentityHeaderFilter.handle(EurekaIdentityHeaderFilter.java:27)
	at com.sun.jersey.api.client.Client.handle(Client.java:652)
	at com.sun.jersey.api.client.WebResource.handle(WebResource.java:682)
	at com.sun.jersey.api.client.WebResource.access$200(WebResource.java:74)
	at com.sun.jersey.api.client.WebResource$Builder.post(WebResource.java:570)
	at com.netflix.eureka.transport.JerseyReplicationClient.submitBatchUpdates(JerseyReplicationClient.java:117)
	at com.netflix.eureka.cluster.ReplicationTaskProcessor.process(ReplicationTaskProcessor.java:80)
	at com.netflix.eureka.util.batcher.TaskExecutors$BatchWorkerRunnable.run(TaskExecutors.java:193)
	at java.lang.Thread.run(Thread.java:750)
Caused by: java.net.SocketTimeoutException: Read timed out
	at java.net.SocketInputStream.socketRead0(Native Method)
	at java.net.SocketInputStream.socketRead(SocketInputStream.java:116)
	at java.net.SocketInputStream.read(SocketInputStream.java:171)
	at java.net.SocketInputStream.read(SocketInputStream.java:141)
	at org.apache.http.impl.io.AbstractSessionInputBuffer.fillBuffer(AbstractSessionInputBuffer.java:161)
	at org.apache.http.impl.io.SocketInputBuffer.fillBuffer(SocketInputBuffer.java:82)
	at org.apache.http.impl.io.AbstractSessionInputBuffer.readLine(AbstractSessionInputBuffer.java:276)
	at org.apache.http.impl.conn.DefaultHttpResponseParser.parseHead(DefaultHttpResponseParser.java:138)
	at org.apache.http.impl.conn.DefaultHttpResponseParser.parseHead(DefaultHttpResponseParser.java:56)
	at org.apache.http.impl.io.AbstractMessageParser.parse(AbstractMessageParser.java:259)
	at org.apache.http.impl.AbstractHttpClientConnection.receiveResponseHeader(AbstractHttpClientConnection.java:294)
	at org.apache.http.impl.conn.DefaultClientConnection.receiveResponseHeader(DefaultClientConnection.java:257)
	at org.apache.http.impl.conn.AbstractClientConnAdapter.receiveResponseHeader(AbstractClientConnAdapter.java:230)
	at org.apache.http.protocol.HttpRequestExecutor.doReceiveResponse(HttpRequestExecutor.java:273)
	at org.apache.http.protocol.HttpRequestExecutor.execute(HttpRequestExecutor.java:125)
	at org.apache.http.impl.client.DefaultRequestDirector.tryExecute(DefaultRequestDirector.java:679)
	at org.apache.http.impl.client.DefaultRequestDirector.execute(DefaultRequestDirector.java:481)
	at org.apache.http.impl.client.AbstractHttpClient.doExecute(AbstractHttpClient.java:835)
	at org.apache.http.impl.client.CloseableHttpClient.execute(CloseableHttpClient.java:118)
	at org.apache.http.impl.client.CloseableHttpClient.execute(CloseableHttpClient.java:56)
	at com.sun.jersey.client.apache4.ApacheHttpClient4Handler.handle(ApacheHttpClient4Handler.java:173)
	... 10 common frames omitted
[2026-09-20 18:15:11 IST] INFO [Service Name -> bookstore-eureka-discovery-service], [TraceId -> 1939783e6abc836c], [SpanId -> 1939783e6abc836c] 
      <http-nio-8761-exec-12> com.netflix.eureka.registry.AbstractInstanceRegistry : Registered instance BOOKSTORE-API-GATEWAY-SERVICE/LAPTOP-PIAE5DDA:bookstore-api-gateway-service:8765 with status DOWN (replication=false)
[2026-09-20 18:15:12 IST] INFO [Service Name -> bookstore-eureka-discovery-service], [TraceId -> 072ac17ffb32a03d], [SpanId -> 072ac17ffb32a03d] 
      <http-nio-8761-exec-6> com.netflix.eureka.registry.AbstractInstanceRegistry : Registered instance BOOKSTORE-PAYMENT-SERVICE/LAPTOP-PIAE5DDA:bookstore-payment-service:8001 with status DOWN (replication=true)
[2026-09-20 18:15:12 IST] WARN [Service Name -> bookstore-eureka-discovery-service], [TraceId -> 072ac17ffb32a03d], [SpanId -> 072ac17ffb32a03d] 
      <http-nio-8761-exec-6> com.netflix.eureka.registry.AbstractInstanceRegistry : There is an existing lease and the existing lease's dirty timestamp 1789908300807 is greater than the one that is being registered 1789908296961
[2026-09-20 18:15:12 IST] WARN [Service Name -> bookstore-eureka-discovery-service], [TraceId -> 072ac17ffb32a03d], [SpanId -> 072ac17ffb32a03d] 
      <http-nio-8761-exec-6> com.netflix.eureka.registry.AbstractInstanceRegistry : Using the existing instanceInfo instead of the new instanceInfo as the registrant
[2026-09-20 18:15:12 IST] INFO [Service Name -> bookstore-eureka-discovery-service], [TraceId -> 072ac17ffb32a03d], [SpanId -> 072ac17ffb32a03d] 
      <http-nio-8761-exec-6> com.netflix.eureka.registry.AbstractInstanceRegistry : Registered instance BOOKSTORE-API-GATEWAY-SERVICE/LAPTOP-PIAE5DDA:bookstore-api-gateway-service:8765 with status DOWN (replication=true)
[2026-09-20 18:15:12 IST] INFO [Service Name -> bookstore-eureka-discovery-service], [TraceId -> 072ac17ffb32a03d], [SpanId -> 072ac17ffb32a03d] 
      <http-nio-8761-exec-6> com.netflix.eureka.registry.AbstractInstanceRegistry : Registered instance BOOKSTORE-BILLING-SERVICE/LAPTOP-PIAE5DDA:bookstore-billing-service:5001 with status DOWN (replication=true)
[2026-09-20 18:15:12 IST] INFO [Service Name -> bookstore-eureka-discovery-service], [TraceId -> 072ac17ffb32a03d], [SpanId -> 072ac17ffb32a03d] 
      <http-nio-8761-exec-6> com.netflix.eureka.registry.AbstractInstanceRegistry : Registered instance BOOKSTORE-ORDER-SERVICE/LAPTOP-PIAE5DDA:bookstore-order-service:7001 with status DOWN (replication=true)
[2026-09-20 18:15:12 IST] INFO [Service Name -> bookstore-eureka-discovery-service], [TraceId -> 072ac17ffb32a03d], [SpanId -> 072ac17ffb32a03d] 
      <http-nio-8761-exec-6> com.netflix.eureka.registry.AbstractInstanceRegistry : Registered instance BOOKSTORE-CATALOG-SERVICE/LAPTOP-PIAE5DDA:bookstore-catalog-service:6001 with status DOWN (replication=true)
[2026-09-20 18:15:12 IST] INFO [Service Name -> bookstore-eureka-discovery-service], [TraceId -> 072ac17ffb32a03d], [SpanId -> 072ac17ffb32a03d] 
      <http-nio-8761-exec-6> com.netflix.eureka.registry.AbstractInstanceRegistry : Registered instance BOOKSTORE-ACCOUNT-SERVICE/LAPTOP-PIAE5DDA:bookstore-account-service:4001 with status DOWN (replication=true)
[2026-09-20 18:15:14 IST] INFO [Service Name -> bookstore-eureka-discovery-service], [TraceId -> 6b23a8fbbf066bb7], [SpanId -> 6b23a8fbbf066bb7] 
      <http-nio-8761-exec-7> com.netflix.eureka.registry.AbstractInstanceRegistry : Registered instance BOOKSTORE-PAYMENT-SERVICE/LAPTOP-PIAE5DDA:bookstore-payment-service:8001 with status DOWN (replication=true)
[2026-09-20 18:15:14 IST] INFO [Service Name -> bookstore-eureka-discovery-service], [TraceId -> 6b23a8fbbf066bb7], [SpanId -> 6b23a8fbbf066bb7] 
      <http-nio-8761-exec-7> com.netflix.eureka.registry.AbstractInstanceRegistry : Registered instance BOOKSTORE-API-GATEWAY-SERVICE/LAPTOP-PIAE5DDA:bookstore-api-gateway-service:8765 with status DOWN (replication=true)
[2026-09-20 18:15:14 IST] INFO [Service Name -> bookstore-eureka-discovery-service], [TraceId -> 6b23a8fbbf066bb7], [SpanId -> 6b23a8fbbf066bb7] 
      <http-nio-8761-exec-7> com.netflix.eureka.registry.AbstractInstanceRegistry : Registered instance BOOKSTORE-BILLING-SERVICE/LAPTOP-PIAE5DDA:bookstore-billing-service:5001 with status DOWN (replication=true)
[2026-09-20 18:15:14 IST] INFO [Service Name -> bookstore-eureka-discovery-service], [TraceId -> 6b23a8fbbf066bb7], [SpanId -> 6b23a8fbbf066bb7] 
      <http-nio-8761-exec-7> com.netflix.eureka.registry.AbstractInstanceRegistry : Registered instance BOOKSTORE-ORDER-SERVICE/LAPTOP-PIAE5DDA:bookstore-order-service:7001 with status DOWN (replication=true)
[2026-09-20 18:15:14 IST] INFO [Service Name -> bookstore-eureka-discovery-service], [TraceId -> 6b23a8fbbf066bb7], [SpanId -> 6b23a8fbbf066bb7] 
      <http-nio-8761-exec-7> com.netflix.eureka.registry.AbstractInstanceRegistry : Registered instance BOOKSTORE-CATALOG-SERVICE/LAPTOP-PIAE5DDA:bookstore-catalog-service:6001 with status DOWN (replication=true)
[2026-09-20 18:15:14 IST] INFO [Service Name -> bookstore-eureka-discovery-service], [TraceId -> 6b23a8fbbf066bb7], [SpanId -> 6b23a8fbbf066bb7] 
      <http-nio-8761-exec-7> com.netflix.eureka.registry.AbstractInstanceRegistry : Registered instance BOOKSTORE-ACCOUNT-SERVICE/LAPTOP-PIAE5DDA:bookstore-account-service:4001 with status DOWN (replication=true)
[2026-09-20 18:15:14 IST] ERROR [Service Name -> bookstore-eureka-discovery-service], [TraceId -> ], [SpanId -> ] 
      <TaskBatchingWorker-target_localhost-0> com.netflix.eureka.cluster.ReplicationTaskProcessor : It seems to be a socket read timeout exception, it will retry later. if it continues to happen and some eureka node occupied all the cpu time, you should set property 'eureka.server.peer-node-read-timeout-ms' to a bigger value
com.sun.jersey.api.client.ClientHandlerException: java.net.SocketTimeoutException: Read timed out
	at com.sun.jersey.client.apache4.ApacheHttpClient4Handler.handle(ApacheHttpClient4Handler.java:187)
	at com.netflix.eureka.cluster.DynamicGZIPContentEncodingFilter.handle(DynamicGZIPContentEncodingFilter.java:48)
	at com.netflix.discovery.EurekaIdentityHeaderFilter.handle(EurekaIdentityHeaderFilter.java:27)
	at com.sun.jersey.api.client.Client.handle(Client.java:652)
	at com.sun.jersey.api.client.WebResource.handle(WebResource.java:682)
	at com.sun.jersey.api.client.WebResource.access$200(WebResource.java:74)
	at com.sun.jersey.api.client.WebResource$Builder.post(WebResource.java:570)
	at com.netflix.eureka.transport.JerseyReplicationClient.submitBatchUpdates(JerseyReplicationClient.java:117)
	at com.netflix.eureka.cluster.ReplicationTaskProcessor.process(ReplicationTaskProcessor.java:80)
	at com.netflix.eureka.util.batcher.TaskExecutors$BatchWorkerRunnable.run(TaskExecutors.java:193)
	at java.lang.Thread.run(Thread.java:750)
Caused by: java.net.SocketTimeoutException: Read timed out
	at java.net.SocketInputStream.socketRead0(Native Method)
	at java.net.SocketInputStream.socketRead(SocketInputStream.java:116)
	at java.net.SocketInputStream.read(SocketInputStream.java:171)
	at java.net.SocketInputStream.read(SocketInputStream.java:141)
	at org.apache.http.impl.io.AbstractSessionInputBuffer.fillBuffer(AbstractSessionInputBuffer.java:161)
	at org.apache.http.impl.io.SocketInputBuffer.fillBuffer(SocketInputBuffer.java:82)
	at org.apache.http.impl.io.AbstractSessionInputBuffer.readLine(AbstractSessionInputBuffer.java:276)
	at org.apache.http.impl.conn.DefaultHttpResponseParser.parseHead(DefaultHttpResponseParser.java:138)
	at org.apache.http.impl.conn.DefaultHttpResponseParser.parseHead(DefaultHttpResponseParser.java:56)
	at org.apache.http.impl.io.AbstractMessageParser.parse(AbstractMessageParser.java:259)
	at org.apache.http.impl.AbstractHttpClientConnection.receiveResponseHeader(AbstractHttpClientConnection.java:294)
	at org.apache.http.impl.conn.DefaultClientConnection.receiveResponseHeader(DefaultClientConnection.java:257)
	at org.apache.http.impl.conn.AbstractClientConnAdapter.receiveResponseHeader(AbstractClientConnAdapter.java:230)
	at org.apache.http.protocol.HttpRequestExecutor.doReceiveResponse(HttpRequestExecutor.java:273)
	at org.apache.http.protocol.HttpRequestExecutor.execute(HttpRequestExecutor.java:125)
	at org.apache.http.impl.client.DefaultRequestDirector.tryExecute(DefaultRequestDirector.java:679)
	at org.apache.http.impl.client.DefaultRequestDirector.execute(DefaultRequestDirector.java:481)
	at org.apache.http.impl.client.AbstractHttpClient.doExecute(AbstractHttpClient.java:835)
	at org.apache.http.impl.client.CloseableHttpClient.execute(CloseableHttpClient.java:118)
	at org.apache.http.impl.client.CloseableHttpClient.execute(CloseableHttpClient.java:56)
	at com.sun.jersey.client.apache4.ApacheHttpClient4Handler.handle(ApacheHttpClient4Handler.java:173)
	... 10 common frames omitted
[2026-09-20 18:15:14 IST] INFO [Service Name -> bookstore-eureka-discovery-service], [TraceId -> 91aaea47ac2bd5d3], [SpanId -> 91aaea47ac2bd5d3] 
      <http-nio-8761-exec-3> com.netflix.eureka.registry.AbstractInstanceRegistry : Registered instance BOOKSTORE-BILLING-SERVICE/LAPTOP-PIAE5DDA:bookstore-billing-service:5001 with status DOWN (replication=false)
[2026-09-20 18:15:14 IST] INFO [Service Name -> bookstore-eureka-discovery-service], [TraceId -> 222b367978bda896], [SpanId -> 222b367978bda896] 
      <http-nio-8761-exec-4> com.netflix.eureka.registry.AbstractInstanceRegistry : Registered instance BOOKSTORE-CATALOG-SERVICE/LAPTOP-PIAE5DDA:bookstore-catalog-service:6001 with status DOWN (replication=false)
[2026-09-20 18:15:14 IST] INFO [Service Name -> bookstore-eureka-discovery-service], [TraceId -> ec6aa8015790164a], [SpanId -> ec6aa8015790164a] 
      <http-nio-8761-exec-11> com.netflix.eureka.registry.AbstractInstanceRegistry : Registered instance BOOKSTORE-ACCOUNT-SERVICE/LAPTOP-PIAE5DDA:bookstore-account-service:4001 with status DOWN (replication=false)
[2026-09-20 18:15:16 IST] INFO [Service Name -> bookstore-eureka-discovery-service], [TraceId -> 294137c6b1a47805], [SpanId -> 294137c6b1a47805] 
      <http-nio-8761-exec-8> com.netflix.eureka.registry.AbstractInstanceRegistry : Registered instance BOOKSTORE-PAYMENT-SERVICE/LAPTOP-PIAE5DDA:bookstore-payment-service:8001 with status DOWN (replication=true)
[2026-09-20 18:15:16 IST] INFO [Service Name -> bookstore-eureka-discovery-service], [TraceId -> 294137c6b1a47805], [SpanId -> 294137c6b1a47805] 
      <http-nio-8761-exec-8> com.netflix.eureka.registry.AbstractInstanceRegistry : Registered instance BOOKSTORE-API-GATEWAY-SERVICE/LAPTOP-PIAE5DDA:bookstore-api-gateway-service:8765 with status DOWN (replication=true)
[2026-09-20 18:15:16 IST] INFO [Service Name -> bookstore-eureka-discovery-service], [TraceId -> 294137c6b1a47805], [SpanId -> 294137c6b1a47805] 
      <http-nio-8761-exec-8> com.netflix.eureka.registry.AbstractInstanceRegistry : Registered instance BOOKSTORE-BILLING-SERVICE/LAPTOP-PIAE5DDA:bookstore-billing-service:5001 with status DOWN (replication=true)
[2026-09-20 18:15:16 IST] INFO [Service Name -> bookstore-eureka-discovery-service], [TraceId -> 294137c6b1a47805], [SpanId -> 294137c6b1a47805] 
      <http-nio-8761-exec-8> com.netflix.eureka.registry.AbstractInstanceRegistry : Registered instance BOOKSTORE-ORDER-SERVICE/LAPTOP-PIAE5DDA:bookstore-order-service:7001 with status DOWN (replication=true)
[2026-09-20 18:15:16 IST] INFO [Service Name -> bookstore-eureka-discovery-service], [TraceId -> 294137c6b1a47805], [SpanId -> 294137c6b1a47805] 
      <http-nio-8761-exec-8> com.netflix.eureka.registry.AbstractInstanceRegistry : Registered instance BOOKSTORE-CATALOG-SERVICE/LAPTOP-PIAE5DDA:bookstore-catalog-service:6001 with status DOWN (replication=true)
[2026-09-20 18:15:16 IST] INFO [Service Name -> bookstore-eureka-discovery-service], [TraceId -> 294137c6b1a47805], [SpanId -> 294137c6b1a47805] 
      <http-nio-8761-exec-8> com.netflix.eureka.registry.AbstractInstanceRegistry : Registered instance BOOKSTORE-ACCOUNT-SERVICE/LAPTOP-PIAE5DDA:bookstore-account-service:4001 with status DOWN (replication=true)
[2026-09-20 18:15:16 IST] INFO [Service Name -> bookstore-eureka-discovery-service], [TraceId -> ], [SpanId -> ] 
      <Eureka-EvictionTimer> com.netflix.eureka.registry.AbstractInstanceRegistry : Running the evict task with compensationTime 24ms
[2026-09-20 18:15:18 IST] INFO [Service Name -> bookstore-eureka-discovery-service], [TraceId -> ], [SpanId -> ] 
      <SpringContextShutdownHook> org.springframework.cloud.netflix.eureka.serviceregistry.EurekaServiceRegistry : Unregistering application BOOKSTORE-EUREKA-DISCOVERY-SERVICE with eureka with status DOWN
[2026-09-20 18:15:23 IST] INFO [Service Name -> bookstore-eureka-discovery-service], [TraceId -> 313d21839629c357], [SpanId -> 313d21839629c357] 
      <http-nio-8761-exec-5> com.netflix.eureka.registry.AbstractInstanceRegistry : Cancelled instance BOOKSTORE-PAYMENT-SERVICE/LAPTOP-PIAE5DDA:bookstore-payment-service:8001 (replication=false)
[2026-09-20 18:15:24 IST] WARN [Service Name -> bookstore-eureka-discovery-service], [TraceId -> ae2dbc499c0dba61], [SpanId -> ae2dbc499c0dba61] 
      <http-nio-8761-exec-8> com.netflix.eureka.registry.AbstractInstanceRegistry : DS: Registry: cancel failed because Lease is not registered for: BOOKSTORE-PAYMENT-SERVICE/LAPTOP-PIAE5DDA:bookstore-payment-service:8001
[2026-09-20 18:15:24 IST] INFO [Service Name -> bookstore-eureka-discovery-service], [TraceId -> ae2dbc499c0dba61], [SpanId -> ae2dbc499c0dba61] 
      <http-nio-8761-exec-8> com.netflix.eureka.resources.InstanceResource : Not Found (Cancel): BOOKSTORE-PAYMENT-SERVICE - LAPTOP-PIAE5DDA:bookstore-payment-service:8001
[2026-09-20 18:15:27 IST] WARN [Service Name -> bookstore-eureka-discovery-service], [TraceId -> ba9f62422b2c4b17], [SpanId -> ba9f62422b2c4b17] 
      <http-nio-8761-exec-9> com.netflix.eureka.registry.AbstractInstanceRegistry : DS: Registry: cancel failed because Lease is not registered for: BOOKSTORE-PAYMENT-SERVICE/LAPTOP-PIAE5DDA:bookstore-payment-service:8001
[2026-09-20 18:15:27 IST] INFO [Service Name -> bookstore-eureka-discovery-service], [TraceId -> ba9f62422b2c4b17], [SpanId -> ba9f62422b2c4b17] 
      <http-nio-8761-exec-9> com.netflix.eureka.resources.InstanceResource : Not Found (Cancel): BOOKSTORE-PAYMENT-SERVICE - LAPTOP-PIAE5DDA:bookstore-payment-service:8001
[2026-09-20 18:15:27 IST] WARN [Service Name -> bookstore-eureka-discovery-service], [TraceId -> ], [SpanId -> ] 
      <TaskBatchingWorker-target_localhost-16> com.netflix.eureka.cluster.ReplicationTask : The replication of task BOOKSTORE-PAYMENT-SERVICE/LAPTOP-PIAE5DDA:bookstore-payment-service:8001:Cancel@localhost failed with response code 404
[2026-09-20 18:15:27 IST] WARN [Service Name -> bookstore-eureka-discovery-service], [TraceId -> ], [SpanId -> ] 
      <TaskBatchingWorker-target_localhost-16> com.netflix.eureka.cluster.PeerEurekaNode : BOOKSTORE-PAYMENT-SERVICE/LAPTOP-PIAE5DDA:bookstore-payment-service:8001:Cancel@localhost: missing entry.
[2026-09-20 18:15:29 IST] INFO [Service Name -> bookstore-eureka-discovery-service], [TraceId -> f02d7acbba32dc67], [SpanId -> f02d7acbba32dc67] 
      <http-nio-8761-exec-6> com.netflix.eureka.registry.AbstractInstanceRegistry : Cancelled instance BOOKSTORE-API-GATEWAY-SERVICE/LAPTOP-PIAE5DDA:bookstore-api-gateway-service:8765 (replication=false)
[2026-09-20 18:15:30 IST] WARN [Service Name -> bookstore-eureka-discovery-service], [TraceId -> 495f04ddcd36906a], [SpanId -> 495f04ddcd36906a] 
      <http-nio-8761-exec-7> com.netflix.eureka.registry.AbstractInstanceRegistry : DS: Registry: cancel failed because Lease is not registered for: BOOKSTORE-API-GATEWAY-SERVICE/LAPTOP-PIAE5DDA:bookstore-api-gateway-service:8765
[2026-09-20 18:15:30 IST] INFO [Service Name -> bookstore-eureka-discovery-service], [TraceId -> 495f04ddcd36906a], [SpanId -> 495f04ddcd36906a] 
      <http-nio-8761-exec-7> com.netflix.eureka.resources.InstanceResource : Not Found (Cancel): BOOKSTORE-API-GATEWAY-SERVICE - LAPTOP-PIAE5DDA:bookstore-api-gateway-service:8765
[2026-09-20 18:15:30 IST] ERROR [Service Name -> bookstore-eureka-discovery-service], [TraceId -> ], [SpanId -> ] 
      <TaskBatchingWorker-target_localhost-3> com.netflix.eureka.cluster.ReplicationTaskProcessor : It seems to be a socket read timeout exception, it will retry later. if it continues to happen and some eureka node occupied all the cpu time, you should set property 'eureka.server.peer-node-read-timeout-ms' to a bigger value
com.sun.jersey.api.client.ClientHandlerException: java.net.SocketTimeoutException: Read timed out
	at com.sun.jersey.client.apache4.ApacheHttpClient4Handler.handle(ApacheHttpClient4Handler.java:187)
	at com.netflix.eureka.cluster.DynamicGZIPContentEncodingFilter.handle(DynamicGZIPContentEncodingFilter.java:48)
	at com.netflix.discovery.EurekaIdentityHeaderFilter.handle(EurekaIdentityHeaderFilter.java:27)
	at com.sun.jersey.api.client.Client.handle(Client.java:652)
	at com.sun.jersey.api.client.WebResource.handle(WebResource.java:682)
	at com.sun.jersey.api.client.WebResource.access$200(WebResource.java:74)
	at com.sun.jersey.api.client.WebResource$Builder.post(WebResource.java:570)
	at com.netflix.eureka.transport.JerseyReplicationClient.submitBatchUpdates(JerseyReplicationClient.java:117)
	at com.netflix.eureka.cluster.ReplicationTaskProcessor.process(ReplicationTaskProcessor.java:80)
	at com.netflix.eureka.util.batcher.TaskExecutors$BatchWorkerRunnable.run(TaskExecutors.java:193)
	at java.lang.Thread.run(Thread.java:750)
Caused by: java.net.SocketTimeoutException: Read timed out
	at java.net.SocketInputStream.socketRead0(Native Method)
	at java.net.SocketInputStream.socketRead(SocketInputStream.java:116)
	at java.net.SocketInputStream.read(SocketInputStream.java:171)
	at java.net.SocketInputStream.read(SocketInputStream.java:141)
	at org.apache.http.impl.io.AbstractSessionInputBuffer.fillBuffer(AbstractSessionInputBuffer.java:161)
	at org.apache.http.impl.io.SocketInputBuffer.fillBuffer(SocketInputBuffer.java:82)
	at org.apache.http.impl.io.AbstractSessionInputBuffer.readLine(AbstractSessionInputBuffer.java:276)
	at org.apache.http.impl.conn.DefaultHttpResponseParser.parseHead(DefaultHttpResponseParser.java:138)
	at org.apache.http.impl.conn.DefaultHttpResponseParser.parseHead(DefaultHttpResponseParser.java:56)
	at org.apache.http.impl.io.AbstractMessageParser.parse(AbstractMessageParser.java:259)
	at org.apache.http.impl.AbstractHttpClientConnection.receiveResponseHeader(AbstractHttpClientConnection.java:294)
	at org.apache.http.impl.conn.DefaultClientConnection.receiveResponseHeader(DefaultClientConnection.java:257)
	at org.apache.http.impl.conn.AbstractClientConnAdapter.receiveResponseHeader(AbstractClientConnAdapter.java:230)
	at org.apache.http.protocol.HttpRequestExecutor.doReceiveResponse(HttpRequestExecutor.java:273)
	at org.apache.http.protocol.HttpRequestExecutor.execute(HttpRequestExecutor.java:125)
	at org.apache.http.impl.client.DefaultRequestDirector.tryExecute(DefaultRequestDirector.java:679)
	at org.apache.http.impl.client.DefaultRequestDirector.execute(DefaultRequestDirector.java:481)
	at org.apache.http.impl.client.AbstractHttpClient.doExecute(AbstractHttpClient.java:835)
	at org.apache.http.impl.client.CloseableHttpClient.execute(CloseableHttpClient.java:118)
	at org.apache.http.impl.client.CloseableHttpClient.execute(CloseableHttpClient.java:56)
	at com.sun.jersey.client.apache4.ApacheHttpClient4Handler.handle(ApacheHttpClient4Handler.java:173)
	... 10 common frames omitted
[2026-09-20 18:15:31 IST] WARN [Service Name -> bookstore-eureka-discovery-service], [TraceId -> a6967e2ddd3a2d99], [SpanId -> a6967e2ddd3a2d99] 
      <http-nio-8761-exec-2> com.netflix.eureka.registry.AbstractInstanceRegistry : DS: Registry: cancel failed because Lease is not registered for: BOOKSTORE-API-GATEWAY-SERVICE/LAPTOP-PIAE5DDA:bookstore-api-gateway-service:8765
[2026-09-20 18:15:31 IST] INFO [Service Name -> bookstore-eureka-discovery-service], [TraceId -> a6967e2ddd3a2d99], [SpanId -> a6967e2ddd3a2d99] 
      <http-nio-8761-exec-2> com.netflix.eureka.resources.InstanceResource : Not Found (Cancel): BOOKSTORE-API-GATEWAY-SERVICE - LAPTOP-PIAE5DDA:bookstore-api-gateway-service:8765
[2026-09-20 18:15:31 IST] WARN [Service Name -> bookstore-eureka-discovery-service], [TraceId -> ], [SpanId -> ] 
      <TaskBatchingWorker-target_localhost-13> com.netflix.eureka.cluster.ReplicationTask : The replication of task BOOKSTORE-API-GATEWAY-SERVICE/LAPTOP-PIAE5DDA:bookstore-api-gateway-service:8765:Cancel@localhost failed with response code 404
[2026-09-20 18:15:32 IST] WARN [Service Name -> bookstore-eureka-discovery-service], [TraceId -> ], [SpanId -> ] 
      <TaskBatchingWorker-target_localhost-13> com.netflix.eureka.cluster.PeerEurekaNode : BOOKSTORE-API-GATEWAY-SERVICE/LAPTOP-PIAE5DDA:bookstore-api-gateway-service:8765:Cancel@localhost: missing entry.
[2026-09-20 18:15:37 IST] INFO [Service Name -> bookstore-eureka-discovery-service], [TraceId -> fa01372ce9cf7df5], [SpanId -> fa01372ce9cf7df5] 
      <http-nio-8761-exec-3> com.netflix.eureka.registry.AbstractInstanceRegistry : Cancelled instance BOOKSTORE-ORDER-SERVICE/LAPTOP-PIAE5DDA:bookstore-order-service:7001 (replication=false)
[2026-09-20 18:15:39 IST] ERROR [Service Name -> bookstore-eureka-discovery-service], [TraceId -> ], [SpanId -> ] 
      <TaskBatchingWorker-target_localhost-3> com.netflix.eureka.cluster.ReplicationTaskProcessor : It seems to be a socket read timeout exception, it will retry later. if it continues to happen and some eureka node occupied all the cpu time, you should set property 'eureka.server.peer-node-read-timeout-ms' to a bigger value
com.sun.jersey.api.client.ClientHandlerException: java.net.SocketTimeoutException: Read timed out
	at com.sun.jersey.client.apache4.ApacheHttpClient4Handler.handle(ApacheHttpClient4Handler.java:187)
	at com.netflix.eureka.cluster.DynamicGZIPContentEncodingFilter.handle(DynamicGZIPContentEncodingFilter.java:48)
	at com.netflix.discovery.EurekaIdentityHeaderFilter.handle(EurekaIdentityHeaderFilter.java:27)
	at com.sun.jersey.api.client.Client.handle(Client.java:652)
	at com.sun.jersey.api.client.WebResource.handle(WebResource.java:682)
	at com.sun.jersey.api.client.WebResource.access$200(WebResource.java:74)
	at com.sun.jersey.api.client.WebResource$Builder.post(WebResource.java:570)
	at com.netflix.eureka.transport.JerseyReplicationClient.submitBatchUpdates(JerseyReplicationClient.java:117)
	at com.netflix.eureka.cluster.ReplicationTaskProcessor.process(ReplicationTaskProcessor.java:80)
	at com.netflix.eureka.util.batcher.TaskExecutors$BatchWorkerRunnable.run(TaskExecutors.java:193)
	at java.lang.Thread.run(Thread.java:750)
Caused by: java.net.SocketTimeoutException: Read timed out
	at java.net.SocketInputStream.socketRead0(Native Method)
	at java.net.SocketInputStream.socketRead(SocketInputStream.java:116)
	at java.net.SocketInputStream.read(SocketInputStream.java:171)
	at java.net.SocketInputStream.read(SocketInputStream.java:141)
	at org.apache.http.impl.io.AbstractSessionInputBuffer.fillBuffer(AbstractSessionInputBuffer.java:161)
	at org.apache.http.impl.io.SocketInputBuffer.fillBuffer(SocketInputBuffer.java:82)
	at org.apache.http.impl.io.AbstractSessionInputBuffer.readLine(AbstractSessionInputBuffer.java:276)
	at org.apache.http.impl.conn.DefaultHttpResponseParser.parseHead(DefaultHttpResponseParser.java:138)
	at org.apache.http.impl.conn.DefaultHttpResponseParser.parseHead(DefaultHttpResponseParser.java:56)
	at org.apache.http.impl.io.AbstractMessageParser.parse(AbstractMessageParser.java:259)
	at org.apache.http.impl.AbstractHttpClientConnection.receiveResponseHeader(AbstractHttpClientConnection.java:294)
	at org.apache.http.impl.conn.DefaultClientConnection.receiveResponseHeader(DefaultClientConnection.java:257)
	at org.apache.http.impl.conn.AbstractClientConnAdapter.receiveResponseHeader(AbstractClientConnAdapter.java:230)
	at org.apache.http.protocol.HttpRequestExecutor.doReceiveResponse(HttpRequestExecutor.java:273)
	at org.apache.http.protocol.HttpRequestExecutor.execute(HttpRequestExecutor.java:125)
	at org.apache.http.impl.client.DefaultRequestDirector.tryExecute(DefaultRequestDirector.java:679)
	at org.apache.http.impl.client.DefaultRequestDirector.execute(DefaultRequestDirector.java:481)
	at org.apache.http.impl.client.AbstractHttpClient.doExecute(AbstractHttpClient.java:835)
	at org.apache.http.impl.client.CloseableHttpClient.execute(CloseableHttpClient.java:118)
	at org.apache.http.impl.client.CloseableHttpClient.execute(CloseableHttpClient.java:56)
	at com.sun.jersey.client.apache4.ApacheHttpClient4Handler.handle(ApacheHttpClient4Handler.java:173)
	... 10 common frames omitted
[2026-09-20 18:15:40 IST] ERROR [Service Name -> bookstore-eureka-discovery-service], [TraceId -> ], [SpanId -> ] 
      <TaskBatchingWorker-target_localhost-13> com.netflix.eureka.cluster.ReplicationTaskProcessor : Network level connection to peer localhost; retrying after delay
com.sun.jersey.api.client.ClientHandlerException: java.net.SocketException: Software caused connection abort: recv failed
	at com.sun.jersey.client.apache4.ApacheHttpClient4Handler.handle(ApacheHttpClient4Handler.java:187)
	at com.netflix.eureka.cluster.DynamicGZIPContentEncodingFilter.handle(DynamicGZIPContentEncodingFilter.java:48)
	at com.netflix.discovery.EurekaIdentityHeaderFilter.handle(EurekaIdentityHeaderFilter.java:27)
	at com.sun.jersey.api.client.Client.handle(Client.java:652)
	at com.sun.jersey.api.client.WebResource.handle(WebResource.java:682)
	at com.sun.jersey.api.client.WebResource.access$200(WebResource.java:74)
	at com.sun.jersey.api.client.WebResource$Builder.post(WebResource.java:570)
	at com.netflix.eureka.transport.JerseyReplicationClient.submitBatchUpdates(JerseyReplicationClient.java:117)
	at com.netflix.eureka.cluster.ReplicationTaskProcessor.process(ReplicationTaskProcessor.java:80)
	at com.netflix.eureka.util.batcher.TaskExecutors$BatchWorkerRunnable.run(TaskExecutors.java:193)
	at java.lang.Thread.run(Thread.java:750)
Caused by: java.net.SocketException: Software caused connection abort: recv failed
	at java.net.SocketInputStream.socketRead0(Native Method)
	at java.net.SocketInputStream.socketRead(SocketInputStream.java:116)
	at java.net.SocketInputStream.read(SocketInputStream.java:171)
	at java.net.SocketInputStream.read(SocketInputStream.java:141)
	at org.apache.http.impl.io.AbstractSessionInputBuffer.fillBuffer(AbstractSessionInputBuffer.java:161)
	at org.apache.http.impl.io.SocketInputBuffer.fillBuffer(SocketInputBuffer.java:82)
	at org.apache.http.impl.io.AbstractSessionInputBuffer.readLine(AbstractSessionInputBuffer.java:276)
	at org.apache.http.impl.conn.DefaultHttpResponseParser.parseHead(DefaultHttpResponseParser.java:138)
	at org.apache.http.impl.conn.DefaultHttpResponseParser.parseHead(DefaultHttpResponseParser.java:56)
	at org.apache.http.impl.io.AbstractMessageParser.parse(AbstractMessageParser.java:259)
	at org.apache.http.impl.AbstractHttpClientConnection.receiveResponseHeader(AbstractHttpClientConnection.java:294)
	at org.apache.http.impl.conn.DefaultClientConnection.receiveResponseHeader(DefaultClientConnection.java:257)
	at org.apache.http.impl.conn.AbstractClientConnAdapter.receiveResponseHeader(AbstractClientConnAdapter.java:230)
	at org.apache.http.protocol.HttpRequestExecutor.doReceiveResponse(HttpRequestExecutor.java:273)
	at org.apache.http.protocol.HttpRequestExecutor.execute(HttpRequestExecutor.java:125)
	at org.apache.http.impl.client.DefaultRequestDirector.tryExecute(DefaultRequestDirector.java:679)
	at org.apache.http.impl.client.DefaultRequestDirector.execute(DefaultRequestDirector.java:481)
	at org.apache.http.impl.client.AbstractHttpClient.doExecute(AbstractHttpClient.java:835)
	at org.apache.http.impl.client.CloseableHttpClient.execute(CloseableHttpClient.java:118)
	at org.apache.http.impl.client.CloseableHttpClient.execute(CloseableHttpClient.java:56)
	at com.sun.jersey.client.apache4.ApacheHttpClient4Handler.handle(ApacheHttpClient4Handler.java:173)
	... 10 common frames omitted
[2026-09-20 18:15:40 IST] ERROR [Service Name -> bookstore-eureka-discovery-service], [TraceId -> ], [SpanId -> ] 
      <TaskBatchingWorker-target_localhost-12> com.netflix.eureka.cluster.ReplicationTaskProcessor : It seems to be a socket read timeout exception, it will retry later. if it continues to happen and some eureka node occupied all the cpu time, you should set property 'eureka.server.peer-node-read-timeout-ms' to a bigger value
com.sun.jersey.api.client.ClientHandlerException: java.net.SocketTimeoutException: Read timed out
	at com.sun.jersey.client.apache4.ApacheHttpClient4Handler.handle(ApacheHttpClient4Handler.java:187)
	at com.netflix.eureka.cluster.DynamicGZIPContentEncodingFilter.handle(DynamicGZIPContentEncodingFilter.java:48)
	at com.netflix.discovery.EurekaIdentityHeaderFilter.handle(EurekaIdentityHeaderFilter.java:27)
	at com.sun.jersey.api.client.Client.handle(Client.java:652)
	at com.sun.jersey.api.client.WebResource.handle(WebResource.java:682)
	at com.sun.jersey.api.client.WebResource.access$200(WebResource.java:74)
	at com.sun.jersey.api.client.WebResource$Builder.post(WebResource.java:570)
	at com.netflix.eureka.transport.JerseyReplicationClient.submitBatchUpdates(JerseyReplicationClient.java:117)
	at com.netflix.eureka.cluster.ReplicationTaskProcessor.process(ReplicationTaskProcessor.java:80)
	at com.netflix.eureka.util.batcher.TaskExecutors$BatchWorkerRunnable.run(TaskExecutors.java:193)
	at java.lang.Thread.run(Thread.java:750)
Caused by: java.net.SocketTimeoutException: Read timed out
	at java.net.SocketInputStream.socketRead0(Native Method)
	at java.net.SocketInputStream.socketRead(SocketInputStream.java:116)
	at java.net.SocketInputStream.read(SocketInputStream.java:171)
	at java.net.SocketInputStream.read(SocketInputStream.java:141)
	at org.apache.http.impl.io.AbstractSessionInputBuffer.fillBuffer(AbstractSessionInputBuffer.java:161)
	at org.apache.http.impl.io.SocketInputBuffer.fillBuffer(SocketInputBuffer.java:82)
	at org.apache.http.impl.io.AbstractSessionInputBuffer.readLine(AbstractSessionInputBuffer.java:276)
	at org.apache.http.impl.conn.DefaultHttpResponseParser.parseHead(DefaultHttpResponseParser.java:138)
	at org.apache.http.impl.conn.DefaultHttpResponseParser.parseHead(DefaultHttpResponseParser.java:56)
	at org.apache.http.impl.io.AbstractMessageParser.parse(AbstractMessageParser.java:259)
	at org.apache.http.impl.AbstractHttpClientConnection.receiveResponseHeader(AbstractHttpClientConnection.java:294)
	at org.apache.http.impl.conn.DefaultClientConnection.receiveResponseHeader(DefaultClientConnection.java:257)
	at org.apache.http.impl.conn.AbstractClientConnAdapter.receiveResponseHeader(AbstractClientConnAdapter.java:230)
	at org.apache.http.protocol.HttpRequestExecutor.doReceiveResponse(HttpRequestExecutor.java:273)
	at org.apache.http.protocol.HttpRequestExecutor.execute(HttpRequestExecutor.java:125)
	at org.apache.http.impl.client.DefaultRequestDirector.tryExecute(DefaultRequestDirector.java:679)
	at org.apache.http.impl.client.DefaultRequestDirector.execute(DefaultRequestDirector.java:481)
	at org.apache.http.impl.client.AbstractHttpClient.doExecute(AbstractHttpClient.java:835)
	at org.apache.http.impl.client.CloseableHttpClient.execute(CloseableHttpClient.java:118)
	at org.apache.http.impl.client.CloseableHttpClient.execute(CloseableHttpClient.java:56)
	at com.sun.jersey.client.apache4.ApacheHttpClient4Handler.handle(ApacheHttpClient4Handler.java:173)
	... 10 common frames omitted
[2026-09-20 18:15:46 IST] ERROR [Service Name -> bookstore-eureka-discovery-service], [TraceId -> ], [SpanId -> ] 
      <SpringContextShutdownHook> com.netflix.eureka.registry.PeerAwareInstanceRegistryImpl : Cannot shutdown ReplicaAwareInstanceRegistry
java.lang.NullPointerException: null
	at com.netflix.eureka.registry.PeerAwareInstanceRegistryImpl.shutdown(PeerAwareInstanceRegistryImpl.java:174)
	at sun.reflect.NativeMethodAccessorImpl.invoke0(Native Method)
	at sun.reflect.NativeMethodAccessorImpl.invoke(NativeMethodAccessorImpl.java:62)
	at sun.reflect.DelegatingMethodAccessorImpl.invoke(DelegatingMethodAccessorImpl.java:43)
	at java.lang.reflect.Method.invoke(Method.java:498)
	at org.springframework.beans.factory.support.DisposableBeanAdapter.invokeCustomDestroyMethod(DisposableBeanAdapter.java:339)
	at org.springframework.beans.factory.support.DisposableBeanAdapter.destroy(DisposableBeanAdapter.java:273)
	at org.springframework.beans.factory.support.DefaultSingletonBeanRegistry.destroyBean(DefaultSingletonBeanRegistry.java:587)
	at org.springframework.beans.factory.support.DefaultSingletonBeanRegistry.destroySingleton(DefaultSingletonBeanRegistry.java:559)
	at org.springframework.beans.factory.support.DefaultListableBeanFactory.destroySingleton(DefaultListableBeanFactory.java:1092)
	at org.springframework.beans.factory.support.DefaultSingletonBeanRegistry.destroySingletons(DefaultSingletonBeanRegistry.java:520)
	at org.springframework.beans.factory.support.DefaultListableBeanFactory.destroySingletons(DefaultListableBeanFactory.java:1085)
	at org.springframework.context.support.AbstractApplicationContext.destroyBeans(AbstractApplicationContext.java:1061)
	at org.springframework.context.support.AbstractApplicationContext.doClose(AbstractApplicationContext.java:1030)
	at org.springframework.boot.web.servlet.context.ServletWebServerApplicationContext.doClose(ServletWebServerApplicationContext.java:170)
	at org.springframework.context.support.AbstractApplicationContext$1.run(AbstractApplicationContext.java:949)
[2026-09-20 18:15:46 IST] INFO [Service Name -> bookstore-eureka-discovery-service], [TraceId -> ], [SpanId -> ] 
      <SpringContextShutdownHook> com.netflix.eureka.DefaultEurekaServerContext : Shutting down ...
[2026-09-20 18:15:46 IST] INFO [Service Name -> bookstore-eureka-discovery-service], [TraceId -> ], [SpanId -> ] 
      <SpringContextShutdownHook> com.netflix.eureka.DefaultEurekaServerContext : Shut down
[2026-09-20 18:15:47 IST] INFO [Service Name -> bookstore-eureka-discovery-service], [TraceId -> ], [SpanId -> ] 
      <SpringContextShutdownHook> org.springframework.scheduling.concurrent.ThreadPoolTaskExecutor : Shutting down ExecutorService 'applicationTaskExecutor'
[2026-09-20 18:15:48 IST] INFO [Service Name -> bookstore-eureka-discovery-service], [TraceId -> ], [SpanId -> ] 
      <SpringContextShutdownHook> com.netflix.discovery.DiscoveryClient : Shutting down DiscoveryClient ...
[2026-09-20 18:15:48 IST] INFO [Service Name -> bookstore-eureka-discovery-service], [TraceId -> ], [SpanId -> ] 
      <SpringContextShutdownHook> com.netflix.discovery.DiscoveryClient : Completed shut down of DiscoveryClient
