[2026-09-20 16:21:37 IST] INFO [Service Name -> bookstore-order-service], [TraceId -> ], [SpanId -> ] 
      <background-preinit> org.hibernate.validator.internal.util.Version : HV000001: Hibernate Validator 6.1.5.Final
[2026-09-20 16:21:38 IST] INFO [Service Name -> bookstore-order-service], [TraceId -> ], [SpanId -> ] 
      <main> org.springframework.context.support.PostProcessorRegistrationDelegate$BeanPostProcessorChecker : Bean 'org.springframework.cloud.autoconfigure.ConfigurationPropertiesRebinderAutoConfiguration' of type [org.springframework.cloud.autoconfigure.ConfigurationPropertiesRebinderAutoConfiguration] is not eligible for getting processed by all BeanPostProcessors (for example: not eligible for auto-proxying)
[2026-09-20 16:21:40 IST] INFO [Service Name -> bookstore-order-service], [TraceId -> ], [SpanId -> ] 
      <main> com.devd.spring.bookstoreorderservice.BookstoreOrderServiceApplication : The following profiles are active: local
[2026-09-20 16:21:48 IST] INFO [Service Name -> bookstore-order-service], [TraceId -> ], [SpanId -> ] 
      <main> org.springframework.data.repository.config.RepositoryConfigurationDelegate : Bootstrapping Spring Data JPA repositories in DEFERRED mode.
[2026-09-20 16:21:48 IST] INFO [Service Name -> bookstore-order-service], [TraceId -> ], [SpanId -> ] 
      <main> org.springframework.data.repository.config.RepositoryConfigurationDelegate : Finished Spring Data repository scanning in 399ms. Found 6 JPA repository interfaces.
[2026-09-20 16:21:50 IST] INFO [Service Name -> bookstore-order-service], [TraceId -> ], [SpanId -> ] 
      <main> org.springframework.cloud.context.scope.GenericScope : BeanFactory id=da342a52-c4f5-3c93-8201-90d6db62a2a3
[2026-09-20 16:21:52 IST] INFO [Service Name -> bookstore-order-service], [TraceId -> ], [SpanId -> ] 
      <main> org.springframework.context.support.PostProcessorRegistrationDelegate$BeanPostProcessorChecker : Bean 'org.springframework.security.access.expression.method.DefaultMethodSecurityExpressionHandler@5e3db14' of type [org.springframework.security.access.expression.method.DefaultMethodSecurityExpressionHandler] is not eligible for getting processed by all BeanPostProcessors (for example: not eligible for auto-proxying)
[2026-09-20 16:21:52 IST] INFO [Service Name -> bookstore-order-service], [TraceId -> ], [SpanId -> ] 
      <main> org.springframework.context.support.PostProcessorRegistrationDelegate$BeanPostProcessorChecker : Bean 'methodSecurityMetadataSource' of type [org.springframework.security.access.method.DelegatingMethodSecurityMetadataSource] is not eligible for getting processed by all BeanPostProcessors (for example: not eligible for auto-proxying)
[2026-09-20 16:21:52 IST] INFO [Service Name -> bookstore-order-service], [TraceId -> ], [SpanId -> ] 
      <main> org.springframework.context.support.PostProcessorRegistrationDelegate$BeanPostProcessorChecker : Bean 'org.springframework.cloud.autoconfigure.ConfigurationPropertiesRebinderAutoConfiguration' of type [org.springframework.cloud.autoconfigure.ConfigurationPropertiesRebinderAutoConfiguration] is not eligible for getting processed by all BeanPostProcessors (for example: not eligible for auto-proxying)
[2026-09-20 16:21:53 IST] INFO [Service Name -> bookstore-order-service], [TraceId -> ], [SpanId -> ] 
      <main> org.springframework.boot.web.embedded.tomcat.TomcatWebServer : Tomcat initialized with port(s): 7001 (http)
[2026-09-20 16:21:53 IST] INFO [Service Name -> bookstore-order-service], [TraceId -> ], [SpanId -> ] 
      <main> org.apache.coyote.http11.Http11NioProtocol : Initializing ProtocolHandler ["http-nio-7001"]
[2026-09-20 16:21:53 IST] INFO [Service Name -> bookstore-order-service], [TraceId -> ], [SpanId -> ] 
      <main> org.apache.catalina.core.StandardService : Starting service [Tomcat]
[2026-09-20 16:21:53 IST] INFO [Service Name -> bookstore-order-service], [TraceId -> ], [SpanId -> ] 
      <main> org.apache.catalina.core.StandardEngine : Starting Servlet engine: [Apache Tomcat/9.0.38]
[2026-09-20 16:21:54 IST] INFO [Service Name -> bookstore-order-service], [TraceId -> ], [SpanId -> ] 
      <main> org.apache.catalina.core.ContainerBase.[Tomcat].[localhost].[/] : Initializing Spring embedded WebApplicationContext
[2026-09-20 16:21:54 IST] INFO [Service Name -> bookstore-order-service], [TraceId -> ], [SpanId -> ] 
      <main> org.springframework.boot.web.servlet.context.ServletWebServerApplicationContext : Root WebApplicationContext: initialization completed in 13179 ms
[2026-09-20 16:21:55 IST] WARN [Service Name -> bookstore-order-service], [TraceId -> ], [SpanId -> ] 
      <main> com.netflix.config.sources.URLConfigurationSource : No URLs will be polled as dynamic configuration sources.
[2026-09-20 16:21:55 IST] INFO [Service Name -> bookstore-order-service], [TraceId -> ], [SpanId -> ] 
      <main> com.netflix.config.sources.URLConfigurationSource : To enable URLs as dynamic configuration sources, define System property archaius.configurationSource.additionalUrls or make config.properties available on classpath.
[2026-09-20 16:21:55 IST] INFO [Service Name -> bookstore-order-service], [TraceId -> ], [SpanId -> ] 
      <main> com.netflix.config.DynamicPropertyFactory : DynamicPropertyFactory is initialized with configuration sources: com.netflix.config.ConcurrentCompositeConfiguration@645dc557
[2026-09-20 16:21:55 IST] INFO [Service Name -> bookstore-order-service], [TraceId -> ], [SpanId -> ] 
      <main> com.zaxxer.hikari.HikariDataSource : HikariPool-1 - Starting...
[2026-09-20 16:21:56 IST] INFO [Service Name -> bookstore-order-service], [TraceId -> ], [SpanId -> ] 
      <main> com.zaxxer.hikari.HikariDataSource : HikariPool-1 - Start completed.
[2026-09-20 16:21:56 IST] INFO [Service Name -> bookstore-order-service], [TraceId -> ], [SpanId -> ] 
      <main> org.springframework.boot.autoconfigure.h2.H2ConsoleAutoConfiguration : H2 console available at '/h2-console'. Database available at 'jdbc:h2:mem:bookstore_db'
[2026-09-20 16:21:56 IST] WARN [Service Name -> bookstore-order-service], [TraceId -> ], [SpanId -> ] 
      <main> org.springframework.boot.actuate.endpoint.EndpointId : Endpoint ID 'service-registry' contains invalid characters, please migrate to a valid format.
[2026-09-20 16:21:58 IST] WARN [Service Name -> bookstore-order-service], [TraceId -> ], [SpanId -> ] 
      <main> org.springframework.cloud.sleuth.zipkin2.ZipkinAutoConfiguration : Check result of the [AsyncReporter{org.springframework.cloud.sleuth.zipkin2.sender.RestTemplateSender@38054d01}] contains an error [CheckResult{ok=false, error=org.springframework.web.client.ResourceAccessException: I/O error on POST request for "http://localhost:9411/api/v2/spans": connect timed out; nested exception is java.net.SocketTimeoutException: connect timed out}]
[2026-09-20 16:22:00 IST] INFO [Service Name -> bookstore-order-service], [TraceId -> ], [SpanId -> ] 
      <main> org.flywaydb.core.internal.license.VersionPrinter : Flyway Community Edition 5.2.4 by Boxfuse
[2026-09-20 16:22:00 IST] INFO [Service Name -> bookstore-order-service], [TraceId -> ], [SpanId -> ] 
      <main> org.flywaydb.core.internal.database.DatabaseFactory : Database: jdbc:h2:mem:bookstore_db (H2 1.4)
[2026-09-20 16:22:01 IST] INFO [Service Name -> bookstore-order-service], [TraceId -> ], [SpanId -> ] 
      <main> org.flywaydb.core.internal.command.DbValidate : Successfully validated 2 migrations (execution time 00:00.197s)
[2026-09-20 16:22:01 IST] INFO [Service Name -> bookstore-order-service], [TraceId -> ], [SpanId -> ] 
      <main> org.flywaydb.core.internal.schemahistory.JdbcTableSchemaHistory : Creating Schema History table: "PUBLIC"."order_service_flyway_history"
[2026-09-20 16:22:01 IST] INFO [Service Name -> bookstore-order-service], [TraceId -> ], [SpanId -> ] 
      <main> org.flywaydb.core.internal.command.DbMigrate : Current version of schema "PUBLIC": << Empty Schema >>
[2026-09-20 16:22:01 IST] INFO [Service Name -> bookstore-order-service], [TraceId -> ], [SpanId -> ] 
      <main> org.flywaydb.core.internal.command.DbMigrate : Migrating schema "PUBLIC" to version 1 - order service schema
[2026-09-20 16:22:01 IST] INFO [Service Name -> bookstore-order-service], [TraceId -> ], [SpanId -> ] 
      <main> org.flywaydb.core.internal.command.DbMigrate : Migrating schema "PUBLIC" to version 2 - order service initial data
[2026-09-20 16:22:01 IST] INFO [Service Name -> bookstore-order-service], [TraceId -> ], [SpanId -> ] 
      <main> org.flywaydb.core.internal.command.DbMigrate : Successfully applied 2 migrations to schema "PUBLIC" (execution time 00:00.255s)
[2026-09-20 16:22:01 IST] INFO [Service Name -> bookstore-order-service], [TraceId -> ], [SpanId -> ] 
      <main> org.springframework.scheduling.concurrent.ThreadPoolTaskExecutor : Initializing ExecutorService 'applicationTaskExecutor'
[2026-09-20 16:22:02 IST] INFO [Service Name -> bookstore-order-service], [TraceId -> ], [SpanId -> ] 
      <task-1> org.hibernate.jpa.internal.util.LogHelper : HHH000204: Processing PersistenceUnitInfo [name: default]
[2026-09-20 16:22:02 IST] INFO [Service Name -> bookstore-order-service], [TraceId -> ], [SpanId -> ] 
      <task-1> org.hibernate.Version : HHH000412: Hibernate ORM core version 5.4.21.Final
[2026-09-20 16:22:03 IST] INFO [Service Name -> bookstore-order-service], [TraceId -> ], [SpanId -> ] 
      <task-1> org.hibernate.annotations.common.Version : HCANN000001: Hibernate Commons Annotations {5.1.0.Final}
[2026-09-20 16:22:03 IST] INFO [Service Name -> bookstore-order-service], [TraceId -> ], [SpanId -> ] 
      <task-1> org.hibernate.dialect.Dialect : HHH000400: Using dialect: org.hibernate.dialect.H2Dialect
[2026-09-20 16:22:04 IST] INFO [Service Name -> bookstore-order-service], [TraceId -> ], [SpanId -> ] 
      <main> org.springframework.data.repository.config.DeferredRepositoryInitializationListener : Triggering deferred initialization of Spring Data repositories…
[2026-09-20 16:22:08 IST] INFO [Service Name -> bookstore-order-service], [TraceId -> ], [SpanId -> ] 
      <task-1> org.hibernate.engine.transaction.jta.platform.internal.JtaPlatformInitiator : HHH000490: Using JtaPlatform implementation: [org.hibernate.engine.transaction.jta.platform.internal.NoJtaPlatform]
[2026-09-20 16:22:08 IST] INFO [Service Name -> bookstore-order-service], [TraceId -> ], [SpanId -> ] 
      <task-1> org.springframework.orm.jpa.LocalContainerEntityManagerFactoryBean : Initialized JPA EntityManagerFactory for persistence unit 'default'
[2026-09-20 16:22:09 IST] INFO [Service Name -> bookstore-order-service], [TraceId -> ], [SpanId -> ] 
      <main> org.springframework.data.repository.config.DeferredRepositoryInitializationListener : Spring Data repositories initialized!
[2026-09-20 16:22:10 IST] INFO [Service Name -> bookstore-order-service], [TraceId -> ], [SpanId -> ] 
      <main> org.springframework.data.repository.config.DeferredRepositoryInitializationListener : Triggering deferred initialization of Spring Data repositories…
[2026-09-20 16:22:10 IST] INFO [Service Name -> bookstore-order-service], [TraceId -> ], [SpanId -> ] 
      <main> org.springframework.data.repository.config.DeferredRepositoryInitializationListener : Spring Data repositories initialized!
[2026-09-20 16:22:10 IST] INFO [Service Name -> bookstore-order-service], [TraceId -> ], [SpanId -> ] 
      <main> org.springframework.data.repository.config.DeferredRepositoryInitializationListener : Triggering deferred initialization of Spring Data repositories…
[2026-09-20 16:22:10 IST] INFO [Service Name -> bookstore-order-service], [TraceId -> ], [SpanId -> ] 
      <main> org.springframework.data.repository.config.DeferredRepositoryInitializationListener : Spring Data repositories initialized!
[2026-09-20 16:22:10 IST] INFO [Service Name -> bookstore-order-service], [TraceId -> ], [SpanId -> ] 
      <main> org.springframework.data.repository.config.DeferredRepositoryInitializationListener : Triggering deferred initialization of Spring Data repositories…
[2026-09-20 16:22:10 IST] INFO [Service Name -> bookstore-order-service], [TraceId -> ], [SpanId -> ] 
      <main> org.springframework.data.repository.config.DeferredRepositoryInitializationListener : Spring Data repositories initialized!
[2026-09-20 16:22:17 IST] INFO [Service Name -> bookstore-order-service], [TraceId -> ], [SpanId -> ] 
      <main> org.springframework.boot.actuate.endpoint.web.EndpointLinksResolver : Exposing 22 endpoint(s) beneath base path '/actuator'
[2026-09-20 16:22:19 IST] INFO [Service Name -> bookstore-order-service], [TraceId -> ], [SpanId -> ] 
      <main> org.springframework.security.web.DefaultSecurityFilterChain : Creating filter chain: Ant [pattern='/v2/api-docs'], []
[2026-09-20 16:22:19 IST] INFO [Service Name -> bookstore-order-service], [TraceId -> ], [SpanId -> ] 
      <main> org.springframework.security.web.DefaultSecurityFilterChain : Creating filter chain: Ant [pattern='/configuration/ui'], []
[2026-09-20 16:22:19 IST] INFO [Service Name -> bookstore-order-service], [TraceId -> ], [SpanId -> ] 
      <main> org.springframework.security.web.DefaultSecurityFilterChain : Creating filter chain: Ant [pattern='/swagger-resources/**'], []
[2026-09-20 16:22:19 IST] INFO [Service Name -> bookstore-order-service], [TraceId -> ], [SpanId -> ] 
      <main> org.springframework.security.web.DefaultSecurityFilterChain : Creating filter chain: Ant [pattern='/configuration/**'], []
[2026-09-20 16:22:19 IST] INFO [Service Name -> bookstore-order-service], [TraceId -> ], [SpanId -> ] 
      <main> org.springframework.security.web.DefaultSecurityFilterChain : Creating filter chain: Ant [pattern='/swagger-ui.html'], []
[2026-09-20 16:22:19 IST] INFO [Service Name -> bookstore-order-service], [TraceId -> ], [SpanId -> ] 
      <main> org.springframework.security.web.DefaultSecurityFilterChain : Creating filter chain: Ant [pattern='/webjars/**'], []
[2026-09-20 16:22:20 IST] INFO [Service Name -> bookstore-order-service], [TraceId -> ], [SpanId -> ] 
      <main> org.springframework.security.web.DefaultSecurityFilterChain : Creating filter chain: any request, [org.springframework.security.web.context.request.async.WebAsyncManagerIntegrationFilter@5bc1903, org.springframework.security.web.context.SecurityContextPersistenceFilter@47e70f54, org.springframework.security.web.header.HeaderWriterFilter@6dcc7696, org.springframework.web.filter.CorsFilter@3cc5408c, org.springframework.security.web.authentication.logout.LogoutFilter@7bb3294c, org.springframework.security.oauth2.provider.authentication.OAuth2AuthenticationProcessingFilter@109188b4, org.springframework.security.web.savedrequest.RequestCacheAwareFilter@7841c990, org.springframework.security.web.servletapi.SecurityContextHolderAwareRequestFilter@25c06894, org.springframework.security.web.authentication.AnonymousAuthenticationFilter@1ecd09d5, org.springframework.security.web.session.SessionManagementFilter@65a8c306, org.springframework.security.web.access.ExceptionTranslationFilter@4d142b53, org.springframework.security.web.access.intercept.FilterSecurityInterceptor@27bc2650]
[2026-09-20 16:22:20 IST] INFO [Service Name -> bookstore-order-service], [TraceId -> ], [SpanId -> ] 
      <main> org.springframework.security.web.DefaultSecurityFilterChain : Creating filter chain: any request, [org.springframework.security.web.context.request.async.WebAsyncManagerIntegrationFilter@7f08c343, org.springframework.security.web.context.SecurityContextPersistenceFilter@3c29f6be, org.springframework.security.web.header.HeaderWriterFilter@408b2ae2, org.springframework.web.filter.CorsFilter@7fba492e, org.springframework.security.web.authentication.logout.LogoutFilter@7388486e, org.springframework.security.web.authentication.www.BasicAuthenticationFilter@5cb6b81b, org.springframework.security.web.savedrequest.RequestCacheAwareFilter@5519ef7d, org.springframework.security.web.servletapi.SecurityContextHolderAwareRequestFilter@4c5c0306, org.springframework.security.web.authentication.AnonymousAuthenticationFilter@6eeeb9da, org.springframework.security.web.session.SessionManagementFilter@74e1d60b, org.springframework.security.web.access.ExceptionTranslationFilter@43255f91]
[2026-09-20 16:22:20 IST] WARN [Service Name -> bookstore-order-service], [TraceId -> ], [SpanId -> ] 
      <main> com.netflix.config.sources.URLConfigurationSource : No URLs will be polled as dynamic configuration sources.
[2026-09-20 16:22:20 IST] INFO [Service Name -> bookstore-order-service], [TraceId -> ], [SpanId -> ] 
      <main> com.netflix.config.sources.URLConfigurationSource : To enable URLs as dynamic configuration sources, define System property archaius.configurationSource.additionalUrls or make config.properties available on classpath.
[2026-09-20 16:22:24 IST] WARN [Service Name -> bookstore-order-service], [TraceId -> ], [SpanId -> ] 
      <main> org.springframework.cloud.loadbalancer.config.BlockingLoadBalancerClientAutoConfiguration$BlockingLoadBalancerClientRibbonWarnLogger : You already have RibbonLoadBalancerClient on your classpath. It will be used by default. As Spring Cloud Ribbon is in maintenance mode. We recommend switching to BlockingLoadBalancerClient instead. In order to use it, set the value of `spring.cloud.loadbalancer.ribbon.enabled` to `false` or remove spring-cloud-starter-netflix-ribbon from your project.
[2026-09-20 16:22:26 IST] WARN [Service Name -> bookstore-order-service], [TraceId -> ], [SpanId -> ] 
      <main> org.springframework.cloud.loadbalancer.config.LoadBalancerCacheAutoConfiguration$LoadBalancerCaffeineWarnLogger : Spring Cloud LoadBalancer is currently working with default default cache. You can switch to using Caffeine cache, by adding it to the classpath.
[2026-09-20 16:22:26 IST] WARN [Service Name -> bookstore-order-service], [TraceId -> ], [SpanId -> ] 
      <main> org.springframework.cloud.netflix.core.CoreAutoConfiguration : This module is deprecated. It will be removed in the next major release. Please use spring-cloud-netflix-hystrix instead.
[2026-09-20 16:22:27 IST] INFO [Service Name -> bookstore-order-service], [TraceId -> ], [SpanId -> ] 
      <main> org.springframework.cloud.netflix.eureka.InstanceInfoFactory : Setting initial instance status as: STARTING
[2026-09-20 16:22:27 IST] INFO [Service Name -> bookstore-order-service], [TraceId -> ], [SpanId -> ] 
      <main> com.netflix.discovery.DiscoveryClient : Initializing Eureka in region us-east-1
[2026-09-20 16:22:27 IST] INFO [Service Name -> bookstore-order-service], [TraceId -> ], [SpanId -> ] 
      <main> com.netflix.discovery.provider.DiscoveryJerseyProvider : Using JSON encoding codec LegacyJacksonJson
[2026-09-20 16:22:27 IST] INFO [Service Name -> bookstore-order-service], [TraceId -> ], [SpanId -> ] 
      <main> com.netflix.discovery.provider.DiscoveryJerseyProvider : Using JSON decoding codec LegacyJacksonJson
[2026-09-20 16:22:28 IST] INFO [Service Name -> bookstore-order-service], [TraceId -> ], [SpanId -> ] 
      <main> com.netflix.discovery.provider.DiscoveryJerseyProvider : Using XML encoding codec XStreamXml
[2026-09-20 16:22:28 IST] INFO [Service Name -> bookstore-order-service], [TraceId -> ], [SpanId -> ] 
      <main> com.netflix.discovery.provider.DiscoveryJerseyProvider : Using XML decoding codec XStreamXml
[2026-09-20 16:22:28 IST] INFO [Service Name -> bookstore-order-service], [TraceId -> ], [SpanId -> ] 
      <main> com.netflix.discovery.shared.resolver.aws.ConfigClusterResolver : Resolving eureka endpoints via configuration
[2026-09-20 16:22:30 IST] INFO [Service Name -> bookstore-order-service], [TraceId -> ], [SpanId -> ] 
      <main> com.netflix.discovery.DiscoveryClient : Disable delta property : false
[2026-09-20 16:22:30 IST] INFO [Service Name -> bookstore-order-service], [TraceId -> ], [SpanId -> ] 
      <main> com.netflix.discovery.DiscoveryClient : Single vip registry refresh property : null
[2026-09-20 16:22:30 IST] INFO [Service Name -> bookstore-order-service], [TraceId -> ], [SpanId -> ] 
      <main> com.netflix.discovery.DiscoveryClient : Force full registry fetch : false
[2026-09-20 16:22:30 IST] INFO [Service Name -> bookstore-order-service], [TraceId -> ], [SpanId -> ] 
      <main> com.netflix.discovery.DiscoveryClient : Application is null : false
[2026-09-20 16:22:30 IST] INFO [Service Name -> bookstore-order-service], [TraceId -> ], [SpanId -> ] 
      <main> com.netflix.discovery.DiscoveryClient : Registered Applications size is zero : true
[2026-09-20 16:22:30 IST] INFO [Service Name -> bookstore-order-service], [TraceId -> ], [SpanId -> ] 
      <main> com.netflix.discovery.DiscoveryClient : Application version is -1: true
[2026-09-20 16:22:30 IST] INFO [Service Name -> bookstore-order-service], [TraceId -> ], [SpanId -> ] 
      <main> com.netflix.discovery.DiscoveryClient : Getting all instance registry info from the eureka server
[2026-09-20 16:22:31 IST] INFO [Service Name -> bookstore-order-service], [TraceId -> ], [SpanId -> ] 
      <main> com.netflix.discovery.DiscoveryClient : The response status is 200
[2026-09-20 16:22:31 IST] INFO [Service Name -> bookstore-order-service], [TraceId -> ], [SpanId -> ] 
      <main> com.netflix.discovery.DiscoveryClient : Starting heartbeat executor: renew interval is: 30
[2026-09-20 16:22:31 IST] INFO [Service Name -> bookstore-order-service], [TraceId -> ], [SpanId -> ] 
      <main> com.netflix.discovery.InstanceInfoReplicator : InstanceInfoReplicator onDemand update allowed rate per min is 4
[2026-09-20 16:22:31 IST] INFO [Service Name -> bookstore-order-service], [TraceId -> ], [SpanId -> ] 
      <main> com.netflix.discovery.DiscoveryClient : Discovery Client initialized at timestamp 1789901551164 with initial instances count: 4
[2026-09-20 16:22:31 IST] INFO [Service Name -> bookstore-order-service], [TraceId -> ], [SpanId -> ] 
      <main> org.springframework.cloud.netflix.eureka.serviceregistry.EurekaServiceRegistry : Registering application BOOKSTORE-ORDER-SERVICE with eureka with status UP
[2026-09-20 16:22:31 IST] INFO [Service Name -> bookstore-order-service], [TraceId -> ], [SpanId -> ] 
      <main> com.netflix.discovery.DiscoveryClient : Saw local status change event StatusChangeEvent [timestamp=1789901551195, current=UP, previous=STARTING]
[2026-09-20 16:22:31 IST] INFO [Service Name -> bookstore-order-service], [TraceId -> ], [SpanId -> ] 
      <main> org.apache.coyote.http11.Http11NioProtocol : Starting ProtocolHandler ["http-nio-7001"]
[2026-09-20 16:22:31 IST] INFO [Service Name -> bookstore-order-service], [TraceId -> ], [SpanId -> ] 
      <DiscoveryClient-InstanceInfoReplicator-0> com.netflix.discovery.DiscoveryClient : DiscoveryClient_BOOKSTORE-ORDER-SERVICE/LAPTOP-PIAE5DDA:bookstore-order-service:7001: registering service...
[2026-09-20 16:22:31 IST] INFO [Service Name -> bookstore-order-service], [TraceId -> ], [SpanId -> ] 
      <main> org.springframework.boot.web.embedded.tomcat.TomcatWebServer : Tomcat started on port(s): 7001 (http) with context path ''
[2026-09-20 16:22:31 IST] INFO [Service Name -> bookstore-order-service], [TraceId -> ], [SpanId -> ] 
      <main> org.springframework.cloud.netflix.eureka.serviceregistry.EurekaAutoServiceRegistration : Updating port to 7001
[2026-09-20 16:22:31 IST] INFO [Service Name -> bookstore-order-service], [TraceId -> ], [SpanId -> ] 
      <DiscoveryClient-InstanceInfoReplicator-0> com.netflix.discovery.DiscoveryClient : DiscoveryClient_BOOKSTORE-ORDER-SERVICE/LAPTOP-PIAE5DDA:bookstore-order-service:7001 - registration status: 204
[2026-09-20 16:22:33 IST] INFO [Service Name -> bookstore-order-service], [TraceId -> ], [SpanId -> ] 
      <main> org.springframework.data.repository.config.DeferredRepositoryInitializationListener : Triggering deferred initialization of Spring Data repositories…
[2026-09-20 16:22:33 IST] INFO [Service Name -> bookstore-order-service], [TraceId -> ], [SpanId -> ] 
      <main> org.springframework.data.repository.config.DeferredRepositoryInitializationListener : Spring Data repositories initialized!
[2026-09-20 16:22:33 IST] INFO [Service Name -> bookstore-order-service], [TraceId -> ], [SpanId -> ] 
      <main> com.devd.spring.bookstoreorderservice.BookstoreOrderServiceApplication : Started BookstoreOrderServiceApplication in 59.955 seconds (JVM running for 65.181)
[2026-09-20 16:22:34 IST] INFO [Service Name -> bookstore-order-service], [TraceId -> ], [SpanId -> ] 
      <RMI TCP Connection(7)-172.27.176.1> org.apache.catalina.core.ContainerBase.[Tomcat].[localhost].[/] : Initializing Spring DispatcherServlet 'dispatcherServlet'
[2026-09-20 16:22:34 IST] INFO [Service Name -> bookstore-order-service], [TraceId -> ], [SpanId -> ] 
      <RMI TCP Connection(7)-172.27.176.1> org.springframework.web.servlet.DispatcherServlet : Initializing Servlet 'dispatcherServlet'
[2026-09-20 16:22:34 IST] INFO [Service Name -> bookstore-order-service], [TraceId -> ], [SpanId -> ] 
      <RMI TCP Connection(7)-172.27.176.1> org.springframework.web.servlet.DispatcherServlet : Completed initialization in 157 ms
[2026-09-20 16:27:30 IST] INFO [Service Name -> bookstore-order-service], [TraceId -> ], [SpanId -> ] 
      <AsyncResolver-bootstrap-executor-0> com.netflix.discovery.shared.resolver.aws.ConfigClusterResolver : Resolving eureka endpoints via configuration
[2026-09-20 16:32:30 IST] INFO [Service Name -> bookstore-order-service], [TraceId -> ], [SpanId -> ] 
      <AsyncResolver-bootstrap-executor-0> com.netflix.discovery.shared.resolver.aws.ConfigClusterResolver : Resolving eureka endpoints via configuration
[2026-09-20 16:37:30 IST] INFO [Service Name -> bookstore-order-service], [TraceId -> ], [SpanId -> ] 
      <AsyncResolver-bootstrap-executor-0> com.netflix.discovery.shared.resolver.aws.ConfigClusterResolver : Resolving eureka endpoints via configuration
[2026-09-20 16:42:30 IST] INFO [Service Name -> bookstore-order-service], [TraceId -> ], [SpanId -> ] 
      <AsyncResolver-bootstrap-executor-0> com.netflix.discovery.shared.resolver.aws.ConfigClusterResolver : Resolving eureka endpoints via configuration
[2026-09-20 16:47:30 IST] INFO [Service Name -> bookstore-order-service], [TraceId -> ], [SpanId -> ] 
      <AsyncResolver-bootstrap-executor-0> com.netflix.discovery.shared.resolver.aws.ConfigClusterResolver : Resolving eureka endpoints via configuration
[2026-09-20 16:52:30 IST] INFO [Service Name -> bookstore-order-service], [TraceId -> ], [SpanId -> ] 
      <AsyncResolver-bootstrap-executor-0> com.netflix.discovery.shared.resolver.aws.ConfigClusterResolver : Resolving eureka endpoints via configuration
[2026-09-20 16:57:30 IST] INFO [Service Name -> bookstore-order-service], [TraceId -> ], [SpanId -> ] 
      <AsyncResolver-bootstrap-executor-0> com.netflix.discovery.shared.resolver.aws.ConfigClusterResolver : Resolving eureka endpoints via configuration
[2026-09-20 17:02:30 IST] INFO [Service Name -> bookstore-order-service], [TraceId -> ], [SpanId -> ] 
      <AsyncResolver-bootstrap-executor-0> com.netflix.discovery.shared.resolver.aws.ConfigClusterResolver : Resolving eureka endpoints via configuration
[2026-09-20 17:07:30 IST] INFO [Service Name -> bookstore-order-service], [TraceId -> ], [SpanId -> ] 
      <AsyncResolver-bootstrap-executor-0> com.netflix.discovery.shared.resolver.aws.ConfigClusterResolver : Resolving eureka endpoints via configuration
[2026-09-20 17:12:30 IST] INFO [Service Name -> bookstore-order-service], [TraceId -> ], [SpanId -> ] 
      <AsyncResolver-bootstrap-executor-0> com.netflix.discovery.shared.resolver.aws.ConfigClusterResolver : Resolving eureka endpoints via configuration
[2026-09-20 17:17:30 IST] INFO [Service Name -> bookstore-order-service], [TraceId -> ], [SpanId -> ] 
      <AsyncResolver-bootstrap-executor-0> com.netflix.discovery.shared.resolver.aws.ConfigClusterResolver : Resolving eureka endpoints via configuration
[2026-09-20 17:22:30 IST] INFO [Service Name -> bookstore-order-service], [TraceId -> ], [SpanId -> ] 
      <AsyncResolver-bootstrap-executor-0> com.netflix.discovery.shared.resolver.aws.ConfigClusterResolver : Resolving eureka endpoints via configuration
[2026-09-20 17:27:30 IST] INFO [Service Name -> bookstore-order-service], [TraceId -> ], [SpanId -> ] 
      <AsyncResolver-bootstrap-executor-0> com.netflix.discovery.shared.resolver.aws.ConfigClusterResolver : Resolving eureka endpoints via configuration
[2026-09-20 17:32:30 IST] INFO [Service Name -> bookstore-order-service], [TraceId -> ], [SpanId -> ] 
      <AsyncResolver-bootstrap-executor-0> com.netflix.discovery.shared.resolver.aws.ConfigClusterResolver : Resolving eureka endpoints via configuration
[2026-09-20 17:37:30 IST] INFO [Service Name -> bookstore-order-service], [TraceId -> ], [SpanId -> ] 
      <AsyncResolver-bootstrap-executor-0> com.netflix.discovery.shared.resolver.aws.ConfigClusterResolver : Resolving eureka endpoints via configuration
[2026-09-20 17:42:30 IST] INFO [Service Name -> bookstore-order-service], [TraceId -> ], [SpanId -> ] 
      <AsyncResolver-bootstrap-executor-0> com.netflix.discovery.shared.resolver.aws.ConfigClusterResolver : Resolving eureka endpoints via configuration
[2026-09-20 17:46:03 IST] DEBUG [Service Name -> bookstore-order-service], [TraceId -> b3bdc6f5e52308c1], [SpanId -> 8d8438e8718e557e] 
      <http-nio-7001-exec-8> com.devd.spring.bookstorecommons.feign.CatalogFeignClient : [CatalogFeignClient#getProduct] ---> GET http://bookstore-catalog-service/product/6 HTTP/1.1
[2026-09-20 17:46:03 IST] DEBUG [Service Name -> bookstore-order-service], [TraceId -> b3bdc6f5e52308c1], [SpanId -> 8d8438e8718e557e] 
      <http-nio-7001-exec-8> com.devd.spring.bookstorecommons.feign.CatalogFeignClient : [CatalogFeignClient#getProduct] Authorization: Bearer eyJhbGciOiJSUzI1NiIsInR5cCI6IkpXVCJ9.eyJhdWQiOlsid2ViIl0sInVzZXJfaWQiOiI4YjIzY2NlMS0xZjc5LTQ0YjQtODJmOS01YmRjNDNlYjQ3ODMiLCJ1c2VyX25hbWUiOiJIaXJhbiIsInNjb3BlIjpbInJlYWQiLCJ3cml0ZSJdLCJleHAiOjE3OTAxNjU3MjEsImF1dGhvcml0aWVzIjpbIlNUQU5EQVJEX1VTRVIiXSwianRpIjoiNDk4YmM3ZTItMjU3Ni00ZjM5LThhNzEtNTU4YjJjZGE5ZjI0IiwiY2xpZW50X2lkIjoiOTNlZDQ1M2UtYjdhYy00MTkyLWE2ZDQtYzQ1ZmFlMGQ5OWFjIn0.RS5UihSDdNpTVozMFOa5FivfH9lQeMq-l-S-VKSpgpMFUwKxYTO2zs6OG6vpTXfHcJa7CR0x3Tvmwhh644GVWUROWVGSGvtQAA6pGN4Jpe_JSZN-fbjtvUzOlkkhpHSjJFXFaD5OcurPkxDg-f1q-LoxEqn_xPsp3MIMsumqGDhgrEqton7mfFpbLzq2RLuojvOCvooKAOeN1wabOt12REWF_PjcHPyADw0e3mea_Er6I461NwVhRPYmrPzFnBGb73a2qcWNpoMBPs4gzlYyCObrvaO8i2QN180k2CHo9YiBAFfC8s4iwvknqbzhm2_nCDaV_MQdCv71PXX5ZGCqzg
[2026-09-20 17:46:03 IST] DEBUG [Service Name -> bookstore-order-service], [TraceId -> b3bdc6f5e52308c1], [SpanId -> 8d8438e8718e557e] 
      <http-nio-7001-exec-8> com.devd.spring.bookstorecommons.feign.CatalogFeignClient : [CatalogFeignClient#getProduct] ---> END HTTP (0-byte body)
[2026-09-20 17:46:03 IST] DEBUG [Service Name -> bookstore-order-service], [TraceId -> 5823dea716d53765], [SpanId -> 6900bba76ced32b7] 
      <http-nio-7001-exec-4> com.devd.spring.bookstorecommons.feign.CatalogFeignClient : [CatalogFeignClient#getProduct] ---> GET http://bookstore-catalog-service/product/4 HTTP/1.1
[2026-09-20 17:46:03 IST] DEBUG [Service Name -> bookstore-order-service], [TraceId -> 5823dea716d53765], [SpanId -> 6900bba76ced32b7] 
      <http-nio-7001-exec-4> com.devd.spring.bookstorecommons.feign.CatalogFeignClient : [CatalogFeignClient#getProduct] Authorization: Bearer eyJhbGciOiJSUzI1NiIsInR5cCI6IkpXVCJ9.eyJhdWQiOlsid2ViIl0sInVzZXJfaWQiOiI4YjIzY2NlMS0xZjc5LTQ0YjQtODJmOS01YmRjNDNlYjQ3ODMiLCJ1c2VyX25hbWUiOiJIaXJhbiIsInNjb3BlIjpbInJlYWQiLCJ3cml0ZSJdLCJleHAiOjE3OTAxNjU3MjEsImF1dGhvcml0aWVzIjpbIlNUQU5EQVJEX1VTRVIiXSwianRpIjoiNDk4YmM3ZTItMjU3Ni00ZjM5LThhNzEtNTU4YjJjZGE5ZjI0IiwiY2xpZW50X2lkIjoiOTNlZDQ1M2UtYjdhYy00MTkyLWE2ZDQtYzQ1ZmFlMGQ5OWFjIn0.RS5UihSDdNpTVozMFOa5FivfH9lQeMq-l-S-VKSpgpMFUwKxYTO2zs6OG6vpTXfHcJa7CR0x3Tvmwhh644GVWUROWVGSGvtQAA6pGN4Jpe_JSZN-fbjtvUzOlkkhpHSjJFXFaD5OcurPkxDg-f1q-LoxEqn_xPsp3MIMsumqGDhgrEqton7mfFpbLzq2RLuojvOCvooKAOeN1wabOt12REWF_PjcHPyADw0e3mea_Er6I461NwVhRPYmrPzFnBGb73a2qcWNpoMBPs4gzlYyCObrvaO8i2QN180k2CHo9YiBAFfC8s4iwvknqbzhm2_nCDaV_MQdCv71PXX5ZGCqzg
[2026-09-20 17:46:03 IST] DEBUG [Service Name -> bookstore-order-service], [TraceId -> 5823dea716d53765], [SpanId -> 6900bba76ced32b7] 
      <http-nio-7001-exec-4> com.devd.spring.bookstorecommons.feign.CatalogFeignClient : [CatalogFeignClient#getProduct] ---> END HTTP (0-byte body)
[2026-09-20 17:46:04 IST] INFO [Service Name -> bookstore-order-service], [TraceId -> b3bdc6f5e52308c1], [SpanId -> 8d8438e8718e557e] 
      <http-nio-7001-exec-8> com.netflix.config.ChainedDynamicProperty : Flipping property: bookstore-catalog-service.ribbon.ActiveConnectionsLimit to use NEXT property: niws.loadbalancer.availabilityFilteringRule.activeConnectionsLimit = 2147483647
[2026-09-20 17:46:04 IST] INFO [Service Name -> bookstore-order-service], [TraceId -> b3bdc6f5e52308c1], [SpanId -> 8d8438e8718e557e] 
      <http-nio-7001-exec-8> com.netflix.util.concurrent.ShutdownEnabledTimer : Shutdown hook installed for: NFLoadBalancer-PingTimer-bookstore-catalog-service
[2026-09-20 17:46:04 IST] INFO [Service Name -> bookstore-order-service], [TraceId -> b3bdc6f5e52308c1], [SpanId -> 8d8438e8718e557e] 
      <http-nio-7001-exec-8> com.netflix.loadbalancer.BaseLoadBalancer : Client: bookstore-catalog-service instantiated a LoadBalancer: DynamicServerListLoadBalancer:{NFLoadBalancer:name=bookstore-catalog-service,current list of Servers=[],Load balancer stats=Zone stats: {},Server stats: []}ServerList:null
[2026-09-20 17:46:04 IST] INFO [Service Name -> bookstore-order-service], [TraceId -> b3bdc6f5e52308c1], [SpanId -> 8d8438e8718e557e] 
      <http-nio-7001-exec-8> com.netflix.loadbalancer.DynamicServerListLoadBalancer : Using serverListUpdater PollingServerListUpdater
[2026-09-20 17:46:04 IST] INFO [Service Name -> bookstore-order-service], [TraceId -> b3bdc6f5e52308c1], [SpanId -> 8d8438e8718e557e] 
      <http-nio-7001-exec-8> com.netflix.config.ChainedDynamicProperty : Flipping property: bookstore-catalog-service.ribbon.ActiveConnectionsLimit to use NEXT property: niws.loadbalancer.availabilityFilteringRule.activeConnectionsLimit = 2147483647
[2026-09-20 17:46:04 IST] INFO [Service Name -> bookstore-order-service], [TraceId -> b3bdc6f5e52308c1], [SpanId -> 8d8438e8718e557e] 
      <http-nio-7001-exec-8> com.netflix.loadbalancer.DynamicServerListLoadBalancer : DynamicServerListLoadBalancer for client bookstore-catalog-service initialized: DynamicServerListLoadBalancer:{NFLoadBalancer:name=bookstore-catalog-service,current list of Servers=[LAPTOP-PIAE5DDA:6001],Load balancer stats=Zone stats: {defaultzone=[Zone:defaultzone;	Instance count:1;	Active connections count: 0;	Circuit breaker tripped count: 0;	Active connections per server: 0.0;]
},Server stats: [[Server:LAPTOP-PIAE5DDA:6001;	Zone:defaultZone;	Total Requests:0;	Successive connection failure:0;	Total blackout seconds:0;	Last connection made:Thu Jan 01 05:30:00 IST 1970;	First connection made: Thu Jan 01 05:30:00 IST 1970;	Active Connections:0;	total failure count in last (1000) msecs:0;	average resp time:0.0;	90 percentile resp time:0.0;	95 percentile resp time:0.0;	min resp time:0.0;	max resp time:0.0;	stddev resp time:0.0]
]}ServerList:org.springframework.cloud.netflix.ribbon.eureka.DomainExtractingServerList@2136afef
[2026-09-20 17:46:05 IST] INFO [Service Name -> bookstore-order-service], [TraceId -> b3bdc6f5e52308c1], [SpanId -> 8d8438e8718e557e] 
      <http-nio-7001-exec-8> org.springframework.data.repository.config.DeferredRepositoryInitializationListener : Triggering deferred initialization of Spring Data repositories…
[2026-09-20 17:46:05 IST] INFO [Service Name -> bookstore-order-service], [TraceId -> b3bdc6f5e52308c1], [SpanId -> 8d8438e8718e557e] 
      <http-nio-7001-exec-8> org.springframework.data.repository.config.DeferredRepositoryInitializationListener : Spring Data repositories initialized!
[2026-09-20 17:46:05 IST] DEBUG [Service Name -> bookstore-order-service], [TraceId -> b3bdc6f5e52308c1], [SpanId -> 8d8438e8718e557e] 
      <http-nio-7001-exec-8> com.devd.spring.bookstorecommons.feign.CatalogFeignClient : [CatalogFeignClient#getProduct] <--- HTTP/1.1 200 (2561ms)
[2026-09-20 17:46:05 IST] DEBUG [Service Name -> bookstore-order-service], [TraceId -> b3bdc6f5e52308c1], [SpanId -> 8d8438e8718e557e] 
      <http-nio-7001-exec-8> com.devd.spring.bookstorecommons.feign.CatalogFeignClient : [CatalogFeignClient#getProduct] access-control-allow-headers: *
[2026-09-20 17:46:05 IST] DEBUG [Service Name -> bookstore-order-service], [TraceId -> b3bdc6f5e52308c1], [SpanId -> 8d8438e8718e557e] 
      <http-nio-7001-exec-8> com.devd.spring.bookstorecommons.feign.CatalogFeignClient : [CatalogFeignClient#getProduct] access-control-allow-methods: *
[2026-09-20 17:46:05 IST] DEBUG [Service Name -> bookstore-order-service], [TraceId -> b3bdc6f5e52308c1], [SpanId -> 8d8438e8718e557e] 
      <http-nio-7001-exec-8> com.devd.spring.bookstorecommons.feign.CatalogFeignClient : [CatalogFeignClient#getProduct] access-control-allow-origin: *
[2026-09-20 17:46:05 IST] DEBUG [Service Name -> bookstore-order-service], [TraceId -> b3bdc6f5e52308c1], [SpanId -> 8d8438e8718e557e] 
      <http-nio-7001-exec-8> com.devd.spring.bookstorecommons.feign.CatalogFeignClient : [CatalogFeignClient#getProduct] cache-control: no-cache, no-store, max-age=0, must-revalidate
[2026-09-20 17:46:05 IST] DEBUG [Service Name -> bookstore-order-service], [TraceId -> b3bdc6f5e52308c1], [SpanId -> 8d8438e8718e557e] 
      <http-nio-7001-exec-8> com.devd.spring.bookstorecommons.feign.CatalogFeignClient : [CatalogFeignClient#getProduct] connection: keep-alive
[2026-09-20 17:46:05 IST] DEBUG [Service Name -> bookstore-order-service], [TraceId -> b3bdc6f5e52308c1], [SpanId -> 8d8438e8718e557e] 
      <http-nio-7001-exec-8> com.devd.spring.bookstorecommons.feign.CatalogFeignClient : [CatalogFeignClient#getProduct] content-type: application/json
[2026-09-20 17:46:05 IST] DEBUG [Service Name -> bookstore-order-service], [TraceId -> b3bdc6f5e52308c1], [SpanId -> 8d8438e8718e557e] 
      <http-nio-7001-exec-8> com.devd.spring.bookstorecommons.feign.CatalogFeignClient : [CatalogFeignClient#getProduct] date: Sun, 20 Sep 2026 12:16:05 GMT
[2026-09-20 17:46:05 IST] DEBUG [Service Name -> bookstore-order-service], [TraceId -> b3bdc6f5e52308c1], [SpanId -> 8d8438e8718e557e] 
      <http-nio-7001-exec-8> com.devd.spring.bookstorecommons.feign.CatalogFeignClient : [CatalogFeignClient#getProduct] expires: 0
[2026-09-20 17:46:05 IST] DEBUG [Service Name -> bookstore-order-service], [TraceId -> b3bdc6f5e52308c1], [SpanId -> 8d8438e8718e557e] 
      <http-nio-7001-exec-8> com.devd.spring.bookstorecommons.feign.CatalogFeignClient : [CatalogFeignClient#getProduct] keep-alive: timeout=60
[2026-09-20 17:46:05 IST] DEBUG [Service Name -> bookstore-order-service], [TraceId -> b3bdc6f5e52308c1], [SpanId -> 8d8438e8718e557e] 
      <http-nio-7001-exec-8> com.devd.spring.bookstorecommons.feign.CatalogFeignClient : [CatalogFeignClient#getProduct] pragma: no-cache
[2026-09-20 17:46:05 IST] DEBUG [Service Name -> bookstore-order-service], [TraceId -> b3bdc6f5e52308c1], [SpanId -> 8d8438e8718e557e] 
      <http-nio-7001-exec-8> com.devd.spring.bookstorecommons.feign.CatalogFeignClient : [CatalogFeignClient#getProduct] transfer-encoding: chunked
[2026-09-20 17:46:05 IST] DEBUG [Service Name -> bookstore-order-service], [TraceId -> b3bdc6f5e52308c1], [SpanId -> 8d8438e8718e557e] 
      <http-nio-7001-exec-8> com.devd.spring.bookstorecommons.feign.CatalogFeignClient : [CatalogFeignClient#getProduct] vary: Access-Control-Request-Headers
[2026-09-20 17:46:05 IST] DEBUG [Service Name -> bookstore-order-service], [TraceId -> b3bdc6f5e52308c1], [SpanId -> 8d8438e8718e557e] 
      <http-nio-7001-exec-8> com.devd.spring.bookstorecommons.feign.CatalogFeignClient : [CatalogFeignClient#getProduct] vary: Access-Control-Request-Method
[2026-09-20 17:46:05 IST] DEBUG [Service Name -> bookstore-order-service], [TraceId -> b3bdc6f5e52308c1], [SpanId -> 8d8438e8718e557e] 
      <http-nio-7001-exec-8> com.devd.spring.bookstorecommons.feign.CatalogFeignClient : [CatalogFeignClient#getProduct] vary: Origin
[2026-09-20 17:46:05 IST] DEBUG [Service Name -> bookstore-order-service], [TraceId -> b3bdc6f5e52308c1], [SpanId -> 8d8438e8718e557e] 
      <http-nio-7001-exec-8> com.devd.spring.bookstorecommons.feign.CatalogFeignClient : [CatalogFeignClient#getProduct] x-content-type-options: nosniff
[2026-09-20 17:46:05 IST] DEBUG [Service Name -> bookstore-order-service], [TraceId -> b3bdc6f5e52308c1], [SpanId -> 8d8438e8718e557e] 
      <http-nio-7001-exec-8> com.devd.spring.bookstorecommons.feign.CatalogFeignClient : [CatalogFeignClient#getProduct] x-xss-protection: 1; mode=block
[2026-09-20 17:46:05 IST] DEBUG [Service Name -> bookstore-order-service], [TraceId -> b3bdc6f5e52308c1], [SpanId -> 8d8438e8718e557e] 
      <http-nio-7001-exec-8> com.devd.spring.bookstorecommons.feign.CatalogFeignClient : [CatalogFeignClient#getProduct] 
[2026-09-20 17:46:05 IST] DEBUG [Service Name -> bookstore-order-service], [TraceId -> 5823dea716d53765], [SpanId -> 6900bba76ced32b7] 
      <http-nio-7001-exec-4> com.devd.spring.bookstorecommons.feign.CatalogFeignClient : [CatalogFeignClient#getProduct] <--- HTTP/1.1 200 (2553ms)
[2026-09-20 17:46:05 IST] DEBUG [Service Name -> bookstore-order-service], [TraceId -> 5823dea716d53765], [SpanId -> 6900bba76ced32b7] 
      <http-nio-7001-exec-4> com.devd.spring.bookstorecommons.feign.CatalogFeignClient : [CatalogFeignClient#getProduct] access-control-allow-headers: *
[2026-09-20 17:46:05 IST] DEBUG [Service Name -> bookstore-order-service], [TraceId -> 5823dea716d53765], [SpanId -> 6900bba76ced32b7] 
      <http-nio-7001-exec-4> com.devd.spring.bookstorecommons.feign.CatalogFeignClient : [CatalogFeignClient#getProduct] access-control-allow-methods: *
[2026-09-20 17:46:05 IST] DEBUG [Service Name -> bookstore-order-service], [TraceId -> 5823dea716d53765], [SpanId -> 6900bba76ced32b7] 
      <http-nio-7001-exec-4> com.devd.spring.bookstorecommons.feign.CatalogFeignClient : [CatalogFeignClient#getProduct] access-control-allow-origin: *
[2026-09-20 17:46:05 IST] DEBUG [Service Name -> bookstore-order-service], [TraceId -> 5823dea716d53765], [SpanId -> 6900bba76ced32b7] 
      <http-nio-7001-exec-4> com.devd.spring.bookstorecommons.feign.CatalogFeignClient : [CatalogFeignClient#getProduct] cache-control: no-cache, no-store, max-age=0, must-revalidate
[2026-09-20 17:46:05 IST] DEBUG [Service Name -> bookstore-order-service], [TraceId -> 5823dea716d53765], [SpanId -> 6900bba76ced32b7] 
      <http-nio-7001-exec-4> com.devd.spring.bookstorecommons.feign.CatalogFeignClient : [CatalogFeignClient#getProduct] connection: keep-alive
[2026-09-20 17:46:05 IST] DEBUG [Service Name -> bookstore-order-service], [TraceId -> 5823dea716d53765], [SpanId -> 6900bba76ced32b7] 
      <http-nio-7001-exec-4> com.devd.spring.bookstorecommons.feign.CatalogFeignClient : [CatalogFeignClient#getProduct] content-type: application/json
[2026-09-20 17:46:05 IST] DEBUG [Service Name -> bookstore-order-service], [TraceId -> 5823dea716d53765], [SpanId -> 6900bba76ced32b7] 
      <http-nio-7001-exec-4> com.devd.spring.bookstorecommons.feign.CatalogFeignClient : [CatalogFeignClient#getProduct] date: Sun, 20 Sep 2026 12:16:05 GMT
[2026-09-20 17:46:05 IST] DEBUG [Service Name -> bookstore-order-service], [TraceId -> 5823dea716d53765], [SpanId -> 6900bba76ced32b7] 
      <http-nio-7001-exec-4> com.devd.spring.bookstorecommons.feign.CatalogFeignClient : [CatalogFeignClient#getProduct] expires: 0
[2026-09-20 17:46:05 IST] DEBUG [Service Name -> bookstore-order-service], [TraceId -> 5823dea716d53765], [SpanId -> 6900bba76ced32b7] 
      <http-nio-7001-exec-4> com.devd.spring.bookstorecommons.feign.CatalogFeignClient : [CatalogFeignClient#getProduct] keep-alive: timeout=60
[2026-09-20 17:46:05 IST] DEBUG [Service Name -> bookstore-order-service], [TraceId -> 5823dea716d53765], [SpanId -> 6900bba76ced32b7] 
      <http-nio-7001-exec-4> com.devd.spring.bookstorecommons.feign.CatalogFeignClient : [CatalogFeignClient#getProduct] pragma: no-cache
[2026-09-20 17:46:05 IST] DEBUG [Service Name -> bookstore-order-service], [TraceId -> 5823dea716d53765], [SpanId -> 6900bba76ced32b7] 
      <http-nio-7001-exec-4> com.devd.spring.bookstorecommons.feign.CatalogFeignClient : [CatalogFeignClient#getProduct] transfer-encoding: chunked
[2026-09-20 17:46:05 IST] DEBUG [Service Name -> bookstore-order-service], [TraceId -> 5823dea716d53765], [SpanId -> 6900bba76ced32b7] 
      <http-nio-7001-exec-4> com.devd.spring.bookstorecommons.feign.CatalogFeignClient : [CatalogFeignClient#getProduct] vary: Access-Control-Request-Headers
[2026-09-20 17:46:05 IST] DEBUG [Service Name -> bookstore-order-service], [TraceId -> 5823dea716d53765], [SpanId -> 6900bba76ced32b7] 
      <http-nio-7001-exec-4> com.devd.spring.bookstorecommons.feign.CatalogFeignClient : [CatalogFeignClient#getProduct] vary: Access-Control-Request-Method
[2026-09-20 17:46:05 IST] DEBUG [Service Name -> bookstore-order-service], [TraceId -> 5823dea716d53765], [SpanId -> 6900bba76ced32b7] 
      <http-nio-7001-exec-4> com.devd.spring.bookstorecommons.feign.CatalogFeignClient : [CatalogFeignClient#getProduct] vary: Origin
[2026-09-20 17:46:05 IST] DEBUG [Service Name -> bookstore-order-service], [TraceId -> 5823dea716d53765], [SpanId -> 6900bba76ced32b7] 
      <http-nio-7001-exec-4> com.devd.spring.bookstorecommons.feign.CatalogFeignClient : [CatalogFeignClient#getProduct] x-content-type-options: nosniff
[2026-09-20 17:46:05 IST] DEBUG [Service Name -> bookstore-order-service], [TraceId -> 5823dea716d53765], [SpanId -> 6900bba76ced32b7] 
      <http-nio-7001-exec-4> com.devd.spring.bookstorecommons.feign.CatalogFeignClient : [CatalogFeignClient#getProduct] x-xss-protection: 1; mode=block
[2026-09-20 17:46:05 IST] DEBUG [Service Name -> bookstore-order-service], [TraceId -> 5823dea716d53765], [SpanId -> 6900bba76ced32b7] 
      <http-nio-7001-exec-4> com.devd.spring.bookstorecommons.feign.CatalogFeignClient : [CatalogFeignClient#getProduct] 
[2026-09-20 17:46:05 IST] DEBUG [Service Name -> bookstore-order-service], [TraceId -> b3bdc6f5e52308c1], [SpanId -> 8d8438e8718e557e] 
      <http-nio-7001-exec-8> com.devd.spring.bookstorecommons.feign.CatalogFeignClient : [CatalogFeignClient#getProduct] {"productId":"6","productName":"One Arranged Murder","description":"One Arranged Murder","price":185.0,"productCategory":"Fiction","availableItemCount":2432,"averageRating":4.0,"noOfRatings":2,"imageId":"b1175b20-e946-42a6-b63d-83e35b7a73fa__oneArrangedMurder.jpg"}
[2026-09-20 17:46:05 IST] DEBUG [Service Name -> bookstore-order-service], [TraceId -> 5823dea716d53765], [SpanId -> 6900bba76ced32b7] 
      <http-nio-7001-exec-4> com.devd.spring.bookstorecommons.feign.CatalogFeignClient : [CatalogFeignClient#getProduct] {"productId":"4","productName":"An Introduction to the Study of English Literature","description":"An Introduction to the Study of English Literature","price":299.0,"productCategory":"Literature","availableItemCount":678,"averageRating":2.0,"noOfRatings":2,"imageId":"4b050ba6-9573-4554-bdd4-26ae806c06aa__IntroEngLit.jpg"}
[2026-09-20 17:46:05 IST] DEBUG [Service Name -> bookstore-order-service], [TraceId -> b3bdc6f5e52308c1], [SpanId -> 8d8438e8718e557e] 
      <http-nio-7001-exec-8> com.devd.spring.bookstorecommons.feign.CatalogFeignClient : [CatalogFeignClient#getProduct] <--- END HTTP (265-byte body)
[2026-09-20 17:46:05 IST] DEBUG [Service Name -> bookstore-order-service], [TraceId -> 5823dea716d53765], [SpanId -> 6900bba76ced32b7] 
      <http-nio-7001-exec-4> com.devd.spring.bookstorecommons.feign.CatalogFeignClient : [CatalogFeignClient#getProduct] <--- END HTTP (323-byte body)
[2026-09-20 17:46:05 IST] INFO [Service Name -> bookstore-order-service], [TraceId -> ], [SpanId -> ] 
      <PollingServerListUpdater-0> com.netflix.config.ChainedDynamicProperty : Flipping property: bookstore-catalog-service.ribbon.ActiveConnectionsLimit to use NEXT property: niws.loadbalancer.availabilityFilteringRule.activeConnectionsLimit = 2147483647
[2026-09-20 17:46:12 IST] WARN [Service Name -> bookstore-order-service], [TraceId -> ], [SpanId -> ] 
      <AsyncReporter{org.springframework.cloud.sleuth.zipkin2.sender.RestTemplateSender@38054d01}> zipkin2.reporter.AsyncReporter$BoundedAsyncReporter : Spans were dropped due to exceptions. All subsequent errors will be logged at FINE level.
[2026-09-20 17:46:12 IST] WARN [Service Name -> bookstore-order-service], [TraceId -> ], [SpanId -> ] 
      <AsyncReporter{org.springframework.cloud.sleuth.zipkin2.sender.RestTemplateSender@38054d01}> zipkin2.reporter.AsyncReporter$BoundedAsyncReporter : Dropped 7 spans due to ResourceAccessException(I/O error on POST request for "http://localhost:9411/api/v2/spans": connect timed out; nested exception is java.net.SocketTimeoutException: connect timed out)
org.springframework.web.client.ResourceAccessException: I/O error on POST request for "http://localhost:9411/api/v2/spans": connect timed out; nested exception is java.net.SocketTimeoutException: connect timed out
	at org.springframework.web.client.RestTemplate.doExecute(RestTemplate.java:748)
	at org.springframework.cloud.sleuth.zipkin2.sender.ZipkinRestTemplateWrapper.doExecute(ZipkinRestTemplateSenderConfiguration.java:228)
	at org.springframework.web.client.RestTemplate.exchange(RestTemplate.java:641)
	at org.springframework.cloud.sleuth.zipkin2.sender.RestTemplateSender.post(RestTemplateSender.java:129)
	at org.springframework.cloud.sleuth.zipkin2.sender.RestTemplateSender$HttpPostCall.doExecute(RestTemplateSender.java:142)
	at org.springframework.cloud.sleuth.zipkin2.sender.RestTemplateSender$HttpPostCall.doExecute(RestTemplateSender.java:132)
	at zipkin2.Call$Base.execute(Call.java:380)
	at zipkin2.reporter.AsyncReporter$BoundedAsyncReporter.flush(AsyncReporter.java:285)
	at zipkin2.reporter.AsyncReporter$Flusher.run(AsyncReporter.java:354)
	at java.lang.Thread.run(Thread.java:750)
Caused by: java.net.SocketTimeoutException: connect timed out
	at java.net.DualStackPlainSocketImpl.waitForConnect(Native Method)
	at java.net.DualStackPlainSocketImpl.socketConnect(DualStackPlainSocketImpl.java:85)
	at java.net.AbstractPlainSocketImpl.doConnect(AbstractPlainSocketImpl.java:350)
	at java.net.AbstractPlainSocketImpl.connectToAddress(AbstractPlainSocketImpl.java:206)
	at java.net.AbstractPlainSocketImpl.connect(AbstractPlainSocketImpl.java:188)
	at java.net.PlainSocketImpl.connect(PlainSocketImpl.java:172)
	at java.net.SocksSocketImpl.connect(SocksSocketImpl.java:392)
	at java.net.Socket.connect(Socket.java:607)
	at sun.net.NetworkClient.doConnect(NetworkClient.java:175)
	at sun.net.www.http.HttpClient.openServer(HttpClient.java:473)
	at sun.net.www.http.HttpClient.openServer(HttpClient.java:568)
	at sun.net.www.http.HttpClient.<init>(HttpClient.java:254)
	at sun.net.www.http.HttpClient.New(HttpClient.java:349)
	at sun.net.www.http.HttpClient.New(HttpClient.java:367)
	at sun.net.www.protocol.http.HttpURLConnection.getNewHttpClient(HttpURLConnection.java:1248)
	at sun.net.www.protocol.http.HttpURLConnection.plainConnect0(HttpURLConnection.java:1182)
	at sun.net.www.protocol.http.HttpURLConnection.plainConnect(HttpURLConnection.java:1076)
	at sun.net.www.protocol.http.HttpURLConnection.connect(HttpURLConnection.java:1010)
	at org.springframework.http.client.SimpleBufferingClientHttpRequest.executeInternal(SimpleBufferingClientHttpRequest.java:76)
	at org.springframework.http.client.AbstractBufferingClientHttpRequest.executeInternal(AbstractBufferingClientHttpRequest.java:48)
	at org.springframework.http.client.AbstractClientHttpRequest.execute(AbstractClientHttpRequest.java:53)
	at org.springframework.web.client.RestTemplate.doExecute(RestTemplate.java:739)
	... 9 common frames omitted
[2026-09-20 17:47:30 IST] INFO [Service Name -> bookstore-order-service], [TraceId -> ], [SpanId -> ] 
      <AsyncResolver-bootstrap-executor-0> com.netflix.discovery.shared.resolver.aws.ConfigClusterResolver : Resolving eureka endpoints via configuration
[2026-09-20 17:52:10 IST] DEBUG [Service Name -> bookstore-order-service], [TraceId -> 85d70b67b74f9886], [SpanId -> 3077287befea27c8] 
      <http-nio-7001-exec-8> com.devd.spring.bookstorecommons.feign.BillingFeignClient : [BillingFeignClient#getAddressById] ---> GET http://bookstore-billing-service/address/80a5a127-f6c5-46c6-bd90-823a48fb9e7b HTTP/1.1
[2026-09-20 17:52:10 IST] DEBUG [Service Name -> bookstore-order-service], [TraceId -> 85d70b67b74f9886], [SpanId -> 3077287befea27c8] 
      <http-nio-7001-exec-8> com.devd.spring.bookstorecommons.feign.BillingFeignClient : [BillingFeignClient#getAddressById] Authorization: Bearer eyJhbGciOiJSUzI1NiIsInR5cCI6IkpXVCJ9.eyJhdWQiOlsid2ViIl0sInVzZXJfaWQiOiI4YjIzY2NlMS0xZjc5LTQ0YjQtODJmOS01YmRjNDNlYjQ3ODMiLCJ1c2VyX25hbWUiOiJIaXJhbiIsInNjb3BlIjpbInJlYWQiLCJ3cml0ZSJdLCJleHAiOjE3OTAxNjU3MjEsImF1dGhvcml0aWVzIjpbIlNUQU5EQVJEX1VTRVIiXSwianRpIjoiNDk4YmM3ZTItMjU3Ni00ZjM5LThhNzEtNTU4YjJjZGE5ZjI0IiwiY2xpZW50X2lkIjoiOTNlZDQ1M2UtYjdhYy00MTkyLWE2ZDQtYzQ1ZmFlMGQ5OWFjIn0.RS5UihSDdNpTVozMFOa5FivfH9lQeMq-l-S-VKSpgpMFUwKxYTO2zs6OG6vpTXfHcJa7CR0x3Tvmwhh644GVWUROWVGSGvtQAA6pGN4Jpe_JSZN-fbjtvUzOlkkhpHSjJFXFaD5OcurPkxDg-f1q-LoxEqn_xPsp3MIMsumqGDhgrEqton7mfFpbLzq2RLuojvOCvooKAOeN1wabOt12REWF_PjcHPyADw0e3mea_Er6I461NwVhRPYmrPzFnBGb73a2qcWNpoMBPs4gzlYyCObrvaO8i2QN180k2CHo9YiBAFfC8s4iwvknqbzhm2_nCDaV_MQdCv71PXX5ZGCqzg
[2026-09-20 17:52:10 IST] DEBUG [Service Name -> bookstore-order-service], [TraceId -> 85d70b67b74f9886], [SpanId -> 3077287befea27c8] 
      <http-nio-7001-exec-8> com.devd.spring.bookstorecommons.feign.BillingFeignClient : [BillingFeignClient#getAddressById] ---> END HTTP (0-byte body)
[2026-09-20 17:52:10 IST] INFO [Service Name -> bookstore-order-service], [TraceId -> 85d70b67b74f9886], [SpanId -> 3077287befea27c8] 
      <http-nio-7001-exec-8> com.netflix.config.ChainedDynamicProperty : Flipping property: bookstore-billing-service.ribbon.ActiveConnectionsLimit to use NEXT property: niws.loadbalancer.availabilityFilteringRule.activeConnectionsLimit = 2147483647
[2026-09-20 17:52:10 IST] INFO [Service Name -> bookstore-order-service], [TraceId -> 85d70b67b74f9886], [SpanId -> 3077287befea27c8] 
      <http-nio-7001-exec-8> com.netflix.util.concurrent.ShutdownEnabledTimer : Shutdown hook installed for: NFLoadBalancer-PingTimer-bookstore-billing-service
[2026-09-20 17:52:10 IST] INFO [Service Name -> bookstore-order-service], [TraceId -> 85d70b67b74f9886], [SpanId -> 3077287befea27c8] 
      <http-nio-7001-exec-8> com.netflix.loadbalancer.BaseLoadBalancer : Client: bookstore-billing-service instantiated a LoadBalancer: DynamicServerListLoadBalancer:{NFLoadBalancer:name=bookstore-billing-service,current list of Servers=[],Load balancer stats=Zone stats: {},Server stats: []}ServerList:null
[2026-09-20 17:52:10 IST] INFO [Service Name -> bookstore-order-service], [TraceId -> 85d70b67b74f9886], [SpanId -> 3077287befea27c8] 
      <http-nio-7001-exec-8> com.netflix.loadbalancer.DynamicServerListLoadBalancer : Using serverListUpdater PollingServerListUpdater
[2026-09-20 17:52:10 IST] INFO [Service Name -> bookstore-order-service], [TraceId -> 85d70b67b74f9886], [SpanId -> 3077287befea27c8] 
      <http-nio-7001-exec-8> com.netflix.config.ChainedDynamicProperty : Flipping property: bookstore-billing-service.ribbon.ActiveConnectionsLimit to use NEXT property: niws.loadbalancer.availabilityFilteringRule.activeConnectionsLimit = 2147483647
[2026-09-20 17:52:10 IST] INFO [Service Name -> bookstore-order-service], [TraceId -> 85d70b67b74f9886], [SpanId -> 3077287befea27c8] 
      <http-nio-7001-exec-8> com.netflix.loadbalancer.DynamicServerListLoadBalancer : DynamicServerListLoadBalancer for client bookstore-billing-service initialized: DynamicServerListLoadBalancer:{NFLoadBalancer:name=bookstore-billing-service,current list of Servers=[LAPTOP-PIAE5DDA:5001],Load balancer stats=Zone stats: {defaultzone=[Zone:defaultzone;	Instance count:1;	Active connections count: 0;	Circuit breaker tripped count: 0;	Active connections per server: 0.0;]
},Server stats: [[Server:LAPTOP-PIAE5DDA:5001;	Zone:defaultZone;	Total Requests:0;	Successive connection failure:0;	Total blackout seconds:0;	Last connection made:Thu Jan 01 05:30:00 IST 1970;	First connection made: Thu Jan 01 05:30:00 IST 1970;	Active Connections:0;	total failure count in last (1000) msecs:0;	average resp time:0.0;	90 percentile resp time:0.0;	95 percentile resp time:0.0;	min resp time:0.0;	max resp time:0.0;	stddev resp time:0.0]
]}ServerList:org.springframework.cloud.netflix.ribbon.eureka.DomainExtractingServerList@3301bea1
[2026-09-20 17:52:10 IST] INFO [Service Name -> bookstore-order-service], [TraceId -> 85d70b67b74f9886], [SpanId -> 3077287befea27c8] 
      <http-nio-7001-exec-8> org.springframework.data.repository.config.DeferredRepositoryInitializationListener : Triggering deferred initialization of Spring Data repositories…
[2026-09-20 17:52:10 IST] INFO [Service Name -> bookstore-order-service], [TraceId -> 85d70b67b74f9886], [SpanId -> 3077287befea27c8] 
      <http-nio-7001-exec-8> org.springframework.data.repository.config.DeferredRepositoryInitializationListener : Spring Data repositories initialized!
[2026-09-20 17:52:11 IST] INFO [Service Name -> bookstore-order-service], [TraceId -> ], [SpanId -> ] 
      <PollingServerListUpdater-0> com.netflix.config.ChainedDynamicProperty : Flipping property: bookstore-billing-service.ribbon.ActiveConnectionsLimit to use NEXT property: niws.loadbalancer.availabilityFilteringRule.activeConnectionsLimit = 2147483647
[2026-09-20 17:52:12 IST] DEBUG [Service Name -> bookstore-order-service], [TraceId -> 85d70b67b74f9886], [SpanId -> 3077287befea27c8] 
      <http-nio-7001-exec-8> com.devd.spring.bookstorecommons.feign.BillingFeignClient : [BillingFeignClient#getAddressById] <--- HTTP/1.1 200 (2021ms)
[2026-09-20 17:52:12 IST] DEBUG [Service Name -> bookstore-order-service], [TraceId -> 85d70b67b74f9886], [SpanId -> 3077287befea27c8] 
      <http-nio-7001-exec-8> com.devd.spring.bookstorecommons.feign.BillingFeignClient : [BillingFeignClient#getAddressById] access-control-allow-headers: *
[2026-09-20 17:52:12 IST] DEBUG [Service Name -> bookstore-order-service], [TraceId -> 85d70b67b74f9886], [SpanId -> 3077287befea27c8] 
      <http-nio-7001-exec-8> com.devd.spring.bookstorecommons.feign.BillingFeignClient : [BillingFeignClient#getAddressById] access-control-allow-methods: *
[2026-09-20 17:52:12 IST] DEBUG [Service Name -> bookstore-order-service], [TraceId -> 85d70b67b74f9886], [SpanId -> 3077287befea27c8] 
      <http-nio-7001-exec-8> com.devd.spring.bookstorecommons.feign.BillingFeignClient : [BillingFeignClient#getAddressById] access-control-allow-origin: *
[2026-09-20 17:52:12 IST] DEBUG [Service Name -> bookstore-order-service], [TraceId -> 85d70b67b74f9886], [SpanId -> 3077287befea27c8] 
      <http-nio-7001-exec-8> com.devd.spring.bookstorecommons.feign.BillingFeignClient : [BillingFeignClient#getAddressById] cache-control: no-cache, no-store, max-age=0, must-revalidate
[2026-09-20 17:52:12 IST] DEBUG [Service Name -> bookstore-order-service], [TraceId -> 85d70b67b74f9886], [SpanId -> 3077287befea27c8] 
      <http-nio-7001-exec-8> com.devd.spring.bookstorecommons.feign.BillingFeignClient : [BillingFeignClient#getAddressById] connection: keep-alive
[2026-09-20 17:52:12 IST] DEBUG [Service Name -> bookstore-order-service], [TraceId -> 85d70b67b74f9886], [SpanId -> 3077287befea27c8] 
      <http-nio-7001-exec-8> com.devd.spring.bookstorecommons.feign.BillingFeignClient : [BillingFeignClient#getAddressById] content-type: application/json
[2026-09-20 17:52:12 IST] DEBUG [Service Name -> bookstore-order-service], [TraceId -> 85d70b67b74f9886], [SpanId -> 3077287befea27c8] 
      <http-nio-7001-exec-8> com.devd.spring.bookstorecommons.feign.BillingFeignClient : [BillingFeignClient#getAddressById] date: Sun, 20 Sep 2026 12:22:12 GMT
[2026-09-20 17:52:12 IST] DEBUG [Service Name -> bookstore-order-service], [TraceId -> 85d70b67b74f9886], [SpanId -> 3077287befea27c8] 
      <http-nio-7001-exec-8> com.devd.spring.bookstorecommons.feign.BillingFeignClient : [BillingFeignClient#getAddressById] expires: 0
[2026-09-20 17:52:12 IST] DEBUG [Service Name -> bookstore-order-service], [TraceId -> 85d70b67b74f9886], [SpanId -> 3077287befea27c8] 
      <http-nio-7001-exec-8> com.devd.spring.bookstorecommons.feign.BillingFeignClient : [BillingFeignClient#getAddressById] keep-alive: timeout=60
[2026-09-20 17:52:12 IST] DEBUG [Service Name -> bookstore-order-service], [TraceId -> 85d70b67b74f9886], [SpanId -> 3077287befea27c8] 
      <http-nio-7001-exec-8> com.devd.spring.bookstorecommons.feign.BillingFeignClient : [BillingFeignClient#getAddressById] pragma: no-cache
[2026-09-20 17:52:12 IST] DEBUG [Service Name -> bookstore-order-service], [TraceId -> 85d70b67b74f9886], [SpanId -> 3077287befea27c8] 
      <http-nio-7001-exec-8> com.devd.spring.bookstorecommons.feign.BillingFeignClient : [BillingFeignClient#getAddressById] transfer-encoding: chunked
[2026-09-20 17:52:12 IST] DEBUG [Service Name -> bookstore-order-service], [TraceId -> 85d70b67b74f9886], [SpanId -> 3077287befea27c8] 
      <http-nio-7001-exec-8> com.devd.spring.bookstorecommons.feign.BillingFeignClient : [BillingFeignClient#getAddressById] vary: Access-Control-Request-Headers
[2026-09-20 17:52:12 IST] DEBUG [Service Name -> bookstore-order-service], [TraceId -> 85d70b67b74f9886], [SpanId -> 3077287befea27c8] 
      <http-nio-7001-exec-8> com.devd.spring.bookstorecommons.feign.BillingFeignClient : [BillingFeignClient#getAddressById] vary: Access-Control-Request-Method
[2026-09-20 17:52:12 IST] DEBUG [Service Name -> bookstore-order-service], [TraceId -> 85d70b67b74f9886], [SpanId -> 3077287befea27c8] 
      <http-nio-7001-exec-8> com.devd.spring.bookstorecommons.feign.BillingFeignClient : [BillingFeignClient#getAddressById] vary: Origin
[2026-09-20 17:52:12 IST] DEBUG [Service Name -> bookstore-order-service], [TraceId -> 85d70b67b74f9886], [SpanId -> 3077287befea27c8] 
      <http-nio-7001-exec-8> com.devd.spring.bookstorecommons.feign.BillingFeignClient : [BillingFeignClient#getAddressById] x-content-type-options: nosniff
[2026-09-20 17:52:12 IST] DEBUG [Service Name -> bookstore-order-service], [TraceId -> 85d70b67b74f9886], [SpanId -> 3077287befea27c8] 
      <http-nio-7001-exec-8> com.devd.spring.bookstorecommons.feign.BillingFeignClient : [BillingFeignClient#getAddressById] x-xss-protection: 1; mode=block
[2026-09-20 17:52:12 IST] DEBUG [Service Name -> bookstore-order-service], [TraceId -> 85d70b67b74f9886], [SpanId -> 3077287befea27c8] 
      <http-nio-7001-exec-8> com.devd.spring.bookstorecommons.feign.BillingFeignClient : [BillingFeignClient#getAddressById] 
[2026-09-20 17:52:12 IST] DEBUG [Service Name -> bookstore-order-service], [TraceId -> 85d70b67b74f9886], [SpanId -> 3077287befea27c8] 
      <http-nio-7001-exec-8> com.devd.spring.bookstorecommons.feign.BillingFeignClient : [BillingFeignClient#getAddressById] {"addressId":"80a5a127-f6c5-46c6-bd90-823a48fb9e7b","userId":"8b23cce1-1f79-44b4-82f9-5bdc43eb4783","addressLine1":"59/17/1","addressLine2":"Water Field Bank","city":"Nuwara Eliya","state":"Central","postalCode":"22200","country":"LK","phone":"94779257741"}
[2026-09-20 17:52:12 IST] DEBUG [Service Name -> bookstore-order-service], [TraceId -> 85d70b67b74f9886], [SpanId -> 3077287befea27c8] 
      <http-nio-7001-exec-8> com.devd.spring.bookstorecommons.feign.BillingFeignClient : [BillingFeignClient#getAddressById] <--- END HTTP (257-byte body)
[2026-09-20 17:52:12 IST] DEBUG [Service Name -> bookstore-order-service], [TraceId -> 85d70b67b74f9886], [SpanId -> 3077287befea27c8] 
      <http-nio-7001-exec-8> com.devd.spring.bookstorecommons.feign.BillingFeignClient : [BillingFeignClient#getAddressById] ---> GET http://bookstore-billing-service/address/80a5a127-f6c5-46c6-bd90-823a48fb9e7b HTTP/1.1
[2026-09-20 17:52:12 IST] DEBUG [Service Name -> bookstore-order-service], [TraceId -> 85d70b67b74f9886], [SpanId -> 3077287befea27c8] 
      <http-nio-7001-exec-8> com.devd.spring.bookstorecommons.feign.BillingFeignClient : [BillingFeignClient#getAddressById] Authorization: Bearer eyJhbGciOiJSUzI1NiIsInR5cCI6IkpXVCJ9.eyJhdWQiOlsid2ViIl0sInVzZXJfaWQiOiI4YjIzY2NlMS0xZjc5LTQ0YjQtODJmOS01YmRjNDNlYjQ3ODMiLCJ1c2VyX25hbWUiOiJIaXJhbiIsInNjb3BlIjpbInJlYWQiLCJ3cml0ZSJdLCJleHAiOjE3OTAxNjU3MjEsImF1dGhvcml0aWVzIjpbIlNUQU5EQVJEX1VTRVIiXSwianRpIjoiNDk4YmM3ZTItMjU3Ni00ZjM5LThhNzEtNTU4YjJjZGE5ZjI0IiwiY2xpZW50X2lkIjoiOTNlZDQ1M2UtYjdhYy00MTkyLWE2ZDQtYzQ1ZmFlMGQ5OWFjIn0.RS5UihSDdNpTVozMFOa5FivfH9lQeMq-l-S-VKSpgpMFUwKxYTO2zs6OG6vpTXfHcJa7CR0x3Tvmwhh644GVWUROWVGSGvtQAA6pGN4Jpe_JSZN-fbjtvUzOlkkhpHSjJFXFaD5OcurPkxDg-f1q-LoxEqn_xPsp3MIMsumqGDhgrEqton7mfFpbLzq2RLuojvOCvooKAOeN1wabOt12REWF_PjcHPyADw0e3mea_Er6I461NwVhRPYmrPzFnBGb73a2qcWNpoMBPs4gzlYyCObrvaO8i2QN180k2CHo9YiBAFfC8s4iwvknqbzhm2_nCDaV_MQdCv71PXX5ZGCqzg
[2026-09-20 17:52:12 IST] DEBUG [Service Name -> bookstore-order-service], [TraceId -> 85d70b67b74f9886], [SpanId -> 3077287befea27c8] 
      <http-nio-7001-exec-8> com.devd.spring.bookstorecommons.feign.BillingFeignClient : [BillingFeignClient#getAddressById] ---> END HTTP (0-byte body)
[2026-09-20 17:52:12 IST] DEBUG [Service Name -> bookstore-order-service], [TraceId -> 85d70b67b74f9886], [SpanId -> 3077287befea27c8] 
      <http-nio-7001-exec-8> com.devd.spring.bookstorecommons.feign.BillingFeignClient : [BillingFeignClient#getAddressById] <--- HTTP/1.1 200 (83ms)
[2026-09-20 17:52:12 IST] DEBUG [Service Name -> bookstore-order-service], [TraceId -> 85d70b67b74f9886], [SpanId -> 3077287befea27c8] 
      <http-nio-7001-exec-8> com.devd.spring.bookstorecommons.feign.BillingFeignClient : [BillingFeignClient#getAddressById] access-control-allow-headers: *
[2026-09-20 17:52:12 IST] DEBUG [Service Name -> bookstore-order-service], [TraceId -> 85d70b67b74f9886], [SpanId -> 3077287befea27c8] 
      <http-nio-7001-exec-8> com.devd.spring.bookstorecommons.feign.BillingFeignClient : [BillingFeignClient#getAddressById] access-control-allow-methods: *
[2026-09-20 17:52:12 IST] DEBUG [Service Name -> bookstore-order-service], [TraceId -> 85d70b67b74f9886], [SpanId -> 3077287befea27c8] 
      <http-nio-7001-exec-8> com.devd.spring.bookstorecommons.feign.BillingFeignClient : [BillingFeignClient#getAddressById] access-control-allow-origin: *
[2026-09-20 17:52:12 IST] DEBUG [Service Name -> bookstore-order-service], [TraceId -> 85d70b67b74f9886], [SpanId -> 3077287befea27c8] 
      <http-nio-7001-exec-8> com.devd.spring.bookstorecommons.feign.BillingFeignClient : [BillingFeignClient#getAddressById] cache-control: no-cache, no-store, max-age=0, must-revalidate
[2026-09-20 17:52:12 IST] DEBUG [Service Name -> bookstore-order-service], [TraceId -> 85d70b67b74f9886], [SpanId -> 3077287befea27c8] 
      <http-nio-7001-exec-8> com.devd.spring.bookstorecommons.feign.BillingFeignClient : [BillingFeignClient#getAddressById] connection: keep-alive
[2026-09-20 17:52:12 IST] DEBUG [Service Name -> bookstore-order-service], [TraceId -> 85d70b67b74f9886], [SpanId -> 3077287befea27c8] 
      <http-nio-7001-exec-8> com.devd.spring.bookstorecommons.feign.BillingFeignClient : [BillingFeignClient#getAddressById] content-type: application/json
[2026-09-20 17:52:12 IST] DEBUG [Service Name -> bookstore-order-service], [TraceId -> 85d70b67b74f9886], [SpanId -> 3077287befea27c8] 
      <http-nio-7001-exec-8> com.devd.spring.bookstorecommons.feign.BillingFeignClient : [BillingFeignClient#getAddressById] date: Sun, 20 Sep 2026 12:22:12 GMT
[2026-09-20 17:52:12 IST] DEBUG [Service Name -> bookstore-order-service], [TraceId -> 85d70b67b74f9886], [SpanId -> 3077287befea27c8] 
      <http-nio-7001-exec-8> com.devd.spring.bookstorecommons.feign.BillingFeignClient : [BillingFeignClient#getAddressById] expires: 0
[2026-09-20 17:52:12 IST] DEBUG [Service Name -> bookstore-order-service], [TraceId -> 85d70b67b74f9886], [SpanId -> 3077287befea27c8] 
      <http-nio-7001-exec-8> com.devd.spring.bookstorecommons.feign.BillingFeignClient : [BillingFeignClient#getAddressById] keep-alive: timeout=60
[2026-09-20 17:52:12 IST] DEBUG [Service Name -> bookstore-order-service], [TraceId -> 85d70b67b74f9886], [SpanId -> 3077287befea27c8] 
      <http-nio-7001-exec-8> com.devd.spring.bookstorecommons.feign.BillingFeignClient : [BillingFeignClient#getAddressById] pragma: no-cache
[2026-09-20 17:52:12 IST] DEBUG [Service Name -> bookstore-order-service], [TraceId -> 85d70b67b74f9886], [SpanId -> 3077287befea27c8] 
      <http-nio-7001-exec-8> com.devd.spring.bookstorecommons.feign.BillingFeignClient : [BillingFeignClient#getAddressById] transfer-encoding: chunked
[2026-09-20 17:52:12 IST] DEBUG [Service Name -> bookstore-order-service], [TraceId -> 85d70b67b74f9886], [SpanId -> 3077287befea27c8] 
      <http-nio-7001-exec-8> com.devd.spring.bookstorecommons.feign.BillingFeignClient : [BillingFeignClient#getAddressById] vary: Access-Control-Request-Headers
[2026-09-20 17:52:12 IST] DEBUG [Service Name -> bookstore-order-service], [TraceId -> 85d70b67b74f9886], [SpanId -> 3077287befea27c8] 
      <http-nio-7001-exec-8> com.devd.spring.bookstorecommons.feign.BillingFeignClient : [BillingFeignClient#getAddressById] vary: Access-Control-Request-Method
[2026-09-20 17:52:12 IST] DEBUG [Service Name -> bookstore-order-service], [TraceId -> 85d70b67b74f9886], [SpanId -> 3077287befea27c8] 
      <http-nio-7001-exec-8> com.devd.spring.bookstorecommons.feign.BillingFeignClient : [BillingFeignClient#getAddressById] vary: Origin
[2026-09-20 17:52:12 IST] DEBUG [Service Name -> bookstore-order-service], [TraceId -> 85d70b67b74f9886], [SpanId -> 3077287befea27c8] 
      <http-nio-7001-exec-8> com.devd.spring.bookstorecommons.feign.BillingFeignClient : [BillingFeignClient#getAddressById] x-content-type-options: nosniff
[2026-09-20 17:52:12 IST] DEBUG [Service Name -> bookstore-order-service], [TraceId -> 85d70b67b74f9886], [SpanId -> 3077287befea27c8] 
      <http-nio-7001-exec-8> com.devd.spring.bookstorecommons.feign.BillingFeignClient : [BillingFeignClient#getAddressById] x-xss-protection: 1; mode=block
[2026-09-20 17:52:12 IST] DEBUG [Service Name -> bookstore-order-service], [TraceId -> 85d70b67b74f9886], [SpanId -> 3077287befea27c8] 
      <http-nio-7001-exec-8> com.devd.spring.bookstorecommons.feign.BillingFeignClient : [BillingFeignClient#getAddressById] 
[2026-09-20 17:52:12 IST] DEBUG [Service Name -> bookstore-order-service], [TraceId -> 85d70b67b74f9886], [SpanId -> 3077287befea27c8] 
      <http-nio-7001-exec-8> com.devd.spring.bookstorecommons.feign.BillingFeignClient : [BillingFeignClient#getAddressById] {"addressId":"80a5a127-f6c5-46c6-bd90-823a48fb9e7b","userId":"8b23cce1-1f79-44b4-82f9-5bdc43eb4783","addressLine1":"59/17/1","addressLine2":"Water Field Bank","city":"Nuwara Eliya","state":"Central","postalCode":"22200","country":"LK","phone":"94779257741"}
[2026-09-20 17:52:12 IST] DEBUG [Service Name -> bookstore-order-service], [TraceId -> 85d70b67b74f9886], [SpanId -> 3077287befea27c8] 
      <http-nio-7001-exec-8> com.devd.spring.bookstorecommons.feign.BillingFeignClient : [BillingFeignClient#getAddressById] <--- END HTTP (257-byte body)
[2026-09-20 17:52:13 IST] DEBUG [Service Name -> bookstore-order-service], [TraceId -> 85d70b67b74f9886], [SpanId -> 3077287befea27c8] 
      <http-nio-7001-exec-8> com.devd.spring.bookstorecommons.feign.PaymentFeignClient : [PaymentFeignClient#getMyPaymentMethodById] ---> GET http://bookstore-payment-service/paymentMethod/pm_1UHjkqG9R9y827ntIkzz0Jer HTTP/1.1
[2026-09-20 17:52:13 IST] DEBUG [Service Name -> bookstore-order-service], [TraceId -> 85d70b67b74f9886], [SpanId -> 3077287befea27c8] 
      <http-nio-7001-exec-8> com.devd.spring.bookstorecommons.feign.PaymentFeignClient : [PaymentFeignClient#getMyPaymentMethodById] Authorization: Bearer eyJhbGciOiJSUzI1NiIsInR5cCI6IkpXVCJ9.eyJhdWQiOlsid2ViIl0sInVzZXJfaWQiOiI4YjIzY2NlMS0xZjc5LTQ0YjQtODJmOS01YmRjNDNlYjQ3ODMiLCJ1c2VyX25hbWUiOiJIaXJhbiIsInNjb3BlIjpbInJlYWQiLCJ3cml0ZSJdLCJleHAiOjE3OTAxNjU3MjEsImF1dGhvcml0aWVzIjpbIlNUQU5EQVJEX1VTRVIiXSwianRpIjoiNDk4YmM3ZTItMjU3Ni00ZjM5LThhNzEtNTU4YjJjZGE5ZjI0IiwiY2xpZW50X2lkIjoiOTNlZDQ1M2UtYjdhYy00MTkyLWE2ZDQtYzQ1ZmFlMGQ5OWFjIn0.RS5UihSDdNpTVozMFOa5FivfH9lQeMq-l-S-VKSpgpMFUwKxYTO2zs6OG6vpTXfHcJa7CR0x3Tvmwhh644GVWUROWVGSGvtQAA6pGN4Jpe_JSZN-fbjtvUzOlkkhpHSjJFXFaD5OcurPkxDg-f1q-LoxEqn_xPsp3MIMsumqGDhgrEqton7mfFpbLzq2RLuojvOCvooKAOeN1wabOt12REWF_PjcHPyADw0e3mea_Er6I461NwVhRPYmrPzFnBGb73a2qcWNpoMBPs4gzlYyCObrvaO8i2QN180k2CHo9YiBAFfC8s4iwvknqbzhm2_nCDaV_MQdCv71PXX5ZGCqzg
[2026-09-20 17:52:13 IST] DEBUG [Service Name -> bookstore-order-service], [TraceId -> 85d70b67b74f9886], [SpanId -> 3077287befea27c8] 
      <http-nio-7001-exec-8> com.devd.spring.bookstorecommons.feign.PaymentFeignClient : [PaymentFeignClient#getMyPaymentMethodById] ---> END HTTP (0-byte body)
[2026-09-20 17:52:14 IST] INFO [Service Name -> bookstore-order-service], [TraceId -> 85d70b67b74f9886], [SpanId -> 3077287befea27c8] 
      <http-nio-7001-exec-8> com.netflix.config.ChainedDynamicProperty : Flipping property: bookstore-payment-service.ribbon.ActiveConnectionsLimit to use NEXT property: niws.loadbalancer.availabilityFilteringRule.activeConnectionsLimit = 2147483647
[2026-09-20 17:52:14 IST] INFO [Service Name -> bookstore-order-service], [TraceId -> 85d70b67b74f9886], [SpanId -> 3077287befea27c8] 
      <http-nio-7001-exec-8> com.netflix.util.concurrent.ShutdownEnabledTimer : Shutdown hook installed for: NFLoadBalancer-PingTimer-bookstore-payment-service
[2026-09-20 17:52:14 IST] INFO [Service Name -> bookstore-order-service], [TraceId -> 85d70b67b74f9886], [SpanId -> 3077287befea27c8] 
      <http-nio-7001-exec-8> com.netflix.loadbalancer.BaseLoadBalancer : Client: bookstore-payment-service instantiated a LoadBalancer: DynamicServerListLoadBalancer:{NFLoadBalancer:name=bookstore-payment-service,current list of Servers=[],Load balancer stats=Zone stats: {},Server stats: []}ServerList:null
[2026-09-20 17:52:14 IST] INFO [Service Name -> bookstore-order-service], [TraceId -> 85d70b67b74f9886], [SpanId -> 3077287befea27c8] 
      <http-nio-7001-exec-8> com.netflix.loadbalancer.DynamicServerListLoadBalancer : Using serverListUpdater PollingServerListUpdater
[2026-09-20 17:52:14 IST] INFO [Service Name -> bookstore-order-service], [TraceId -> 85d70b67b74f9886], [SpanId -> 3077287befea27c8] 
      <http-nio-7001-exec-8> com.netflix.config.ChainedDynamicProperty : Flipping property: bookstore-payment-service.ribbon.ActiveConnectionsLimit to use NEXT property: niws.loadbalancer.availabilityFilteringRule.activeConnectionsLimit = 2147483647
[2026-09-20 17:52:14 IST] INFO [Service Name -> bookstore-order-service], [TraceId -> 85d70b67b74f9886], [SpanId -> 3077287befea27c8] 
      <http-nio-7001-exec-8> com.netflix.loadbalancer.DynamicServerListLoadBalancer : DynamicServerListLoadBalancer for client bookstore-payment-service initialized: DynamicServerListLoadBalancer:{NFLoadBalancer:name=bookstore-payment-service,current list of Servers=[LAPTOP-PIAE5DDA:8001],Load balancer stats=Zone stats: {defaultzone=[Zone:defaultzone;	Instance count:1;	Active connections count: 0;	Circuit breaker tripped count: 0;	Active connections per server: 0.0;]
},Server stats: [[Server:LAPTOP-PIAE5DDA:8001;	Zone:defaultZone;	Total Requests:0;	Successive connection failure:0;	Total blackout seconds:0;	Last connection made:Thu Jan 01 05:30:00 IST 1970;	First connection made: Thu Jan 01 05:30:00 IST 1970;	Active Connections:0;	total failure count in last (1000) msecs:0;	average resp time:0.0;	90 percentile resp time:0.0;	95 percentile resp time:0.0;	min resp time:0.0;	max resp time:0.0;	stddev resp time:0.0]
]}ServerList:org.springframework.cloud.netflix.ribbon.eureka.DomainExtractingServerList@7b00512d
[2026-09-20 17:52:14 IST] INFO [Service Name -> bookstore-order-service], [TraceId -> 85d70b67b74f9886], [SpanId -> 3077287befea27c8] 
      <http-nio-7001-exec-8> org.springframework.data.repository.config.DeferredRepositoryInitializationListener : Triggering deferred initialization of Spring Data repositories…
[2026-09-20 17:52:14 IST] INFO [Service Name -> bookstore-order-service], [TraceId -> 85d70b67b74f9886], [SpanId -> 3077287befea27c8] 
      <http-nio-7001-exec-8> org.springframework.data.repository.config.DeferredRepositoryInitializationListener : Spring Data repositories initialized!
[2026-09-20 17:52:15 IST] INFO [Service Name -> bookstore-order-service], [TraceId -> ], [SpanId -> ] 
      <PollingServerListUpdater-1> com.netflix.config.ChainedDynamicProperty : Flipping property: bookstore-payment-service.ribbon.ActiveConnectionsLimit to use NEXT property: niws.loadbalancer.availabilityFilteringRule.activeConnectionsLimit = 2147483647
[2026-09-20 17:52:15 IST] DEBUG [Service Name -> bookstore-order-service], [TraceId -> 85d70b67b74f9886], [SpanId -> 3077287befea27c8] 
      <http-nio-7001-exec-8> com.devd.spring.bookstorecommons.feign.PaymentFeignClient : [PaymentFeignClient#getMyPaymentMethodById] <--- HTTP/1.1 200 (2484ms)
[2026-09-20 17:52:15 IST] DEBUG [Service Name -> bookstore-order-service], [TraceId -> 85d70b67b74f9886], [SpanId -> 3077287befea27c8] 
      <http-nio-7001-exec-8> com.devd.spring.bookstorecommons.feign.PaymentFeignClient : [PaymentFeignClient#getMyPaymentMethodById] access-control-allow-headers: *
[2026-09-20 17:52:15 IST] DEBUG [Service Name -> bookstore-order-service], [TraceId -> 85d70b67b74f9886], [SpanId -> 3077287befea27c8] 
      <http-nio-7001-exec-8> com.devd.spring.bookstorecommons.feign.PaymentFeignClient : [PaymentFeignClient#getMyPaymentMethodById] access-control-allow-methods: *
[2026-09-20 17:52:15 IST] DEBUG [Service Name -> bookstore-order-service], [TraceId -> 85d70b67b74f9886], [SpanId -> 3077287befea27c8] 
      <http-nio-7001-exec-8> com.devd.spring.bookstorecommons.feign.PaymentFeignClient : [PaymentFeignClient#getMyPaymentMethodById] access-control-allow-origin: *
[2026-09-20 17:52:15 IST] DEBUG [Service Name -> bookstore-order-service], [TraceId -> 85d70b67b74f9886], [SpanId -> 3077287befea27c8] 
      <http-nio-7001-exec-8> com.devd.spring.bookstorecommons.feign.PaymentFeignClient : [PaymentFeignClient#getMyPaymentMethodById] cache-control: no-cache, no-store, max-age=0, must-revalidate
[2026-09-20 17:52:15 IST] DEBUG [Service Name -> bookstore-order-service], [TraceId -> 85d70b67b74f9886], [SpanId -> 3077287befea27c8] 
      <http-nio-7001-exec-8> com.devd.spring.bookstorecommons.feign.PaymentFeignClient : [PaymentFeignClient#getMyPaymentMethodById] connection: keep-alive
[2026-09-20 17:52:15 IST] DEBUG [Service Name -> bookstore-order-service], [TraceId -> 85d70b67b74f9886], [SpanId -> 3077287befea27c8] 
      <http-nio-7001-exec-8> com.devd.spring.bookstorecommons.feign.PaymentFeignClient : [PaymentFeignClient#getMyPaymentMethodById] content-type: application/json
[2026-09-20 17:52:15 IST] DEBUG [Service Name -> bookstore-order-service], [TraceId -> 85d70b67b74f9886], [SpanId -> 3077287befea27c8] 
      <http-nio-7001-exec-8> com.devd.spring.bookstorecommons.feign.PaymentFeignClient : [PaymentFeignClient#getMyPaymentMethodById] date: Sun, 20 Sep 2026 12:22:15 GMT
[2026-09-20 17:52:15 IST] DEBUG [Service Name -> bookstore-order-service], [TraceId -> 85d70b67b74f9886], [SpanId -> 3077287befea27c8] 
      <http-nio-7001-exec-8> com.devd.spring.bookstorecommons.feign.PaymentFeignClient : [PaymentFeignClient#getMyPaymentMethodById] expires: 0
[2026-09-20 17:52:15 IST] DEBUG [Service Name -> bookstore-order-service], [TraceId -> 85d70b67b74f9886], [SpanId -> 3077287befea27c8] 
      <http-nio-7001-exec-8> com.devd.spring.bookstorecommons.feign.PaymentFeignClient : [PaymentFeignClient#getMyPaymentMethodById] keep-alive: timeout=60
[2026-09-20 17:52:15 IST] DEBUG [Service Name -> bookstore-order-service], [TraceId -> 85d70b67b74f9886], [SpanId -> 3077287befea27c8] 
      <http-nio-7001-exec-8> com.devd.spring.bookstorecommons.feign.PaymentFeignClient : [PaymentFeignClient#getMyPaymentMethodById] pragma: no-cache
[2026-09-20 17:52:15 IST] DEBUG [Service Name -> bookstore-order-service], [TraceId -> 85d70b67b74f9886], [SpanId -> 3077287befea27c8] 
      <http-nio-7001-exec-8> com.devd.spring.bookstorecommons.feign.PaymentFeignClient : [PaymentFeignClient#getMyPaymentMethodById] transfer-encoding: chunked
[2026-09-20 17:52:15 IST] DEBUG [Service Name -> bookstore-order-service], [TraceId -> 85d70b67b74f9886], [SpanId -> 3077287befea27c8] 
      <http-nio-7001-exec-8> com.devd.spring.bookstorecommons.feign.PaymentFeignClient : [PaymentFeignClient#getMyPaymentMethodById] vary: Access-Control-Request-Headers
[2026-09-20 17:52:15 IST] DEBUG [Service Name -> bookstore-order-service], [TraceId -> 85d70b67b74f9886], [SpanId -> 3077287befea27c8] 
      <http-nio-7001-exec-8> com.devd.spring.bookstorecommons.feign.PaymentFeignClient : [PaymentFeignClient#getMyPaymentMethodById] vary: Access-Control-Request-Method
[2026-09-20 17:52:15 IST] DEBUG [Service Name -> bookstore-order-service], [TraceId -> 85d70b67b74f9886], [SpanId -> 3077287befea27c8] 
      <http-nio-7001-exec-8> com.devd.spring.bookstorecommons.feign.PaymentFeignClient : [PaymentFeignClient#getMyPaymentMethodById] vary: Origin
[2026-09-20 17:52:15 IST] DEBUG [Service Name -> bookstore-order-service], [TraceId -> 85d70b67b74f9886], [SpanId -> 3077287befea27c8] 
      <http-nio-7001-exec-8> com.devd.spring.bookstorecommons.feign.PaymentFeignClient : [PaymentFeignClient#getMyPaymentMethodById] x-content-type-options: nosniff
[2026-09-20 17:52:15 IST] DEBUG [Service Name -> bookstore-order-service], [TraceId -> 85d70b67b74f9886], [SpanId -> 3077287befea27c8] 
      <http-nio-7001-exec-8> com.devd.spring.bookstorecommons.feign.PaymentFeignClient : [PaymentFeignClient#getMyPaymentMethodById] x-xss-protection: 1; mode=block
[2026-09-20 17:52:15 IST] DEBUG [Service Name -> bookstore-order-service], [TraceId -> 85d70b67b74f9886], [SpanId -> 3077287befea27c8] 
      <http-nio-7001-exec-8> com.devd.spring.bookstorecommons.feign.PaymentFeignClient : [PaymentFeignClient#getMyPaymentMethodById] 
[2026-09-20 17:52:15 IST] DEBUG [Service Name -> bookstore-order-service], [TraceId -> 85d70b67b74f9886], [SpanId -> 3077287befea27c8] 
      <http-nio-7001-exec-8> com.devd.spring.bookstorecommons.feign.PaymentFeignClient : [PaymentFeignClient#getMyPaymentMethodById] {"paymentMethodId":"pm_1UHjkqG9R9y827ntIkzz0Jer","cardType":"visa","cardLast4Digits":"1111","cardExpirationMonth":10,"cardExpirationYear":2027,"cardCountry":"US"}
[2026-09-20 17:52:15 IST] DEBUG [Service Name -> bookstore-order-service], [TraceId -> 85d70b67b74f9886], [SpanId -> 3077287befea27c8] 
      <http-nio-7001-exec-8> com.devd.spring.bookstorecommons.feign.PaymentFeignClient : [PaymentFeignClient#getMyPaymentMethodById] <--- END HTTP (162-byte body)
[2026-09-20 17:52:23 IST] DEBUG [Service Name -> bookstore-order-service], [TraceId -> ebe226958ed801a1], [SpanId -> cbc383681fa23a4d] 
      <http-nio-7001-exec-5> com.devd.spring.bookstorecommons.feign.BillingFeignClient : [BillingFeignClient#getAddressById] ---> GET http://bookstore-billing-service/address/80a5a127-f6c5-46c6-bd90-823a48fb9e7b HTTP/1.1
[2026-09-20 17:52:23 IST] DEBUG [Service Name -> bookstore-order-service], [TraceId -> ebe226958ed801a1], [SpanId -> cbc383681fa23a4d] 
      <http-nio-7001-exec-5> com.devd.spring.bookstorecommons.feign.BillingFeignClient : [BillingFeignClient#getAddressById] Authorization: Bearer eyJhbGciOiJSUzI1NiIsInR5cCI6IkpXVCJ9.eyJhdWQiOlsid2ViIl0sInVzZXJfaWQiOiI4YjIzY2NlMS0xZjc5LTQ0YjQtODJmOS01YmRjNDNlYjQ3ODMiLCJ1c2VyX25hbWUiOiJIaXJhbiIsInNjb3BlIjpbInJlYWQiLCJ3cml0ZSJdLCJleHAiOjE3OTAxNjU3MjEsImF1dGhvcml0aWVzIjpbIlNUQU5EQVJEX1VTRVIiXSwianRpIjoiNDk4YmM3ZTItMjU3Ni00ZjM5LThhNzEtNTU4YjJjZGE5ZjI0IiwiY2xpZW50X2lkIjoiOTNlZDQ1M2UtYjdhYy00MTkyLWE2ZDQtYzQ1ZmFlMGQ5OWFjIn0.RS5UihSDdNpTVozMFOa5FivfH9lQeMq-l-S-VKSpgpMFUwKxYTO2zs6OG6vpTXfHcJa7CR0x3Tvmwhh644GVWUROWVGSGvtQAA6pGN4Jpe_JSZN-fbjtvUzOlkkhpHSjJFXFaD5OcurPkxDg-f1q-LoxEqn_xPsp3MIMsumqGDhgrEqton7mfFpbLzq2RLuojvOCvooKAOeN1wabOt12REWF_PjcHPyADw0e3mea_Er6I461NwVhRPYmrPzFnBGb73a2qcWNpoMBPs4gzlYyCObrvaO8i2QN180k2CHo9YiBAFfC8s4iwvknqbzhm2_nCDaV_MQdCv71PXX5ZGCqzg
[2026-09-20 17:52:23 IST] DEBUG [Service Name -> bookstore-order-service], [TraceId -> ebe226958ed801a1], [SpanId -> cbc383681fa23a4d] 
      <http-nio-7001-exec-5> com.devd.spring.bookstorecommons.feign.BillingFeignClient : [BillingFeignClient#getAddressById] ---> END HTTP (0-byte body)
[2026-09-20 17:52:23 IST] DEBUG [Service Name -> bookstore-order-service], [TraceId -> ebe226958ed801a1], [SpanId -> cbc383681fa23a4d] 
      <http-nio-7001-exec-5> com.devd.spring.bookstorecommons.feign.BillingFeignClient : [BillingFeignClient#getAddressById] <--- HTTP/1.1 200 (201ms)
[2026-09-20 17:52:23 IST] DEBUG [Service Name -> bookstore-order-service], [TraceId -> ebe226958ed801a1], [SpanId -> cbc383681fa23a4d] 
      <http-nio-7001-exec-5> com.devd.spring.bookstorecommons.feign.BillingFeignClient : [BillingFeignClient#getAddressById] access-control-allow-headers: *
[2026-09-20 17:52:23 IST] DEBUG [Service Name -> bookstore-order-service], [TraceId -> ebe226958ed801a1], [SpanId -> cbc383681fa23a4d] 
      <http-nio-7001-exec-5> com.devd.spring.bookstorecommons.feign.BillingFeignClient : [BillingFeignClient#getAddressById] access-control-allow-methods: *
[2026-09-20 17:52:23 IST] DEBUG [Service Name -> bookstore-order-service], [TraceId -> ebe226958ed801a1], [SpanId -> cbc383681fa23a4d] 
      <http-nio-7001-exec-5> com.devd.spring.bookstorecommons.feign.BillingFeignClient : [BillingFeignClient#getAddressById] access-control-allow-origin: *
[2026-09-20 17:52:23 IST] DEBUG [Service Name -> bookstore-order-service], [TraceId -> ebe226958ed801a1], [SpanId -> cbc383681fa23a4d] 
      <http-nio-7001-exec-5> com.devd.spring.bookstorecommons.feign.BillingFeignClient : [BillingFeignClient#getAddressById] cache-control: no-cache, no-store, max-age=0, must-revalidate
[2026-09-20 17:52:23 IST] DEBUG [Service Name -> bookstore-order-service], [TraceId -> ebe226958ed801a1], [SpanId -> cbc383681fa23a4d] 
      <http-nio-7001-exec-5> com.devd.spring.bookstorecommons.feign.BillingFeignClient : [BillingFeignClient#getAddressById] connection: keep-alive
[2026-09-20 17:52:23 IST] DEBUG [Service Name -> bookstore-order-service], [TraceId -> ebe226958ed801a1], [SpanId -> cbc383681fa23a4d] 
      <http-nio-7001-exec-5> com.devd.spring.bookstorecommons.feign.BillingFeignClient : [BillingFeignClient#getAddressById] content-type: application/json
[2026-09-20 17:52:23 IST] DEBUG [Service Name -> bookstore-order-service], [TraceId -> ebe226958ed801a1], [SpanId -> cbc383681fa23a4d] 
      <http-nio-7001-exec-5> com.devd.spring.bookstorecommons.feign.BillingFeignClient : [BillingFeignClient#getAddressById] date: Sun, 20 Sep 2026 12:22:23 GMT
[2026-09-20 17:52:23 IST] DEBUG [Service Name -> bookstore-order-service], [TraceId -> ebe226958ed801a1], [SpanId -> cbc383681fa23a4d] 
      <http-nio-7001-exec-5> com.devd.spring.bookstorecommons.feign.BillingFeignClient : [BillingFeignClient#getAddressById] expires: 0
[2026-09-20 17:52:23 IST] DEBUG [Service Name -> bookstore-order-service], [TraceId -> ebe226958ed801a1], [SpanId -> cbc383681fa23a4d] 
      <http-nio-7001-exec-5> com.devd.spring.bookstorecommons.feign.BillingFeignClient : [BillingFeignClient#getAddressById] keep-alive: timeout=60
[2026-09-20 17:52:23 IST] DEBUG [Service Name -> bookstore-order-service], [TraceId -> ebe226958ed801a1], [SpanId -> cbc383681fa23a4d] 
      <http-nio-7001-exec-5> com.devd.spring.bookstorecommons.feign.BillingFeignClient : [BillingFeignClient#getAddressById] pragma: no-cache
[2026-09-20 17:52:23 IST] DEBUG [Service Name -> bookstore-order-service], [TraceId -> ebe226958ed801a1], [SpanId -> cbc383681fa23a4d] 
      <http-nio-7001-exec-5> com.devd.spring.bookstorecommons.feign.BillingFeignClient : [BillingFeignClient#getAddressById] transfer-encoding: chunked
[2026-09-20 17:52:23 IST] DEBUG [Service Name -> bookstore-order-service], [TraceId -> ebe226958ed801a1], [SpanId -> cbc383681fa23a4d] 
      <http-nio-7001-exec-5> com.devd.spring.bookstorecommons.feign.BillingFeignClient : [BillingFeignClient#getAddressById] vary: Access-Control-Request-Headers
[2026-09-20 17:52:23 IST] DEBUG [Service Name -> bookstore-order-service], [TraceId -> ebe226958ed801a1], [SpanId -> cbc383681fa23a4d] 
      <http-nio-7001-exec-5> com.devd.spring.bookstorecommons.feign.BillingFeignClient : [BillingFeignClient#getAddressById] vary: Access-Control-Request-Method
[2026-09-20 17:52:23 IST] DEBUG [Service Name -> bookstore-order-service], [TraceId -> ebe226958ed801a1], [SpanId -> cbc383681fa23a4d] 
      <http-nio-7001-exec-5> com.devd.spring.bookstorecommons.feign.BillingFeignClient : [BillingFeignClient#getAddressById] vary: Origin
[2026-09-20 17:52:23 IST] DEBUG [Service Name -> bookstore-order-service], [TraceId -> ebe226958ed801a1], [SpanId -> cbc383681fa23a4d] 
      <http-nio-7001-exec-5> com.devd.spring.bookstorecommons.feign.BillingFeignClient : [BillingFeignClient#getAddressById] x-content-type-options: nosniff
[2026-09-20 17:52:23 IST] DEBUG [Service Name -> bookstore-order-service], [TraceId -> ebe226958ed801a1], [SpanId -> cbc383681fa23a4d] 
      <http-nio-7001-exec-5> com.devd.spring.bookstorecommons.feign.BillingFeignClient : [BillingFeignClient#getAddressById] x-xss-protection: 1; mode=block
[2026-09-20 17:52:23 IST] DEBUG [Service Name -> bookstore-order-service], [TraceId -> ebe226958ed801a1], [SpanId -> cbc383681fa23a4d] 
      <http-nio-7001-exec-5> com.devd.spring.bookstorecommons.feign.BillingFeignClient : [BillingFeignClient#getAddressById] 
[2026-09-20 17:52:23 IST] DEBUG [Service Name -> bookstore-order-service], [TraceId -> ebe226958ed801a1], [SpanId -> cbc383681fa23a4d] 
      <http-nio-7001-exec-5> com.devd.spring.bookstorecommons.feign.BillingFeignClient : [BillingFeignClient#getAddressById] {"addressId":"80a5a127-f6c5-46c6-bd90-823a48fb9e7b","userId":"8b23cce1-1f79-44b4-82f9-5bdc43eb4783","addressLine1":"59/17/1","addressLine2":"Water Field Bank","city":"Nuwara Eliya","state":"Central","postalCode":"22200","country":"LK","phone":"94779257741"}
[2026-09-20 17:52:23 IST] DEBUG [Service Name -> bookstore-order-service], [TraceId -> ebe226958ed801a1], [SpanId -> cbc383681fa23a4d] 
      <http-nio-7001-exec-5> com.devd.spring.bookstorecommons.feign.BillingFeignClient : [BillingFeignClient#getAddressById] <--- END HTTP (257-byte body)
[2026-09-20 17:52:23 IST] DEBUG [Service Name -> bookstore-order-service], [TraceId -> ebe226958ed801a1], [SpanId -> cbc383681fa23a4d] 
      <http-nio-7001-exec-5> com.devd.spring.bookstorecommons.feign.BillingFeignClient : [BillingFeignClient#getAddressById] ---> GET http://bookstore-billing-service/address/80a5a127-f6c5-46c6-bd90-823a48fb9e7b HTTP/1.1
[2026-09-20 17:52:23 IST] DEBUG [Service Name -> bookstore-order-service], [TraceId -> ebe226958ed801a1], [SpanId -> cbc383681fa23a4d] 
      <http-nio-7001-exec-5> com.devd.spring.bookstorecommons.feign.BillingFeignClient : [BillingFeignClient#getAddressById] Authorization: Bearer eyJhbGciOiJSUzI1NiIsInR5cCI6IkpXVCJ9.eyJhdWQiOlsid2ViIl0sInVzZXJfaWQiOiI4YjIzY2NlMS0xZjc5LTQ0YjQtODJmOS01YmRjNDNlYjQ3ODMiLCJ1c2VyX25hbWUiOiJIaXJhbiIsInNjb3BlIjpbInJlYWQiLCJ3cml0ZSJdLCJleHAiOjE3OTAxNjU3MjEsImF1dGhvcml0aWVzIjpbIlNUQU5EQVJEX1VTRVIiXSwianRpIjoiNDk4YmM3ZTItMjU3Ni00ZjM5LThhNzEtNTU4YjJjZGE5ZjI0IiwiY2xpZW50X2lkIjoiOTNlZDQ1M2UtYjdhYy00MTkyLWE2ZDQtYzQ1ZmFlMGQ5OWFjIn0.RS5UihSDdNpTVozMFOa5FivfH9lQeMq-l-S-VKSpgpMFUwKxYTO2zs6OG6vpTXfHcJa7CR0x3Tvmwhh644GVWUROWVGSGvtQAA6pGN4Jpe_JSZN-fbjtvUzOlkkhpHSjJFXFaD5OcurPkxDg-f1q-LoxEqn_xPsp3MIMsumqGDhgrEqton7mfFpbLzq2RLuojvOCvooKAOeN1wabOt12REWF_PjcHPyADw0e3mea_Er6I461NwVhRPYmrPzFnBGb73a2qcWNpoMBPs4gzlYyCObrvaO8i2QN180k2CHo9YiBAFfC8s4iwvknqbzhm2_nCDaV_MQdCv71PXX5ZGCqzg
[2026-09-20 17:52:23 IST] DEBUG [Service Name -> bookstore-order-service], [TraceId -> ebe226958ed801a1], [SpanId -> cbc383681fa23a4d] 
      <http-nio-7001-exec-5> com.devd.spring.bookstorecommons.feign.BillingFeignClient : [BillingFeignClient#getAddressById] ---> END HTTP (0-byte body)
[2026-09-20 17:52:23 IST] DEBUG [Service Name -> bookstore-order-service], [TraceId -> ebe226958ed801a1], [SpanId -> cbc383681fa23a4d] 
      <http-nio-7001-exec-5> com.devd.spring.bookstorecommons.feign.BillingFeignClient : [BillingFeignClient#getAddressById] <--- HTTP/1.1 200 (11ms)
[2026-09-20 17:52:23 IST] DEBUG [Service Name -> bookstore-order-service], [TraceId -> ebe226958ed801a1], [SpanId -> cbc383681fa23a4d] 
      <http-nio-7001-exec-5> com.devd.spring.bookstorecommons.feign.BillingFeignClient : [BillingFeignClient#getAddressById] access-control-allow-headers: *
[2026-09-20 17:52:23 IST] DEBUG [Service Name -> bookstore-order-service], [TraceId -> ebe226958ed801a1], [SpanId -> cbc383681fa23a4d] 
      <http-nio-7001-exec-5> com.devd.spring.bookstorecommons.feign.BillingFeignClient : [BillingFeignClient#getAddressById] access-control-allow-methods: *
[2026-09-20 17:52:23 IST] DEBUG [Service Name -> bookstore-order-service], [TraceId -> ebe226958ed801a1], [SpanId -> cbc383681fa23a4d] 
      <http-nio-7001-exec-5> com.devd.spring.bookstorecommons.feign.BillingFeignClient : [BillingFeignClient#getAddressById] access-control-allow-origin: *
[2026-09-20 17:52:23 IST] DEBUG [Service Name -> bookstore-order-service], [TraceId -> ebe226958ed801a1], [SpanId -> cbc383681fa23a4d] 
      <http-nio-7001-exec-5> com.devd.spring.bookstorecommons.feign.BillingFeignClient : [BillingFeignClient#getAddressById] cache-control: no-cache, no-store, max-age=0, must-revalidate
[2026-09-20 17:52:23 IST] DEBUG [Service Name -> bookstore-order-service], [TraceId -> ebe226958ed801a1], [SpanId -> cbc383681fa23a4d] 
      <http-nio-7001-exec-5> com.devd.spring.bookstorecommons.feign.BillingFeignClient : [BillingFeignClient#getAddressById] connection: keep-alive
[2026-09-20 17:52:23 IST] DEBUG [Service Name -> bookstore-order-service], [TraceId -> ebe226958ed801a1], [SpanId -> cbc383681fa23a4d] 
      <http-nio-7001-exec-5> com.devd.spring.bookstorecommons.feign.BillingFeignClient : [BillingFeignClient#getAddressById] content-type: application/json
[2026-09-20 17:52:23 IST] DEBUG [Service Name -> bookstore-order-service], [TraceId -> ebe226958ed801a1], [SpanId -> cbc383681fa23a4d] 
      <http-nio-7001-exec-5> com.devd.spring.bookstorecommons.feign.BillingFeignClient : [BillingFeignClient#getAddressById] date: Sun, 20 Sep 2026 12:22:23 GMT
[2026-09-20 17:52:23 IST] DEBUG [Service Name -> bookstore-order-service], [TraceId -> ebe226958ed801a1], [SpanId -> cbc383681fa23a4d] 
      <http-nio-7001-exec-5> com.devd.spring.bookstorecommons.feign.BillingFeignClient : [BillingFeignClient#getAddressById] expires: 0
[2026-09-20 17:52:23 IST] DEBUG [Service Name -> bookstore-order-service], [TraceId -> ebe226958ed801a1], [SpanId -> cbc383681fa23a4d] 
      <http-nio-7001-exec-5> com.devd.spring.bookstorecommons.feign.BillingFeignClient : [BillingFeignClient#getAddressById] keep-alive: timeout=60
[2026-09-20 17:52:23 IST] DEBUG [Service Name -> bookstore-order-service], [TraceId -> ebe226958ed801a1], [SpanId -> cbc383681fa23a4d] 
      <http-nio-7001-exec-5> com.devd.spring.bookstorecommons.feign.BillingFeignClient : [BillingFeignClient#getAddressById] pragma: no-cache
[2026-09-20 17:52:23 IST] DEBUG [Service Name -> bookstore-order-service], [TraceId -> ebe226958ed801a1], [SpanId -> cbc383681fa23a4d] 
      <http-nio-7001-exec-5> com.devd.spring.bookstorecommons.feign.BillingFeignClient : [BillingFeignClient#getAddressById] transfer-encoding: chunked
[2026-09-20 17:52:23 IST] DEBUG [Service Name -> bookstore-order-service], [TraceId -> ebe226958ed801a1], [SpanId -> cbc383681fa23a4d] 
      <http-nio-7001-exec-5> com.devd.spring.bookstorecommons.feign.BillingFeignClient : [BillingFeignClient#getAddressById] vary: Access-Control-Request-Headers
[2026-09-20 17:52:23 IST] DEBUG [Service Name -> bookstore-order-service], [TraceId -> ebe226958ed801a1], [SpanId -> cbc383681fa23a4d] 
      <http-nio-7001-exec-5> com.devd.spring.bookstorecommons.feign.BillingFeignClient : [BillingFeignClient#getAddressById] vary: Access-Control-Request-Method
[2026-09-20 17:52:23 IST] DEBUG [Service Name -> bookstore-order-service], [TraceId -> ebe226958ed801a1], [SpanId -> cbc383681fa23a4d] 
      <http-nio-7001-exec-5> com.devd.spring.bookstorecommons.feign.BillingFeignClient : [BillingFeignClient#getAddressById] vary: Origin
[2026-09-20 17:52:23 IST] DEBUG [Service Name -> bookstore-order-service], [TraceId -> ebe226958ed801a1], [SpanId -> cbc383681fa23a4d] 
      <http-nio-7001-exec-5> com.devd.spring.bookstorecommons.feign.BillingFeignClient : [BillingFeignClient#getAddressById] x-content-type-options: nosniff
[2026-09-20 17:52:23 IST] DEBUG [Service Name -> bookstore-order-service], [TraceId -> ebe226958ed801a1], [SpanId -> cbc383681fa23a4d] 
      <http-nio-7001-exec-5> com.devd.spring.bookstorecommons.feign.BillingFeignClient : [BillingFeignClient#getAddressById] x-xss-protection: 1; mode=block
[2026-09-20 17:52:23 IST] DEBUG [Service Name -> bookstore-order-service], [TraceId -> ebe226958ed801a1], [SpanId -> cbc383681fa23a4d] 
      <http-nio-7001-exec-5> com.devd.spring.bookstorecommons.feign.BillingFeignClient : [BillingFeignClient#getAddressById] 
[2026-09-20 17:52:23 IST] DEBUG [Service Name -> bookstore-order-service], [TraceId -> ebe226958ed801a1], [SpanId -> cbc383681fa23a4d] 
      <http-nio-7001-exec-5> com.devd.spring.bookstorecommons.feign.BillingFeignClient : [BillingFeignClient#getAddressById] {"addressId":"80a5a127-f6c5-46c6-bd90-823a48fb9e7b","userId":"8b23cce1-1f79-44b4-82f9-5bdc43eb4783","addressLine1":"59/17/1","addressLine2":"Water Field Bank","city":"Nuwara Eliya","state":"Central","postalCode":"22200","country":"LK","phone":"94779257741"}
[2026-09-20 17:52:23 IST] DEBUG [Service Name -> bookstore-order-service], [TraceId -> ebe226958ed801a1], [SpanId -> cbc383681fa23a4d] 
      <http-nio-7001-exec-5> com.devd.spring.bookstorecommons.feign.BillingFeignClient : [BillingFeignClient#getAddressById] <--- END HTTP (257-byte body)
[2026-09-20 17:52:24 IST] DEBUG [Service Name -> bookstore-order-service], [TraceId -> ebe226958ed801a1], [SpanId -> cbc383681fa23a4d] 
      <http-nio-7001-exec-5> com.devd.spring.bookstorecommons.feign.PaymentFeignClient : [PaymentFeignClient#doPayment] ---> POST http://bookstore-payment-service/pay HTTP/1.1
[2026-09-20 17:52:24 IST] DEBUG [Service Name -> bookstore-order-service], [TraceId -> ebe226958ed801a1], [SpanId -> cbc383681fa23a4d] 
      <http-nio-7001-exec-5> com.devd.spring.bookstorecommons.feign.PaymentFeignClient : [PaymentFeignClient#doPayment] Authorization: Bearer eyJhbGciOiJSUzI1NiIsInR5cCI6IkpXVCJ9.eyJhdWQiOlsid2ViIl0sInVzZXJfaWQiOiI4YjIzY2NlMS0xZjc5LTQ0YjQtODJmOS01YmRjNDNlYjQ3ODMiLCJ1c2VyX25hbWUiOiJIaXJhbiIsInNjb3BlIjpbInJlYWQiLCJ3cml0ZSJdLCJleHAiOjE3OTAxNjU3MjEsImF1dGhvcml0aWVzIjpbIlNUQU5EQVJEX1VTRVIiXSwianRpIjoiNDk4YmM3ZTItMjU3Ni00ZjM5LThhNzEtNTU4YjJjZGE5ZjI0IiwiY2xpZW50X2lkIjoiOTNlZDQ1M2UtYjdhYy00MTkyLWE2ZDQtYzQ1ZmFlMGQ5OWFjIn0.RS5UihSDdNpTVozMFOa5FivfH9lQeMq-l-S-VKSpgpMFUwKxYTO2zs6OG6vpTXfHcJa7CR0x3Tvmwhh644GVWUROWVGSGvtQAA6pGN4Jpe_JSZN-fbjtvUzOlkkhpHSjJFXFaD5OcurPkxDg-f1q-LoxEqn_xPsp3MIMsumqGDhgrEqton7mfFpbLzq2RLuojvOCvooKAOeN1wabOt12REWF_PjcHPyADw0e3mea_Er6I461NwVhRPYmrPzFnBGb73a2qcWNpoMBPs4gzlYyCObrvaO8i2QN180k2CHo9YiBAFfC8s4iwvknqbzhm2_nCDaV_MQdCv71PXX5ZGCqzg
[2026-09-20 17:52:24 IST] DEBUG [Service Name -> bookstore-order-service], [TraceId -> ebe226958ed801a1], [SpanId -> cbc383681fa23a4d] 
      <http-nio-7001-exec-5> com.devd.spring.bookstorecommons.feign.PaymentFeignClient : [PaymentFeignClient#doPayment] Content-Length: 81
[2026-09-20 17:52:24 IST] DEBUG [Service Name -> bookstore-order-service], [TraceId -> ebe226958ed801a1], [SpanId -> cbc383681fa23a4d] 
      <http-nio-7001-exec-5> com.devd.spring.bookstorecommons.feign.PaymentFeignClient : [PaymentFeignClient#doPayment] Content-Type: application/json
[2026-09-20 17:52:24 IST] DEBUG [Service Name -> bookstore-order-service], [TraceId -> ebe226958ed801a1], [SpanId -> cbc383681fa23a4d] 
      <http-nio-7001-exec-5> com.devd.spring.bookstorecommons.feign.PaymentFeignClient : [PaymentFeignClient#doPayment] 
[2026-09-20 17:52:24 IST] DEBUG [Service Name -> bookstore-order-service], [TraceId -> ebe226958ed801a1], [SpanId -> cbc383681fa23a4d] 
      <http-nio-7001-exec-5> com.devd.spring.bookstorecommons.feign.PaymentFeignClient : [PaymentFeignClient#doPayment] {"amount":54200,"currency":"USD","paymentMethodId":"pm_1UHjkqG9R9y827ntIkzz0Jer"}
[2026-09-20 17:52:24 IST] DEBUG [Service Name -> bookstore-order-service], [TraceId -> ebe226958ed801a1], [SpanId -> cbc383681fa23a4d] 
      <http-nio-7001-exec-5> com.devd.spring.bookstorecommons.feign.PaymentFeignClient : [PaymentFeignClient#doPayment] ---> END HTTP (81-byte body)
[2026-09-20 17:52:26 IST] DEBUG [Service Name -> bookstore-order-service], [TraceId -> ebe226958ed801a1], [SpanId -> cbc383681fa23a4d] 
      <http-nio-7001-exec-5> com.devd.spring.bookstorecommons.feign.PaymentFeignClient : [PaymentFeignClient#doPayment] <--- HTTP/1.1 201 (2148ms)
[2026-09-20 17:52:26 IST] DEBUG [Service Name -> bookstore-order-service], [TraceId -> ebe226958ed801a1], [SpanId -> cbc383681fa23a4d] 
      <http-nio-7001-exec-5> com.devd.spring.bookstorecommons.feign.PaymentFeignClient : [PaymentFeignClient#doPayment] access-control-allow-headers: *
[2026-09-20 17:52:26 IST] DEBUG [Service Name -> bookstore-order-service], [TraceId -> ebe226958ed801a1], [SpanId -> cbc383681fa23a4d] 
      <http-nio-7001-exec-5> com.devd.spring.bookstorecommons.feign.PaymentFeignClient : [PaymentFeignClient#doPayment] access-control-allow-methods: *
[2026-09-20 17:52:26 IST] DEBUG [Service Name -> bookstore-order-service], [TraceId -> ebe226958ed801a1], [SpanId -> cbc383681fa23a4d] 
      <http-nio-7001-exec-5> com.devd.spring.bookstorecommons.feign.PaymentFeignClient : [PaymentFeignClient#doPayment] access-control-allow-origin: *
[2026-09-20 17:52:26 IST] DEBUG [Service Name -> bookstore-order-service], [TraceId -> ebe226958ed801a1], [SpanId -> cbc383681fa23a4d] 
      <http-nio-7001-exec-5> com.devd.spring.bookstorecommons.feign.PaymentFeignClient : [PaymentFeignClient#doPayment] cache-control: no-cache, no-store, max-age=0, must-revalidate
[2026-09-20 17:52:26 IST] DEBUG [Service Name -> bookstore-order-service], [TraceId -> ebe226958ed801a1], [SpanId -> cbc383681fa23a4d] 
      <http-nio-7001-exec-5> com.devd.spring.bookstorecommons.feign.PaymentFeignClient : [PaymentFeignClient#doPayment] connection: keep-alive
[2026-09-20 17:52:26 IST] DEBUG [Service Name -> bookstore-order-service], [TraceId -> ebe226958ed801a1], [SpanId -> cbc383681fa23a4d] 
      <http-nio-7001-exec-5> com.devd.spring.bookstorecommons.feign.PaymentFeignClient : [PaymentFeignClient#doPayment] content-type: application/json
[2026-09-20 17:52:26 IST] DEBUG [Service Name -> bookstore-order-service], [TraceId -> ebe226958ed801a1], [SpanId -> cbc383681fa23a4d] 
      <http-nio-7001-exec-5> com.devd.spring.bookstorecommons.feign.PaymentFeignClient : [PaymentFeignClient#doPayment] date: Sun, 20 Sep 2026 12:22:26 GMT
[2026-09-20 17:52:26 IST] DEBUG [Service Name -> bookstore-order-service], [TraceId -> ebe226958ed801a1], [SpanId -> cbc383681fa23a4d] 
      <http-nio-7001-exec-5> com.devd.spring.bookstorecommons.feign.PaymentFeignClient : [PaymentFeignClient#doPayment] expires: 0
[2026-09-20 17:52:26 IST] DEBUG [Service Name -> bookstore-order-service], [TraceId -> ebe226958ed801a1], [SpanId -> cbc383681fa23a4d] 
      <http-nio-7001-exec-5> com.devd.spring.bookstorecommons.feign.PaymentFeignClient : [PaymentFeignClient#doPayment] keep-alive: timeout=60
[2026-09-20 17:52:26 IST] DEBUG [Service Name -> bookstore-order-service], [TraceId -> ebe226958ed801a1], [SpanId -> cbc383681fa23a4d] 
      <http-nio-7001-exec-5> com.devd.spring.bookstorecommons.feign.PaymentFeignClient : [PaymentFeignClient#doPayment] pragma: no-cache
[2026-09-20 17:52:26 IST] DEBUG [Service Name -> bookstore-order-service], [TraceId -> ebe226958ed801a1], [SpanId -> cbc383681fa23a4d] 
      <http-nio-7001-exec-5> com.devd.spring.bookstorecommons.feign.PaymentFeignClient : [PaymentFeignClient#doPayment] transfer-encoding: chunked
[2026-09-20 17:52:26 IST] DEBUG [Service Name -> bookstore-order-service], [TraceId -> ebe226958ed801a1], [SpanId -> cbc383681fa23a4d] 
      <http-nio-7001-exec-5> com.devd.spring.bookstorecommons.feign.PaymentFeignClient : [PaymentFeignClient#doPayment] vary: Access-Control-Request-Headers
[2026-09-20 17:52:26 IST] DEBUG [Service Name -> bookstore-order-service], [TraceId -> ebe226958ed801a1], [SpanId -> cbc383681fa23a4d] 
      <http-nio-7001-exec-5> com.devd.spring.bookstorecommons.feign.PaymentFeignClient : [PaymentFeignClient#doPayment] vary: Access-Control-Request-Method
[2026-09-20 17:52:26 IST] DEBUG [Service Name -> bookstore-order-service], [TraceId -> ebe226958ed801a1], [SpanId -> cbc383681fa23a4d] 
      <http-nio-7001-exec-5> com.devd.spring.bookstorecommons.feign.PaymentFeignClient : [PaymentFeignClient#doPayment] vary: Origin
[2026-09-20 17:52:26 IST] DEBUG [Service Name -> bookstore-order-service], [TraceId -> ebe226958ed801a1], [SpanId -> cbc383681fa23a4d] 
      <http-nio-7001-exec-5> com.devd.spring.bookstorecommons.feign.PaymentFeignClient : [PaymentFeignClient#doPayment] x-content-type-options: nosniff
[2026-09-20 17:52:26 IST] DEBUG [Service Name -> bookstore-order-service], [TraceId -> ebe226958ed801a1], [SpanId -> cbc383681fa23a4d] 
      <http-nio-7001-exec-5> com.devd.spring.bookstorecommons.feign.PaymentFeignClient : [PaymentFeignClient#doPayment] x-xss-protection: 1; mode=block
[2026-09-20 17:52:26 IST] DEBUG [Service Name -> bookstore-order-service], [TraceId -> ebe226958ed801a1], [SpanId -> cbc383681fa23a4d] 
      <http-nio-7001-exec-5> com.devd.spring.bookstorecommons.feign.PaymentFeignClient : [PaymentFeignClient#doPayment] 
[2026-09-20 17:52:26 IST] DEBUG [Service Name -> bookstore-order-service], [TraceId -> ebe226958ed801a1], [SpanId -> cbc383681fa23a4d] 
      <http-nio-7001-exec-5> com.devd.spring.bookstorecommons.feign.PaymentFeignClient : [PaymentFeignClient#doPayment] {"paymentId":"ch_3UHjlEG9R9y827nt0ntNP2Zw","paymentDate":"1970-01-21T22:41:46.944","captured":true,"receipt_url":"https://pay.stripe.com/receipts/payment/CAcaFwoVYWNjdF8xSHlHeDZHOVI5eTgyN250KIGgv9UGMgZk9Ucy7YQ6LBbazDCtSOZOhEb4NTeMcBAwnMFVHSHduVy_JIKdmmBDHrYbwF-1gINiMJBE"}
[2026-09-20 17:52:26 IST] DEBUG [Service Name -> bookstore-order-service], [TraceId -> ebe226958ed801a1], [SpanId -> cbc383681fa23a4d] 
      <http-nio-7001-exec-5> com.devd.spring.bookstorecommons.feign.PaymentFeignClient : [PaymentFeignClient#doPayment] <--- END HTTP (272-byte body)
[2026-09-20 17:52:28 IST] DEBUG [Service Name -> bookstore-order-service], [TraceId -> f29c0ad5bb8af809], [SpanId -> 7df6b23e13bb355f] 
      <http-nio-7001-exec-10> com.devd.spring.bookstorecommons.feign.BillingFeignClient : [BillingFeignClient#getAddressById] ---> GET http://bookstore-billing-service/address/80a5a127-f6c5-46c6-bd90-823a48fb9e7b HTTP/1.1
[2026-09-20 17:52:28 IST] DEBUG [Service Name -> bookstore-order-service], [TraceId -> f29c0ad5bb8af809], [SpanId -> 7df6b23e13bb355f] 
      <http-nio-7001-exec-10> com.devd.spring.bookstorecommons.feign.BillingFeignClient : [BillingFeignClient#getAddressById] Authorization: Bearer eyJhbGciOiJSUzI1NiIsInR5cCI6IkpXVCJ9.eyJhdWQiOlsid2ViIl0sInVzZXJfaWQiOiI4YjIzY2NlMS0xZjc5LTQ0YjQtODJmOS01YmRjNDNlYjQ3ODMiLCJ1c2VyX25hbWUiOiJIaXJhbiIsInNjb3BlIjpbInJlYWQiLCJ3cml0ZSJdLCJleHAiOjE3OTAxNjU3MjEsImF1dGhvcml0aWVzIjpbIlNUQU5EQVJEX1VTRVIiXSwianRpIjoiNDk4YmM3ZTItMjU3Ni00ZjM5LThhNzEtNTU4YjJjZGE5ZjI0IiwiY2xpZW50X2lkIjoiOTNlZDQ1M2UtYjdhYy00MTkyLWE2ZDQtYzQ1ZmFlMGQ5OWFjIn0.RS5UihSDdNpTVozMFOa5FivfH9lQeMq-l-S-VKSpgpMFUwKxYTO2zs6OG6vpTXfHcJa7CR0x3Tvmwhh644GVWUROWVGSGvtQAA6pGN4Jpe_JSZN-fbjtvUzOlkkhpHSjJFXFaD5OcurPkxDg-f1q-LoxEqn_xPsp3MIMsumqGDhgrEqton7mfFpbLzq2RLuojvOCvooKAOeN1wabOt12REWF_PjcHPyADw0e3mea_Er6I461NwVhRPYmrPzFnBGb73a2qcWNpoMBPs4gzlYyCObrvaO8i2QN180k2CHo9YiBAFfC8s4iwvknqbzhm2_nCDaV_MQdCv71PXX5ZGCqzg
[2026-09-20 17:52:28 IST] DEBUG [Service Name -> bookstore-order-service], [TraceId -> f29c0ad5bb8af809], [SpanId -> 7df6b23e13bb355f] 
      <http-nio-7001-exec-10> com.devd.spring.bookstorecommons.feign.BillingFeignClient : [BillingFeignClient#getAddressById] ---> END HTTP (0-byte body)
[2026-09-20 17:52:28 IST] DEBUG [Service Name -> bookstore-order-service], [TraceId -> f29c0ad5bb8af809], [SpanId -> 7df6b23e13bb355f] 
      <http-nio-7001-exec-10> com.devd.spring.bookstorecommons.feign.BillingFeignClient : [BillingFeignClient#getAddressById] <--- HTTP/1.1 200 (51ms)
[2026-09-20 17:52:28 IST] DEBUG [Service Name -> bookstore-order-service], [TraceId -> f29c0ad5bb8af809], [SpanId -> 7df6b23e13bb355f] 
      <http-nio-7001-exec-10> com.devd.spring.bookstorecommons.feign.BillingFeignClient : [BillingFeignClient#getAddressById] access-control-allow-headers: *
[2026-09-20 17:52:28 IST] DEBUG [Service Name -> bookstore-order-service], [TraceId -> f29c0ad5bb8af809], [SpanId -> 7df6b23e13bb355f] 
      <http-nio-7001-exec-10> com.devd.spring.bookstorecommons.feign.BillingFeignClient : [BillingFeignClient#getAddressById] access-control-allow-methods: *
[2026-09-20 17:52:28 IST] DEBUG [Service Name -> bookstore-order-service], [TraceId -> f29c0ad5bb8af809], [SpanId -> 7df6b23e13bb355f] 
      <http-nio-7001-exec-10> com.devd.spring.bookstorecommons.feign.BillingFeignClient : [BillingFeignClient#getAddressById] access-control-allow-origin: *
[2026-09-20 17:52:28 IST] DEBUG [Service Name -> bookstore-order-service], [TraceId -> f29c0ad5bb8af809], [SpanId -> 7df6b23e13bb355f] 
      <http-nio-7001-exec-10> com.devd.spring.bookstorecommons.feign.BillingFeignClient : [BillingFeignClient#getAddressById] cache-control: no-cache, no-store, max-age=0, must-revalidate
[2026-09-20 17:52:28 IST] DEBUG [Service Name -> bookstore-order-service], [TraceId -> f29c0ad5bb8af809], [SpanId -> 7df6b23e13bb355f] 
      <http-nio-7001-exec-10> com.devd.spring.bookstorecommons.feign.BillingFeignClient : [BillingFeignClient#getAddressById] connection: keep-alive
[2026-09-20 17:52:28 IST] DEBUG [Service Name -> bookstore-order-service], [TraceId -> f29c0ad5bb8af809], [SpanId -> 7df6b23e13bb355f] 
      <http-nio-7001-exec-10> com.devd.spring.bookstorecommons.feign.BillingFeignClient : [BillingFeignClient#getAddressById] content-type: application/json
[2026-09-20 17:52:28 IST] DEBUG [Service Name -> bookstore-order-service], [TraceId -> f29c0ad5bb8af809], [SpanId -> 7df6b23e13bb355f] 
      <http-nio-7001-exec-10> com.devd.spring.bookstorecommons.feign.BillingFeignClient : [BillingFeignClient#getAddressById] date: Sun, 20 Sep 2026 12:22:28 GMT
[2026-09-20 17:52:28 IST] DEBUG [Service Name -> bookstore-order-service], [TraceId -> f29c0ad5bb8af809], [SpanId -> 7df6b23e13bb355f] 
      <http-nio-7001-exec-10> com.devd.spring.bookstorecommons.feign.BillingFeignClient : [BillingFeignClient#getAddressById] expires: 0
[2026-09-20 17:52:28 IST] DEBUG [Service Name -> bookstore-order-service], [TraceId -> f29c0ad5bb8af809], [SpanId -> 7df6b23e13bb355f] 
      <http-nio-7001-exec-10> com.devd.spring.bookstorecommons.feign.BillingFeignClient : [BillingFeignClient#getAddressById] keep-alive: timeout=60
[2026-09-20 17:52:28 IST] DEBUG [Service Name -> bookstore-order-service], [TraceId -> f29c0ad5bb8af809], [SpanId -> 7df6b23e13bb355f] 
      <http-nio-7001-exec-10> com.devd.spring.bookstorecommons.feign.BillingFeignClient : [BillingFeignClient#getAddressById] pragma: no-cache
[2026-09-20 17:52:28 IST] DEBUG [Service Name -> bookstore-order-service], [TraceId -> f29c0ad5bb8af809], [SpanId -> 7df6b23e13bb355f] 
      <http-nio-7001-exec-10> com.devd.spring.bookstorecommons.feign.BillingFeignClient : [BillingFeignClient#getAddressById] transfer-encoding: chunked
[2026-09-20 17:52:28 IST] DEBUG [Service Name -> bookstore-order-service], [TraceId -> f29c0ad5bb8af809], [SpanId -> 7df6b23e13bb355f] 
      <http-nio-7001-exec-10> com.devd.spring.bookstorecommons.feign.BillingFeignClient : [BillingFeignClient#getAddressById] vary: Access-Control-Request-Headers
[2026-09-20 17:52:28 IST] DEBUG [Service Name -> bookstore-order-service], [TraceId -> f29c0ad5bb8af809], [SpanId -> 7df6b23e13bb355f] 
      <http-nio-7001-exec-10> com.devd.spring.bookstorecommons.feign.BillingFeignClient : [BillingFeignClient#getAddressById] vary: Access-Control-Request-Method
[2026-09-20 17:52:28 IST] DEBUG [Service Name -> bookstore-order-service], [TraceId -> f29c0ad5bb8af809], [SpanId -> 7df6b23e13bb355f] 
      <http-nio-7001-exec-10> com.devd.spring.bookstorecommons.feign.BillingFeignClient : [BillingFeignClient#getAddressById] vary: Origin
[2026-09-20 17:52:28 IST] DEBUG [Service Name -> bookstore-order-service], [TraceId -> f29c0ad5bb8af809], [SpanId -> 7df6b23e13bb355f] 
      <http-nio-7001-exec-10> com.devd.spring.bookstorecommons.feign.BillingFeignClient : [BillingFeignClient#getAddressById] x-content-type-options: nosniff
[2026-09-20 17:52:28 IST] DEBUG [Service Name -> bookstore-order-service], [TraceId -> f29c0ad5bb8af809], [SpanId -> 7df6b23e13bb355f] 
      <http-nio-7001-exec-10> com.devd.spring.bookstorecommons.feign.BillingFeignClient : [BillingFeignClient#getAddressById] x-xss-protection: 1; mode=block
[2026-09-20 17:52:28 IST] DEBUG [Service Name -> bookstore-order-service], [TraceId -> f29c0ad5bb8af809], [SpanId -> 7df6b23e13bb355f] 
      <http-nio-7001-exec-10> com.devd.spring.bookstorecommons.feign.BillingFeignClient : [BillingFeignClient#getAddressById] 
[2026-09-20 17:52:28 IST] DEBUG [Service Name -> bookstore-order-service], [TraceId -> f29c0ad5bb8af809], [SpanId -> 7df6b23e13bb355f] 
      <http-nio-7001-exec-10> com.devd.spring.bookstorecommons.feign.BillingFeignClient : [BillingFeignClient#getAddressById] {"addressId":"80a5a127-f6c5-46c6-bd90-823a48fb9e7b","userId":"8b23cce1-1f79-44b4-82f9-5bdc43eb4783","addressLine1":"59/17/1","addressLine2":"Water Field Bank","city":"Nuwara Eliya","state":"Central","postalCode":"22200","country":"LK","phone":"94779257741"}
[2026-09-20 17:52:28 IST] DEBUG [Service Name -> bookstore-order-service], [TraceId -> f29c0ad5bb8af809], [SpanId -> 7df6b23e13bb355f] 
      <http-nio-7001-exec-10> com.devd.spring.bookstorecommons.feign.BillingFeignClient : [BillingFeignClient#getAddressById] <--- END HTTP (257-byte body)
[2026-09-20 17:52:28 IST] DEBUG [Service Name -> bookstore-order-service], [TraceId -> f29c0ad5bb8af809], [SpanId -> 7df6b23e13bb355f] 
      <http-nio-7001-exec-10> com.devd.spring.bookstorecommons.feign.BillingFeignClient : [BillingFeignClient#getAddressById] ---> GET http://bookstore-billing-service/address/80a5a127-f6c5-46c6-bd90-823a48fb9e7b HTTP/1.1
[2026-09-20 17:52:28 IST] DEBUG [Service Name -> bookstore-order-service], [TraceId -> f29c0ad5bb8af809], [SpanId -> 7df6b23e13bb355f] 
      <http-nio-7001-exec-10> com.devd.spring.bookstorecommons.feign.BillingFeignClient : [BillingFeignClient#getAddressById] Authorization: Bearer eyJhbGciOiJSUzI1NiIsInR5cCI6IkpXVCJ9.eyJhdWQiOlsid2ViIl0sInVzZXJfaWQiOiI4YjIzY2NlMS0xZjc5LTQ0YjQtODJmOS01YmRjNDNlYjQ3ODMiLCJ1c2VyX25hbWUiOiJIaXJhbiIsInNjb3BlIjpbInJlYWQiLCJ3cml0ZSJdLCJleHAiOjE3OTAxNjU3MjEsImF1dGhvcml0aWVzIjpbIlNUQU5EQVJEX1VTRVIiXSwianRpIjoiNDk4YmM3ZTItMjU3Ni00ZjM5LThhNzEtNTU4YjJjZGE5ZjI0IiwiY2xpZW50X2lkIjoiOTNlZDQ1M2UtYjdhYy00MTkyLWE2ZDQtYzQ1ZmFlMGQ5OWFjIn0.RS5UihSDdNpTVozMFOa5FivfH9lQeMq-l-S-VKSpgpMFUwKxYTO2zs6OG6vpTXfHcJa7CR0x3Tvmwhh644GVWUROWVGSGvtQAA6pGN4Jpe_JSZN-fbjtvUzOlkkhpHSjJFXFaD5OcurPkxDg-f1q-LoxEqn_xPsp3MIMsumqGDhgrEqton7mfFpbLzq2RLuojvOCvooKAOeN1wabOt12REWF_PjcHPyADw0e3mea_Er6I461NwVhRPYmrPzFnBGb73a2qcWNpoMBPs4gzlYyCObrvaO8i2QN180k2CHo9YiBAFfC8s4iwvknqbzhm2_nCDaV_MQdCv71PXX5ZGCqzg
[2026-09-20 17:52:28 IST] DEBUG [Service Name -> bookstore-order-service], [TraceId -> f29c0ad5bb8af809], [SpanId -> 7df6b23e13bb355f] 
      <http-nio-7001-exec-10> com.devd.spring.bookstorecommons.feign.BillingFeignClient : [BillingFeignClient#getAddressById] ---> END HTTP (0-byte body)
[2026-09-20 17:52:29 IST] DEBUG [Service Name -> bookstore-order-service], [TraceId -> f29c0ad5bb8af809], [SpanId -> 7df6b23e13bb355f] 
      <http-nio-7001-exec-10> com.devd.spring.bookstorecommons.feign.BillingFeignClient : [BillingFeignClient#getAddressById] <--- HTTP/1.1 200 (155ms)
[2026-09-20 17:52:29 IST] DEBUG [Service Name -> bookstore-order-service], [TraceId -> f29c0ad5bb8af809], [SpanId -> 7df6b23e13bb355f] 
      <http-nio-7001-exec-10> com.devd.spring.bookstorecommons.feign.BillingFeignClient : [BillingFeignClient#getAddressById] access-control-allow-headers: *
[2026-09-20 17:52:29 IST] DEBUG [Service Name -> bookstore-order-service], [TraceId -> f29c0ad5bb8af809], [SpanId -> 7df6b23e13bb355f] 
      <http-nio-7001-exec-10> com.devd.spring.bookstorecommons.feign.BillingFeignClient : [BillingFeignClient#getAddressById] access-control-allow-methods: *
[2026-09-20 17:52:29 IST] DEBUG [Service Name -> bookstore-order-service], [TraceId -> f29c0ad5bb8af809], [SpanId -> 7df6b23e13bb355f] 
      <http-nio-7001-exec-10> com.devd.spring.bookstorecommons.feign.BillingFeignClient : [BillingFeignClient#getAddressById] access-control-allow-origin: *
[2026-09-20 17:52:29 IST] DEBUG [Service Name -> bookstore-order-service], [TraceId -> f29c0ad5bb8af809], [SpanId -> 7df6b23e13bb355f] 
      <http-nio-7001-exec-10> com.devd.spring.bookstorecommons.feign.BillingFeignClient : [BillingFeignClient#getAddressById] cache-control: no-cache, no-store, max-age=0, must-revalidate
[2026-09-20 17:52:29 IST] DEBUG [Service Name -> bookstore-order-service], [TraceId -> f29c0ad5bb8af809], [SpanId -> 7df6b23e13bb355f] 
      <http-nio-7001-exec-10> com.devd.spring.bookstorecommons.feign.BillingFeignClient : [BillingFeignClient#getAddressById] connection: keep-alive
[2026-09-20 17:52:29 IST] DEBUG [Service Name -> bookstore-order-service], [TraceId -> f29c0ad5bb8af809], [SpanId -> 7df6b23e13bb355f] 
      <http-nio-7001-exec-10> com.devd.spring.bookstorecommons.feign.BillingFeignClient : [BillingFeignClient#getAddressById] content-type: application/json
[2026-09-20 17:52:29 IST] DEBUG [Service Name -> bookstore-order-service], [TraceId -> f29c0ad5bb8af809], [SpanId -> 7df6b23e13bb355f] 
      <http-nio-7001-exec-10> com.devd.spring.bookstorecommons.feign.BillingFeignClient : [BillingFeignClient#getAddressById] date: Sun, 20 Sep 2026 12:22:28 GMT
[2026-09-20 17:52:29 IST] DEBUG [Service Name -> bookstore-order-service], [TraceId -> f29c0ad5bb8af809], [SpanId -> 7df6b23e13bb355f] 
      <http-nio-7001-exec-10> com.devd.spring.bookstorecommons.feign.BillingFeignClient : [BillingFeignClient#getAddressById] expires: 0
[2026-09-20 17:52:29 IST] DEBUG [Service Name -> bookstore-order-service], [TraceId -> f29c0ad5bb8af809], [SpanId -> 7df6b23e13bb355f] 
      <http-nio-7001-exec-10> com.devd.spring.bookstorecommons.feign.BillingFeignClient : [BillingFeignClient#getAddressById] keep-alive: timeout=60
[2026-09-20 17:52:29 IST] DEBUG [Service Name -> bookstore-order-service], [TraceId -> f29c0ad5bb8af809], [SpanId -> 7df6b23e13bb355f] 
      <http-nio-7001-exec-10> com.devd.spring.bookstorecommons.feign.BillingFeignClient : [BillingFeignClient#getAddressById] pragma: no-cache
[2026-09-20 17:52:29 IST] DEBUG [Service Name -> bookstore-order-service], [TraceId -> f29c0ad5bb8af809], [SpanId -> 7df6b23e13bb355f] 
      <http-nio-7001-exec-10> com.devd.spring.bookstorecommons.feign.BillingFeignClient : [BillingFeignClient#getAddressById] transfer-encoding: chunked
[2026-09-20 17:52:29 IST] DEBUG [Service Name -> bookstore-order-service], [TraceId -> f29c0ad5bb8af809], [SpanId -> 7df6b23e13bb355f] 
      <http-nio-7001-exec-10> com.devd.spring.bookstorecommons.feign.BillingFeignClient : [BillingFeignClient#getAddressById] vary: Access-Control-Request-Headers
[2026-09-20 17:52:29 IST] DEBUG [Service Name -> bookstore-order-service], [TraceId -> f29c0ad5bb8af809], [SpanId -> 7df6b23e13bb355f] 
      <http-nio-7001-exec-10> com.devd.spring.bookstorecommons.feign.BillingFeignClient : [BillingFeignClient#getAddressById] vary: Access-Control-Request-Method
[2026-09-20 17:52:29 IST] DEBUG [Service Name -> bookstore-order-service], [TraceId -> f29c0ad5bb8af809], [SpanId -> 7df6b23e13bb355f] 
      <http-nio-7001-exec-10> com.devd.spring.bookstorecommons.feign.BillingFeignClient : [BillingFeignClient#getAddressById] vary: Origin
[2026-09-20 17:52:29 IST] DEBUG [Service Name -> bookstore-order-service], [TraceId -> f29c0ad5bb8af809], [SpanId -> 7df6b23e13bb355f] 
      <http-nio-7001-exec-10> com.devd.spring.bookstorecommons.feign.BillingFeignClient : [BillingFeignClient#getAddressById] x-content-type-options: nosniff
[2026-09-20 17:52:29 IST] DEBUG [Service Name -> bookstore-order-service], [TraceId -> f29c0ad5bb8af809], [SpanId -> 7df6b23e13bb355f] 
      <http-nio-7001-exec-10> com.devd.spring.bookstorecommons.feign.BillingFeignClient : [BillingFeignClient#getAddressById] x-xss-protection: 1; mode=block
[2026-09-20 17:52:29 IST] DEBUG [Service Name -> bookstore-order-service], [TraceId -> f29c0ad5bb8af809], [SpanId -> 7df6b23e13bb355f] 
      <http-nio-7001-exec-10> com.devd.spring.bookstorecommons.feign.BillingFeignClient : [BillingFeignClient#getAddressById] 
[2026-09-20 17:52:29 IST] DEBUG [Service Name -> bookstore-order-service], [TraceId -> f29c0ad5bb8af809], [SpanId -> 7df6b23e13bb355f] 
      <http-nio-7001-exec-10> com.devd.spring.bookstorecommons.feign.BillingFeignClient : [BillingFeignClient#getAddressById] {"addressId":"80a5a127-f6c5-46c6-bd90-823a48fb9e7b","userId":"8b23cce1-1f79-44b4-82f9-5bdc43eb4783","addressLine1":"59/17/1","addressLine2":"Water Field Bank","city":"Nuwara Eliya","state":"Central","postalCode":"22200","country":"LK","phone":"94779257741"}
[2026-09-20 17:52:29 IST] DEBUG [Service Name -> bookstore-order-service], [TraceId -> f29c0ad5bb8af809], [SpanId -> 7df6b23e13bb355f] 
      <http-nio-7001-exec-10> com.devd.spring.bookstorecommons.feign.BillingFeignClient : [BillingFeignClient#getAddressById] <--- END HTTP (257-byte body)
[2026-09-20 17:52:29 IST] DEBUG [Service Name -> bookstore-order-service], [TraceId -> f29c0ad5bb8af809], [SpanId -> 7df6b23e13bb355f] 
      <http-nio-7001-exec-10> com.devd.spring.bookstorecommons.feign.PaymentFeignClient : [PaymentFeignClient#getMyPaymentMethodById] ---> GET http://bookstore-payment-service/paymentMethod/pm_1UHjkqG9R9y827ntIkzz0Jer HTTP/1.1
[2026-09-20 17:52:29 IST] DEBUG [Service Name -> bookstore-order-service], [TraceId -> f29c0ad5bb8af809], [SpanId -> 7df6b23e13bb355f] 
      <http-nio-7001-exec-10> com.devd.spring.bookstorecommons.feign.PaymentFeignClient : [PaymentFeignClient#getMyPaymentMethodById] Authorization: Bearer eyJhbGciOiJSUzI1NiIsInR5cCI6IkpXVCJ9.eyJhdWQiOlsid2ViIl0sInVzZXJfaWQiOiI4YjIzY2NlMS0xZjc5LTQ0YjQtODJmOS01YmRjNDNlYjQ3ODMiLCJ1c2VyX25hbWUiOiJIaXJhbiIsInNjb3BlIjpbInJlYWQiLCJ3cml0ZSJdLCJleHAiOjE3OTAxNjU3MjEsImF1dGhvcml0aWVzIjpbIlNUQU5EQVJEX1VTRVIiXSwianRpIjoiNDk4YmM3ZTItMjU3Ni00ZjM5LThhNzEtNTU4YjJjZGE5ZjI0IiwiY2xpZW50X2lkIjoiOTNlZDQ1M2UtYjdhYy00MTkyLWE2ZDQtYzQ1ZmFlMGQ5OWFjIn0.RS5UihSDdNpTVozMFOa5FivfH9lQeMq-l-S-VKSpgpMFUwKxYTO2zs6OG6vpTXfHcJa7CR0x3Tvmwhh644GVWUROWVGSGvtQAA6pGN4Jpe_JSZN-fbjtvUzOlkkhpHSjJFXFaD5OcurPkxDg-f1q-LoxEqn_xPsp3MIMsumqGDhgrEqton7mfFpbLzq2RLuojvOCvooKAOeN1wabOt12REWF_PjcHPyADw0e3mea_Er6I461NwVhRPYmrPzFnBGb73a2qcWNpoMBPs4gzlYyCObrvaO8i2QN180k2CHo9YiBAFfC8s4iwvknqbzhm2_nCDaV_MQdCv71PXX5ZGCqzg
[2026-09-20 17:52:29 IST] DEBUG [Service Name -> bookstore-order-service], [TraceId -> f29c0ad5bb8af809], [SpanId -> 7df6b23e13bb355f] 
      <http-nio-7001-exec-10> com.devd.spring.bookstorecommons.feign.PaymentFeignClient : [PaymentFeignClient#getMyPaymentMethodById] ---> END HTTP (0-byte body)
[2026-09-20 17:52:29 IST] DEBUG [Service Name -> bookstore-order-service], [TraceId -> c47cd0b763afa131], [SpanId -> 63f260947afb6df4] 
      <http-nio-7001-exec-3> com.devd.spring.bookstorecommons.feign.PaymentFeignClient : [PaymentFeignClient#getMyPaymentMethodById] ---> GET http://bookstore-payment-service/paymentMethod/pm_1UHjkqG9R9y827ntIkzz0Jer HTTP/1.1
[2026-09-20 17:52:29 IST] DEBUG [Service Name -> bookstore-order-service], [TraceId -> c47cd0b763afa131], [SpanId -> 63f260947afb6df4] 
      <http-nio-7001-exec-3> com.devd.spring.bookstorecommons.feign.PaymentFeignClient : [PaymentFeignClient#getMyPaymentMethodById] Authorization: Bearer eyJhbGciOiJSUzI1NiIsInR5cCI6IkpXVCJ9.eyJhdWQiOlsid2ViIl0sInVzZXJfaWQiOiI4YjIzY2NlMS0xZjc5LTQ0YjQtODJmOS01YmRjNDNlYjQ3ODMiLCJ1c2VyX25hbWUiOiJIaXJhbiIsInNjb3BlIjpbInJlYWQiLCJ3cml0ZSJdLCJleHAiOjE3OTAxNjU3MjEsImF1dGhvcml0aWVzIjpbIlNUQU5EQVJEX1VTRVIiXSwianRpIjoiNDk4YmM3ZTItMjU3Ni00ZjM5LThhNzEtNTU4YjJjZGE5ZjI0IiwiY2xpZW50X2lkIjoiOTNlZDQ1M2UtYjdhYy00MTkyLWE2ZDQtYzQ1ZmFlMGQ5OWFjIn0.RS5UihSDdNpTVozMFOa5FivfH9lQeMq-l-S-VKSpgpMFUwKxYTO2zs6OG6vpTXfHcJa7CR0x3Tvmwhh644GVWUROWVGSGvtQAA6pGN4Jpe_JSZN-fbjtvUzOlkkhpHSjJFXFaD5OcurPkxDg-f1q-LoxEqn_xPsp3MIMsumqGDhgrEqton7mfFpbLzq2RLuojvOCvooKAOeN1wabOt12REWF_PjcHPyADw0e3mea_Er6I461NwVhRPYmrPzFnBGb73a2qcWNpoMBPs4gzlYyCObrvaO8i2QN180k2CHo9YiBAFfC8s4iwvknqbzhm2_nCDaV_MQdCv71PXX5ZGCqzg
[2026-09-20 17:52:29 IST] DEBUG [Service Name -> bookstore-order-service], [TraceId -> c47cd0b763afa131], [SpanId -> 63f260947afb6df4] 
      <http-nio-7001-exec-3> com.devd.spring.bookstorecommons.feign.PaymentFeignClient : [PaymentFeignClient#getMyPaymentMethodById] ---> END HTTP (0-byte body)
[2026-09-20 17:52:29 IST] DEBUG [Service Name -> bookstore-order-service], [TraceId -> f29c0ad5bb8af809], [SpanId -> 7df6b23e13bb355f] 
      <http-nio-7001-exec-10> com.devd.spring.bookstorecommons.feign.PaymentFeignClient : [PaymentFeignClient#getMyPaymentMethodById] <--- HTTP/1.1 200 (694ms)
[2026-09-20 17:52:29 IST] DEBUG [Service Name -> bookstore-order-service], [TraceId -> f29c0ad5bb8af809], [SpanId -> 7df6b23e13bb355f] 
      <http-nio-7001-exec-10> com.devd.spring.bookstorecommons.feign.PaymentFeignClient : [PaymentFeignClient#getMyPaymentMethodById] access-control-allow-headers: *
[2026-09-20 17:52:29 IST] DEBUG [Service Name -> bookstore-order-service], [TraceId -> f29c0ad5bb8af809], [SpanId -> 7df6b23e13bb355f] 
      <http-nio-7001-exec-10> com.devd.spring.bookstorecommons.feign.PaymentFeignClient : [PaymentFeignClient#getMyPaymentMethodById] access-control-allow-methods: *
[2026-09-20 17:52:29 IST] DEBUG [Service Name -> bookstore-order-service], [TraceId -> f29c0ad5bb8af809], [SpanId -> 7df6b23e13bb355f] 
      <http-nio-7001-exec-10> com.devd.spring.bookstorecommons.feign.PaymentFeignClient : [PaymentFeignClient#getMyPaymentMethodById] access-control-allow-origin: *
[2026-09-20 17:52:29 IST] DEBUG [Service Name -> bookstore-order-service], [TraceId -> f29c0ad5bb8af809], [SpanId -> 7df6b23e13bb355f] 
      <http-nio-7001-exec-10> com.devd.spring.bookstorecommons.feign.PaymentFeignClient : [PaymentFeignClient#getMyPaymentMethodById] cache-control: no-cache, no-store, max-age=0, must-revalidate
[2026-09-20 17:52:29 IST] DEBUG [Service Name -> bookstore-order-service], [TraceId -> f29c0ad5bb8af809], [SpanId -> 7df6b23e13bb355f] 
      <http-nio-7001-exec-10> com.devd.spring.bookstorecommons.feign.PaymentFeignClient : [PaymentFeignClient#getMyPaymentMethodById] connection: keep-alive
[2026-09-20 17:52:29 IST] DEBUG [Service Name -> bookstore-order-service], [TraceId -> f29c0ad5bb8af809], [SpanId -> 7df6b23e13bb355f] 
      <http-nio-7001-exec-10> com.devd.spring.bookstorecommons.feign.PaymentFeignClient : [PaymentFeignClient#getMyPaymentMethodById] content-type: application/json
[2026-09-20 17:52:29 IST] DEBUG [Service Name -> bookstore-order-service], [TraceId -> f29c0ad5bb8af809], [SpanId -> 7df6b23e13bb355f] 
      <http-nio-7001-exec-10> com.devd.spring.bookstorecommons.feign.PaymentFeignClient : [PaymentFeignClient#getMyPaymentMethodById] date: Sun, 20 Sep 2026 12:22:29 GMT
[2026-09-20 17:52:29 IST] DEBUG [Service Name -> bookstore-order-service], [TraceId -> f29c0ad5bb8af809], [SpanId -> 7df6b23e13bb355f] 
      <http-nio-7001-exec-10> com.devd.spring.bookstorecommons.feign.PaymentFeignClient : [PaymentFeignClient#getMyPaymentMethodById] expires: 0
[2026-09-20 17:52:29 IST] DEBUG [Service Name -> bookstore-order-service], [TraceId -> f29c0ad5bb8af809], [SpanId -> 7df6b23e13bb355f] 
      <http-nio-7001-exec-10> com.devd.spring.bookstorecommons.feign.PaymentFeignClient : [PaymentFeignClient#getMyPaymentMethodById] keep-alive: timeout=60
[2026-09-20 17:52:29 IST] DEBUG [Service Name -> bookstore-order-service], [TraceId -> f29c0ad5bb8af809], [SpanId -> 7df6b23e13bb355f] 
      <http-nio-7001-exec-10> com.devd.spring.bookstorecommons.feign.PaymentFeignClient : [PaymentFeignClient#getMyPaymentMethodById] pragma: no-cache
[2026-09-20 17:52:29 IST] DEBUG [Service Name -> bookstore-order-service], [TraceId -> f29c0ad5bb8af809], [SpanId -> 7df6b23e13bb355f] 
      <http-nio-7001-exec-10> com.devd.spring.bookstorecommons.feign.PaymentFeignClient : [PaymentFeignClient#getMyPaymentMethodById] transfer-encoding: chunked
[2026-09-20 17:52:29 IST] DEBUG [Service Name -> bookstore-order-service], [TraceId -> f29c0ad5bb8af809], [SpanId -> 7df6b23e13bb355f] 
      <http-nio-7001-exec-10> com.devd.spring.bookstorecommons.feign.PaymentFeignClient : [PaymentFeignClient#getMyPaymentMethodById] vary: Access-Control-Request-Headers
[2026-09-20 17:52:29 IST] DEBUG [Service Name -> bookstore-order-service], [TraceId -> f29c0ad5bb8af809], [SpanId -> 7df6b23e13bb355f] 
      <http-nio-7001-exec-10> com.devd.spring.bookstorecommons.feign.PaymentFeignClient : [PaymentFeignClient#getMyPaymentMethodById] vary: Access-Control-Request-Method
[2026-09-20 17:52:29 IST] DEBUG [Service Name -> bookstore-order-service], [TraceId -> f29c0ad5bb8af809], [SpanId -> 7df6b23e13bb355f] 
      <http-nio-7001-exec-10> com.devd.spring.bookstorecommons.feign.PaymentFeignClient : [PaymentFeignClient#getMyPaymentMethodById] vary: Origin
[2026-09-20 17:52:29 IST] DEBUG [Service Name -> bookstore-order-service], [TraceId -> f29c0ad5bb8af809], [SpanId -> 7df6b23e13bb355f] 
      <http-nio-7001-exec-10> com.devd.spring.bookstorecommons.feign.PaymentFeignClient : [PaymentFeignClient#getMyPaymentMethodById] x-content-type-options: nosniff
[2026-09-20 17:52:29 IST] DEBUG [Service Name -> bookstore-order-service], [TraceId -> f29c0ad5bb8af809], [SpanId -> 7df6b23e13bb355f] 
      <http-nio-7001-exec-10> com.devd.spring.bookstorecommons.feign.PaymentFeignClient : [PaymentFeignClient#getMyPaymentMethodById] x-xss-protection: 1; mode=block
[2026-09-20 17:52:29 IST] DEBUG [Service Name -> bookstore-order-service], [TraceId -> f29c0ad5bb8af809], [SpanId -> 7df6b23e13bb355f] 
      <http-nio-7001-exec-10> com.devd.spring.bookstorecommons.feign.PaymentFeignClient : [PaymentFeignClient#getMyPaymentMethodById] 
[2026-09-20 17:52:29 IST] DEBUG [Service Name -> bookstore-order-service], [TraceId -> f29c0ad5bb8af809], [SpanId -> 7df6b23e13bb355f] 
      <http-nio-7001-exec-10> com.devd.spring.bookstorecommons.feign.PaymentFeignClient : [PaymentFeignClient#getMyPaymentMethodById] {"paymentMethodId":"pm_1UHjkqG9R9y827ntIkzz0Jer","cardType":"visa","cardLast4Digits":"1111","cardExpirationMonth":10,"cardExpirationYear":2027,"cardCountry":"US"}
[2026-09-20 17:52:29 IST] DEBUG [Service Name -> bookstore-order-service], [TraceId -> f29c0ad5bb8af809], [SpanId -> 7df6b23e13bb355f] 
      <http-nio-7001-exec-10> com.devd.spring.bookstorecommons.feign.PaymentFeignClient : [PaymentFeignClient#getMyPaymentMethodById] <--- END HTTP (162-byte body)
[2026-09-20 17:52:30 IST] DEBUG [Service Name -> bookstore-order-service], [TraceId -> c47cd0b763afa131], [SpanId -> 63f260947afb6df4] 
      <http-nio-7001-exec-3> com.devd.spring.bookstorecommons.feign.PaymentFeignClient : [PaymentFeignClient#getMyPaymentMethodById] <--- HTTP/1.1 200 (1076ms)
[2026-09-20 17:52:30 IST] DEBUG [Service Name -> bookstore-order-service], [TraceId -> c47cd0b763afa131], [SpanId -> 63f260947afb6df4] 
      <http-nio-7001-exec-3> com.devd.spring.bookstorecommons.feign.PaymentFeignClient : [PaymentFeignClient#getMyPaymentMethodById] access-control-allow-headers: *
[2026-09-20 17:52:30 IST] DEBUG [Service Name -> bookstore-order-service], [TraceId -> c47cd0b763afa131], [SpanId -> 63f260947afb6df4] 
      <http-nio-7001-exec-3> com.devd.spring.bookstorecommons.feign.PaymentFeignClient : [PaymentFeignClient#getMyPaymentMethodById] access-control-allow-methods: *
[2026-09-20 17:52:30 IST] DEBUG [Service Name -> bookstore-order-service], [TraceId -> c47cd0b763afa131], [SpanId -> 63f260947afb6df4] 
      <http-nio-7001-exec-3> com.devd.spring.bookstorecommons.feign.PaymentFeignClient : [PaymentFeignClient#getMyPaymentMethodById] access-control-allow-origin: *
[2026-09-20 17:52:30 IST] DEBUG [Service Name -> bookstore-order-service], [TraceId -> c47cd0b763afa131], [SpanId -> 63f260947afb6df4] 
      <http-nio-7001-exec-3> com.devd.spring.bookstorecommons.feign.PaymentFeignClient : [PaymentFeignClient#getMyPaymentMethodById] cache-control: no-cache, no-store, max-age=0, must-revalidate
[2026-09-20 17:52:30 IST] DEBUG [Service Name -> bookstore-order-service], [TraceId -> c47cd0b763afa131], [SpanId -> 63f260947afb6df4] 
      <http-nio-7001-exec-3> com.devd.spring.bookstorecommons.feign.PaymentFeignClient : [PaymentFeignClient#getMyPaymentMethodById] connection: keep-alive
[2026-09-20 17:52:30 IST] DEBUG [Service Name -> bookstore-order-service], [TraceId -> c47cd0b763afa131], [SpanId -> 63f260947afb6df4] 
      <http-nio-7001-exec-3> com.devd.spring.bookstorecommons.feign.PaymentFeignClient : [PaymentFeignClient#getMyPaymentMethodById] content-type: application/json
[2026-09-20 17:52:30 IST] DEBUG [Service Name -> bookstore-order-service], [TraceId -> c47cd0b763afa131], [SpanId -> 63f260947afb6df4] 
      <http-nio-7001-exec-3> com.devd.spring.bookstorecommons.feign.PaymentFeignClient : [PaymentFeignClient#getMyPaymentMethodById] date: Sun, 20 Sep 2026 12:22:29 GMT
[2026-09-20 17:52:30 IST] DEBUG [Service Name -> bookstore-order-service], [TraceId -> c47cd0b763afa131], [SpanId -> 63f260947afb6df4] 
      <http-nio-7001-exec-3> com.devd.spring.bookstorecommons.feign.PaymentFeignClient : [PaymentFeignClient#getMyPaymentMethodById] expires: 0
[2026-09-20 17:52:30 IST] DEBUG [Service Name -> bookstore-order-service], [TraceId -> c47cd0b763afa131], [SpanId -> 63f260947afb6df4] 
      <http-nio-7001-exec-3> com.devd.spring.bookstorecommons.feign.PaymentFeignClient : [PaymentFeignClient#getMyPaymentMethodById] keep-alive: timeout=60
[2026-09-20 17:52:30 IST] DEBUG [Service Name -> bookstore-order-service], [TraceId -> c47cd0b763afa131], [SpanId -> 63f260947afb6df4] 
      <http-nio-7001-exec-3> com.devd.spring.bookstorecommons.feign.PaymentFeignClient : [PaymentFeignClient#getMyPaymentMethodById] pragma: no-cache
[2026-09-20 17:52:30 IST] DEBUG [Service Name -> bookstore-order-service], [TraceId -> c47cd0b763afa131], [SpanId -> 63f260947afb6df4] 
      <http-nio-7001-exec-3> com.devd.spring.bookstorecommons.feign.PaymentFeignClient : [PaymentFeignClient#getMyPaymentMethodById] transfer-encoding: chunked
[2026-09-20 17:52:30 IST] DEBUG [Service Name -> bookstore-order-service], [TraceId -> c47cd0b763afa131], [SpanId -> 63f260947afb6df4] 
      <http-nio-7001-exec-3> com.devd.spring.bookstorecommons.feign.PaymentFeignClient : [PaymentFeignClient#getMyPaymentMethodById] vary: Access-Control-Request-Headers
[2026-09-20 17:52:30 IST] DEBUG [Service Name -> bookstore-order-service], [TraceId -> c47cd0b763afa131], [SpanId -> 63f260947afb6df4] 
      <http-nio-7001-exec-3> com.devd.spring.bookstorecommons.feign.PaymentFeignClient : [PaymentFeignClient#getMyPaymentMethodById] vary: Access-Control-Request-Method
[2026-09-20 17:52:30 IST] DEBUG [Service Name -> bookstore-order-service], [TraceId -> c47cd0b763afa131], [SpanId -> 63f260947afb6df4] 
      <http-nio-7001-exec-3> com.devd.spring.bookstorecommons.feign.PaymentFeignClient : [PaymentFeignClient#getMyPaymentMethodById] vary: Origin
[2026-09-20 17:52:30 IST] DEBUG [Service Name -> bookstore-order-service], [TraceId -> c47cd0b763afa131], [SpanId -> 63f260947afb6df4] 
      <http-nio-7001-exec-3> com.devd.spring.bookstorecommons.feign.PaymentFeignClient : [PaymentFeignClient#getMyPaymentMethodById] x-content-type-options: nosniff
[2026-09-20 17:52:30 IST] DEBUG [Service Name -> bookstore-order-service], [TraceId -> c47cd0b763afa131], [SpanId -> 63f260947afb6df4] 
      <http-nio-7001-exec-3> com.devd.spring.bookstorecommons.feign.PaymentFeignClient : [PaymentFeignClient#getMyPaymentMethodById] x-xss-protection: 1; mode=block
[2026-09-20 17:52:30 IST] DEBUG [Service Name -> bookstore-order-service], [TraceId -> c47cd0b763afa131], [SpanId -> 63f260947afb6df4] 
      <http-nio-7001-exec-3> com.devd.spring.bookstorecommons.feign.PaymentFeignClient : [PaymentFeignClient#getMyPaymentMethodById] 
[2026-09-20 17:52:30 IST] DEBUG [Service Name -> bookstore-order-service], [TraceId -> c47cd0b763afa131], [SpanId -> 63f260947afb6df4] 
      <http-nio-7001-exec-3> com.devd.spring.bookstorecommons.feign.PaymentFeignClient : [PaymentFeignClient#getMyPaymentMethodById] {"paymentMethodId":"pm_1UHjkqG9R9y827ntIkzz0Jer","cardType":"visa","cardLast4Digits":"1111","cardExpirationMonth":10,"cardExpirationYear":2027,"cardCountry":"US"}
[2026-09-20 17:52:30 IST] DEBUG [Service Name -> bookstore-order-service], [TraceId -> c47cd0b763afa131], [SpanId -> 63f260947afb6df4] 
      <http-nio-7001-exec-3> com.devd.spring.bookstorecommons.feign.PaymentFeignClient : [PaymentFeignClient#getMyPaymentMethodById] <--- END HTTP (162-byte body)
[2026-09-20 17:52:30 IST] INFO [Service Name -> bookstore-order-service], [TraceId -> ], [SpanId -> ] 
      <AsyncResolver-bootstrap-executor-0> com.netflix.discovery.shared.resolver.aws.ConfigClusterResolver : Resolving eureka endpoints via configuration
[2026-09-20 17:52:55 IST] DEBUG [Service Name -> bookstore-order-service], [TraceId -> cf4cfc5736c6088a], [SpanId -> 275b955c1184ac46] 
      <http-nio-7001-exec-7> com.devd.spring.bookstorecommons.feign.PaymentFeignClient : [PaymentFeignClient#getMyPaymentMethodById] ---> GET http://bookstore-payment-service/paymentMethod/pm_1UHjkqG9R9y827ntIkzz0Jer HTTP/1.1
[2026-09-20 17:52:55 IST] DEBUG [Service Name -> bookstore-order-service], [TraceId -> cf4cfc5736c6088a], [SpanId -> 275b955c1184ac46] 
      <http-nio-7001-exec-7> com.devd.spring.bookstorecommons.feign.PaymentFeignClient : [PaymentFeignClient#getMyPaymentMethodById] Authorization: Bearer eyJhbGciOiJSUzI1NiIsInR5cCI6IkpXVCJ9.eyJhdWQiOlsid2ViIl0sInVzZXJfaWQiOiI4YjIzY2NlMS0xZjc5LTQ0YjQtODJmOS01YmRjNDNlYjQ3ODMiLCJ1c2VyX25hbWUiOiJIaXJhbiIsInNjb3BlIjpbInJlYWQiLCJ3cml0ZSJdLCJleHAiOjE3OTAxNjU3MjEsImF1dGhvcml0aWVzIjpbIlNUQU5EQVJEX1VTRVIiXSwianRpIjoiNDk4YmM3ZTItMjU3Ni00ZjM5LThhNzEtNTU4YjJjZGE5ZjI0IiwiY2xpZW50X2lkIjoiOTNlZDQ1M2UtYjdhYy00MTkyLWE2ZDQtYzQ1ZmFlMGQ5OWFjIn0.RS5UihSDdNpTVozMFOa5FivfH9lQeMq-l-S-VKSpgpMFUwKxYTO2zs6OG6vpTXfHcJa7CR0x3Tvmwhh644GVWUROWVGSGvtQAA6pGN4Jpe_JSZN-fbjtvUzOlkkhpHSjJFXFaD5OcurPkxDg-f1q-LoxEqn_xPsp3MIMsumqGDhgrEqton7mfFpbLzq2RLuojvOCvooKAOeN1wabOt12REWF_PjcHPyADw0e3mea_Er6I461NwVhRPYmrPzFnBGb73a2qcWNpoMBPs4gzlYyCObrvaO8i2QN180k2CHo9YiBAFfC8s4iwvknqbzhm2_nCDaV_MQdCv71PXX5ZGCqzg
[2026-09-20 17:52:55 IST] DEBUG [Service Name -> bookstore-order-service], [TraceId -> cf4cfc5736c6088a], [SpanId -> 275b955c1184ac46] 
      <http-nio-7001-exec-7> com.devd.spring.bookstorecommons.feign.PaymentFeignClient : [PaymentFeignClient#getMyPaymentMethodById] ---> END HTTP (0-byte body)
[2026-09-20 17:52:55 IST] DEBUG [Service Name -> bookstore-order-service], [TraceId -> 44a7b0e509c9e908], [SpanId -> 8364520035455d86] 
      <http-nio-7001-exec-8> com.devd.spring.bookstorecommons.feign.PaymentFeignClient : [PaymentFeignClient#getMyPaymentMethodById] ---> GET http://bookstore-payment-service/paymentMethod/pm_1UHjkqG9R9y827ntIkzz0Jer HTTP/1.1
[2026-09-20 17:52:55 IST] DEBUG [Service Name -> bookstore-order-service], [TraceId -> 44a7b0e509c9e908], [SpanId -> 8364520035455d86] 
      <http-nio-7001-exec-8> com.devd.spring.bookstorecommons.feign.PaymentFeignClient : [PaymentFeignClient#getMyPaymentMethodById] Authorization: Bearer eyJhbGciOiJSUzI1NiIsInR5cCI6IkpXVCJ9.eyJhdWQiOlsid2ViIl0sInVzZXJfaWQiOiI4YjIzY2NlMS0xZjc5LTQ0YjQtODJmOS01YmRjNDNlYjQ3ODMiLCJ1c2VyX25hbWUiOiJIaXJhbiIsInNjb3BlIjpbInJlYWQiLCJ3cml0ZSJdLCJleHAiOjE3OTAxNjU3MjEsImF1dGhvcml0aWVzIjpbIlNUQU5EQVJEX1VTRVIiXSwianRpIjoiNDk4YmM3ZTItMjU3Ni00ZjM5LThhNzEtNTU4YjJjZGE5ZjI0IiwiY2xpZW50X2lkIjoiOTNlZDQ1M2UtYjdhYy00MTkyLWE2ZDQtYzQ1ZmFlMGQ5OWFjIn0.RS5UihSDdNpTVozMFOa5FivfH9lQeMq-l-S-VKSpgpMFUwKxYTO2zs6OG6vpTXfHcJa7CR0x3Tvmwhh644GVWUROWVGSGvtQAA6pGN4Jpe_JSZN-fbjtvUzOlkkhpHSjJFXFaD5OcurPkxDg-f1q-LoxEqn_xPsp3MIMsumqGDhgrEqton7mfFpbLzq2RLuojvOCvooKAOeN1wabOt12REWF_PjcHPyADw0e3mea_Er6I461NwVhRPYmrPzFnBGb73a2qcWNpoMBPs4gzlYyCObrvaO8i2QN180k2CHo9YiBAFfC8s4iwvknqbzhm2_nCDaV_MQdCv71PXX5ZGCqzg
[2026-09-20 17:52:55 IST] DEBUG [Service Name -> bookstore-order-service], [TraceId -> 44a7b0e509c9e908], [SpanId -> 8364520035455d86] 
      <http-nio-7001-exec-8> com.devd.spring.bookstorecommons.feign.PaymentFeignClient : [PaymentFeignClient#getMyPaymentMethodById] ---> END HTTP (0-byte body)
[2026-09-20 17:52:56 IST] DEBUG [Service Name -> bookstore-order-service], [TraceId -> cf4cfc5736c6088a], [SpanId -> 275b955c1184ac46] 
      <http-nio-7001-exec-7> com.devd.spring.bookstorecommons.feign.PaymentFeignClient : [PaymentFeignClient#getMyPaymentMethodById] <--- HTTP/1.1 200 (1363ms)
[2026-09-20 17:52:56 IST] DEBUG [Service Name -> bookstore-order-service], [TraceId -> cf4cfc5736c6088a], [SpanId -> 275b955c1184ac46] 
      <http-nio-7001-exec-7> com.devd.spring.bookstorecommons.feign.PaymentFeignClient : [PaymentFeignClient#getMyPaymentMethodById] access-control-allow-headers: *
[2026-09-20 17:52:56 IST] DEBUG [Service Name -> bookstore-order-service], [TraceId -> cf4cfc5736c6088a], [SpanId -> 275b955c1184ac46] 
      <http-nio-7001-exec-7> com.devd.spring.bookstorecommons.feign.PaymentFeignClient : [PaymentFeignClient#getMyPaymentMethodById] access-control-allow-methods: *
[2026-09-20 17:52:56 IST] DEBUG [Service Name -> bookstore-order-service], [TraceId -> cf4cfc5736c6088a], [SpanId -> 275b955c1184ac46] 
      <http-nio-7001-exec-7> com.devd.spring.bookstorecommons.feign.PaymentFeignClient : [PaymentFeignClient#getMyPaymentMethodById] access-control-allow-origin: *
[2026-09-20 17:52:56 IST] DEBUG [Service Name -> bookstore-order-service], [TraceId -> cf4cfc5736c6088a], [SpanId -> 275b955c1184ac46] 
      <http-nio-7001-exec-7> com.devd.spring.bookstorecommons.feign.PaymentFeignClient : [PaymentFeignClient#getMyPaymentMethodById] cache-control: no-cache, no-store, max-age=0, must-revalidate
[2026-09-20 17:52:56 IST] DEBUG [Service Name -> bookstore-order-service], [TraceId -> cf4cfc5736c6088a], [SpanId -> 275b955c1184ac46] 
      <http-nio-7001-exec-7> com.devd.spring.bookstorecommons.feign.PaymentFeignClient : [PaymentFeignClient#getMyPaymentMethodById] connection: keep-alive
[2026-09-20 17:52:56 IST] DEBUG [Service Name -> bookstore-order-service], [TraceId -> cf4cfc5736c6088a], [SpanId -> 275b955c1184ac46] 
      <http-nio-7001-exec-7> com.devd.spring.bookstorecommons.feign.PaymentFeignClient : [PaymentFeignClient#getMyPaymentMethodById] content-type: application/json
[2026-09-20 17:52:56 IST] DEBUG [Service Name -> bookstore-order-service], [TraceId -> cf4cfc5736c6088a], [SpanId -> 275b955c1184ac46] 
      <http-nio-7001-exec-7> com.devd.spring.bookstorecommons.feign.PaymentFeignClient : [PaymentFeignClient#getMyPaymentMethodById] date: Sun, 20 Sep 2026 12:22:56 GMT
[2026-09-20 17:52:56 IST] DEBUG [Service Name -> bookstore-order-service], [TraceId -> cf4cfc5736c6088a], [SpanId -> 275b955c1184ac46] 
      <http-nio-7001-exec-7> com.devd.spring.bookstorecommons.feign.PaymentFeignClient : [PaymentFeignClient#getMyPaymentMethodById] expires: 0
[2026-09-20 17:52:56 IST] DEBUG [Service Name -> bookstore-order-service], [TraceId -> cf4cfc5736c6088a], [SpanId -> 275b955c1184ac46] 
      <http-nio-7001-exec-7> com.devd.spring.bookstorecommons.feign.PaymentFeignClient : [PaymentFeignClient#getMyPaymentMethodById] keep-alive: timeout=60
[2026-09-20 17:52:56 IST] DEBUG [Service Name -> bookstore-order-service], [TraceId -> cf4cfc5736c6088a], [SpanId -> 275b955c1184ac46] 
      <http-nio-7001-exec-7> com.devd.spring.bookstorecommons.feign.PaymentFeignClient : [PaymentFeignClient#getMyPaymentMethodById] pragma: no-cache
[2026-09-20 17:52:56 IST] DEBUG [Service Name -> bookstore-order-service], [TraceId -> cf4cfc5736c6088a], [SpanId -> 275b955c1184ac46] 
      <http-nio-7001-exec-7> com.devd.spring.bookstorecommons.feign.PaymentFeignClient : [PaymentFeignClient#getMyPaymentMethodById] transfer-encoding: chunked
[2026-09-20 17:52:56 IST] DEBUG [Service Name -> bookstore-order-service], [TraceId -> cf4cfc5736c6088a], [SpanId -> 275b955c1184ac46] 
      <http-nio-7001-exec-7> com.devd.spring.bookstorecommons.feign.PaymentFeignClient : [PaymentFeignClient#getMyPaymentMethodById] vary: Access-Control-Request-Headers
[2026-09-20 17:52:56 IST] DEBUG [Service Name -> bookstore-order-service], [TraceId -> cf4cfc5736c6088a], [SpanId -> 275b955c1184ac46] 
      <http-nio-7001-exec-7> com.devd.spring.bookstorecommons.feign.PaymentFeignClient : [PaymentFeignClient#getMyPaymentMethodById] vary: Access-Control-Request-Method
[2026-09-20 17:52:56 IST] DEBUG [Service Name -> bookstore-order-service], [TraceId -> cf4cfc5736c6088a], [SpanId -> 275b955c1184ac46] 
      <http-nio-7001-exec-7> com.devd.spring.bookstorecommons.feign.PaymentFeignClient : [PaymentFeignClient#getMyPaymentMethodById] vary: Origin
[2026-09-20 17:52:56 IST] DEBUG [Service Name -> bookstore-order-service], [TraceId -> cf4cfc5736c6088a], [SpanId -> 275b955c1184ac46] 
      <http-nio-7001-exec-7> com.devd.spring.bookstorecommons.feign.PaymentFeignClient : [PaymentFeignClient#getMyPaymentMethodById] x-content-type-options: nosniff
[2026-09-20 17:52:56 IST] DEBUG [Service Name -> bookstore-order-service], [TraceId -> cf4cfc5736c6088a], [SpanId -> 275b955c1184ac46] 
      <http-nio-7001-exec-7> com.devd.spring.bookstorecommons.feign.PaymentFeignClient : [PaymentFeignClient#getMyPaymentMethodById] x-xss-protection: 1; mode=block
[2026-09-20 17:52:56 IST] DEBUG [Service Name -> bookstore-order-service], [TraceId -> cf4cfc5736c6088a], [SpanId -> 275b955c1184ac46] 
      <http-nio-7001-exec-7> com.devd.spring.bookstorecommons.feign.PaymentFeignClient : [PaymentFeignClient#getMyPaymentMethodById] 
[2026-09-20 17:52:56 IST] DEBUG [Service Name -> bookstore-order-service], [TraceId -> cf4cfc5736c6088a], [SpanId -> 275b955c1184ac46] 
      <http-nio-7001-exec-7> com.devd.spring.bookstorecommons.feign.PaymentFeignClient : [PaymentFeignClient#getMyPaymentMethodById] {"paymentMethodId":"pm_1UHjkqG9R9y827ntIkzz0Jer","cardType":"visa","cardLast4Digits":"1111","cardExpirationMonth":10,"cardExpirationYear":2027,"cardCountry":"US"}
[2026-09-20 17:52:56 IST] DEBUG [Service Name -> bookstore-order-service], [TraceId -> cf4cfc5736c6088a], [SpanId -> 275b955c1184ac46] 
      <http-nio-7001-exec-7> com.devd.spring.bookstorecommons.feign.PaymentFeignClient : [PaymentFeignClient#getMyPaymentMethodById] <--- END HTTP (162-byte body)
[2026-09-20 17:52:56 IST] DEBUG [Service Name -> bookstore-order-service], [TraceId -> 44a7b0e509c9e908], [SpanId -> 8364520035455d86] 
      <http-nio-7001-exec-8> com.devd.spring.bookstorecommons.feign.PaymentFeignClient : [PaymentFeignClient#getMyPaymentMethodById] <--- HTTP/1.1 200 (1000ms)
[2026-09-20 17:52:56 IST] DEBUG [Service Name -> bookstore-order-service], [TraceId -> 44a7b0e509c9e908], [SpanId -> 8364520035455d86] 
      <http-nio-7001-exec-8> com.devd.spring.bookstorecommons.feign.PaymentFeignClient : [PaymentFeignClient#getMyPaymentMethodById] access-control-allow-headers: *
[2026-09-20 17:52:56 IST] DEBUG [Service Name -> bookstore-order-service], [TraceId -> 44a7b0e509c9e908], [SpanId -> 8364520035455d86] 
      <http-nio-7001-exec-8> com.devd.spring.bookstorecommons.feign.PaymentFeignClient : [PaymentFeignClient#getMyPaymentMethodById] access-control-allow-methods: *
[2026-09-20 17:52:56 IST] DEBUG [Service Name -> bookstore-order-service], [TraceId -> 44a7b0e509c9e908], [SpanId -> 8364520035455d86] 
      <http-nio-7001-exec-8> com.devd.spring.bookstorecommons.feign.PaymentFeignClient : [PaymentFeignClient#getMyPaymentMethodById] access-control-allow-origin: *
[2026-09-20 17:52:56 IST] DEBUG [Service Name -> bookstore-order-service], [TraceId -> 44a7b0e509c9e908], [SpanId -> 8364520035455d86] 
      <http-nio-7001-exec-8> com.devd.spring.bookstorecommons.feign.PaymentFeignClient : [PaymentFeignClient#getMyPaymentMethodById] cache-control: no-cache, no-store, max-age=0, must-revalidate
[2026-09-20 17:52:56 IST] DEBUG [Service Name -> bookstore-order-service], [TraceId -> 44a7b0e509c9e908], [SpanId -> 8364520035455d86] 
      <http-nio-7001-exec-8> com.devd.spring.bookstorecommons.feign.PaymentFeignClient : [PaymentFeignClient#getMyPaymentMethodById] connection: keep-alive
[2026-09-20 17:52:56 IST] DEBUG [Service Name -> bookstore-order-service], [TraceId -> 44a7b0e509c9e908], [SpanId -> 8364520035455d86] 
      <http-nio-7001-exec-8> com.devd.spring.bookstorecommons.feign.PaymentFeignClient : [PaymentFeignClient#getMyPaymentMethodById] content-type: application/json
[2026-09-20 17:52:56 IST] DEBUG [Service Name -> bookstore-order-service], [TraceId -> 44a7b0e509c9e908], [SpanId -> 8364520035455d86] 
      <http-nio-7001-exec-8> com.devd.spring.bookstorecommons.feign.PaymentFeignClient : [PaymentFeignClient#getMyPaymentMethodById] date: Sun, 20 Sep 2026 12:22:56 GMT
[2026-09-20 17:52:56 IST] DEBUG [Service Name -> bookstore-order-service], [TraceId -> 44a7b0e509c9e908], [SpanId -> 8364520035455d86] 
      <http-nio-7001-exec-8> com.devd.spring.bookstorecommons.feign.PaymentFeignClient : [PaymentFeignClient#getMyPaymentMethodById] expires: 0
[2026-09-20 17:52:56 IST] DEBUG [Service Name -> bookstore-order-service], [TraceId -> 44a7b0e509c9e908], [SpanId -> 8364520035455d86] 
      <http-nio-7001-exec-8> com.devd.spring.bookstorecommons.feign.PaymentFeignClient : [PaymentFeignClient#getMyPaymentMethodById] keep-alive: timeout=60
[2026-09-20 17:52:56 IST] DEBUG [Service Name -> bookstore-order-service], [TraceId -> 44a7b0e509c9e908], [SpanId -> 8364520035455d86] 
      <http-nio-7001-exec-8> com.devd.spring.bookstorecommons.feign.PaymentFeignClient : [PaymentFeignClient#getMyPaymentMethodById] pragma: no-cache
[2026-09-20 17:52:56 IST] DEBUG [Service Name -> bookstore-order-service], [TraceId -> 44a7b0e509c9e908], [SpanId -> 8364520035455d86] 
      <http-nio-7001-exec-8> com.devd.spring.bookstorecommons.feign.PaymentFeignClient : [PaymentFeignClient#getMyPaymentMethodById] transfer-encoding: chunked
[2026-09-20 17:52:56 IST] DEBUG [Service Name -> bookstore-order-service], [TraceId -> 44a7b0e509c9e908], [SpanId -> 8364520035455d86] 
      <http-nio-7001-exec-8> com.devd.spring.bookstorecommons.feign.PaymentFeignClient : [PaymentFeignClient#getMyPaymentMethodById] vary: Access-Control-Request-Headers
[2026-09-20 17:52:56 IST] DEBUG [Service Name -> bookstore-order-service], [TraceId -> 44a7b0e509c9e908], [SpanId -> 8364520035455d86] 
      <http-nio-7001-exec-8> com.devd.spring.bookstorecommons.feign.PaymentFeignClient : [PaymentFeignClient#getMyPaymentMethodById] vary: Access-Control-Request-Method
[2026-09-20 17:52:56 IST] DEBUG [Service Name -> bookstore-order-service], [TraceId -> 44a7b0e509c9e908], [SpanId -> 8364520035455d86] 
      <http-nio-7001-exec-8> com.devd.spring.bookstorecommons.feign.PaymentFeignClient : [PaymentFeignClient#getMyPaymentMethodById] vary: Origin
[2026-09-20 17:52:56 IST] DEBUG [Service Name -> bookstore-order-service], [TraceId -> 44a7b0e509c9e908], [SpanId -> 8364520035455d86] 
      <http-nio-7001-exec-8> com.devd.spring.bookstorecommons.feign.PaymentFeignClient : [PaymentFeignClient#getMyPaymentMethodById] x-content-type-options: nosniff
[2026-09-20 17:52:56 IST] DEBUG [Service Name -> bookstore-order-service], [TraceId -> 44a7b0e509c9e908], [SpanId -> 8364520035455d86] 
      <http-nio-7001-exec-8> com.devd.spring.bookstorecommons.feign.PaymentFeignClient : [PaymentFeignClient#getMyPaymentMethodById] x-xss-protection: 1; mode=block
[2026-09-20 17:52:56 IST] DEBUG [Service Name -> bookstore-order-service], [TraceId -> 44a7b0e509c9e908], [SpanId -> 8364520035455d86] 
      <http-nio-7001-exec-8> com.devd.spring.bookstorecommons.feign.PaymentFeignClient : [PaymentFeignClient#getMyPaymentMethodById] 
[2026-09-20 17:52:56 IST] DEBUG [Service Name -> bookstore-order-service], [TraceId -> 44a7b0e509c9e908], [SpanId -> 8364520035455d86] 
      <http-nio-7001-exec-8> com.devd.spring.bookstorecommons.feign.PaymentFeignClient : [PaymentFeignClient#getMyPaymentMethodById] {"paymentMethodId":"pm_1UHjkqG9R9y827ntIkzz0Jer","cardType":"visa","cardLast4Digits":"1111","cardExpirationMonth":10,"cardExpirationYear":2027,"cardCountry":"US"}
[2026-09-20 17:52:56 IST] DEBUG [Service Name -> bookstore-order-service], [TraceId -> 44a7b0e509c9e908], [SpanId -> 8364520035455d86] 
      <http-nio-7001-exec-8> com.devd.spring.bookstorecommons.feign.PaymentFeignClient : [PaymentFeignClient#getMyPaymentMethodById] <--- END HTTP (162-byte body)
[2026-09-20 17:52:59 IST] DEBUG [Service Name -> bookstore-order-service], [TraceId -> bc21fbffda07317b], [SpanId -> 0d7c5d796bbc4a14] 
      <http-nio-7001-exec-5> com.devd.spring.bookstorecommons.feign.PaymentFeignClient : [PaymentFeignClient#getMyPaymentMethodById] ---> GET http://bookstore-payment-service/paymentMethod/pm_1UHjkqG9R9y827ntIkzz0Jer HTTP/1.1
[2026-09-20 17:52:59 IST] DEBUG [Service Name -> bookstore-order-service], [TraceId -> bc21fbffda07317b], [SpanId -> 0d7c5d796bbc4a14] 
      <http-nio-7001-exec-5> com.devd.spring.bookstorecommons.feign.PaymentFeignClient : [PaymentFeignClient#getMyPaymentMethodById] Authorization: Bearer eyJhbGciOiJSUzI1NiIsInR5cCI6IkpXVCJ9.eyJhdWQiOlsid2ViIl0sInVzZXJfaWQiOiI4YjIzY2NlMS0xZjc5LTQ0YjQtODJmOS01YmRjNDNlYjQ3ODMiLCJ1c2VyX25hbWUiOiJIaXJhbiIsInNjb3BlIjpbInJlYWQiLCJ3cml0ZSJdLCJleHAiOjE3OTAxNjU3MjEsImF1dGhvcml0aWVzIjpbIlNUQU5EQVJEX1VTRVIiXSwianRpIjoiNDk4YmM3ZTItMjU3Ni00ZjM5LThhNzEtNTU4YjJjZGE5ZjI0IiwiY2xpZW50X2lkIjoiOTNlZDQ1M2UtYjdhYy00MTkyLWE2ZDQtYzQ1ZmFlMGQ5OWFjIn0.RS5UihSDdNpTVozMFOa5FivfH9lQeMq-l-S-VKSpgpMFUwKxYTO2zs6OG6vpTXfHcJa7CR0x3Tvmwhh644GVWUROWVGSGvtQAA6pGN4Jpe_JSZN-fbjtvUzOlkkhpHSjJFXFaD5OcurPkxDg-f1q-LoxEqn_xPsp3MIMsumqGDhgrEqton7mfFpbLzq2RLuojvOCvooKAOeN1wabOt12REWF_PjcHPyADw0e3mea_Er6I461NwVhRPYmrPzFnBGb73a2qcWNpoMBPs4gzlYyCObrvaO8i2QN180k2CHo9YiBAFfC8s4iwvknqbzhm2_nCDaV_MQdCv71PXX5ZGCqzg
[2026-09-20 17:52:59 IST] DEBUG [Service Name -> bookstore-order-service], [TraceId -> bc21fbffda07317b], [SpanId -> 0d7c5d796bbc4a14] 
      <http-nio-7001-exec-5> com.devd.spring.bookstorecommons.feign.PaymentFeignClient : [PaymentFeignClient#getMyPaymentMethodById] ---> END HTTP (0-byte body)
[2026-09-20 17:53:00 IST] DEBUG [Service Name -> bookstore-order-service], [TraceId -> bc21fbffda07317b], [SpanId -> 0d7c5d796bbc4a14] 
      <http-nio-7001-exec-5> com.devd.spring.bookstorecommons.feign.PaymentFeignClient : [PaymentFeignClient#getMyPaymentMethodById] <--- HTTP/1.1 200 (532ms)
[2026-09-20 17:53:00 IST] DEBUG [Service Name -> bookstore-order-service], [TraceId -> bc21fbffda07317b], [SpanId -> 0d7c5d796bbc4a14] 
      <http-nio-7001-exec-5> com.devd.spring.bookstorecommons.feign.PaymentFeignClient : [PaymentFeignClient#getMyPaymentMethodById] access-control-allow-headers: *
[2026-09-20 17:53:00 IST] DEBUG [Service Name -> bookstore-order-service], [TraceId -> bc21fbffda07317b], [SpanId -> 0d7c5d796bbc4a14] 
      <http-nio-7001-exec-5> com.devd.spring.bookstorecommons.feign.PaymentFeignClient : [PaymentFeignClient#getMyPaymentMethodById] access-control-allow-methods: *
[2026-09-20 17:53:00 IST] DEBUG [Service Name -> bookstore-order-service], [TraceId -> bc21fbffda07317b], [SpanId -> 0d7c5d796bbc4a14] 
      <http-nio-7001-exec-5> com.devd.spring.bookstorecommons.feign.PaymentFeignClient : [PaymentFeignClient#getMyPaymentMethodById] access-control-allow-origin: *
[2026-09-20 17:53:00 IST] DEBUG [Service Name -> bookstore-order-service], [TraceId -> bc21fbffda07317b], [SpanId -> 0d7c5d796bbc4a14] 
      <http-nio-7001-exec-5> com.devd.spring.bookstorecommons.feign.PaymentFeignClient : [PaymentFeignClient#getMyPaymentMethodById] cache-control: no-cache, no-store, max-age=0, must-revalidate
[2026-09-20 17:53:00 IST] DEBUG [Service Name -> bookstore-order-service], [TraceId -> bc21fbffda07317b], [SpanId -> 0d7c5d796bbc4a14] 
      <http-nio-7001-exec-5> com.devd.spring.bookstorecommons.feign.PaymentFeignClient : [PaymentFeignClient#getMyPaymentMethodById] connection: keep-alive
[2026-09-20 17:53:00 IST] DEBUG [Service Name -> bookstore-order-service], [TraceId -> bc21fbffda07317b], [SpanId -> 0d7c5d796bbc4a14] 
      <http-nio-7001-exec-5> com.devd.spring.bookstorecommons.feign.PaymentFeignClient : [PaymentFeignClient#getMyPaymentMethodById] content-type: application/json
[2026-09-20 17:53:00 IST] DEBUG [Service Name -> bookstore-order-service], [TraceId -> bc21fbffda07317b], [SpanId -> 0d7c5d796bbc4a14] 
      <http-nio-7001-exec-5> com.devd.spring.bookstorecommons.feign.PaymentFeignClient : [PaymentFeignClient#getMyPaymentMethodById] date: Sun, 20 Sep 2026 12:23:00 GMT
[2026-09-20 17:53:00 IST] DEBUG [Service Name -> bookstore-order-service], [TraceId -> bc21fbffda07317b], [SpanId -> 0d7c5d796bbc4a14] 
      <http-nio-7001-exec-5> com.devd.spring.bookstorecommons.feign.PaymentFeignClient : [PaymentFeignClient#getMyPaymentMethodById] expires: 0
[2026-09-20 17:53:00 IST] DEBUG [Service Name -> bookstore-order-service], [TraceId -> bc21fbffda07317b], [SpanId -> 0d7c5d796bbc4a14] 
      <http-nio-7001-exec-5> com.devd.spring.bookstorecommons.feign.PaymentFeignClient : [PaymentFeignClient#getMyPaymentMethodById] keep-alive: timeout=60
[2026-09-20 17:53:00 IST] DEBUG [Service Name -> bookstore-order-service], [TraceId -> bc21fbffda07317b], [SpanId -> 0d7c5d796bbc4a14] 
      <http-nio-7001-exec-5> com.devd.spring.bookstorecommons.feign.PaymentFeignClient : [PaymentFeignClient#getMyPaymentMethodById] pragma: no-cache
[2026-09-20 17:53:00 IST] DEBUG [Service Name -> bookstore-order-service], [TraceId -> bc21fbffda07317b], [SpanId -> 0d7c5d796bbc4a14] 
      <http-nio-7001-exec-5> com.devd.spring.bookstorecommons.feign.PaymentFeignClient : [PaymentFeignClient#getMyPaymentMethodById] transfer-encoding: chunked
[2026-09-20 17:53:00 IST] DEBUG [Service Name -> bookstore-order-service], [TraceId -> bc21fbffda07317b], [SpanId -> 0d7c5d796bbc4a14] 
      <http-nio-7001-exec-5> com.devd.spring.bookstorecommons.feign.PaymentFeignClient : [PaymentFeignClient#getMyPaymentMethodById] vary: Access-Control-Request-Headers
[2026-09-20 17:53:00 IST] DEBUG [Service Name -> bookstore-order-service], [TraceId -> bc21fbffda07317b], [SpanId -> 0d7c5d796bbc4a14] 
      <http-nio-7001-exec-5> com.devd.spring.bookstorecommons.feign.PaymentFeignClient : [PaymentFeignClient#getMyPaymentMethodById] vary: Access-Control-Request-Method
[2026-09-20 17:53:00 IST] DEBUG [Service Name -> bookstore-order-service], [TraceId -> bc21fbffda07317b], [SpanId -> 0d7c5d796bbc4a14] 
      <http-nio-7001-exec-5> com.devd.spring.bookstorecommons.feign.PaymentFeignClient : [PaymentFeignClient#getMyPaymentMethodById] vary: Origin
[2026-09-20 17:53:00 IST] DEBUG [Service Name -> bookstore-order-service], [TraceId -> bc21fbffda07317b], [SpanId -> 0d7c5d796bbc4a14] 
      <http-nio-7001-exec-5> com.devd.spring.bookstorecommons.feign.PaymentFeignClient : [PaymentFeignClient#getMyPaymentMethodById] x-content-type-options: nosniff
[2026-09-20 17:53:00 IST] DEBUG [Service Name -> bookstore-order-service], [TraceId -> bc21fbffda07317b], [SpanId -> 0d7c5d796bbc4a14] 
      <http-nio-7001-exec-5> com.devd.spring.bookstorecommons.feign.PaymentFeignClient : [PaymentFeignClient#getMyPaymentMethodById] x-xss-protection: 1; mode=block
[2026-09-20 17:53:00 IST] DEBUG [Service Name -> bookstore-order-service], [TraceId -> bc21fbffda07317b], [SpanId -> 0d7c5d796bbc4a14] 
      <http-nio-7001-exec-5> com.devd.spring.bookstorecommons.feign.PaymentFeignClient : [PaymentFeignClient#getMyPaymentMethodById] 
[2026-09-20 17:53:00 IST] DEBUG [Service Name -> bookstore-order-service], [TraceId -> bc21fbffda07317b], [SpanId -> 0d7c5d796bbc4a14] 
      <http-nio-7001-exec-5> com.devd.spring.bookstorecommons.feign.PaymentFeignClient : [PaymentFeignClient#getMyPaymentMethodById] {"paymentMethodId":"pm_1UHjkqG9R9y827ntIkzz0Jer","cardType":"visa","cardLast4Digits":"1111","cardExpirationMonth":10,"cardExpirationYear":2027,"cardCountry":"US"}
[2026-09-20 17:53:00 IST] DEBUG [Service Name -> bookstore-order-service], [TraceId -> bc21fbffda07317b], [SpanId -> 0d7c5d796bbc4a14] 
      <http-nio-7001-exec-5> com.devd.spring.bookstorecommons.feign.PaymentFeignClient : [PaymentFeignClient#getMyPaymentMethodById] <--- END HTTP (162-byte body)
[2026-09-20 17:53:02 IST] DEBUG [Service Name -> bookstore-order-service], [TraceId -> f765078ac923e817], [SpanId -> 17d1541c51f9e075] 
      <http-nio-7001-exec-9> com.devd.spring.bookstorecommons.feign.PaymentFeignClient : [PaymentFeignClient#getMyPaymentMethodById] ---> GET http://bookstore-payment-service/paymentMethod/pm_1UHjkqG9R9y827ntIkzz0Jer HTTP/1.1
[2026-09-20 17:53:02 IST] DEBUG [Service Name -> bookstore-order-service], [TraceId -> f765078ac923e817], [SpanId -> 17d1541c51f9e075] 
      <http-nio-7001-exec-9> com.devd.spring.bookstorecommons.feign.PaymentFeignClient : [PaymentFeignClient#getMyPaymentMethodById] Authorization: Bearer eyJhbGciOiJSUzI1NiIsInR5cCI6IkpXVCJ9.eyJhdWQiOlsid2ViIl0sInVzZXJfaWQiOiI4YjIzY2NlMS0xZjc5LTQ0YjQtODJmOS01YmRjNDNlYjQ3ODMiLCJ1c2VyX25hbWUiOiJIaXJhbiIsInNjb3BlIjpbInJlYWQiLCJ3cml0ZSJdLCJleHAiOjE3OTAxNjU3MjEsImF1dGhvcml0aWVzIjpbIlNUQU5EQVJEX1VTRVIiXSwianRpIjoiNDk4YmM3ZTItMjU3Ni00ZjM5LThhNzEtNTU4YjJjZGE5ZjI0IiwiY2xpZW50X2lkIjoiOTNlZDQ1M2UtYjdhYy00MTkyLWE2ZDQtYzQ1ZmFlMGQ5OWFjIn0.RS5UihSDdNpTVozMFOa5FivfH9lQeMq-l-S-VKSpgpMFUwKxYTO2zs6OG6vpTXfHcJa7CR0x3Tvmwhh644GVWUROWVGSGvtQAA6pGN4Jpe_JSZN-fbjtvUzOlkkhpHSjJFXFaD5OcurPkxDg-f1q-LoxEqn_xPsp3MIMsumqGDhgrEqton7mfFpbLzq2RLuojvOCvooKAOeN1wabOt12REWF_PjcHPyADw0e3mea_Er6I461NwVhRPYmrPzFnBGb73a2qcWNpoMBPs4gzlYyCObrvaO8i2QN180k2CHo9YiBAFfC8s4iwvknqbzhm2_nCDaV_MQdCv71PXX5ZGCqzg
[2026-09-20 17:53:02 IST] DEBUG [Service Name -> bookstore-order-service], [TraceId -> f765078ac923e817], [SpanId -> 17d1541c51f9e075] 
      <http-nio-7001-exec-9> com.devd.spring.bookstorecommons.feign.PaymentFeignClient : [PaymentFeignClient#getMyPaymentMethodById] ---> END HTTP (0-byte body)
[2026-09-20 17:53:02 IST] DEBUG [Service Name -> bookstore-order-service], [TraceId -> f765078ac923e817], [SpanId -> 17d1541c51f9e075] 
      <http-nio-7001-exec-9> com.devd.spring.bookstorecommons.feign.PaymentFeignClient : [PaymentFeignClient#getMyPaymentMethodById] <--- HTTP/1.1 200 (533ms)
[2026-09-20 17:53:02 IST] DEBUG [Service Name -> bookstore-order-service], [TraceId -> f765078ac923e817], [SpanId -> 17d1541c51f9e075] 
      <http-nio-7001-exec-9> com.devd.spring.bookstorecommons.feign.PaymentFeignClient : [PaymentFeignClient#getMyPaymentMethodById] access-control-allow-headers: *
[2026-09-20 17:53:02 IST] DEBUG [Service Name -> bookstore-order-service], [TraceId -> f765078ac923e817], [SpanId -> 17d1541c51f9e075] 
      <http-nio-7001-exec-9> com.devd.spring.bookstorecommons.feign.PaymentFeignClient : [PaymentFeignClient#getMyPaymentMethodById] access-control-allow-methods: *
[2026-09-20 17:53:02 IST] DEBUG [Service Name -> bookstore-order-service], [TraceId -> f765078ac923e817], [SpanId -> 17d1541c51f9e075] 
      <http-nio-7001-exec-9> com.devd.spring.bookstorecommons.feign.PaymentFeignClient : [PaymentFeignClient#getMyPaymentMethodById] access-control-allow-origin: *
[2026-09-20 17:53:02 IST] DEBUG [Service Name -> bookstore-order-service], [TraceId -> f765078ac923e817], [SpanId -> 17d1541c51f9e075] 
      <http-nio-7001-exec-9> com.devd.spring.bookstorecommons.feign.PaymentFeignClient : [PaymentFeignClient#getMyPaymentMethodById] cache-control: no-cache, no-store, max-age=0, must-revalidate
[2026-09-20 17:53:02 IST] DEBUG [Service Name -> bookstore-order-service], [TraceId -> f765078ac923e817], [SpanId -> 17d1541c51f9e075] 
      <http-nio-7001-exec-9> com.devd.spring.bookstorecommons.feign.PaymentFeignClient : [PaymentFeignClient#getMyPaymentMethodById] connection: keep-alive
[2026-09-20 17:53:02 IST] DEBUG [Service Name -> bookstore-order-service], [TraceId -> f765078ac923e817], [SpanId -> 17d1541c51f9e075] 
      <http-nio-7001-exec-9> com.devd.spring.bookstorecommons.feign.PaymentFeignClient : [PaymentFeignClient#getMyPaymentMethodById] content-type: application/json
[2026-09-20 17:53:02 IST] DEBUG [Service Name -> bookstore-order-service], [TraceId -> f765078ac923e817], [SpanId -> 17d1541c51f9e075] 
      <http-nio-7001-exec-9> com.devd.spring.bookstorecommons.feign.PaymentFeignClient : [PaymentFeignClient#getMyPaymentMethodById] date: Sun, 20 Sep 2026 12:23:02 GMT
[2026-09-20 17:53:02 IST] DEBUG [Service Name -> bookstore-order-service], [TraceId -> f765078ac923e817], [SpanId -> 17d1541c51f9e075] 
      <http-nio-7001-exec-9> com.devd.spring.bookstorecommons.feign.PaymentFeignClient : [PaymentFeignClient#getMyPaymentMethodById] expires: 0
[2026-09-20 17:53:02 IST] DEBUG [Service Name -> bookstore-order-service], [TraceId -> f765078ac923e817], [SpanId -> 17d1541c51f9e075] 
      <http-nio-7001-exec-9> com.devd.spring.bookstorecommons.feign.PaymentFeignClient : [PaymentFeignClient#getMyPaymentMethodById] keep-alive: timeout=60
[2026-09-20 17:53:02 IST] DEBUG [Service Name -> bookstore-order-service], [TraceId -> f765078ac923e817], [SpanId -> 17d1541c51f9e075] 
      <http-nio-7001-exec-9> com.devd.spring.bookstorecommons.feign.PaymentFeignClient : [PaymentFeignClient#getMyPaymentMethodById] pragma: no-cache
[2026-09-20 17:53:02 IST] DEBUG [Service Name -> bookstore-order-service], [TraceId -> f765078ac923e817], [SpanId -> 17d1541c51f9e075] 
      <http-nio-7001-exec-9> com.devd.spring.bookstorecommons.feign.PaymentFeignClient : [PaymentFeignClient#getMyPaymentMethodById] transfer-encoding: chunked
[2026-09-20 17:53:02 IST] DEBUG [Service Name -> bookstore-order-service], [TraceId -> f765078ac923e817], [SpanId -> 17d1541c51f9e075] 
      <http-nio-7001-exec-9> com.devd.spring.bookstorecommons.feign.PaymentFeignClient : [PaymentFeignClient#getMyPaymentMethodById] vary: Access-Control-Request-Headers
[2026-09-20 17:53:02 IST] DEBUG [Service Name -> bookstore-order-service], [TraceId -> f765078ac923e817], [SpanId -> 17d1541c51f9e075] 
      <http-nio-7001-exec-9> com.devd.spring.bookstorecommons.feign.PaymentFeignClient : [PaymentFeignClient#getMyPaymentMethodById] vary: Access-Control-Request-Method
[2026-09-20 17:53:02 IST] DEBUG [Service Name -> bookstore-order-service], [TraceId -> f765078ac923e817], [SpanId -> 17d1541c51f9e075] 
      <http-nio-7001-exec-9> com.devd.spring.bookstorecommons.feign.PaymentFeignClient : [PaymentFeignClient#getMyPaymentMethodById] vary: Origin
[2026-09-20 17:53:02 IST] DEBUG [Service Name -> bookstore-order-service], [TraceId -> f765078ac923e817], [SpanId -> 17d1541c51f9e075] 
      <http-nio-7001-exec-9> com.devd.spring.bookstorecommons.feign.PaymentFeignClient : [PaymentFeignClient#getMyPaymentMethodById] x-content-type-options: nosniff
[2026-09-20 17:53:02 IST] DEBUG [Service Name -> bookstore-order-service], [TraceId -> f765078ac923e817], [SpanId -> 17d1541c51f9e075] 
      <http-nio-7001-exec-9> com.devd.spring.bookstorecommons.feign.PaymentFeignClient : [PaymentFeignClient#getMyPaymentMethodById] x-xss-protection: 1; mode=block
[2026-09-20 17:53:02 IST] DEBUG [Service Name -> bookstore-order-service], [TraceId -> f765078ac923e817], [SpanId -> 17d1541c51f9e075] 
      <http-nio-7001-exec-9> com.devd.spring.bookstorecommons.feign.PaymentFeignClient : [PaymentFeignClient#getMyPaymentMethodById] 
[2026-09-20 17:53:02 IST] DEBUG [Service Name -> bookstore-order-service], [TraceId -> f765078ac923e817], [SpanId -> 17d1541c51f9e075] 
      <http-nio-7001-exec-9> com.devd.spring.bookstorecommons.feign.PaymentFeignClient : [PaymentFeignClient#getMyPaymentMethodById] {"paymentMethodId":"pm_1UHjkqG9R9y827ntIkzz0Jer","cardType":"visa","cardLast4Digits":"1111","cardExpirationMonth":10,"cardExpirationYear":2027,"cardCountry":"US"}
[2026-09-20 17:53:02 IST] DEBUG [Service Name -> bookstore-order-service], [TraceId -> f765078ac923e817], [SpanId -> 17d1541c51f9e075] 
      <http-nio-7001-exec-9> com.devd.spring.bookstorecommons.feign.PaymentFeignClient : [PaymentFeignClient#getMyPaymentMethodById] <--- END HTTP (162-byte body)
[2026-09-20 17:54:01 IST] DEBUG [Service Name -> bookstore-order-service], [TraceId -> d7e2562ac15ce3d7], [SpanId -> 413a865832a06b4b] 
      <http-nio-7001-exec-8> com.devd.spring.bookstorecommons.feign.PaymentFeignClient : [PaymentFeignClient#getMyPaymentMethodById] ---> GET http://bookstore-payment-service/paymentMethod/pm_1UHjkqG9R9y827ntIkzz0Jer HTTP/1.1
[2026-09-20 17:54:01 IST] DEBUG [Service Name -> bookstore-order-service], [TraceId -> d7e2562ac15ce3d7], [SpanId -> 413a865832a06b4b] 
      <http-nio-7001-exec-8> com.devd.spring.bookstorecommons.feign.PaymentFeignClient : [PaymentFeignClient#getMyPaymentMethodById] Authorization: Bearer eyJhbGciOiJSUzI1NiIsInR5cCI6IkpXVCJ9.eyJhdWQiOlsid2ViIl0sInVzZXJfaWQiOiI4YjIzY2NlMS0xZjc5LTQ0YjQtODJmOS01YmRjNDNlYjQ3ODMiLCJ1c2VyX25hbWUiOiJIaXJhbiIsInNjb3BlIjpbInJlYWQiLCJ3cml0ZSJdLCJleHAiOjE3OTAxNjYyMzUsImF1dGhvcml0aWVzIjpbIlNUQU5EQVJEX1VTRVIiXSwianRpIjoiMjEyY2Q1YTctMzkwOC00NDNiLWE2NjEtYjJkNzY0YTJkZmEwIiwiY2xpZW50X2lkIjoiOTNlZDQ1M2UtYjdhYy00MTkyLWE2ZDQtYzQ1ZmFlMGQ5OWFjIn0.JyWTxwz7yW6Te43kcmryvRlZJNsRf4CPZ0_SdhQz4GMyWW_o60O3ddfsIJAZmuy5IbULEDPBUdh89cP2PeAENM_PwBEg55gOfoN2PR6eBeNMUw71zuOkWZWfwiff5xjKZLh-7n7sT2PwXoKgypVODmuqdMbBQGbaqi712dPkQR4d2B4SqBKHArkRE3RgQB6Z-9gRBcOWTP08IPr6J82ocMw1LOUQ-tzpSHKQ1yiGGLF2n8_lOGSs_z-UpAiM1XQtCKXbg4zOILwBInS6UR870EhgPAtXIPiKIpyw9xGW2L6lDiJdoVJy9RwfP9zfB67Kb__LvjOC7Zusbh82dmfBvQ
[2026-09-20 17:54:01 IST] DEBUG [Service Name -> bookstore-order-service], [TraceId -> d7e2562ac15ce3d7], [SpanId -> 413a865832a06b4b] 
      <http-nio-7001-exec-8> com.devd.spring.bookstorecommons.feign.PaymentFeignClient : [PaymentFeignClient#getMyPaymentMethodById] ---> END HTTP (0-byte body)
[2026-09-20 17:54:02 IST] DEBUG [Service Name -> bookstore-order-service], [TraceId -> 457cc9de485ab16c], [SpanId -> 7ec01588349a085b] 
      <http-nio-7001-exec-5> com.devd.spring.bookstorecommons.feign.PaymentFeignClient : [PaymentFeignClient#getMyPaymentMethodById] ---> GET http://bookstore-payment-service/paymentMethod/pm_1UHjkqG9R9y827ntIkzz0Jer HTTP/1.1
[2026-09-20 17:54:02 IST] DEBUG [Service Name -> bookstore-order-service], [TraceId -> 457cc9de485ab16c], [SpanId -> 7ec01588349a085b] 
      <http-nio-7001-exec-5> com.devd.spring.bookstorecommons.feign.PaymentFeignClient : [PaymentFeignClient#getMyPaymentMethodById] Authorization: Bearer eyJhbGciOiJSUzI1NiIsInR5cCI6IkpXVCJ9.eyJhdWQiOlsid2ViIl0sInVzZXJfaWQiOiI4YjIzY2NlMS0xZjc5LTQ0YjQtODJmOS01YmRjNDNlYjQ3ODMiLCJ1c2VyX25hbWUiOiJIaXJhbiIsInNjb3BlIjpbInJlYWQiLCJ3cml0ZSJdLCJleHAiOjE3OTAxNjYyMzUsImF1dGhvcml0aWVzIjpbIlNUQU5EQVJEX1VTRVIiXSwianRpIjoiMjEyY2Q1YTctMzkwOC00NDNiLWE2NjEtYjJkNzY0YTJkZmEwIiwiY2xpZW50X2lkIjoiOTNlZDQ1M2UtYjdhYy00MTkyLWE2ZDQtYzQ1ZmFlMGQ5OWFjIn0.JyWTxwz7yW6Te43kcmryvRlZJNsRf4CPZ0_SdhQz4GMyWW_o60O3ddfsIJAZmuy5IbULEDPBUdh89cP2PeAENM_PwBEg55gOfoN2PR6eBeNMUw71zuOkWZWfwiff5xjKZLh-7n7sT2PwXoKgypVODmuqdMbBQGbaqi712dPkQR4d2B4SqBKHArkRE3RgQB6Z-9gRBcOWTP08IPr6J82ocMw1LOUQ-tzpSHKQ1yiGGLF2n8_lOGSs_z-UpAiM1XQtCKXbg4zOILwBInS6UR870EhgPAtXIPiKIpyw9xGW2L6lDiJdoVJy9RwfP9zfB67Kb__LvjOC7Zusbh82dmfBvQ
[2026-09-20 17:54:02 IST] DEBUG [Service Name -> bookstore-order-service], [TraceId -> 457cc9de485ab16c], [SpanId -> 7ec01588349a085b] 
      <http-nio-7001-exec-5> com.devd.spring.bookstorecommons.feign.PaymentFeignClient : [PaymentFeignClient#getMyPaymentMethodById] ---> END HTTP (0-byte body)
[2026-09-20 17:54:02 IST] DEBUG [Service Name -> bookstore-order-service], [TraceId -> d7e2562ac15ce3d7], [SpanId -> 413a865832a06b4b] 
      <http-nio-7001-exec-8> com.devd.spring.bookstorecommons.feign.PaymentFeignClient : [PaymentFeignClient#getMyPaymentMethodById] <--- HTTP/1.1 200 (1261ms)
[2026-09-20 17:54:02 IST] DEBUG [Service Name -> bookstore-order-service], [TraceId -> d7e2562ac15ce3d7], [SpanId -> 413a865832a06b4b] 
      <http-nio-7001-exec-8> com.devd.spring.bookstorecommons.feign.PaymentFeignClient : [PaymentFeignClient#getMyPaymentMethodById] access-control-allow-headers: *
[2026-09-20 17:54:02 IST] DEBUG [Service Name -> bookstore-order-service], [TraceId -> d7e2562ac15ce3d7], [SpanId -> 413a865832a06b4b] 
      <http-nio-7001-exec-8> com.devd.spring.bookstorecommons.feign.PaymentFeignClient : [PaymentFeignClient#getMyPaymentMethodById] access-control-allow-methods: *
[2026-09-20 17:54:02 IST] DEBUG [Service Name -> bookstore-order-service], [TraceId -> d7e2562ac15ce3d7], [SpanId -> 413a865832a06b4b] 
      <http-nio-7001-exec-8> com.devd.spring.bookstorecommons.feign.PaymentFeignClient : [PaymentFeignClient#getMyPaymentMethodById] access-control-allow-origin: *
[2026-09-20 17:54:03 IST] DEBUG [Service Name -> bookstore-order-service], [TraceId -> d7e2562ac15ce3d7], [SpanId -> 413a865832a06b4b] 
      <http-nio-7001-exec-8> com.devd.spring.bookstorecommons.feign.PaymentFeignClient : [PaymentFeignClient#getMyPaymentMethodById] cache-control: no-cache, no-store, max-age=0, must-revalidate
[2026-09-20 17:54:03 IST] DEBUG [Service Name -> bookstore-order-service], [TraceId -> d7e2562ac15ce3d7], [SpanId -> 413a865832a06b4b] 
      <http-nio-7001-exec-8> com.devd.spring.bookstorecommons.feign.PaymentFeignClient : [PaymentFeignClient#getMyPaymentMethodById] connection: keep-alive
[2026-09-20 17:54:03 IST] DEBUG [Service Name -> bookstore-order-service], [TraceId -> d7e2562ac15ce3d7], [SpanId -> 413a865832a06b4b] 
      <http-nio-7001-exec-8> com.devd.spring.bookstorecommons.feign.PaymentFeignClient : [PaymentFeignClient#getMyPaymentMethodById] content-type: application/json
[2026-09-20 17:54:03 IST] DEBUG [Service Name -> bookstore-order-service], [TraceId -> d7e2562ac15ce3d7], [SpanId -> 413a865832a06b4b] 
      <http-nio-7001-exec-8> com.devd.spring.bookstorecommons.feign.PaymentFeignClient : [PaymentFeignClient#getMyPaymentMethodById] date: Sun, 20 Sep 2026 12:24:02 GMT
[2026-09-20 17:54:03 IST] DEBUG [Service Name -> bookstore-order-service], [TraceId -> d7e2562ac15ce3d7], [SpanId -> 413a865832a06b4b] 
      <http-nio-7001-exec-8> com.devd.spring.bookstorecommons.feign.PaymentFeignClient : [PaymentFeignClient#getMyPaymentMethodById] expires: 0
[2026-09-20 17:54:03 IST] DEBUG [Service Name -> bookstore-order-service], [TraceId -> d7e2562ac15ce3d7], [SpanId -> 413a865832a06b4b] 
      <http-nio-7001-exec-8> com.devd.spring.bookstorecommons.feign.PaymentFeignClient : [PaymentFeignClient#getMyPaymentMethodById] keep-alive: timeout=60
[2026-09-20 17:54:03 IST] DEBUG [Service Name -> bookstore-order-service], [TraceId -> d7e2562ac15ce3d7], [SpanId -> 413a865832a06b4b] 
      <http-nio-7001-exec-8> com.devd.spring.bookstorecommons.feign.PaymentFeignClient : [PaymentFeignClient#getMyPaymentMethodById] pragma: no-cache
[2026-09-20 17:54:03 IST] DEBUG [Service Name -> bookstore-order-service], [TraceId -> d7e2562ac15ce3d7], [SpanId -> 413a865832a06b4b] 
      <http-nio-7001-exec-8> com.devd.spring.bookstorecommons.feign.PaymentFeignClient : [PaymentFeignClient#getMyPaymentMethodById] transfer-encoding: chunked
[2026-09-20 17:54:03 IST] DEBUG [Service Name -> bookstore-order-service], [TraceId -> d7e2562ac15ce3d7], [SpanId -> 413a865832a06b4b] 
      <http-nio-7001-exec-8> com.devd.spring.bookstorecommons.feign.PaymentFeignClient : [PaymentFeignClient#getMyPaymentMethodById] vary: Access-Control-Request-Headers
[2026-09-20 17:54:03 IST] DEBUG [Service Name -> bookstore-order-service], [TraceId -> d7e2562ac15ce3d7], [SpanId -> 413a865832a06b4b] 
      <http-nio-7001-exec-8> com.devd.spring.bookstorecommons.feign.PaymentFeignClient : [PaymentFeignClient#getMyPaymentMethodById] vary: Access-Control-Request-Method
[2026-09-20 17:54:03 IST] DEBUG [Service Name -> bookstore-order-service], [TraceId -> d7e2562ac15ce3d7], [SpanId -> 413a865832a06b4b] 
      <http-nio-7001-exec-8> com.devd.spring.bookstorecommons.feign.PaymentFeignClient : [PaymentFeignClient#getMyPaymentMethodById] vary: Origin
[2026-09-20 17:54:03 IST] DEBUG [Service Name -> bookstore-order-service], [TraceId -> d7e2562ac15ce3d7], [SpanId -> 413a865832a06b4b] 
      <http-nio-7001-exec-8> com.devd.spring.bookstorecommons.feign.PaymentFeignClient : [PaymentFeignClient#getMyPaymentMethodById] x-content-type-options: nosniff
[2026-09-20 17:54:03 IST] DEBUG [Service Name -> bookstore-order-service], [TraceId -> d7e2562ac15ce3d7], [SpanId -> 413a865832a06b4b] 
      <http-nio-7001-exec-8> com.devd.spring.bookstorecommons.feign.PaymentFeignClient : [PaymentFeignClient#getMyPaymentMethodById] x-xss-protection: 1; mode=block
[2026-09-20 17:54:03 IST] DEBUG [Service Name -> bookstore-order-service], [TraceId -> d7e2562ac15ce3d7], [SpanId -> 413a865832a06b4b] 
      <http-nio-7001-exec-8> com.devd.spring.bookstorecommons.feign.PaymentFeignClient : [PaymentFeignClient#getMyPaymentMethodById] 
[2026-09-20 17:54:03 IST] DEBUG [Service Name -> bookstore-order-service], [TraceId -> d7e2562ac15ce3d7], [SpanId -> 413a865832a06b4b] 
      <http-nio-7001-exec-8> com.devd.spring.bookstorecommons.feign.PaymentFeignClient : [PaymentFeignClient#getMyPaymentMethodById] {"paymentMethodId":"pm_1UHjkqG9R9y827ntIkzz0Jer","cardType":"visa","cardLast4Digits":"1111","cardExpirationMonth":10,"cardExpirationYear":2027,"cardCountry":"US"}
[2026-09-20 17:54:03 IST] DEBUG [Service Name -> bookstore-order-service], [TraceId -> d7e2562ac15ce3d7], [SpanId -> 413a865832a06b4b] 
      <http-nio-7001-exec-8> com.devd.spring.bookstorecommons.feign.PaymentFeignClient : [PaymentFeignClient#getMyPaymentMethodById] <--- END HTTP (162-byte body)
[2026-09-20 17:54:04 IST] DEBUG [Service Name -> bookstore-order-service], [TraceId -> 457cc9de485ab16c], [SpanId -> 7ec01588349a085b] 
      <http-nio-7001-exec-5> com.devd.spring.bookstorecommons.feign.PaymentFeignClient : [PaymentFeignClient#getMyPaymentMethodById] <--- HTTP/1.1 200 (931ms)
[2026-09-20 17:54:04 IST] DEBUG [Service Name -> bookstore-order-service], [TraceId -> 457cc9de485ab16c], [SpanId -> 7ec01588349a085b] 
      <http-nio-7001-exec-5> com.devd.spring.bookstorecommons.feign.PaymentFeignClient : [PaymentFeignClient#getMyPaymentMethodById] access-control-allow-headers: *
[2026-09-20 17:54:04 IST] DEBUG [Service Name -> bookstore-order-service], [TraceId -> 457cc9de485ab16c], [SpanId -> 7ec01588349a085b] 
      <http-nio-7001-exec-5> com.devd.spring.bookstorecommons.feign.PaymentFeignClient : [PaymentFeignClient#getMyPaymentMethodById] access-control-allow-methods: *
[2026-09-20 17:54:04 IST] DEBUG [Service Name -> bookstore-order-service], [TraceId -> 457cc9de485ab16c], [SpanId -> 7ec01588349a085b] 
      <http-nio-7001-exec-5> com.devd.spring.bookstorecommons.feign.PaymentFeignClient : [PaymentFeignClient#getMyPaymentMethodById] access-control-allow-origin: *
[2026-09-20 17:54:04 IST] DEBUG [Service Name -> bookstore-order-service], [TraceId -> 457cc9de485ab16c], [SpanId -> 7ec01588349a085b] 
      <http-nio-7001-exec-5> com.devd.spring.bookstorecommons.feign.PaymentFeignClient : [PaymentFeignClient#getMyPaymentMethodById] cache-control: no-cache, no-store, max-age=0, must-revalidate
[2026-09-20 17:54:04 IST] DEBUG [Service Name -> bookstore-order-service], [TraceId -> 457cc9de485ab16c], [SpanId -> 7ec01588349a085b] 
      <http-nio-7001-exec-5> com.devd.spring.bookstorecommons.feign.PaymentFeignClient : [PaymentFeignClient#getMyPaymentMethodById] connection: keep-alive
[2026-09-20 17:54:04 IST] DEBUG [Service Name -> bookstore-order-service], [TraceId -> 457cc9de485ab16c], [SpanId -> 7ec01588349a085b] 
      <http-nio-7001-exec-5> com.devd.spring.bookstorecommons.feign.PaymentFeignClient : [PaymentFeignClient#getMyPaymentMethodById] content-type: application/json
[2026-09-20 17:54:04 IST] DEBUG [Service Name -> bookstore-order-service], [TraceId -> 457cc9de485ab16c], [SpanId -> 7ec01588349a085b] 
      <http-nio-7001-exec-5> com.devd.spring.bookstorecommons.feign.PaymentFeignClient : [PaymentFeignClient#getMyPaymentMethodById] date: Sun, 20 Sep 2026 12:24:02 GMT
[2026-09-20 17:54:04 IST] DEBUG [Service Name -> bookstore-order-service], [TraceId -> 457cc9de485ab16c], [SpanId -> 7ec01588349a085b] 
      <http-nio-7001-exec-5> com.devd.spring.bookstorecommons.feign.PaymentFeignClient : [PaymentFeignClient#getMyPaymentMethodById] expires: 0
[2026-09-20 17:54:04 IST] DEBUG [Service Name -> bookstore-order-service], [TraceId -> 457cc9de485ab16c], [SpanId -> 7ec01588349a085b] 
      <http-nio-7001-exec-5> com.devd.spring.bookstorecommons.feign.PaymentFeignClient : [PaymentFeignClient#getMyPaymentMethodById] keep-alive: timeout=60
[2026-09-20 17:54:04 IST] DEBUG [Service Name -> bookstore-order-service], [TraceId -> 457cc9de485ab16c], [SpanId -> 7ec01588349a085b] 
      <http-nio-7001-exec-5> com.devd.spring.bookstorecommons.feign.PaymentFeignClient : [PaymentFeignClient#getMyPaymentMethodById] pragma: no-cache
[2026-09-20 17:54:04 IST] DEBUG [Service Name -> bookstore-order-service], [TraceId -> 457cc9de485ab16c], [SpanId -> 7ec01588349a085b] 
      <http-nio-7001-exec-5> com.devd.spring.bookstorecommons.feign.PaymentFeignClient : [PaymentFeignClient#getMyPaymentMethodById] transfer-encoding: chunked
[2026-09-20 17:54:04 IST] DEBUG [Service Name -> bookstore-order-service], [TraceId -> 457cc9de485ab16c], [SpanId -> 7ec01588349a085b] 
      <http-nio-7001-exec-5> com.devd.spring.bookstorecommons.feign.PaymentFeignClient : [PaymentFeignClient#getMyPaymentMethodById] vary: Access-Control-Request-Headers
[2026-09-20 17:54:04 IST] DEBUG [Service Name -> bookstore-order-service], [TraceId -> 457cc9de485ab16c], [SpanId -> 7ec01588349a085b] 
      <http-nio-7001-exec-5> com.devd.spring.bookstorecommons.feign.PaymentFeignClient : [PaymentFeignClient#getMyPaymentMethodById] vary: Access-Control-Request-Method
[2026-09-20 17:54:04 IST] DEBUG [Service Name -> bookstore-order-service], [TraceId -> 457cc9de485ab16c], [SpanId -> 7ec01588349a085b] 
      <http-nio-7001-exec-5> com.devd.spring.bookstorecommons.feign.PaymentFeignClient : [PaymentFeignClient#getMyPaymentMethodById] vary: Origin
[2026-09-20 17:54:04 IST] DEBUG [Service Name -> bookstore-order-service], [TraceId -> 457cc9de485ab16c], [SpanId -> 7ec01588349a085b] 
      <http-nio-7001-exec-5> com.devd.spring.bookstorecommons.feign.PaymentFeignClient : [PaymentFeignClient#getMyPaymentMethodById] x-content-type-options: nosniff
[2026-09-20 17:54:04 IST] DEBUG [Service Name -> bookstore-order-service], [TraceId -> 457cc9de485ab16c], [SpanId -> 7ec01588349a085b] 
      <http-nio-7001-exec-5> com.devd.spring.bookstorecommons.feign.PaymentFeignClient : [PaymentFeignClient#getMyPaymentMethodById] x-xss-protection: 1; mode=block
[2026-09-20 17:54:04 IST] DEBUG [Service Name -> bookstore-order-service], [TraceId -> 457cc9de485ab16c], [SpanId -> 7ec01588349a085b] 
      <http-nio-7001-exec-5> com.devd.spring.bookstorecommons.feign.PaymentFeignClient : [PaymentFeignClient#getMyPaymentMethodById] 
[2026-09-20 17:54:04 IST] DEBUG [Service Name -> bookstore-order-service], [TraceId -> 457cc9de485ab16c], [SpanId -> 7ec01588349a085b] 
      <http-nio-7001-exec-5> com.devd.spring.bookstorecommons.feign.PaymentFeignClient : [PaymentFeignClient#getMyPaymentMethodById] {"paymentMethodId":"pm_1UHjkqG9R9y827ntIkzz0Jer","cardType":"visa","cardLast4Digits":"1111","cardExpirationMonth":10,"cardExpirationYear":2027,"cardCountry":"US"}
[2026-09-20 17:54:04 IST] DEBUG [Service Name -> bookstore-order-service], [TraceId -> 457cc9de485ab16c], [SpanId -> 7ec01588349a085b] 
      <http-nio-7001-exec-5> com.devd.spring.bookstorecommons.feign.PaymentFeignClient : [PaymentFeignClient#getMyPaymentMethodById] <--- END HTTP (162-byte body)
[2026-09-20 17:54:09 IST] DEBUG [Service Name -> bookstore-order-service], [TraceId -> c7e7f707a9fd8484], [SpanId -> 7effab82c5cec3ae] 
      <http-nio-7001-exec-9> com.devd.spring.bookstorecommons.feign.PaymentFeignClient : [PaymentFeignClient#getMyPaymentMethodById] ---> GET http://bookstore-payment-service/paymentMethod/pm_1UHjkqG9R9y827ntIkzz0Jer HTTP/1.1
[2026-09-20 17:54:09 IST] DEBUG [Service Name -> bookstore-order-service], [TraceId -> c7e7f707a9fd8484], [SpanId -> 7effab82c5cec3ae] 
      <http-nio-7001-exec-9> com.devd.spring.bookstorecommons.feign.PaymentFeignClient : [PaymentFeignClient#getMyPaymentMethodById] Authorization: Bearer eyJhbGciOiJSUzI1NiIsInR5cCI6IkpXVCJ9.eyJhdWQiOlsid2ViIl0sInVzZXJfaWQiOiI4YjIzY2NlMS0xZjc5LTQ0YjQtODJmOS01YmRjNDNlYjQ3ODMiLCJ1c2VyX25hbWUiOiJIaXJhbiIsInNjb3BlIjpbInJlYWQiLCJ3cml0ZSJdLCJleHAiOjE3OTAxNjYyMzUsImF1dGhvcml0aWVzIjpbIlNUQU5EQVJEX1VTRVIiXSwianRpIjoiMjEyY2Q1YTctMzkwOC00NDNiLWE2NjEtYjJkNzY0YTJkZmEwIiwiY2xpZW50X2lkIjoiOTNlZDQ1M2UtYjdhYy00MTkyLWE2ZDQtYzQ1ZmFlMGQ5OWFjIn0.JyWTxwz7yW6Te43kcmryvRlZJNsRf4CPZ0_SdhQz4GMyWW_o60O3ddfsIJAZmuy5IbULEDPBUdh89cP2PeAENM_PwBEg55gOfoN2PR6eBeNMUw71zuOkWZWfwiff5xjKZLh-7n7sT2PwXoKgypVODmuqdMbBQGbaqi712dPkQR4d2B4SqBKHArkRE3RgQB6Z-9gRBcOWTP08IPr6J82ocMw1LOUQ-tzpSHKQ1yiGGLF2n8_lOGSs_z-UpAiM1XQtCKXbg4zOILwBInS6UR870EhgPAtXIPiKIpyw9xGW2L6lDiJdoVJy9RwfP9zfB67Kb__LvjOC7Zusbh82dmfBvQ
[2026-09-20 17:54:09 IST] DEBUG [Service Name -> bookstore-order-service], [TraceId -> c7e7f707a9fd8484], [SpanId -> 7effab82c5cec3ae] 
      <http-nio-7001-exec-9> com.devd.spring.bookstorecommons.feign.PaymentFeignClient : [PaymentFeignClient#getMyPaymentMethodById] ---> END HTTP (0-byte body)
[2026-09-20 17:54:10 IST] DEBUG [Service Name -> bookstore-order-service], [TraceId -> c7e7f707a9fd8484], [SpanId -> 7effab82c5cec3ae] 
      <http-nio-7001-exec-9> com.devd.spring.bookstorecommons.feign.PaymentFeignClient : [PaymentFeignClient#getMyPaymentMethodById] <--- HTTP/1.1 200 (920ms)
[2026-09-20 17:54:10 IST] DEBUG [Service Name -> bookstore-order-service], [TraceId -> c7e7f707a9fd8484], [SpanId -> 7effab82c5cec3ae] 
      <http-nio-7001-exec-9> com.devd.spring.bookstorecommons.feign.PaymentFeignClient : [PaymentFeignClient#getMyPaymentMethodById] access-control-allow-headers: *
[2026-09-20 17:54:10 IST] DEBUG [Service Name -> bookstore-order-service], [TraceId -> c7e7f707a9fd8484], [SpanId -> 7effab82c5cec3ae] 
      <http-nio-7001-exec-9> com.devd.spring.bookstorecommons.feign.PaymentFeignClient : [PaymentFeignClient#getMyPaymentMethodById] access-control-allow-methods: *
[2026-09-20 17:54:10 IST] DEBUG [Service Name -> bookstore-order-service], [TraceId -> c7e7f707a9fd8484], [SpanId -> 7effab82c5cec3ae] 
      <http-nio-7001-exec-9> com.devd.spring.bookstorecommons.feign.PaymentFeignClient : [PaymentFeignClient#getMyPaymentMethodById] access-control-allow-origin: *
[2026-09-20 17:54:10 IST] DEBUG [Service Name -> bookstore-order-service], [TraceId -> c7e7f707a9fd8484], [SpanId -> 7effab82c5cec3ae] 
      <http-nio-7001-exec-9> com.devd.spring.bookstorecommons.feign.PaymentFeignClient : [PaymentFeignClient#getMyPaymentMethodById] cache-control: no-cache, no-store, max-age=0, must-revalidate
[2026-09-20 17:54:10 IST] DEBUG [Service Name -> bookstore-order-service], [TraceId -> c7e7f707a9fd8484], [SpanId -> 7effab82c5cec3ae] 
      <http-nio-7001-exec-9> com.devd.spring.bookstorecommons.feign.PaymentFeignClient : [PaymentFeignClient#getMyPaymentMethodById] connection: keep-alive
[2026-09-20 17:54:10 IST] DEBUG [Service Name -> bookstore-order-service], [TraceId -> c7e7f707a9fd8484], [SpanId -> 7effab82c5cec3ae] 
      <http-nio-7001-exec-9> com.devd.spring.bookstorecommons.feign.PaymentFeignClient : [PaymentFeignClient#getMyPaymentMethodById] content-type: application/json
[2026-09-20 17:54:10 IST] DEBUG [Service Name -> bookstore-order-service], [TraceId -> c7e7f707a9fd8484], [SpanId -> 7effab82c5cec3ae] 
      <http-nio-7001-exec-9> com.devd.spring.bookstorecommons.feign.PaymentFeignClient : [PaymentFeignClient#getMyPaymentMethodById] date: Sun, 20 Sep 2026 12:24:10 GMT
[2026-09-20 17:54:10 IST] DEBUG [Service Name -> bookstore-order-service], [TraceId -> c7e7f707a9fd8484], [SpanId -> 7effab82c5cec3ae] 
      <http-nio-7001-exec-9> com.devd.spring.bookstorecommons.feign.PaymentFeignClient : [PaymentFeignClient#getMyPaymentMethodById] expires: 0
[2026-09-20 17:54:10 IST] DEBUG [Service Name -> bookstore-order-service], [TraceId -> c7e7f707a9fd8484], [SpanId -> 7effab82c5cec3ae] 
      <http-nio-7001-exec-9> com.devd.spring.bookstorecommons.feign.PaymentFeignClient : [PaymentFeignClient#getMyPaymentMethodById] keep-alive: timeout=60
[2026-09-20 17:54:10 IST] DEBUG [Service Name -> bookstore-order-service], [TraceId -> c7e7f707a9fd8484], [SpanId -> 7effab82c5cec3ae] 
      <http-nio-7001-exec-9> com.devd.spring.bookstorecommons.feign.PaymentFeignClient : [PaymentFeignClient#getMyPaymentMethodById] pragma: no-cache
[2026-09-20 17:54:10 IST] DEBUG [Service Name -> bookstore-order-service], [TraceId -> c7e7f707a9fd8484], [SpanId -> 7effab82c5cec3ae] 
      <http-nio-7001-exec-9> com.devd.spring.bookstorecommons.feign.PaymentFeignClient : [PaymentFeignClient#getMyPaymentMethodById] transfer-encoding: chunked
[2026-09-20 17:54:10 IST] DEBUG [Service Name -> bookstore-order-service], [TraceId -> c7e7f707a9fd8484], [SpanId -> 7effab82c5cec3ae] 
      <http-nio-7001-exec-9> com.devd.spring.bookstorecommons.feign.PaymentFeignClient : [PaymentFeignClient#getMyPaymentMethodById] vary: Access-Control-Request-Headers
[2026-09-20 17:54:10 IST] DEBUG [Service Name -> bookstore-order-service], [TraceId -> c7e7f707a9fd8484], [SpanId -> 7effab82c5cec3ae] 
      <http-nio-7001-exec-9> com.devd.spring.bookstorecommons.feign.PaymentFeignClient : [PaymentFeignClient#getMyPaymentMethodById] vary: Access-Control-Request-Method
[2026-09-20 17:54:10 IST] DEBUG [Service Name -> bookstore-order-service], [TraceId -> c7e7f707a9fd8484], [SpanId -> 7effab82c5cec3ae] 
      <http-nio-7001-exec-9> com.devd.spring.bookstorecommons.feign.PaymentFeignClient : [PaymentFeignClient#getMyPaymentMethodById] vary: Origin
[2026-09-20 17:54:10 IST] DEBUG [Service Name -> bookstore-order-service], [TraceId -> c7e7f707a9fd8484], [SpanId -> 7effab82c5cec3ae] 
      <http-nio-7001-exec-9> com.devd.spring.bookstorecommons.feign.PaymentFeignClient : [PaymentFeignClient#getMyPaymentMethodById] x-content-type-options: nosniff
[2026-09-20 17:54:10 IST] DEBUG [Service Name -> bookstore-order-service], [TraceId -> c7e7f707a9fd8484], [SpanId -> 7effab82c5cec3ae] 
      <http-nio-7001-exec-9> com.devd.spring.bookstorecommons.feign.PaymentFeignClient : [PaymentFeignClient#getMyPaymentMethodById] x-xss-protection: 1; mode=block
[2026-09-20 17:54:10 IST] DEBUG [Service Name -> bookstore-order-service], [TraceId -> c7e7f707a9fd8484], [SpanId -> 7effab82c5cec3ae] 
      <http-nio-7001-exec-9> com.devd.spring.bookstorecommons.feign.PaymentFeignClient : [PaymentFeignClient#getMyPaymentMethodById] 
[2026-09-20 17:54:10 IST] DEBUG [Service Name -> bookstore-order-service], [TraceId -> c7e7f707a9fd8484], [SpanId -> 7effab82c5cec3ae] 
      <http-nio-7001-exec-9> com.devd.spring.bookstorecommons.feign.PaymentFeignClient : [PaymentFeignClient#getMyPaymentMethodById] {"paymentMethodId":"pm_1UHjkqG9R9y827ntIkzz0Jer","cardType":"visa","cardLast4Digits":"1111","cardExpirationMonth":10,"cardExpirationYear":2027,"cardCountry":"US"}
[2026-09-20 17:54:10 IST] DEBUG [Service Name -> bookstore-order-service], [TraceId -> c7e7f707a9fd8484], [SpanId -> 7effab82c5cec3ae] 
      <http-nio-7001-exec-9> com.devd.spring.bookstorecommons.feign.PaymentFeignClient : [PaymentFeignClient#getMyPaymentMethodById] <--- END HTTP (162-byte body)
[2026-09-20 17:54:16 IST] ERROR [Service Name -> bookstore-order-service], [TraceId -> ], [SpanId -> ] 
      <DiscoveryClient-CacheRefreshExecutor-0> com.netflix.discovery.shared.transport.decorator.RedirectingEurekaHttpClient : Request execution error. endpoint=DefaultEndpoint{ serviceUrl='http://localhost:8761/eureka/}
com.sun.jersey.api.client.ClientHandlerException: java.net.SocketTimeoutException: Read timed out
	at com.sun.jersey.client.apache4.ApacheHttpClient4Handler.handle(ApacheHttpClient4Handler.java:187)
	at com.sun.jersey.api.client.filter.GZIPContentEncodingFilter.handle(GZIPContentEncodingFilter.java:123)
	at com.netflix.discovery.EurekaIdentityHeaderFilter.handle(EurekaIdentityHeaderFilter.java:27)
	at com.sun.jersey.api.client.Client.handle(Client.java:652)
	at com.sun.jersey.api.client.WebResource.handle(WebResource.java:682)
	at com.sun.jersey.api.client.WebResource.access$200(WebResource.java:74)
	at com.sun.jersey.api.client.WebResource$Builder.get(WebResource.java:509)
	at com.netflix.discovery.shared.transport.jersey.AbstractJerseyEurekaHttpClient.getApplicationsInternal(AbstractJerseyEurekaHttpClient.java:194)
	at com.netflix.discovery.shared.transport.jersey.AbstractJerseyEurekaHttpClient.getDelta(AbstractJerseyEurekaHttpClient.java:170)
	at com.netflix.discovery.shared.transport.decorator.EurekaHttpClientDecorator$7.execute(EurekaHttpClientDecorator.java:152)
	at com.netflix.discovery.shared.transport.decorator.MetricsCollectingEurekaHttpClient.execute(MetricsCollectingEurekaHttpClient.java:73)
	at com.netflix.discovery.shared.transport.decorator.EurekaHttpClientDecorator.getDelta(EurekaHttpClientDecorator.java:149)
	at com.netflix.discovery.shared.transport.decorator.EurekaHttpClientDecorator$7.execute(EurekaHttpClientDecorator.java:152)
	at com.netflix.discovery.shared.transport.decorator.RedirectingEurekaHttpClient.execute(RedirectingEurekaHttpClient.java:89)
	at com.netflix.discovery.shared.transport.decorator.EurekaHttpClientDecorator.getDelta(EurekaHttpClientDecorator.java:149)
	at com.netflix.discovery.shared.transport.decorator.EurekaHttpClientDecorator$7.execute(EurekaHttpClientDecorator.java:152)
	at com.netflix.discovery.shared.transport.decorator.RetryableEurekaHttpClient.execute(RetryableEurekaHttpClient.java:120)
	at com.netflix.discovery.shared.transport.decorator.EurekaHttpClientDecorator.getDelta(EurekaHttpClientDecorator.java:149)
	at com.netflix.discovery.shared.transport.decorator.EurekaHttpClientDecorator$7.execute(EurekaHttpClientDecorator.java:152)
	at com.netflix.discovery.shared.transport.decorator.SessionedEurekaHttpClient.execute(SessionedEurekaHttpClient.java:77)
	at com.netflix.discovery.shared.transport.decorator.EurekaHttpClientDecorator.getDelta(EurekaHttpClientDecorator.java:149)
	at com.netflix.discovery.DiscoveryClient.getAndUpdateDelta(DiscoveryClient.java:1103)
	at com.netflix.discovery.DiscoveryClient.fetchRegistry(DiscoveryClient.java:985)
	at com.netflix.discovery.DiscoveryClient.refreshRegistry(DiscoveryClient.java:1497)
	at com.netflix.discovery.DiscoveryClient$CacheRefreshThread.run(DiscoveryClient.java:1464)
	at java.util.concurrent.Executors$RunnableAdapter.call(Executors.java:511)
	at java.util.concurrent.FutureTask.run(FutureTask.java:266)
	at java.util.concurrent.ThreadPoolExecutor.runWorker(ThreadPoolExecutor.java:1149)
	at java.util.concurrent.ThreadPoolExecutor$Worker.run(ThreadPoolExecutor.java:624)
	at java.lang.Thread.run(Thread.java:750)
Caused by: java.net.SocketTimeoutException: Read timed out
	at java.net.SocketInputStream.socketRead0(Native Method)
	at java.net.SocketInputStream.socketRead(SocketInputStream.java:116)
	at java.net.SocketInputStream.read(SocketInputStream.java:171)
	at java.net.SocketInputStream.read(SocketInputStream.java:141)
	at org.apache.http.impl.io.AbstractSessionInputBuffer.fillBuffer(AbstractSessionInputBuffer.java:161)
	at org.apache.http.impl.io.SocketInputBuffer.fillBuffer(SocketInputBuffer.java:82)
	at org.apache.http.impl.io.AbstractSessionInputBuffer.readLine(AbstractSessionInputBuffer.java:276)
	at org.apache.http.impl.conn.DefaultHttpResponseParser.parseHead(DefaultHttpResponseParser.java:138)
	at org.apache.http.impl.conn.DefaultHttpResponseParser.parseHead(DefaultHttpResponseParser.java:56)
	at org.apache.http.impl.io.AbstractMessageParser.parse(AbstractMessageParser.java:259)
	at org.apache.http.impl.AbstractHttpClientConnection.receiveResponseHeader(AbstractHttpClientConnection.java:294)
	at org.apache.http.impl.conn.DefaultClientConnection.receiveResponseHeader(DefaultClientConnection.java:257)
	at org.apache.http.impl.conn.AbstractClientConnAdapter.receiveResponseHeader(AbstractClientConnAdapter.java:230)
	at org.apache.http.protocol.HttpRequestExecutor.doReceiveResponse(HttpRequestExecutor.java:273)
	at org.apache.http.protocol.HttpRequestExecutor.execute(HttpRequestExecutor.java:125)
	at org.apache.http.impl.client.DefaultRequestDirector.tryExecute(DefaultRequestDirector.java:679)
	at org.apache.http.impl.client.DefaultRequestDirector.execute(DefaultRequestDirector.java:481)
	at org.apache.http.impl.client.AbstractHttpClient.doExecute(AbstractHttpClient.java:835)
	at org.apache.http.impl.client.CloseableHttpClient.execute(CloseableHttpClient.java:118)
	at org.apache.http.impl.client.CloseableHttpClient.execute(CloseableHttpClient.java:56)
	at com.sun.jersey.client.apache4.ApacheHttpClient4Handler.handle(ApacheHttpClient4Handler.java:173)
	... 29 common frames omitted
[2026-09-20 17:54:16 IST] WARN [Service Name -> bookstore-order-service], [TraceId -> ], [SpanId -> ] 
      <DiscoveryClient-CacheRefreshExecutor-0> com.netflix.discovery.shared.transport.decorator.RetryableEurekaHttpClient : Request execution failed with message: java.net.SocketTimeoutException: Read timed out
[2026-09-20 17:54:16 IST] ERROR [Service Name -> bookstore-order-service], [TraceId -> ], [SpanId -> ] 
      <DiscoveryClient-HeartbeatExecutor-0> com.netflix.discovery.shared.transport.decorator.RedirectingEurekaHttpClient : Request execution error. endpoint=DefaultEndpoint{ serviceUrl='http://localhost:8761/eureka/}
com.sun.jersey.api.client.ClientHandlerException: java.net.SocketTimeoutException: Read timed out
	at com.sun.jersey.client.apache4.ApacheHttpClient4Handler.handle(ApacheHttpClient4Handler.java:187)
	at com.sun.jersey.api.client.filter.GZIPContentEncodingFilter.handle(GZIPContentEncodingFilter.java:123)
	at com.netflix.discovery.EurekaIdentityHeaderFilter.handle(EurekaIdentityHeaderFilter.java:27)
	at com.sun.jersey.api.client.Client.handle(Client.java:652)
	at com.sun.jersey.api.client.WebResource.handle(WebResource.java:682)
	at com.sun.jersey.api.client.WebResource.access$200(WebResource.java:74)
	at com.sun.jersey.api.client.WebResource$Builder.put(WebResource.java:529)
	at com.netflix.discovery.shared.transport.jersey.AbstractJerseyEurekaHttpClient.sendHeartBeat(AbstractJerseyEurekaHttpClient.java:102)
	at com.netflix.discovery.shared.transport.decorator.EurekaHttpClientDecorator$3.execute(EurekaHttpClientDecorator.java:92)
	at com.netflix.discovery.shared.transport.decorator.MetricsCollectingEurekaHttpClient.execute(MetricsCollectingEurekaHttpClient.java:73)
	at com.netflix.discovery.shared.transport.decorator.EurekaHttpClientDecorator.sendHeartBeat(EurekaHttpClientDecorator.java:89)
	at com.netflix.discovery.shared.transport.decorator.EurekaHttpClientDecorator$3.execute(EurekaHttpClientDecorator.java:92)
	at com.netflix.discovery.shared.transport.decorator.RedirectingEurekaHttpClient.execute(RedirectingEurekaHttpClient.java:89)
	at com.netflix.discovery.shared.transport.decorator.EurekaHttpClientDecorator.sendHeartBeat(EurekaHttpClientDecorator.java:89)
	at com.netflix.discovery.shared.transport.decorator.EurekaHttpClientDecorator$3.execute(EurekaHttpClientDecorator.java:92)
	at com.netflix.discovery.shared.transport.decorator.RetryableEurekaHttpClient.execute(RetryableEurekaHttpClient.java:120)
	at com.netflix.discovery.shared.transport.decorator.EurekaHttpClientDecorator.sendHeartBeat(EurekaHttpClientDecorator.java:89)
	at com.netflix.discovery.shared.transport.decorator.EurekaHttpClientDecorator$3.execute(EurekaHttpClientDecorator.java:92)
	at com.netflix.discovery.shared.transport.decorator.SessionedEurekaHttpClient.execute(SessionedEurekaHttpClient.java:77)
	at com.netflix.discovery.shared.transport.decorator.EurekaHttpClientDecorator.sendHeartBeat(EurekaHttpClientDecorator.java:89)
	at com.netflix.discovery.DiscoveryClient.renew(DiscoveryClient.java:864)
	at com.netflix.discovery.DiscoveryClient$HeartbeatThread.run(DiscoveryClient.java:1423)
	at java.util.concurrent.Executors$RunnableAdapter.call(Executors.java:511)
	at java.util.concurrent.FutureTask.run(FutureTask.java:266)
	at java.util.concurrent.ThreadPoolExecutor.runWorker(ThreadPoolExecutor.java:1149)
	at java.util.concurrent.ThreadPoolExecutor$Worker.run(ThreadPoolExecutor.java:624)
	at java.lang.Thread.run(Thread.java:750)
Caused by: java.net.SocketTimeoutException: Read timed out
	at java.net.SocketInputStream.socketRead0(Native Method)
	at java.net.SocketInputStream.socketRead(SocketInputStream.java:116)
	at java.net.SocketInputStream.read(SocketInputStream.java:171)
	at java.net.SocketInputStream.read(SocketInputStream.java:141)
	at org.apache.http.impl.io.AbstractSessionInputBuffer.fillBuffer(AbstractSessionInputBuffer.java:161)
	at org.apache.http.impl.io.SocketInputBuffer.fillBuffer(SocketInputBuffer.java:82)
	at org.apache.http.impl.io.AbstractSessionInputBuffer.readLine(AbstractSessionInputBuffer.java:276)
	at org.apache.http.impl.conn.DefaultHttpResponseParser.parseHead(DefaultHttpResponseParser.java:138)
	at org.apache.http.impl.conn.DefaultHttpResponseParser.parseHead(DefaultHttpResponseParser.java:56)
	at org.apache.http.impl.io.AbstractMessageParser.parse(AbstractMessageParser.java:259)
	at org.apache.http.impl.AbstractHttpClientConnection.receiveResponseHeader(AbstractHttpClientConnection.java:294)
	at org.apache.http.impl.conn.DefaultClientConnection.receiveResponseHeader(DefaultClientConnection.java:257)
	at org.apache.http.impl.conn.AbstractClientConnAdapter.receiveResponseHeader(AbstractClientConnAdapter.java:230)
	at org.apache.http.protocol.HttpRequestExecutor.doReceiveResponse(HttpRequestExecutor.java:273)
	at org.apache.http.protocol.HttpRequestExecutor.execute(HttpRequestExecutor.java:125)
	at org.apache.http.impl.client.DefaultRequestDirector.tryExecute(DefaultRequestDirector.java:679)
	at org.apache.http.impl.client.DefaultRequestDirector.execute(DefaultRequestDirector.java:481)
	at org.apache.http.impl.client.AbstractHttpClient.doExecute(AbstractHttpClient.java:835)
	at org.apache.http.impl.client.CloseableHttpClient.execute(CloseableHttpClient.java:118)
	at org.apache.http.impl.client.CloseableHttpClient.execute(CloseableHttpClient.java:56)
	at com.sun.jersey.client.apache4.ApacheHttpClient4Handler.handle(ApacheHttpClient4Handler.java:173)
	... 26 common frames omitted
[2026-09-20 17:54:16 IST] WARN [Service Name -> bookstore-order-service], [TraceId -> ], [SpanId -> ] 
      <DiscoveryClient-HeartbeatExecutor-0> com.netflix.discovery.shared.transport.decorator.RetryableEurekaHttpClient : Request execution failed with message: java.net.SocketTimeoutException: Read timed out
[2026-09-20 17:54:16 IST] INFO [Service Name -> bookstore-order-service], [TraceId -> ], [SpanId -> ] 
      <DiscoveryClient-HeartbeatExecutor-0> com.netflix.discovery.shared.transport.decorator.RetryableEurekaHttpClient : Request execution succeeded on retry #1
[2026-09-20 17:54:17 IST] INFO [Service Name -> bookstore-order-service], [TraceId -> ], [SpanId -> ] 
      <DiscoveryClient-CacheRefreshExecutor-0> com.netflix.discovery.shared.transport.decorator.RetryableEurekaHttpClient : Request execution succeeded on retry #1
[2026-09-20 17:56:20 IST] DEBUG [Service Name -> bookstore-order-service], [TraceId -> 295846cbfeab6dc8], [SpanId -> 4cd887b345dc8a8d] 
      <http-nio-7001-exec-5> com.devd.spring.bookstorecommons.feign.PaymentFeignClient : [PaymentFeignClient#getMyPaymentMethodById] ---> GET http://bookstore-payment-service/paymentMethod/pm_1UHjkqG9R9y827ntIkzz0Jer HTTP/1.1
[2026-09-20 17:56:20 IST] DEBUG [Service Name -> bookstore-order-service], [TraceId -> 295846cbfeab6dc8], [SpanId -> 4cd887b345dc8a8d] 
      <http-nio-7001-exec-5> com.devd.spring.bookstorecommons.feign.PaymentFeignClient : [PaymentFeignClient#getMyPaymentMethodById] Authorization: Bearer eyJhbGciOiJSUzI1NiIsInR5cCI6IkpXVCJ9.eyJhdWQiOlsid2ViIl0sInVzZXJfaWQiOiJ4Y3ZjdmJ2di1iYTVkLTRiOTItODViZS1kZmdkZmdkZmdkZmciLCJ1c2VyX25hbWUiOiJhZG1pbi5hZG1pbiIsInNjb3BlIjpbInJlYWQiLCJ3cml0ZSJdLCJleHAiOjE3OTAxNjYyOTYsImF1dGhvcml0aWVzIjpbIlNUQU5EQVJEX1VTRVIiLCJBRE1JTl9VU0VSIl0sImp0aSI6IjkwN2Y3NWVmLTg2ZjMtNDI5OS04ODA2LWM3MmFlMzVjY2MyYiIsImNsaWVudF9pZCI6IjkzZWQ0NTNlLWI3YWMtNDE5Mi1hNmQ0LWM0NWZhZTBkOTlhYyJ9.NeGTGVVJpAmYekJygXMByehik5fVTGGYWgk2cHc_dB76a7p9dUup2ouNlkZ5Hl-W3NMrlOMPziQigTlTbaw-PkdbHkZ6l09msHaupg11g5QeT-pQa5oFR8OFRRmtt-nRbZGTIdscSyJ_IXPEjypUj995Sie82_vgqW7B-QMMAreD5UsvTBSoShitTtEw8NKAH8XtIi_ZPgKErHfNl_exI4x37PXuG6TC2W7sduapz9n9l4OxbxhfXOJmS75lBSnVO5wyLEajK82QxE9zCl7AeGA0wp5U_lRZNt0NFNOJNdrpQrvYAASZmQ77BSng82bADpyHAFxmV3DVMLDomAa3qQ
[2026-09-20 17:56:20 IST] DEBUG [Service Name -> bookstore-order-service], [TraceId -> 295846cbfeab6dc8], [SpanId -> 4cd887b345dc8a8d] 
      <http-nio-7001-exec-5> com.devd.spring.bookstorecommons.feign.PaymentFeignClient : [PaymentFeignClient#getMyPaymentMethodById] ---> END HTTP (0-byte body)
[2026-09-20 17:56:21 IST] DEBUG [Service Name -> bookstore-order-service], [TraceId -> 295846cbfeab6dc8], [SpanId -> 4cd887b345dc8a8d] 
      <http-nio-7001-exec-5> com.devd.spring.bookstorecommons.feign.PaymentFeignClient : [PaymentFeignClient#getMyPaymentMethodById] <--- HTTP/1.1 500 (1050ms)
[2026-09-20 17:56:21 IST] DEBUG [Service Name -> bookstore-order-service], [TraceId -> 295846cbfeab6dc8], [SpanId -> 4cd887b345dc8a8d] 
      <http-nio-7001-exec-5> com.devd.spring.bookstorecommons.feign.PaymentFeignClient : [PaymentFeignClient#getMyPaymentMethodById] access-control-allow-headers: *
[2026-09-20 17:56:21 IST] DEBUG [Service Name -> bookstore-order-service], [TraceId -> 295846cbfeab6dc8], [SpanId -> 4cd887b345dc8a8d] 
      <http-nio-7001-exec-5> com.devd.spring.bookstorecommons.feign.PaymentFeignClient : [PaymentFeignClient#getMyPaymentMethodById] access-control-allow-methods: *
[2026-09-20 17:56:21 IST] DEBUG [Service Name -> bookstore-order-service], [TraceId -> 295846cbfeab6dc8], [SpanId -> 4cd887b345dc8a8d] 
      <http-nio-7001-exec-5> com.devd.spring.bookstorecommons.feign.PaymentFeignClient : [PaymentFeignClient#getMyPaymentMethodById] access-control-allow-origin: *
[2026-09-20 17:56:21 IST] DEBUG [Service Name -> bookstore-order-service], [TraceId -> 295846cbfeab6dc8], [SpanId -> 4cd887b345dc8a8d] 
      <http-nio-7001-exec-5> com.devd.spring.bookstorecommons.feign.PaymentFeignClient : [PaymentFeignClient#getMyPaymentMethodById] cache-control: no-cache, no-store, max-age=0, must-revalidate
[2026-09-20 17:56:21 IST] DEBUG [Service Name -> bookstore-order-service], [TraceId -> 295846cbfeab6dc8], [SpanId -> 4cd887b345dc8a8d] 
      <http-nio-7001-exec-5> com.devd.spring.bookstorecommons.feign.PaymentFeignClient : [PaymentFeignClient#getMyPaymentMethodById] connection: close
[2026-09-20 17:56:21 IST] DEBUG [Service Name -> bookstore-order-service], [TraceId -> 295846cbfeab6dc8], [SpanId -> 4cd887b345dc8a8d] 
      <http-nio-7001-exec-5> com.devd.spring.bookstorecommons.feign.PaymentFeignClient : [PaymentFeignClient#getMyPaymentMethodById] content-type: application/json
[2026-09-20 17:56:21 IST] DEBUG [Service Name -> bookstore-order-service], [TraceId -> 295846cbfeab6dc8], [SpanId -> 4cd887b345dc8a8d] 
      <http-nio-7001-exec-5> com.devd.spring.bookstorecommons.feign.PaymentFeignClient : [PaymentFeignClient#getMyPaymentMethodById] date: Sun, 20 Sep 2026 12:26:21 GMT
[2026-09-20 17:56:21 IST] DEBUG [Service Name -> bookstore-order-service], [TraceId -> 295846cbfeab6dc8], [SpanId -> 4cd887b345dc8a8d] 
      <http-nio-7001-exec-5> com.devd.spring.bookstorecommons.feign.PaymentFeignClient : [PaymentFeignClient#getMyPaymentMethodById] expires: 0
[2026-09-20 17:56:21 IST] DEBUG [Service Name -> bookstore-order-service], [TraceId -> 295846cbfeab6dc8], [SpanId -> 4cd887b345dc8a8d] 
      <http-nio-7001-exec-5> com.devd.spring.bookstorecommons.feign.PaymentFeignClient : [PaymentFeignClient#getMyPaymentMethodById] pragma: no-cache
[2026-09-20 17:56:21 IST] DEBUG [Service Name -> bookstore-order-service], [TraceId -> 295846cbfeab6dc8], [SpanId -> 4cd887b345dc8a8d] 
      <http-nio-7001-exec-5> com.devd.spring.bookstorecommons.feign.PaymentFeignClient : [PaymentFeignClient#getMyPaymentMethodById] transfer-encoding: chunked
[2026-09-20 17:56:21 IST] DEBUG [Service Name -> bookstore-order-service], [TraceId -> 295846cbfeab6dc8], [SpanId -> 4cd887b345dc8a8d] 
      <http-nio-7001-exec-5> com.devd.spring.bookstorecommons.feign.PaymentFeignClient : [PaymentFeignClient#getMyPaymentMethodById] vary: Access-Control-Request-Headers
[2026-09-20 17:56:21 IST] DEBUG [Service Name -> bookstore-order-service], [TraceId -> 295846cbfeab6dc8], [SpanId -> 4cd887b345dc8a8d] 
      <http-nio-7001-exec-5> com.devd.spring.bookstorecommons.feign.PaymentFeignClient : [PaymentFeignClient#getMyPaymentMethodById] vary: Access-Control-Request-Method
[2026-09-20 17:56:21 IST] DEBUG [Service Name -> bookstore-order-service], [TraceId -> 295846cbfeab6dc8], [SpanId -> 4cd887b345dc8a8d] 
      <http-nio-7001-exec-5> com.devd.spring.bookstorecommons.feign.PaymentFeignClient : [PaymentFeignClient#getMyPaymentMethodById] vary: Origin
[2026-09-20 17:56:21 IST] DEBUG [Service Name -> bookstore-order-service], [TraceId -> 295846cbfeab6dc8], [SpanId -> 4cd887b345dc8a8d] 
      <http-nio-7001-exec-5> com.devd.spring.bookstorecommons.feign.PaymentFeignClient : [PaymentFeignClient#getMyPaymentMethodById] x-content-type-options: nosniff
[2026-09-20 17:56:21 IST] DEBUG [Service Name -> bookstore-order-service], [TraceId -> 295846cbfeab6dc8], [SpanId -> 4cd887b345dc8a8d] 
      <http-nio-7001-exec-5> com.devd.spring.bookstorecommons.feign.PaymentFeignClient : [PaymentFeignClient#getMyPaymentMethodById] x-xss-protection: 1; mode=block
[2026-09-20 17:56:21 IST] DEBUG [Service Name -> bookstore-order-service], [TraceId -> 295846cbfeab6dc8], [SpanId -> 4cd887b345dc8a8d] 
      <http-nio-7001-exec-5> com.devd.spring.bookstorecommons.feign.PaymentFeignClient : [PaymentFeignClient#getMyPaymentMethodById] 
[2026-09-20 17:56:21 IST] DEBUG [Service Name -> bookstore-order-service], [TraceId -> 295846cbfeab6dc8], [SpanId -> 4cd887b345dc8a8d] 
      <http-nio-7001-exec-5> com.devd.spring.bookstorecommons.feign.PaymentFeignClient : [PaymentFeignClient#getMyPaymentMethodById] {"uuid":null,"errors":null}
[2026-09-20 17:56:21 IST] DEBUG [Service Name -> bookstore-order-service], [TraceId -> 295846cbfeab6dc8], [SpanId -> 4cd887b345dc8a8d] 
      <http-nio-7001-exec-5> com.devd.spring.bookstorecommons.feign.PaymentFeignClient : [PaymentFeignClient#getMyPaymentMethodById] <--- END HTTP (27-byte body)
[2026-09-20 17:56:24 IST] DEBUG [Service Name -> bookstore-order-service], [TraceId -> 96026ed7ab4a80ea], [SpanId -> efaa0fbceba6eb40] 
      <http-nio-7001-exec-9> com.devd.spring.bookstorecommons.feign.PaymentFeignClient : [PaymentFeignClient#getMyPaymentMethodById] ---> GET http://bookstore-payment-service/paymentMethod/pm_1UHjkqG9R9y827ntIkzz0Jer HTTP/1.1
[2026-09-20 17:56:24 IST] DEBUG [Service Name -> bookstore-order-service], [TraceId -> 96026ed7ab4a80ea], [SpanId -> efaa0fbceba6eb40] 
      <http-nio-7001-exec-9> com.devd.spring.bookstorecommons.feign.PaymentFeignClient : [PaymentFeignClient#getMyPaymentMethodById] Authorization: Bearer eyJhbGciOiJSUzI1NiIsInR5cCI6IkpXVCJ9.eyJhdWQiOlsid2ViIl0sInVzZXJfaWQiOiJ4Y3ZjdmJ2di1iYTVkLTRiOTItODViZS1kZmdkZmdkZmdkZmciLCJ1c2VyX25hbWUiOiJhZG1pbi5hZG1pbiIsInNjb3BlIjpbInJlYWQiLCJ3cml0ZSJdLCJleHAiOjE3OTAxNjYyOTYsImF1dGhvcml0aWVzIjpbIlNUQU5EQVJEX1VTRVIiLCJBRE1JTl9VU0VSIl0sImp0aSI6IjkwN2Y3NWVmLTg2ZjMtNDI5OS04ODA2LWM3MmFlMzVjY2MyYiIsImNsaWVudF9pZCI6IjkzZWQ0NTNlLWI3YWMtNDE5Mi1hNmQ0LWM0NWZhZTBkOTlhYyJ9.NeGTGVVJpAmYekJygXMByehik5fVTGGYWgk2cHc_dB76a7p9dUup2ouNlkZ5Hl-W3NMrlOMPziQigTlTbaw-PkdbHkZ6l09msHaupg11g5QeT-pQa5oFR8OFRRmtt-nRbZGTIdscSyJ_IXPEjypUj995Sie82_vgqW7B-QMMAreD5UsvTBSoShitTtEw8NKAH8XtIi_ZPgKErHfNl_exI4x37PXuG6TC2W7sduapz9n9l4OxbxhfXOJmS75lBSnVO5wyLEajK82QxE9zCl7AeGA0wp5U_lRZNt0NFNOJNdrpQrvYAASZmQ77BSng82bADpyHAFxmV3DVMLDomAa3qQ
[2026-09-20 17:56:24 IST] DEBUG [Service Name -> bookstore-order-service], [TraceId -> 96026ed7ab4a80ea], [SpanId -> efaa0fbceba6eb40] 
      <http-nio-7001-exec-9> com.devd.spring.bookstorecommons.feign.PaymentFeignClient : [PaymentFeignClient#getMyPaymentMethodById] ---> END HTTP (0-byte body)
[2026-09-20 17:56:25 IST] DEBUG [Service Name -> bookstore-order-service], [TraceId -> 96026ed7ab4a80ea], [SpanId -> efaa0fbceba6eb40] 
      <http-nio-7001-exec-9> com.devd.spring.bookstorecommons.feign.PaymentFeignClient : [PaymentFeignClient#getMyPaymentMethodById] <--- HTTP/1.1 500 (527ms)
[2026-09-20 17:56:25 IST] DEBUG [Service Name -> bookstore-order-service], [TraceId -> 96026ed7ab4a80ea], [SpanId -> efaa0fbceba6eb40] 
      <http-nio-7001-exec-9> com.devd.spring.bookstorecommons.feign.PaymentFeignClient : [PaymentFeignClient#getMyPaymentMethodById] access-control-allow-headers: *
[2026-09-20 17:56:25 IST] DEBUG [Service Name -> bookstore-order-service], [TraceId -> 96026ed7ab4a80ea], [SpanId -> efaa0fbceba6eb40] 
      <http-nio-7001-exec-9> com.devd.spring.bookstorecommons.feign.PaymentFeignClient : [PaymentFeignClient#getMyPaymentMethodById] access-control-allow-methods: *
[2026-09-20 17:56:25 IST] DEBUG [Service Name -> bookstore-order-service], [TraceId -> 96026ed7ab4a80ea], [SpanId -> efaa0fbceba6eb40] 
      <http-nio-7001-exec-9> com.devd.spring.bookstorecommons.feign.PaymentFeignClient : [PaymentFeignClient#getMyPaymentMethodById] access-control-allow-origin: *
[2026-09-20 17:56:25 IST] DEBUG [Service Name -> bookstore-order-service], [TraceId -> 96026ed7ab4a80ea], [SpanId -> efaa0fbceba6eb40] 
      <http-nio-7001-exec-9> com.devd.spring.bookstorecommons.feign.PaymentFeignClient : [PaymentFeignClient#getMyPaymentMethodById] cache-control: no-cache, no-store, max-age=0, must-revalidate
[2026-09-20 17:56:25 IST] DEBUG [Service Name -> bookstore-order-service], [TraceId -> 96026ed7ab4a80ea], [SpanId -> efaa0fbceba6eb40] 
      <http-nio-7001-exec-9> com.devd.spring.bookstorecommons.feign.PaymentFeignClient : [PaymentFeignClient#getMyPaymentMethodById] connection: close
[2026-09-20 17:56:25 IST] DEBUG [Service Name -> bookstore-order-service], [TraceId -> 96026ed7ab4a80ea], [SpanId -> efaa0fbceba6eb40] 
      <http-nio-7001-exec-9> com.devd.spring.bookstorecommons.feign.PaymentFeignClient : [PaymentFeignClient#getMyPaymentMethodById] content-type: application/json
[2026-09-20 17:56:25 IST] DEBUG [Service Name -> bookstore-order-service], [TraceId -> 96026ed7ab4a80ea], [SpanId -> efaa0fbceba6eb40] 
      <http-nio-7001-exec-9> com.devd.spring.bookstorecommons.feign.PaymentFeignClient : [PaymentFeignClient#getMyPaymentMethodById] date: Sun, 20 Sep 2026 12:26:25 GMT
[2026-09-20 17:56:25 IST] DEBUG [Service Name -> bookstore-order-service], [TraceId -> 96026ed7ab4a80ea], [SpanId -> efaa0fbceba6eb40] 
      <http-nio-7001-exec-9> com.devd.spring.bookstorecommons.feign.PaymentFeignClient : [PaymentFeignClient#getMyPaymentMethodById] expires: 0
[2026-09-20 17:56:25 IST] DEBUG [Service Name -> bookstore-order-service], [TraceId -> 96026ed7ab4a80ea], [SpanId -> efaa0fbceba6eb40] 
      <http-nio-7001-exec-9> com.devd.spring.bookstorecommons.feign.PaymentFeignClient : [PaymentFeignClient#getMyPaymentMethodById] pragma: no-cache
[2026-09-20 17:56:25 IST] DEBUG [Service Name -> bookstore-order-service], [TraceId -> 96026ed7ab4a80ea], [SpanId -> efaa0fbceba6eb40] 
      <http-nio-7001-exec-9> com.devd.spring.bookstorecommons.feign.PaymentFeignClient : [PaymentFeignClient#getMyPaymentMethodById] transfer-encoding: chunked
[2026-09-20 17:56:25 IST] DEBUG [Service Name -> bookstore-order-service], [TraceId -> 96026ed7ab4a80ea], [SpanId -> efaa0fbceba6eb40] 
      <http-nio-7001-exec-9> com.devd.spring.bookstorecommons.feign.PaymentFeignClient : [PaymentFeignClient#getMyPaymentMethodById] vary: Access-Control-Request-Headers
[2026-09-20 17:56:25 IST] DEBUG [Service Name -> bookstore-order-service], [TraceId -> 96026ed7ab4a80ea], [SpanId -> efaa0fbceba6eb40] 
      <http-nio-7001-exec-9> com.devd.spring.bookstorecommons.feign.PaymentFeignClient : [PaymentFeignClient#getMyPaymentMethodById] vary: Access-Control-Request-Method
[2026-09-20 17:56:25 IST] DEBUG [Service Name -> bookstore-order-service], [TraceId -> 96026ed7ab4a80ea], [SpanId -> efaa0fbceba6eb40] 
      <http-nio-7001-exec-9> com.devd.spring.bookstorecommons.feign.PaymentFeignClient : [PaymentFeignClient#getMyPaymentMethodById] vary: Origin
[2026-09-20 17:56:25 IST] DEBUG [Service Name -> bookstore-order-service], [TraceId -> 96026ed7ab4a80ea], [SpanId -> efaa0fbceba6eb40] 
      <http-nio-7001-exec-9> com.devd.spring.bookstorecommons.feign.PaymentFeignClient : [PaymentFeignClient#getMyPaymentMethodById] x-content-type-options: nosniff
[2026-09-20 17:56:25 IST] DEBUG [Service Name -> bookstore-order-service], [TraceId -> 96026ed7ab4a80ea], [SpanId -> efaa0fbceba6eb40] 
      <http-nio-7001-exec-9> com.devd.spring.bookstorecommons.feign.PaymentFeignClient : [PaymentFeignClient#getMyPaymentMethodById] x-xss-protection: 1; mode=block
[2026-09-20 17:56:25 IST] DEBUG [Service Name -> bookstore-order-service], [TraceId -> 96026ed7ab4a80ea], [SpanId -> efaa0fbceba6eb40] 
      <http-nio-7001-exec-9> com.devd.spring.bookstorecommons.feign.PaymentFeignClient : [PaymentFeignClient#getMyPaymentMethodById] 
[2026-09-20 17:56:25 IST] DEBUG [Service Name -> bookstore-order-service], [TraceId -> 96026ed7ab4a80ea], [SpanId -> efaa0fbceba6eb40] 
      <http-nio-7001-exec-9> com.devd.spring.bookstorecommons.feign.PaymentFeignClient : [PaymentFeignClient#getMyPaymentMethodById] {"uuid":null,"errors":null}
[2026-09-20 17:56:25 IST] DEBUG [Service Name -> bookstore-order-service], [TraceId -> 96026ed7ab4a80ea], [SpanId -> efaa0fbceba6eb40] 
      <http-nio-7001-exec-9> com.devd.spring.bookstorecommons.feign.PaymentFeignClient : [PaymentFeignClient#getMyPaymentMethodById] <--- END HTTP (27-byte body)
[2026-09-20 17:57:30 IST] INFO [Service Name -> bookstore-order-service], [TraceId -> ], [SpanId -> ] 
      <AsyncResolver-bootstrap-executor-0> com.netflix.discovery.shared.resolver.aws.ConfigClusterResolver : Resolving eureka endpoints via configuration
[2026-09-20 18:02:30 IST] INFO [Service Name -> bookstore-order-service], [TraceId -> ], [SpanId -> ] 
      <AsyncResolver-bootstrap-executor-0> com.netflix.discovery.shared.resolver.aws.ConfigClusterResolver : Resolving eureka endpoints via configuration
[2026-09-20 18:07:30 IST] INFO [Service Name -> bookstore-order-service], [TraceId -> ], [SpanId -> ] 
      <AsyncResolver-bootstrap-executor-0> com.netflix.discovery.shared.resolver.aws.ConfigClusterResolver : Resolving eureka endpoints via configuration
[2026-09-20 18:12:30 IST] INFO [Service Name -> bookstore-order-service], [TraceId -> ], [SpanId -> ] 
      <AsyncResolver-bootstrap-executor-0> com.netflix.discovery.shared.resolver.aws.ConfigClusterResolver : Resolving eureka endpoints via configuration
[2026-09-20 18:14:54 IST] INFO [Service Name -> bookstore-order-service], [TraceId -> ], [SpanId -> ] 
      <Thread-117> com.netflix.loadbalancer.PollingServerListUpdater : Shutting down the Executor Pool for PollingServerListUpdater
[2026-09-20 18:14:56 IST] INFO [Service Name -> bookstore-order-service], [TraceId -> ], [SpanId -> ] 
      <SpringContextShutdownHook> org.springframework.cloud.netflix.eureka.serviceregistry.EurekaServiceRegistry : Unregistering application BOOKSTORE-ORDER-SERVICE with eureka with status DOWN
[2026-09-20 18:14:56 IST] WARN [Service Name -> bookstore-order-service], [TraceId -> ], [SpanId -> ] 
      <SpringContextShutdownHook> com.netflix.discovery.DiscoveryClient : Saw local status change event StatusChangeEvent [timestamp=1789908296245, current=DOWN, previous=UP]
[2026-09-20 18:14:56 IST] INFO [Service Name -> bookstore-order-service], [TraceId -> ], [SpanId -> ] 
      <DiscoveryClient-InstanceInfoReplicator-0> com.netflix.discovery.DiscoveryClient : DiscoveryClient_BOOKSTORE-ORDER-SERVICE/LAPTOP-PIAE5DDA:bookstore-order-service:7001: registering service...
[2026-09-20 18:15:05 IST] ERROR [Service Name -> bookstore-order-service], [TraceId -> ], [SpanId -> ] 
      <DiscoveryClient-InstanceInfoReplicator-0> com.netflix.discovery.shared.transport.decorator.RedirectingEurekaHttpClient : Request execution error. endpoint=DefaultEndpoint{ serviceUrl='http://localhost:8761/eureka/}
com.sun.jersey.api.client.ClientHandlerException: java.net.SocketTimeoutException: Read timed out
	at com.sun.jersey.client.apache4.ApacheHttpClient4Handler.handle(ApacheHttpClient4Handler.java:187)
	at com.sun.jersey.api.client.filter.GZIPContentEncodingFilter.handle(GZIPContentEncodingFilter.java:123)
	at com.netflix.discovery.EurekaIdentityHeaderFilter.handle(EurekaIdentityHeaderFilter.java:27)
	at com.sun.jersey.api.client.Client.handle(Client.java:652)
	at com.sun.jersey.api.client.WebResource.handle(WebResource.java:682)
	at com.sun.jersey.api.client.WebResource.access$200(WebResource.java:74)
	at com.sun.jersey.api.client.WebResource$Builder.post(WebResource.java:570)
	at com.netflix.discovery.shared.transport.jersey.AbstractJerseyEurekaHttpClient.register(AbstractJerseyEurekaHttpClient.java:56)
	at com.netflix.discovery.shared.transport.decorator.EurekaHttpClientDecorator$1.execute(EurekaHttpClientDecorator.java:59)
	at com.netflix.discovery.shared.transport.decorator.MetricsCollectingEurekaHttpClient.execute(MetricsCollectingEurekaHttpClient.java:73)
	at com.netflix.discovery.shared.transport.decorator.EurekaHttpClientDecorator.register(EurekaHttpClientDecorator.java:56)
	at com.netflix.discovery.shared.transport.decorator.EurekaHttpClientDecorator$1.execute(EurekaHttpClientDecorator.java:59)
	at com.netflix.discovery.shared.transport.decorator.RedirectingEurekaHttpClient.execute(RedirectingEurekaHttpClient.java:89)
	at com.netflix.discovery.shared.transport.decorator.EurekaHttpClientDecorator.register(EurekaHttpClientDecorator.java:56)
	at com.netflix.discovery.shared.transport.decorator.EurekaHttpClientDecorator$1.execute(EurekaHttpClientDecorator.java:59)
	at com.netflix.discovery.shared.transport.decorator.RetryableEurekaHttpClient.execute(RetryableEurekaHttpClient.java:120)
	at com.netflix.discovery.shared.transport.decorator.EurekaHttpClientDecorator.register(EurekaHttpClientDecorator.java:56)
	at com.netflix.discovery.shared.transport.decorator.EurekaHttpClientDecorator$1.execute(EurekaHttpClientDecorator.java:59)
	at com.netflix.discovery.shared.transport.decorator.SessionedEurekaHttpClient.execute(SessionedEurekaHttpClient.java:77)
	at com.netflix.discovery.shared.transport.decorator.EurekaHttpClientDecorator.register(EurekaHttpClientDecorator.java:56)
	at com.netflix.discovery.DiscoveryClient.register(DiscoveryClient.java:847)
	at com.netflix.discovery.InstanceInfoReplicator.run(InstanceInfoReplicator.java:121)
	at com.netflix.discovery.InstanceInfoReplicator$1.run(InstanceInfoReplicator.java:101)
	at java.util.concurrent.Executors$RunnableAdapter.call(Executors.java:511)
	at java.util.concurrent.FutureTask.run(FutureTask.java:266)
	at java.util.concurrent.ScheduledThreadPoolExecutor$ScheduledFutureTask.access$201(ScheduledThreadPoolExecutor.java:180)
	at java.util.concurrent.ScheduledThreadPoolExecutor$ScheduledFutureTask.run(ScheduledThreadPoolExecutor.java:293)
	at java.util.concurrent.ThreadPoolExecutor.runWorker(ThreadPoolExecutor.java:1149)
	at java.util.concurrent.ThreadPoolExecutor$Worker.run(ThreadPoolExecutor.java:624)
	at java.lang.Thread.run(Thread.java:750)
Caused by: java.net.SocketTimeoutException: Read timed out
	at java.net.SocketInputStream.socketRead0(Native Method)
	at java.net.SocketInputStream.socketRead(SocketInputStream.java:116)
	at java.net.SocketInputStream.read(SocketInputStream.java:171)
	at java.net.SocketInputStream.read(SocketInputStream.java:141)
	at org.apache.http.impl.io.AbstractSessionInputBuffer.fillBuffer(AbstractSessionInputBuffer.java:161)
	at org.apache.http.impl.io.SocketInputBuffer.fillBuffer(SocketInputBuffer.java:82)
	at org.apache.http.impl.io.AbstractSessionInputBuffer.readLine(AbstractSessionInputBuffer.java:276)
	at org.apache.http.impl.conn.DefaultHttpResponseParser.parseHead(DefaultHttpResponseParser.java:138)
	at org.apache.http.impl.conn.DefaultHttpResponseParser.parseHead(DefaultHttpResponseParser.java:56)
	at org.apache.http.impl.io.AbstractMessageParser.parse(AbstractMessageParser.java:259)
	at org.apache.http.impl.AbstractHttpClientConnection.receiveResponseHeader(AbstractHttpClientConnection.java:294)
	at org.apache.http.impl.conn.DefaultClientConnection.receiveResponseHeader(DefaultClientConnection.java:257)
	at org.apache.http.impl.conn.AbstractClientConnAdapter.receiveResponseHeader(AbstractClientConnAdapter.java:230)
	at org.apache.http.protocol.HttpRequestExecutor.doReceiveResponse(HttpRequestExecutor.java:273)
	at org.apache.http.protocol.HttpRequestExecutor.execute(HttpRequestExecutor.java:125)
	at org.apache.http.impl.client.DefaultRequestDirector.tryExecute(DefaultRequestDirector.java:679)
	at org.apache.http.impl.client.DefaultRequestDirector.execute(DefaultRequestDirector.java:481)
	at org.apache.http.impl.client.AbstractHttpClient.doExecute(AbstractHttpClient.java:835)
	at org.apache.http.impl.client.CloseableHttpClient.execute(CloseableHttpClient.java:118)
	at org.apache.http.impl.client.CloseableHttpClient.execute(CloseableHttpClient.java:56)
	at com.sun.jersey.client.apache4.ApacheHttpClient4Handler.handle(ApacheHttpClient4Handler.java:173)
	... 29 common frames omitted
[2026-09-20 18:15:05 IST] WARN [Service Name -> bookstore-order-service], [TraceId -> ], [SpanId -> ] 
      <DiscoveryClient-InstanceInfoReplicator-0> com.netflix.discovery.shared.transport.decorator.RetryableEurekaHttpClient : Request execution failed with message: java.net.SocketTimeoutException: Read timed out
[2026-09-20 18:15:14 IST] ERROR [Service Name -> bookstore-order-service], [TraceId -> ], [SpanId -> ] 
      <DiscoveryClient-InstanceInfoReplicator-0> com.netflix.discovery.shared.transport.decorator.RedirectingEurekaHttpClient : Request execution error. endpoint=DefaultEndpoint{ serviceUrl='http://localhost:8761/eureka/}
com.sun.jersey.api.client.ClientHandlerException: java.net.SocketTimeoutException: Read timed out
	at com.sun.jersey.client.apache4.ApacheHttpClient4Handler.handle(ApacheHttpClient4Handler.java:187)
	at com.sun.jersey.api.client.filter.GZIPContentEncodingFilter.handle(GZIPContentEncodingFilter.java:123)
	at com.netflix.discovery.EurekaIdentityHeaderFilter.handle(EurekaIdentityHeaderFilter.java:27)
	at com.sun.jersey.api.client.Client.handle(Client.java:652)
	at com.sun.jersey.api.client.WebResource.handle(WebResource.java:682)
	at com.sun.jersey.api.client.WebResource.access$200(WebResource.java:74)
	at com.sun.jersey.api.client.WebResource$Builder.post(WebResource.java:570)
	at com.netflix.discovery.shared.transport.jersey.AbstractJerseyEurekaHttpClient.register(AbstractJerseyEurekaHttpClient.java:56)
	at com.netflix.discovery.shared.transport.decorator.EurekaHttpClientDecorator$1.execute(EurekaHttpClientDecorator.java:59)
	at com.netflix.discovery.shared.transport.decorator.MetricsCollectingEurekaHttpClient.execute(MetricsCollectingEurekaHttpClient.java:73)
	at com.netflix.discovery.shared.transport.decorator.EurekaHttpClientDecorator.register(EurekaHttpClientDecorator.java:56)
	at com.netflix.discovery.shared.transport.decorator.EurekaHttpClientDecorator$1.execute(EurekaHttpClientDecorator.java:59)
	at com.netflix.discovery.shared.transport.decorator.RedirectingEurekaHttpClient.executeOnNewServer(RedirectingEurekaHttpClient.java:118)
	at com.netflix.discovery.shared.transport.decorator.RedirectingEurekaHttpClient.execute(RedirectingEurekaHttpClient.java:79)
	at com.netflix.discovery.shared.transport.decorator.EurekaHttpClientDecorator.register(EurekaHttpClientDecorator.java:56)
	at com.netflix.discovery.shared.transport.decorator.EurekaHttpClientDecorator$1.execute(EurekaHttpClientDecorator.java:59)
	at com.netflix.discovery.shared.transport.decorator.RetryableEurekaHttpClient.execute(RetryableEurekaHttpClient.java:120)
	at com.netflix.discovery.shared.transport.decorator.EurekaHttpClientDecorator.register(EurekaHttpClientDecorator.java:56)
	at com.netflix.discovery.shared.transport.decorator.EurekaHttpClientDecorator$1.execute(EurekaHttpClientDecorator.java:59)
	at com.netflix.discovery.shared.transport.decorator.SessionedEurekaHttpClient.execute(SessionedEurekaHttpClient.java:77)
	at com.netflix.discovery.shared.transport.decorator.EurekaHttpClientDecorator.register(EurekaHttpClientDecorator.java:56)
	at com.netflix.discovery.DiscoveryClient.register(DiscoveryClient.java:847)
	at com.netflix.discovery.InstanceInfoReplicator.run(InstanceInfoReplicator.java:121)
	at com.netflix.discovery.InstanceInfoReplicator$1.run(InstanceInfoReplicator.java:101)
	at java.util.concurrent.Executors$RunnableAdapter.call(Executors.java:511)
	at java.util.concurrent.FutureTask.run(FutureTask.java:266)
	at java.util.concurrent.ScheduledThreadPoolExecutor$ScheduledFutureTask.access$201(ScheduledThreadPoolExecutor.java:180)
	at java.util.concurrent.ScheduledThreadPoolExecutor$ScheduledFutureTask.run(ScheduledThreadPoolExecutor.java:293)
	at java.util.concurrent.ThreadPoolExecutor.runWorker(ThreadPoolExecutor.java:1149)
	at java.util.concurrent.ThreadPoolExecutor$Worker.run(ThreadPoolExecutor.java:624)
	at java.lang.Thread.run(Thread.java:750)
Caused by: java.net.SocketTimeoutException: Read timed out
	at java.net.SocketInputStream.socketRead0(Native Method)
	at java.net.SocketInputStream.socketRead(SocketInputStream.java:116)
	at java.net.SocketInputStream.read(SocketInputStream.java:171)
	at java.net.SocketInputStream.read(SocketInputStream.java:141)
	at org.apache.http.impl.io.AbstractSessionInputBuffer.fillBuffer(AbstractSessionInputBuffer.java:161)
	at org.apache.http.impl.io.SocketInputBuffer.fillBuffer(SocketInputBuffer.java:82)
	at org.apache.http.impl.io.AbstractSessionInputBuffer.readLine(AbstractSessionInputBuffer.java:276)
	at org.apache.http.impl.conn.DefaultHttpResponseParser.parseHead(DefaultHttpResponseParser.java:138)
	at org.apache.http.impl.conn.DefaultHttpResponseParser.parseHead(DefaultHttpResponseParser.java:56)
	at org.apache.http.impl.io.AbstractMessageParser.parse(AbstractMessageParser.java:259)
	at org.apache.http.impl.AbstractHttpClientConnection.receiveResponseHeader(AbstractHttpClientConnection.java:294)
	at org.apache.http.impl.conn.DefaultClientConnection.receiveResponseHeader(DefaultClientConnection.java:257)
	at org.apache.http.impl.conn.AbstractClientConnAdapter.receiveResponseHeader(AbstractClientConnAdapter.java:230)
	at org.apache.http.protocol.HttpRequestExecutor.doReceiveResponse(HttpRequestExecutor.java:273)
	at org.apache.http.protocol.HttpRequestExecutor.execute(HttpRequestExecutor.java:125)
	at org.apache.http.impl.client.DefaultRequestDirector.tryExecute(DefaultRequestDirector.java:679)
	at org.apache.http.impl.client.DefaultRequestDirector.execute(DefaultRequestDirector.java:481)
	at org.apache.http.impl.client.AbstractHttpClient.doExecute(AbstractHttpClient.java:835)
	at org.apache.http.impl.client.CloseableHttpClient.execute(CloseableHttpClient.java:118)
	at org.apache.http.impl.client.CloseableHttpClient.execute(CloseableHttpClient.java:56)
	at com.sun.jersey.client.apache4.ApacheHttpClient4Handler.handle(ApacheHttpClient4Handler.java:173)
	... 30 common frames omitted
[2026-09-20 18:15:14 IST] WARN [Service Name -> bookstore-order-service], [TraceId -> ], [SpanId -> ] 
      <DiscoveryClient-InstanceInfoReplicator-0> com.netflix.discovery.shared.transport.decorator.RetryableEurekaHttpClient : Request execution failed with message: java.net.SocketTimeoutException: Read timed out
[2026-09-20 18:15:16 IST] WARN [Service Name -> bookstore-order-service], [TraceId -> ], [SpanId -> ] 
      <DiscoveryClient-InstanceInfoReplicator-0> com.netflix.discovery.DiscoveryClient : DiscoveryClient_BOOKSTORE-ORDER-SERVICE/LAPTOP-PIAE5DDA:bookstore-order-service:7001 - registration failed Cannot execute request on any known server
com.netflix.discovery.shared.transport.TransportException: Cannot execute request on any known server
	at com.netflix.discovery.shared.transport.decorator.RetryableEurekaHttpClient.execute(RetryableEurekaHttpClient.java:112)
	at com.netflix.discovery.shared.transport.decorator.EurekaHttpClientDecorator.register(EurekaHttpClientDecorator.java:56)
	at com.netflix.discovery.shared.transport.decorator.EurekaHttpClientDecorator$1.execute(EurekaHttpClientDecorator.java:59)
	at com.netflix.discovery.shared.transport.decorator.SessionedEurekaHttpClient.execute(SessionedEurekaHttpClient.java:77)
	at com.netflix.discovery.shared.transport.decorator.EurekaHttpClientDecorator.register(EurekaHttpClientDecorator.java:56)
	at com.netflix.discovery.DiscoveryClient.register(DiscoveryClient.java:847)
	at com.netflix.discovery.InstanceInfoReplicator.run(InstanceInfoReplicator.java:121)
	at com.netflix.discovery.InstanceInfoReplicator$1.run(InstanceInfoReplicator.java:101)
	at java.util.concurrent.Executors$RunnableAdapter.call(Executors.java:511)
	at java.util.concurrent.FutureTask.run(FutureTask.java:266)
	at java.util.concurrent.ScheduledThreadPoolExecutor$ScheduledFutureTask.access$201(ScheduledThreadPoolExecutor.java:180)
	at java.util.concurrent.ScheduledThreadPoolExecutor$ScheduledFutureTask.run(ScheduledThreadPoolExecutor.java:293)
	at java.util.concurrent.ThreadPoolExecutor.runWorker(ThreadPoolExecutor.java:1149)
	at java.util.concurrent.ThreadPoolExecutor$Worker.run(ThreadPoolExecutor.java:624)
	at java.lang.Thread.run(Thread.java:750)
[2026-09-20 18:15:16 IST] WARN [Service Name -> bookstore-order-service], [TraceId -> ], [SpanId -> ] 
      <DiscoveryClient-InstanceInfoReplicator-0> com.netflix.discovery.InstanceInfoReplicator : There was a problem with the instance info replicator
com.netflix.discovery.shared.transport.TransportException: Cannot execute request on any known server
	at com.netflix.discovery.shared.transport.decorator.RetryableEurekaHttpClient.execute(RetryableEurekaHttpClient.java:112)
	at com.netflix.discovery.shared.transport.decorator.EurekaHttpClientDecorator.register(EurekaHttpClientDecorator.java:56)
	at com.netflix.discovery.shared.transport.decorator.EurekaHttpClientDecorator$1.execute(EurekaHttpClientDecorator.java:59)
	at com.netflix.discovery.shared.transport.decorator.SessionedEurekaHttpClient.execute(SessionedEurekaHttpClient.java:77)
	at com.netflix.discovery.shared.transport.decorator.EurekaHttpClientDecorator.register(EurekaHttpClientDecorator.java:56)
	at com.netflix.discovery.DiscoveryClient.register(DiscoveryClient.java:847)
	at com.netflix.discovery.InstanceInfoReplicator.run(InstanceInfoReplicator.java:121)
	at com.netflix.discovery.InstanceInfoReplicator$1.run(InstanceInfoReplicator.java:101)
	at java.util.concurrent.Executors$RunnableAdapter.call(Executors.java:511)
	at java.util.concurrent.FutureTask.run(FutureTask.java:266)
	at java.util.concurrent.ScheduledThreadPoolExecutor$ScheduledFutureTask.access$201(ScheduledThreadPoolExecutor.java:180)
	at java.util.concurrent.ScheduledThreadPoolExecutor$ScheduledFutureTask.run(ScheduledThreadPoolExecutor.java:293)
	at java.util.concurrent.ThreadPoolExecutor.runWorker(ThreadPoolExecutor.java:1149)
	at java.util.concurrent.ThreadPoolExecutor$Worker.run(ThreadPoolExecutor.java:624)
	at java.lang.Thread.run(Thread.java:750)
[2026-09-20 18:15:22 IST] INFO [Service Name -> bookstore-order-service], [TraceId -> ], [SpanId -> ] 
      <SpringContextShutdownHook> org.springframework.orm.jpa.LocalContainerEntityManagerFactoryBean : Closing JPA EntityManagerFactory for persistence unit 'default'
[2026-09-20 18:15:27 IST] INFO [Service Name -> bookstore-order-service], [TraceId -> ], [SpanId -> ] 
      <SpringContextShutdownHook> org.springframework.scheduling.concurrent.ThreadPoolTaskExecutor : Shutting down ExecutorService 'applicationTaskExecutor'
[2026-09-20 18:15:29 IST] INFO [Service Name -> bookstore-order-service], [TraceId -> ], [SpanId -> ] 
      <SpringContextShutdownHook> com.netflix.util.concurrent.ShutdownEnabledTimer : Shutdown hook removed for: NFLoadBalancer-PingTimer-bookstore-payment-service
[2026-09-20 18:15:30 IST] INFO [Service Name -> bookstore-order-service], [TraceId -> ], [SpanId -> ] 
      <SpringContextShutdownHook> com.netflix.util.concurrent.ShutdownEnabledTimer : Exception caught (might be ok if at shutdown)
java.lang.IllegalStateException: Shutdown in progress
	at java.lang.ApplicationShutdownHooks.remove(ApplicationShutdownHooks.java:82)
	at java.lang.Runtime.removeShutdownHook(Runtime.java:231)
	at com.netflix.util.concurrent.ShutdownEnabledTimer.cancel(ShutdownEnabledTimer.java:70)
	at com.netflix.loadbalancer.BaseLoadBalancer.cancelPingTask(BaseLoadBalancer.java:632)
	at com.netflix.loadbalancer.BaseLoadBalancer.shutdown(BaseLoadBalancer.java:883)
	at com.netflix.loadbalancer.DynamicServerListLoadBalancer.shutdown(DynamicServerListLoadBalancer.java:285)
	at sun.reflect.NativeMethodAccessorImpl.invoke0(Native Method)
	at sun.reflect.NativeMethodAccessorImpl.invoke(NativeMethodAccessorImpl.java:62)
	at sun.reflect.DelegatingMethodAccessorImpl.invoke(DelegatingMethodAccessorImpl.java:43)
	at java.lang.reflect.Method.invoke(Method.java:498)
	at org.springframework.beans.factory.support.DisposableBeanAdapter.invokeCustomDestroyMethod(DisposableBeanAdapter.java:339)
	at org.springframework.beans.factory.support.DisposableBeanAdapter.destroy(DisposableBeanAdapter.java:273)
	at org.springframework.beans.factory.support.DefaultSingletonBeanRegistry.destroyBean(DefaultSingletonBeanRegistry.java:587)
	at org.springframework.beans.factory.support.DefaultSingletonBeanRegistry.destroySingleton(DefaultSingletonBeanRegistry.java:559)
	at org.springframework.beans.factory.support.DefaultListableBeanFactory.destroySingleton(DefaultListableBeanFactory.java:1092)
	at org.springframework.beans.factory.support.DefaultSingletonBeanRegistry.destroySingletons(DefaultSingletonBeanRegistry.java:520)
	at org.springframework.beans.factory.support.DefaultListableBeanFactory.destroySingletons(DefaultListableBeanFactory.java:1085)
	at org.springframework.context.support.AbstractApplicationContext.destroyBeans(AbstractApplicationContext.java:1061)
	at org.springframework.context.support.AbstractApplicationContext.doClose(AbstractApplicationContext.java:1030)
	at org.springframework.context.support.AbstractApplicationContext.close(AbstractApplicationContext.java:979)
	at org.springframework.cloud.context.named.NamedContextFactory.destroy(NamedContextFactory.java:92)
	at org.springframework.beans.factory.support.DisposableBeanAdapter.destroy(DisposableBeanAdapter.java:258)
	at org.springframework.beans.factory.support.DefaultSingletonBeanRegistry.destroyBean(DefaultSingletonBeanRegistry.java:587)
	at org.springframework.beans.factory.support.DefaultSingletonBeanRegistry.destroySingleton(DefaultSingletonBeanRegistry.java:559)
	at org.springframework.beans.factory.support.DefaultListableBeanFactory.destroySingleton(DefaultListableBeanFactory.java:1092)
	at org.springframework.beans.factory.support.DefaultSingletonBeanRegistry.destroySingletons(DefaultSingletonBeanRegistry.java:520)
	at org.springframework.beans.factory.support.DefaultListableBeanFactory.destroySingletons(DefaultListableBeanFactory.java:1085)
	at org.springframework.context.support.AbstractApplicationContext.destroyBeans(AbstractApplicationContext.java:1061)
	at org.springframework.context.support.AbstractApplicationContext.doClose(AbstractApplicationContext.java:1030)
	at org.springframework.boot.web.servlet.context.ServletWebServerApplicationContext.doClose(ServletWebServerApplicationContext.java:170)
	at org.springframework.context.support.AbstractApplicationContext$1.run(AbstractApplicationContext.java:949)
[2026-09-20 18:15:30 IST] INFO [Service Name -> bookstore-order-service], [TraceId -> ], [SpanId -> ] 
      <SpringContextShutdownHook> com.netflix.util.concurrent.ShutdownEnabledTimer : Shutdown hook removed for: NFLoadBalancer-PingTimer-bookstore-billing-service
[2026-09-20 18:15:30 IST] INFO [Service Name -> bookstore-order-service], [TraceId -> ], [SpanId -> ] 
      <SpringContextShutdownHook> com.netflix.util.concurrent.ShutdownEnabledTimer : Exception caught (might be ok if at shutdown)
java.lang.IllegalStateException: Shutdown in progress
	at java.lang.ApplicationShutdownHooks.remove(ApplicationShutdownHooks.java:82)
	at java.lang.Runtime.removeShutdownHook(Runtime.java:231)
	at com.netflix.util.concurrent.ShutdownEnabledTimer.cancel(ShutdownEnabledTimer.java:70)
	at com.netflix.loadbalancer.BaseLoadBalancer.cancelPingTask(BaseLoadBalancer.java:632)
	at com.netflix.loadbalancer.BaseLoadBalancer.shutdown(BaseLoadBalancer.java:883)
	at com.netflix.loadbalancer.DynamicServerListLoadBalancer.shutdown(DynamicServerListLoadBalancer.java:285)
	at sun.reflect.NativeMethodAccessorImpl.invoke0(Native Method)
	at sun.reflect.NativeMethodAccessorImpl.invoke(NativeMethodAccessorImpl.java:62)
	at sun.reflect.DelegatingMethodAccessorImpl.invoke(DelegatingMethodAccessorImpl.java:43)
	at java.lang.reflect.Method.invoke(Method.java:498)
	at org.springframework.beans.factory.support.DisposableBeanAdapter.invokeCustomDestroyMethod(DisposableBeanAdapter.java:339)
	at org.springframework.beans.factory.support.DisposableBeanAdapter.destroy(DisposableBeanAdapter.java:273)
	at org.springframework.beans.factory.support.DefaultSingletonBeanRegistry.destroyBean(DefaultSingletonBeanRegistry.java:587)
	at org.springframework.beans.factory.support.DefaultSingletonBeanRegistry.destroySingleton(DefaultSingletonBeanRegistry.java:559)
	at org.springframework.beans.factory.support.DefaultListableBeanFactory.destroySingleton(DefaultListableBeanFactory.java:1092)
	at org.springframework.beans.factory.support.DefaultSingletonBeanRegistry.destroySingletons(DefaultSingletonBeanRegistry.java:520)
	at org.springframework.beans.factory.support.DefaultListableBeanFactory.destroySingletons(DefaultListableBeanFactory.java:1085)
	at org.springframework.context.support.AbstractApplicationContext.destroyBeans(AbstractApplicationContext.java:1061)
	at org.springframework.context.support.AbstractApplicationContext.doClose(AbstractApplicationContext.java:1030)
	at org.springframework.context.support.AbstractApplicationContext.close(AbstractApplicationContext.java:979)
	at org.springframework.cloud.context.named.NamedContextFactory.destroy(NamedContextFactory.java:92)
	at org.springframework.beans.factory.support.DisposableBeanAdapter.destroy(DisposableBeanAdapter.java:258)
	at org.springframework.beans.factory.support.DefaultSingletonBeanRegistry.destroyBean(DefaultSingletonBeanRegistry.java:587)
	at org.springframework.beans.factory.support.DefaultSingletonBeanRegistry.destroySingleton(DefaultSingletonBeanRegistry.java:559)
	at org.springframework.beans.factory.support.DefaultListableBeanFactory.destroySingleton(DefaultListableBeanFactory.java:1092)
	at org.springframework.beans.factory.support.DefaultSingletonBeanRegistry.destroySingletons(DefaultSingletonBeanRegistry.java:520)
	at org.springframework.beans.factory.support.DefaultListableBeanFactory.destroySingletons(DefaultListableBeanFactory.java:1085)
	at org.springframework.context.support.AbstractApplicationContext.destroyBeans(AbstractApplicationContext.java:1061)
	at org.springframework.context.support.AbstractApplicationContext.doClose(AbstractApplicationContext.java:1030)
	at org.springframework.boot.web.servlet.context.ServletWebServerApplicationContext.doClose(ServletWebServerApplicationContext.java:170)
	at org.springframework.context.support.AbstractApplicationContext$1.run(AbstractApplicationContext.java:949)
[2026-09-20 18:15:31 IST] INFO [Service Name -> bookstore-order-service], [TraceId -> ], [SpanId -> ] 
      <SpringContextShutdownHook> com.netflix.util.concurrent.ShutdownEnabledTimer : Shutdown hook removed for: NFLoadBalancer-PingTimer-bookstore-catalog-service
[2026-09-20 18:15:32 IST] INFO [Service Name -> bookstore-order-service], [TraceId -> ], [SpanId -> ] 
      <SpringContextShutdownHook> com.netflix.util.concurrent.ShutdownEnabledTimer : Exception caught (might be ok if at shutdown)
java.lang.IllegalStateException: Shutdown in progress
	at java.lang.ApplicationShutdownHooks.remove(ApplicationShutdownHooks.java:82)
	at java.lang.Runtime.removeShutdownHook(Runtime.java:231)
	at com.netflix.util.concurrent.ShutdownEnabledTimer.cancel(ShutdownEnabledTimer.java:70)
	at com.netflix.loadbalancer.BaseLoadBalancer.cancelPingTask(BaseLoadBalancer.java:632)
	at com.netflix.loadbalancer.BaseLoadBalancer.shutdown(BaseLoadBalancer.java:883)
	at com.netflix.loadbalancer.DynamicServerListLoadBalancer.shutdown(DynamicServerListLoadBalancer.java:285)
	at sun.reflect.NativeMethodAccessorImpl.invoke0(Native Method)
	at sun.reflect.NativeMethodAccessorImpl.invoke(NativeMethodAccessorImpl.java:62)
	at sun.reflect.DelegatingMethodAccessorImpl.invoke(DelegatingMethodAccessorImpl.java:43)
	at java.lang.reflect.Method.invoke(Method.java:498)
	at org.springframework.beans.factory.support.DisposableBeanAdapter.invokeCustomDestroyMethod(DisposableBeanAdapter.java:339)
	at org.springframework.beans.factory.support.DisposableBeanAdapter.destroy(DisposableBeanAdapter.java:273)
	at org.springframework.beans.factory.support.DefaultSingletonBeanRegistry.destroyBean(DefaultSingletonBeanRegistry.java:587)
	at org.springframework.beans.factory.support.DefaultSingletonBeanRegistry.destroySingleton(DefaultSingletonBeanRegistry.java:559)
	at org.springframework.beans.factory.support.DefaultListableBeanFactory.destroySingleton(DefaultListableBeanFactory.java:1092)
	at org.springframework.beans.factory.support.DefaultSingletonBeanRegistry.destroySingletons(DefaultSingletonBeanRegistry.java:520)
	at org.springframework.beans.factory.support.DefaultListableBeanFactory.destroySingletons(DefaultListableBeanFactory.java:1085)
	at org.springframework.context.support.AbstractApplicationContext.destroyBeans(AbstractApplicationContext.java:1061)
	at org.springframework.context.support.AbstractApplicationContext.doClose(AbstractApplicationContext.java:1030)
	at org.springframework.context.support.AbstractApplicationContext.close(AbstractApplicationContext.java:979)
	at org.springframework.cloud.context.named.NamedContextFactory.destroy(NamedContextFactory.java:92)
	at org.springframework.beans.factory.support.DisposableBeanAdapter.destroy(DisposableBeanAdapter.java:258)
	at org.springframework.beans.factory.support.DefaultSingletonBeanRegistry.destroyBean(DefaultSingletonBeanRegistry.java:587)
	at org.springframework.beans.factory.support.DefaultSingletonBeanRegistry.destroySingleton(DefaultSingletonBeanRegistry.java:559)
	at org.springframework.beans.factory.support.DefaultListableBeanFactory.destroySingleton(DefaultListableBeanFactory.java:1092)
	at org.springframework.beans.factory.support.DefaultSingletonBeanRegistry.destroySingletons(DefaultSingletonBeanRegistry.java:520)
	at org.springframework.beans.factory.support.DefaultListableBeanFactory.destroySingletons(DefaultListableBeanFactory.java:1085)
	at org.springframework.context.support.AbstractApplicationContext.destroyBeans(AbstractApplicationContext.java:1061)
	at org.springframework.context.support.AbstractApplicationContext.doClose(AbstractApplicationContext.java:1030)
	at org.springframework.boot.web.servlet.context.ServletWebServerApplicationContext.doClose(ServletWebServerApplicationContext.java:170)
	at org.springframework.context.support.AbstractApplicationContext$1.run(AbstractApplicationContext.java:949)
[2026-09-20 18:15:34 IST] INFO [Service Name -> bookstore-order-service], [TraceId -> ], [SpanId -> ] 
      <SpringContextShutdownHook> com.netflix.discovery.DiscoveryClient : Shutting down DiscoveryClient ...
[2026-09-20 18:15:37 IST] INFO [Service Name -> bookstore-order-service], [TraceId -> ], [SpanId -> ] 
      <SpringContextShutdownHook> com.netflix.discovery.DiscoveryClient : Unregistering ...
[2026-09-20 18:15:38 IST] INFO [Service Name -> bookstore-order-service], [TraceId -> ], [SpanId -> ] 
      <SpringContextShutdownHook> com.netflix.discovery.DiscoveryClient : DiscoveryClient_BOOKSTORE-ORDER-SERVICE/LAPTOP-PIAE5DDA:bookstore-order-service:7001 - deregister  status: 200
[2026-09-20 18:15:39 IST] INFO [Service Name -> bookstore-order-service], [TraceId -> ], [SpanId -> ] 
      <SpringContextShutdownHook> com.netflix.discovery.DiscoveryClient : Completed shut down of DiscoveryClient
[2026-09-20 18:15:39 IST] INFO [Service Name -> bookstore-order-service], [TraceId -> ], [SpanId -> ] 
      <SpringContextShutdownHook> com.zaxxer.hikari.HikariDataSource : HikariPool-1 - Shutdown initiated...
[2026-09-20 18:15:40 IST] INFO [Service Name -> bookstore-order-service], [TraceId -> ], [SpanId -> ] 
      <SpringContextShutdownHook> com.zaxxer.hikari.HikariDataSource : HikariPool-1 - Shutdown completed.
