[2026-08-24 08:29:18 IST] INFO [Service Name -> bookstore-payment-service], [TraceId -> ], [SpanId -> ] 
      <background-preinit> org.hibernate.validator.internal.util.Version : HV000001: Hibernate Validator 6.1.5.Final
[2026-08-24 08:29:19 IST] INFO [Service Name -> bookstore-payment-service], [TraceId -> ], [SpanId -> ] 
      <main> org.springframework.context.support.PostProcessorRegistrationDelegate$BeanPostProcessorChecker : Bean 'org.springframework.cloud.autoconfigure.ConfigurationPropertiesRebinderAutoConfiguration' of type [org.springframework.cloud.autoconfigure.ConfigurationPropertiesRebinderAutoConfiguration] is not eligible for getting processed by all BeanPostProcessors (for example: not eligible for auto-proxying)
[2026-08-24 08:29:20 IST] INFO [Service Name -> bookstore-payment-service], [TraceId -> ], [SpanId -> ] 
      <main> com.devd.spring.bookstorepaymentservice.BookstorePaymentServiceApplication : The following profiles are active: local
[2026-08-24 08:29:25 IST] INFO [Service Name -> bookstore-payment-service], [TraceId -> ], [SpanId -> ] 
      <main> org.springframework.data.repository.config.RepositoryConfigurationDelegate : Bootstrapping Spring Data JPA repositories in DEFERRED mode.
[2026-08-24 08:29:25 IST] INFO [Service Name -> bookstore-payment-service], [TraceId -> ], [SpanId -> ] 
      <main> org.springframework.data.repository.config.RepositoryConfigurationDelegate : Finished Spring Data repository scanning in 144ms. Found 1 JPA repository interfaces.
[2026-08-24 08:29:26 IST] INFO [Service Name -> bookstore-payment-service], [TraceId -> ], [SpanId -> ] 
      <main> org.springframework.cloud.context.scope.GenericScope : BeanFactory id=d82a646a-c52c-3d56-a721-1d2b71dce6aa
[2026-08-24 08:29:27 IST] INFO [Service Name -> bookstore-payment-service], [TraceId -> ], [SpanId -> ] 
      <main> org.springframework.context.support.PostProcessorRegistrationDelegate$BeanPostProcessorChecker : Bean 'org.springframework.security.access.expression.method.DefaultMethodSecurityExpressionHandler@2c06b113' of type [org.springframework.security.access.expression.method.DefaultMethodSecurityExpressionHandler] is not eligible for getting processed by all BeanPostProcessors (for example: not eligible for auto-proxying)
[2026-08-24 08:29:27 IST] INFO [Service Name -> bookstore-payment-service], [TraceId -> ], [SpanId -> ] 
      <main> org.springframework.context.support.PostProcessorRegistrationDelegate$BeanPostProcessorChecker : Bean 'methodSecurityMetadataSource' of type [org.springframework.security.access.method.DelegatingMethodSecurityMetadataSource] is not eligible for getting processed by all BeanPostProcessors (for example: not eligible for auto-proxying)
[2026-08-24 08:29:28 IST] INFO [Service Name -> bookstore-payment-service], [TraceId -> ], [SpanId -> ] 
      <main> org.springframework.context.support.PostProcessorRegistrationDelegate$BeanPostProcessorChecker : Bean 'org.springframework.cloud.autoconfigure.ConfigurationPropertiesRebinderAutoConfiguration' of type [org.springframework.cloud.autoconfigure.ConfigurationPropertiesRebinderAutoConfiguration] is not eligible for getting processed by all BeanPostProcessors (for example: not eligible for auto-proxying)
[2026-08-24 08:29:28 IST] INFO [Service Name -> bookstore-payment-service], [TraceId -> ], [SpanId -> ] 
      <main> org.springframework.boot.web.embedded.tomcat.TomcatWebServer : Tomcat initialized with port(s): 8001 (http)
[2026-08-24 08:29:28 IST] INFO [Service Name -> bookstore-payment-service], [TraceId -> ], [SpanId -> ] 
      <main> org.apache.coyote.http11.Http11NioProtocol : Initializing ProtocolHandler ["http-nio-8001"]
[2026-08-24 08:29:28 IST] INFO [Service Name -> bookstore-payment-service], [TraceId -> ], [SpanId -> ] 
      <main> org.apache.catalina.core.StandardService : Starting service [Tomcat]
[2026-08-24 08:29:28 IST] INFO [Service Name -> bookstore-payment-service], [TraceId -> ], [SpanId -> ] 
      <main> org.apache.catalina.core.StandardEngine : Starting Servlet engine: [Apache Tomcat/9.0.38]
[2026-08-24 08:29:29 IST] INFO [Service Name -> bookstore-payment-service], [TraceId -> ], [SpanId -> ] 
      <main> org.apache.catalina.core.ContainerBase.[Tomcat].[localhost].[/] : Initializing Spring embedded WebApplicationContext
[2026-08-24 08:29:29 IST] INFO [Service Name -> bookstore-payment-service], [TraceId -> ], [SpanId -> ] 
      <main> org.springframework.boot.web.servlet.context.ServletWebServerApplicationContext : Root WebApplicationContext: initialization completed in 8528 ms
[2026-08-24 08:29:29 IST] WARN [Service Name -> bookstore-payment-service], [TraceId -> ], [SpanId -> ] 
      <main> com.netflix.config.sources.URLConfigurationSource : No URLs will be polled as dynamic configuration sources.
[2026-08-24 08:29:29 IST] INFO [Service Name -> bookstore-payment-service], [TraceId -> ], [SpanId -> ] 
      <main> com.netflix.config.sources.URLConfigurationSource : To enable URLs as dynamic configuration sources, define System property archaius.configurationSource.additionalUrls or make config.properties available on classpath.
[2026-08-24 08:29:29 IST] INFO [Service Name -> bookstore-payment-service], [TraceId -> ], [SpanId -> ] 
      <main> com.netflix.config.DynamicPropertyFactory : DynamicPropertyFactory is initialized with configuration sources: com.netflix.config.ConcurrentCompositeConfiguration@4228f269
[2026-08-24 08:29:29 IST] INFO [Service Name -> bookstore-payment-service], [TraceId -> ], [SpanId -> ] 
      <main> com.zaxxer.hikari.HikariDataSource : HikariPool-1 - Starting...
[2026-08-24 08:29:29 IST] INFO [Service Name -> bookstore-payment-service], [TraceId -> ], [SpanId -> ] 
      <main> com.zaxxer.hikari.HikariDataSource : HikariPool-1 - Start completed.
[2026-08-24 08:29:29 IST] INFO [Service Name -> bookstore-payment-service], [TraceId -> ], [SpanId -> ] 
      <main> org.springframework.boot.autoconfigure.h2.H2ConsoleAutoConfiguration : H2 console available at '/h2-console'. Database available at 'jdbc:h2:mem:bookstore_db'
[2026-08-24 08:29:30 IST] WARN [Service Name -> bookstore-payment-service], [TraceId -> ], [SpanId -> ] 
      <main> org.springframework.boot.actuate.endpoint.EndpointId : Endpoint ID 'service-registry' contains invalid characters, please migrate to a valid format.
[2026-08-24 08:29:30 IST] WARN [Service Name -> bookstore-payment-service], [TraceId -> ], [SpanId -> ] 
      <main> org.springframework.cloud.sleuth.zipkin2.ZipkinAutoConfiguration : Check result of the [AsyncReporter{org.springframework.cloud.sleuth.zipkin2.sender.RestTemplateSender@6ba0ee4a}] contains an error [CheckResult{ok=false, error=org.springframework.web.client.ResourceAccessException: I/O error on POST request for "http://localhost:9411/api/v2/spans": connect timed out; nested exception is java.net.SocketTimeoutException: connect timed out}]
[2026-08-24 08:29:31 IST] INFO [Service Name -> bookstore-payment-service], [TraceId -> ], [SpanId -> ] 
      <main> org.flywaydb.core.internal.license.VersionPrinter : Flyway Community Edition 5.2.4 by Boxfuse
[2026-08-24 08:29:31 IST] INFO [Service Name -> bookstore-payment-service], [TraceId -> ], [SpanId -> ] 
      <main> org.flywaydb.core.internal.database.DatabaseFactory : Database: jdbc:h2:mem:bookstore_db (H2 1.4)
[2026-08-24 08:29:31 IST] INFO [Service Name -> bookstore-payment-service], [TraceId -> ], [SpanId -> ] 
      <main> org.flywaydb.core.internal.command.DbValidate : Successfully validated 1 migration (execution time 00:00.045s)
[2026-08-24 08:29:31 IST] INFO [Service Name -> bookstore-payment-service], [TraceId -> ], [SpanId -> ] 
      <main> org.flywaydb.core.internal.schemahistory.JdbcTableSchemaHistory : Creating Schema History table: "PUBLIC"."payment_service_flyway_history"
[2026-08-24 08:29:31 IST] INFO [Service Name -> bookstore-payment-service], [TraceId -> ], [SpanId -> ] 
      <main> org.flywaydb.core.internal.command.DbMigrate : Current version of schema "PUBLIC": << Empty Schema >>
[2026-08-24 08:29:31 IST] INFO [Service Name -> bookstore-payment-service], [TraceId -> ], [SpanId -> ] 
      <main> org.flywaydb.core.internal.command.DbMigrate : Migrating schema "PUBLIC" to version 1 - payment-service-schema
[2026-08-24 08:29:31 IST] INFO [Service Name -> bookstore-payment-service], [TraceId -> ], [SpanId -> ] 
      <main> org.flywaydb.core.internal.command.DbMigrate : Successfully applied 1 migration to schema "PUBLIC" (execution time 00:00.064s)
[2026-08-24 08:29:32 IST] INFO [Service Name -> bookstore-payment-service], [TraceId -> ], [SpanId -> ] 
      <main> org.springframework.scheduling.concurrent.ThreadPoolTaskExecutor : Initializing ExecutorService 'applicationTaskExecutor'
[2026-08-24 08:29:32 IST] INFO [Service Name -> bookstore-payment-service], [TraceId -> ], [SpanId -> ] 
      <task-1> org.hibernate.jpa.internal.util.LogHelper : HHH000204: Processing PersistenceUnitInfo [name: default]
[2026-08-24 08:29:32 IST] INFO [Service Name -> bookstore-payment-service], [TraceId -> ], [SpanId -> ] 
      <task-1> org.hibernate.Version : HHH000412: Hibernate ORM core version 5.4.21.Final
[2026-08-24 08:29:32 IST] INFO [Service Name -> bookstore-payment-service], [TraceId -> ], [SpanId -> ] 
      <task-1> org.hibernate.annotations.common.Version : HCANN000001: Hibernate Commons Annotations {5.1.0.Final}
[2026-08-24 08:29:32 IST] INFO [Service Name -> bookstore-payment-service], [TraceId -> ], [SpanId -> ] 
      <task-1> org.hibernate.dialect.Dialect : HHH000400: Using dialect: org.hibernate.dialect.H2Dialect
[2026-08-24 08:29:34 IST] INFO [Service Name -> bookstore-payment-service], [TraceId -> ], [SpanId -> ] 
      <task-1> org.hibernate.engine.transaction.jta.platform.internal.JtaPlatformInitiator : HHH000490: Using JtaPlatform implementation: [org.hibernate.engine.transaction.jta.platform.internal.NoJtaPlatform]
[2026-08-24 08:29:34 IST] INFO [Service Name -> bookstore-payment-service], [TraceId -> ], [SpanId -> ] 
      <task-1> org.springframework.orm.jpa.LocalContainerEntityManagerFactoryBean : Initialized JPA EntityManagerFactory for persistence unit 'default'
[2026-08-24 08:29:35 IST] INFO [Service Name -> bookstore-payment-service], [TraceId -> ], [SpanId -> ] 
      <main> org.springframework.boot.actuate.endpoint.web.EndpointLinksResolver : Exposing 22 endpoint(s) beneath base path '/actuator'
[2026-08-24 08:29:36 IST] INFO [Service Name -> bookstore-payment-service], [TraceId -> ], [SpanId -> ] 
      <main> org.springframework.security.web.DefaultSecurityFilterChain : Creating filter chain: Ant [pattern='/v2/api-docs'], []
[2026-08-24 08:29:36 IST] INFO [Service Name -> bookstore-payment-service], [TraceId -> ], [SpanId -> ] 
      <main> org.springframework.security.web.DefaultSecurityFilterChain : Creating filter chain: Ant [pattern='/configuration/ui'], []
[2026-08-24 08:29:36 IST] INFO [Service Name -> bookstore-payment-service], [TraceId -> ], [SpanId -> ] 
      <main> org.springframework.security.web.DefaultSecurityFilterChain : Creating filter chain: Ant [pattern='/swagger-resources/**'], []
[2026-08-24 08:29:36 IST] INFO [Service Name -> bookstore-payment-service], [TraceId -> ], [SpanId -> ] 
      <main> org.springframework.security.web.DefaultSecurityFilterChain : Creating filter chain: Ant [pattern='/configuration/**'], []
[2026-08-24 08:29:36 IST] INFO [Service Name -> bookstore-payment-service], [TraceId -> ], [SpanId -> ] 
      <main> org.springframework.security.web.DefaultSecurityFilterChain : Creating filter chain: Ant [pattern='/swagger-ui.html'], []
[2026-08-24 08:29:36 IST] INFO [Service Name -> bookstore-payment-service], [TraceId -> ], [SpanId -> ] 
      <main> org.springframework.security.web.DefaultSecurityFilterChain : Creating filter chain: Ant [pattern='/webjars/**'], []
[2026-08-24 08:29:36 IST] INFO [Service Name -> bookstore-payment-service], [TraceId -> ], [SpanId -> ] 
      <main> org.springframework.security.web.DefaultSecurityFilterChain : Creating filter chain: any request, [org.springframework.security.web.context.request.async.WebAsyncManagerIntegrationFilter@4b9d2cee, org.springframework.security.web.context.SecurityContextPersistenceFilter@138a952f, org.springframework.security.web.header.HeaderWriterFilter@6cb43fd3, org.springframework.web.filter.CorsFilter@1a390b8c, org.springframework.security.web.authentication.logout.LogoutFilter@32a074ed, org.springframework.security.oauth2.provider.authentication.OAuth2AuthenticationProcessingFilter@525b9df4, org.springframework.security.web.savedrequest.RequestCacheAwareFilter@76208b80, org.springframework.security.web.servletapi.SecurityContextHolderAwareRequestFilter@3fcc7f5c, org.springframework.security.web.authentication.AnonymousAuthenticationFilter@337eeceb, org.springframework.security.web.session.SessionManagementFilter@642614b7, org.springframework.security.web.access.ExceptionTranslationFilter@14c18a6a, org.springframework.security.web.access.intercept.FilterSecurityInterceptor@337fb1a5]
[2026-08-24 08:29:36 IST] INFO [Service Name -> bookstore-payment-service], [TraceId -> ], [SpanId -> ] 
      <main> org.springframework.security.web.DefaultSecurityFilterChain : Creating filter chain: any request, [org.springframework.security.web.context.request.async.WebAsyncManagerIntegrationFilter@4bc9451b, org.springframework.security.web.context.SecurityContextPersistenceFilter@3a2a56f6, org.springframework.security.web.header.HeaderWriterFilter@3369e2ce, org.springframework.web.filter.CorsFilter@74a3160d, org.springframework.security.web.authentication.logout.LogoutFilter@7488c183, org.springframework.security.web.authentication.www.BasicAuthenticationFilter@542beecb, org.springframework.security.web.savedrequest.RequestCacheAwareFilter@6a8da5c5, org.springframework.security.web.servletapi.SecurityContextHolderAwareRequestFilter@160e45c8, org.springframework.security.web.authentication.AnonymousAuthenticationFilter@77978658, org.springframework.security.web.session.SessionManagementFilter@5f26cb8b, org.springframework.security.web.access.ExceptionTranslationFilter@15a8bbe5]
[2026-08-24 08:29:36 IST] WARN [Service Name -> bookstore-payment-service], [TraceId -> ], [SpanId -> ] 
      <main> com.netflix.config.sources.URLConfigurationSource : No URLs will be polled as dynamic configuration sources.
[2026-08-24 08:29:36 IST] INFO [Service Name -> bookstore-payment-service], [TraceId -> ], [SpanId -> ] 
      <main> com.netflix.config.sources.URLConfigurationSource : To enable URLs as dynamic configuration sources, define System property archaius.configurationSource.additionalUrls or make config.properties available on classpath.
[2026-08-24 08:29:39 IST] WARN [Service Name -> bookstore-payment-service], [TraceId -> ], [SpanId -> ] 
      <main> org.springframework.cloud.loadbalancer.config.BlockingLoadBalancerClientAutoConfiguration$BlockingLoadBalancerClientRibbonWarnLogger : You already have RibbonLoadBalancerClient on your classpath. It will be used by default. As Spring Cloud Ribbon is in maintenance mode. We recommend switching to BlockingLoadBalancerClient instead. In order to use it, set the value of `spring.cloud.loadbalancer.ribbon.enabled` to `false` or remove spring-cloud-starter-netflix-ribbon from your project.
[2026-08-24 08:29:40 IST] WARN [Service Name -> bookstore-payment-service], [TraceId -> ], [SpanId -> ] 
      <main> org.springframework.cloud.loadbalancer.config.LoadBalancerCacheAutoConfiguration$LoadBalancerCaffeineWarnLogger : Spring Cloud LoadBalancer is currently working with default default cache. You can switch to using Caffeine cache, by adding it to the classpath.
[2026-08-24 08:29:40 IST] INFO [Service Name -> bookstore-payment-service], [TraceId -> ], [SpanId -> ] 
      <main> org.springframework.cloud.netflix.eureka.InstanceInfoFactory : Setting initial instance status as: STARTING
[2026-08-24 08:29:40 IST] INFO [Service Name -> bookstore-payment-service], [TraceId -> ], [SpanId -> ] 
      <main> com.netflix.discovery.DiscoveryClient : Initializing Eureka in region us-east-1
[2026-08-24 08:29:41 IST] INFO [Service Name -> bookstore-payment-service], [TraceId -> ], [SpanId -> ] 
      <main> com.netflix.discovery.provider.DiscoveryJerseyProvider : Using JSON encoding codec LegacyJacksonJson
[2026-08-24 08:29:41 IST] INFO [Service Name -> bookstore-payment-service], [TraceId -> ], [SpanId -> ] 
      <main> com.netflix.discovery.provider.DiscoveryJerseyProvider : Using JSON decoding codec LegacyJacksonJson
[2026-08-24 08:29:41 IST] INFO [Service Name -> bookstore-payment-service], [TraceId -> ], [SpanId -> ] 
      <main> com.netflix.discovery.provider.DiscoveryJerseyProvider : Using XML encoding codec XStreamXml
[2026-08-24 08:29:41 IST] INFO [Service Name -> bookstore-payment-service], [TraceId -> ], [SpanId -> ] 
      <main> com.netflix.discovery.provider.DiscoveryJerseyProvider : Using XML decoding codec XStreamXml
[2026-08-24 08:29:41 IST] INFO [Service Name -> bookstore-payment-service], [TraceId -> ], [SpanId -> ] 
      <main> com.netflix.discovery.shared.resolver.aws.ConfigClusterResolver : Resolving eureka endpoints via configuration
[2026-08-24 08:29:41 IST] INFO [Service Name -> bookstore-payment-service], [TraceId -> ], [SpanId -> ] 
      <main> com.netflix.discovery.DiscoveryClient : Disable delta property : false
[2026-08-24 08:29:41 IST] INFO [Service Name -> bookstore-payment-service], [TraceId -> ], [SpanId -> ] 
      <main> com.netflix.discovery.DiscoveryClient : Single vip registry refresh property : null
[2026-08-24 08:29:41 IST] INFO [Service Name -> bookstore-payment-service], [TraceId -> ], [SpanId -> ] 
      <main> com.netflix.discovery.DiscoveryClient : Force full registry fetch : false
[2026-08-24 08:29:41 IST] INFO [Service Name -> bookstore-payment-service], [TraceId -> ], [SpanId -> ] 
      <main> com.netflix.discovery.DiscoveryClient : Application is null : false
[2026-08-24 08:29:41 IST] INFO [Service Name -> bookstore-payment-service], [TraceId -> ], [SpanId -> ] 
      <main> com.netflix.discovery.DiscoveryClient : Registered Applications size is zero : true
[2026-08-24 08:29:41 IST] INFO [Service Name -> bookstore-payment-service], [TraceId -> ], [SpanId -> ] 
      <main> com.netflix.discovery.DiscoveryClient : Application version is -1: true
[2026-08-24 08:29:41 IST] INFO [Service Name -> bookstore-payment-service], [TraceId -> ], [SpanId -> ] 
      <main> com.netflix.discovery.DiscoveryClient : Getting all instance registry info from the eureka server
[2026-08-24 08:29:46 IST] ERROR [Service Name -> bookstore-payment-service], [TraceId -> ], [SpanId -> ] 
      <main> com.netflix.discovery.shared.transport.decorator.RedirectingEurekaHttpClient : Request execution error. endpoint=DefaultEndpoint{ serviceUrl='http://localhost:8761/eureka/}
com.sun.jersey.api.client.ClientHandlerException: java.net.ConnectException: Connection refused: connect
	at com.sun.jersey.client.apache4.ApacheHttpClient4Handler.handle(ApacheHttpClient4Handler.java:187)
	at com.sun.jersey.api.client.filter.GZIPContentEncodingFilter.handle(GZIPContentEncodingFilter.java:123)
	at com.netflix.discovery.EurekaIdentityHeaderFilter.handle(EurekaIdentityHeaderFilter.java:27)
	at com.sun.jersey.api.client.Client.handle(Client.java:652)
	at com.sun.jersey.api.client.WebResource.handle(WebResource.java:682)
	at com.sun.jersey.api.client.WebResource.access$200(WebResource.java:74)
	at com.sun.jersey.api.client.WebResource$Builder.get(WebResource.java:509)
	at com.netflix.discovery.shared.transport.jersey.AbstractJerseyEurekaHttpClient.getApplicationsInternal(AbstractJerseyEurekaHttpClient.java:194)
	at com.netflix.discovery.shared.transport.jersey.AbstractJerseyEurekaHttpClient.getApplications(AbstractJerseyEurekaHttpClient.java:165)
	at com.netflix.discovery.shared.transport.decorator.EurekaHttpClientDecorator$6.execute(EurekaHttpClientDecorator.java:137)
	at com.netflix.discovery.shared.transport.decorator.MetricsCollectingEurekaHttpClient.execute(MetricsCollectingEurekaHttpClient.java:73)
	at com.netflix.discovery.shared.transport.decorator.EurekaHttpClientDecorator.getApplications(EurekaHttpClientDecorator.java:134)
	at com.netflix.discovery.shared.transport.decorator.EurekaHttpClientDecorator$6.execute(EurekaHttpClientDecorator.java:137)
	at com.netflix.discovery.shared.transport.decorator.RedirectingEurekaHttpClient.executeOnNewServer(RedirectingEurekaHttpClient.java:118)
	at com.netflix.discovery.shared.transport.decorator.RedirectingEurekaHttpClient.execute(RedirectingEurekaHttpClient.java:79)
	at com.netflix.discovery.shared.transport.decorator.EurekaHttpClientDecorator.getApplications(EurekaHttpClientDecorator.java:134)
	at com.netflix.discovery.shared.transport.decorator.EurekaHttpClientDecorator$6.execute(EurekaHttpClientDecorator.java:137)
	at com.netflix.discovery.shared.transport.decorator.RetryableEurekaHttpClient.execute(RetryableEurekaHttpClient.java:120)
	at com.netflix.discovery.shared.transport.decorator.EurekaHttpClientDecorator.getApplications(EurekaHttpClientDecorator.java:134)
	at com.netflix.discovery.shared.transport.decorator.EurekaHttpClientDecorator$6.execute(EurekaHttpClientDecorator.java:137)
	at com.netflix.discovery.shared.transport.decorator.SessionedEurekaHttpClient.execute(SessionedEurekaHttpClient.java:77)
	at com.netflix.discovery.shared.transport.decorator.EurekaHttpClientDecorator.getApplications(EurekaHttpClientDecorator.java:134)
	at com.netflix.discovery.DiscoveryClient.getAndStoreFullRegistry(DiscoveryClient.java:1069)
	at com.netflix.discovery.DiscoveryClient.fetchRegistry(DiscoveryClient.java:983)
	at com.netflix.discovery.DiscoveryClient.<init>(DiscoveryClient.java:430)
	at com.netflix.discovery.DiscoveryClient.<init>(DiscoveryClient.java:276)
	at com.netflix.discovery.DiscoveryClient.<init>(DiscoveryClient.java:272)
	at org.springframework.cloud.netflix.eureka.CloudEurekaClient.<init>(CloudEurekaClient.java:67)
	at org.springframework.cloud.netflix.eureka.EurekaClientAutoConfiguration$RefreshableEurekaClientConfiguration.eurekaClient(EurekaClientAutoConfiguration.java:324)
	at sun.reflect.NativeMethodAccessorImpl.invoke0(Native Method)
	at sun.reflect.NativeMethodAccessorImpl.invoke(NativeMethodAccessorImpl.java:62)
	at sun.reflect.DelegatingMethodAccessorImpl.invoke(DelegatingMethodAccessorImpl.java:43)
	at java.lang.reflect.Method.invoke(Method.java:498)
	at org.springframework.beans.factory.support.SimpleInstantiationStrategy.instantiate(SimpleInstantiationStrategy.java:154)
	at org.springframework.beans.factory.support.ConstructorResolver.instantiate(ConstructorResolver.java:650)
	at org.springframework.beans.factory.support.ConstructorResolver.instantiateUsingFactoryMethod(ConstructorResolver.java:635)
	at org.springframework.beans.factory.support.AbstractAutowireCapableBeanFactory.instantiateUsingFactoryMethod(AbstractAutowireCapableBeanFactory.java:1336)
	at org.springframework.beans.factory.support.AbstractAutowireCapableBeanFactory.createBeanInstance(AbstractAutowireCapableBeanFactory.java:1176)
	at org.springframework.beans.factory.support.AbstractAutowireCapableBeanFactory.doCreateBean(AbstractAutowireCapableBeanFactory.java:556)
	at org.springframework.beans.factory.support.AbstractAutowireCapableBeanFactory.createBean(AbstractAutowireCapableBeanFactory.java:516)
	at org.springframework.beans.factory.support.AbstractBeanFactory.lambda$doGetBean$1(AbstractBeanFactory.java:363)
	at org.springframework.cloud.context.scope.GenericScope$BeanLifecycleWrapper.getBean(GenericScope.java:389)
	at org.springframework.cloud.context.scope.GenericScope.get(GenericScope.java:186)
	at org.springframework.beans.factory.support.AbstractBeanFactory.doGetBean(AbstractBeanFactory.java:360)
	at org.springframework.beans.factory.support.AbstractBeanFactory.getBean(AbstractBeanFactory.java:202)
	at org.springframework.aop.target.SimpleBeanTargetSource.getTarget(SimpleBeanTargetSource.java:35)
	at org.springframework.cloud.netflix.eureka.serviceregistry.EurekaRegistration.getTargetObject(EurekaRegistration.java:129)
	at org.springframework.cloud.netflix.eureka.serviceregistry.EurekaRegistration.getEurekaClient(EurekaRegistration.java:117)
	at sun.reflect.NativeMethodAccessorImpl.invoke0(Native Method)
	at sun.reflect.NativeMethodAccessorImpl.invoke(NativeMethodAccessorImpl.java:62)
	at sun.reflect.DelegatingMethodAccessorImpl.invoke(DelegatingMethodAccessorImpl.java:43)
	at java.lang.reflect.Method.invoke(Method.java:498)
	at org.springframework.util.ReflectionUtils.invokeMethod(ReflectionUtils.java:282)
	at org.springframework.cloud.context.scope.GenericScope$LockedScopedProxyFactoryBean.invoke(GenericScope.java:499)
	at org.springframework.aop.framework.ReflectiveMethodInvocation.proceed(ReflectiveMethodInvocation.java:186)
	at org.springframework.aop.framework.CglibAopProxy$CglibMethodInvocation.proceed(CglibAopProxy.java:749)
	at org.springframework.aop.framework.CglibAopProxy$DynamicAdvisedInterceptor.intercept(CglibAopProxy.java:691)
	at org.springframework.cloud.netflix.eureka.serviceregistry.EurekaRegistration$$EnhancerBySpringCGLIB$$6258a4fc.getEurekaClient(<generated>)
	at org.springframework.cloud.netflix.eureka.serviceregistry.EurekaServiceRegistry.maybeInitializeClient(EurekaServiceRegistry.java:57)
	at org.springframework.cloud.netflix.eureka.serviceregistry.EurekaServiceRegistry.register(EurekaServiceRegistry.java:38)
	at org.springframework.cloud.netflix.eureka.serviceregistry.EurekaAutoServiceRegistration.start(EurekaAutoServiceRegistration.java:83)
	at org.springframework.context.support.DefaultLifecycleProcessor.doStart(DefaultLifecycleProcessor.java:182)
	at org.springframework.context.support.DefaultLifecycleProcessor.access$200(DefaultLifecycleProcessor.java:53)
	at org.springframework.context.support.DefaultLifecycleProcessor$LifecycleGroup.start(DefaultLifecycleProcessor.java:360)
	at org.springframework.context.support.DefaultLifecycleProcessor.startBeans(DefaultLifecycleProcessor.java:158)
	at org.springframework.context.support.DefaultLifecycleProcessor.onRefresh(DefaultLifecycleProcessor.java:122)
	at org.springframework.context.support.AbstractApplicationContext.finishRefresh(AbstractApplicationContext.java:895)
	at org.springframework.context.support.AbstractApplicationContext.refresh(AbstractApplicationContext.java:554)
	at org.springframework.boot.web.servlet.context.ServletWebServerApplicationContext.refresh(ServletWebServerApplicationContext.java:143)
	at org.springframework.boot.SpringApplication.refresh(SpringApplication.java:758)
	at org.springframework.boot.SpringApplication.refresh(SpringApplication.java:750)
	at org.springframework.boot.SpringApplication.refreshContext(SpringApplication.java:397)
	at org.springframework.boot.SpringApplication.run(SpringApplication.java:315)
	at org.springframework.boot.SpringApplication.run(SpringApplication.java:1237)
	at org.springframework.boot.SpringApplication.run(SpringApplication.java:1226)
	at com.devd.spring.bookstorepaymentservice.BookstorePaymentServiceApplication.main(BookstorePaymentServiceApplication.java:20)
Caused by: java.net.ConnectException: Connection refused: connect
	at java.net.DualStackPlainSocketImpl.waitForConnect(Native Method)
	at java.net.DualStackPlainSocketImpl.socketConnect(DualStackPlainSocketImpl.java:85)
	at java.net.AbstractPlainSocketImpl.doConnect(AbstractPlainSocketImpl.java:350)
	at java.net.AbstractPlainSocketImpl.connectToAddress(AbstractPlainSocketImpl.java:206)
	at java.net.AbstractPlainSocketImpl.connect(AbstractPlainSocketImpl.java:188)
	at java.net.PlainSocketImpl.connect(PlainSocketImpl.java:172)
	at java.net.SocksSocketImpl.connect(SocksSocketImpl.java:392)
	at java.net.Socket.connect(Socket.java:607)
	at org.apache.http.conn.scheme.PlainSocketFactory.connectSocket(PlainSocketFactory.java:121)
	at org.apache.http.impl.conn.DefaultClientConnectionOperator.openConnection(DefaultClientConnectionOperator.java:180)
	at org.apache.http.impl.conn.AbstractPoolEntry.open(AbstractPoolEntry.java:144)
	at org.apache.http.impl.conn.AbstractPooledConnAdapter.open(AbstractPooledConnAdapter.java:134)
	at org.apache.http.impl.client.DefaultRequestDirector.tryConnect(DefaultRequestDirector.java:605)
	at org.apache.http.impl.client.DefaultRequestDirector.execute(DefaultRequestDirector.java:440)
	at org.apache.http.impl.client.AbstractHttpClient.doExecute(AbstractHttpClient.java:835)
	at org.apache.http.impl.client.CloseableHttpClient.execute(CloseableHttpClient.java:118)
	at org.apache.http.impl.client.CloseableHttpClient.execute(CloseableHttpClient.java:56)
	at com.sun.jersey.client.apache4.ApacheHttpClient4Handler.handle(ApacheHttpClient4Handler.java:173)
	... 75 common frames omitted
[2026-08-24 08:29:46 IST] WARN [Service Name -> bookstore-payment-service], [TraceId -> ], [SpanId -> ] 
      <main> com.netflix.discovery.shared.transport.decorator.RetryableEurekaHttpClient : Request execution failed with message: java.net.ConnectException: Connection refused: connect
[2026-08-24 08:29:46 IST] ERROR [Service Name -> bookstore-payment-service], [TraceId -> ], [SpanId -> ] 
      <main> com.netflix.discovery.DiscoveryClient : DiscoveryClient_BOOKSTORE-PAYMENT-SERVICE/LAPTOP-PIAE5DDA:bookstore-payment-service:8001 - was unable to refresh its cache! status = Cannot execute request on any known server
com.netflix.discovery.shared.transport.TransportException: Cannot execute request on any known server
	at com.netflix.discovery.shared.transport.decorator.RetryableEurekaHttpClient.execute(RetryableEurekaHttpClient.java:112)
	at com.netflix.discovery.shared.transport.decorator.EurekaHttpClientDecorator.getApplications(EurekaHttpClientDecorator.java:134)
	at com.netflix.discovery.shared.transport.decorator.EurekaHttpClientDecorator$6.execute(EurekaHttpClientDecorator.java:137)
	at com.netflix.discovery.shared.transport.decorator.SessionedEurekaHttpClient.execute(SessionedEurekaHttpClient.java:77)
	at com.netflix.discovery.shared.transport.decorator.EurekaHttpClientDecorator.getApplications(EurekaHttpClientDecorator.java:134)
	at com.netflix.discovery.DiscoveryClient.getAndStoreFullRegistry(DiscoveryClient.java:1069)
	at com.netflix.discovery.DiscoveryClient.fetchRegistry(DiscoveryClient.java:983)
	at com.netflix.discovery.DiscoveryClient.<init>(DiscoveryClient.java:430)
	at com.netflix.discovery.DiscoveryClient.<init>(DiscoveryClient.java:276)
	at com.netflix.discovery.DiscoveryClient.<init>(DiscoveryClient.java:272)
	at org.springframework.cloud.netflix.eureka.CloudEurekaClient.<init>(CloudEurekaClient.java:67)
	at org.springframework.cloud.netflix.eureka.EurekaClientAutoConfiguration$RefreshableEurekaClientConfiguration.eurekaClient(EurekaClientAutoConfiguration.java:324)
	at sun.reflect.NativeMethodAccessorImpl.invoke0(Native Method)
	at sun.reflect.NativeMethodAccessorImpl.invoke(NativeMethodAccessorImpl.java:62)
	at sun.reflect.DelegatingMethodAccessorImpl.invoke(DelegatingMethodAccessorImpl.java:43)
	at java.lang.reflect.Method.invoke(Method.java:498)
	at org.springframework.beans.factory.support.SimpleInstantiationStrategy.instantiate(SimpleInstantiationStrategy.java:154)
	at org.springframework.beans.factory.support.ConstructorResolver.instantiate(ConstructorResolver.java:650)
	at org.springframework.beans.factory.support.ConstructorResolver.instantiateUsingFactoryMethod(ConstructorResolver.java:635)
	at org.springframework.beans.factory.support.AbstractAutowireCapableBeanFactory.instantiateUsingFactoryMethod(AbstractAutowireCapableBeanFactory.java:1336)
	at org.springframework.beans.factory.support.AbstractAutowireCapableBeanFactory.createBeanInstance(AbstractAutowireCapableBeanFactory.java:1176)
	at org.springframework.beans.factory.support.AbstractAutowireCapableBeanFactory.doCreateBean(AbstractAutowireCapableBeanFactory.java:556)
	at org.springframework.beans.factory.support.AbstractAutowireCapableBeanFactory.createBean(AbstractAutowireCapableBeanFactory.java:516)
	at org.springframework.beans.factory.support.AbstractBeanFactory.lambda$doGetBean$1(AbstractBeanFactory.java:363)
	at org.springframework.cloud.context.scope.GenericScope$BeanLifecycleWrapper.getBean(GenericScope.java:389)
	at org.springframework.cloud.context.scope.GenericScope.get(GenericScope.java:186)
	at org.springframework.beans.factory.support.AbstractBeanFactory.doGetBean(AbstractBeanFactory.java:360)
	at org.springframework.beans.factory.support.AbstractBeanFactory.getBean(AbstractBeanFactory.java:202)
	at org.springframework.aop.target.SimpleBeanTargetSource.getTarget(SimpleBeanTargetSource.java:35)
	at org.springframework.cloud.netflix.eureka.serviceregistry.EurekaRegistration.getTargetObject(EurekaRegistration.java:129)
	at org.springframework.cloud.netflix.eureka.serviceregistry.EurekaRegistration.getEurekaClient(EurekaRegistration.java:117)
	at sun.reflect.NativeMethodAccessorImpl.invoke0(Native Method)
	at sun.reflect.NativeMethodAccessorImpl.invoke(NativeMethodAccessorImpl.java:62)
	at sun.reflect.DelegatingMethodAccessorImpl.invoke(DelegatingMethodAccessorImpl.java:43)
	at java.lang.reflect.Method.invoke(Method.java:498)
	at org.springframework.util.ReflectionUtils.invokeMethod(ReflectionUtils.java:282)
	at org.springframework.cloud.context.scope.GenericScope$LockedScopedProxyFactoryBean.invoke(GenericScope.java:499)
	at org.springframework.aop.framework.ReflectiveMethodInvocation.proceed(ReflectiveMethodInvocation.java:186)
	at org.springframework.aop.framework.CglibAopProxy$CglibMethodInvocation.proceed(CglibAopProxy.java:749)
	at org.springframework.aop.framework.CglibAopProxy$DynamicAdvisedInterceptor.intercept(CglibAopProxy.java:691)
	at org.springframework.cloud.netflix.eureka.serviceregistry.EurekaRegistration$$EnhancerBySpringCGLIB$$6258a4fc.getEurekaClient(<generated>)
	at org.springframework.cloud.netflix.eureka.serviceregistry.EurekaServiceRegistry.maybeInitializeClient(EurekaServiceRegistry.java:57)
	at org.springframework.cloud.netflix.eureka.serviceregistry.EurekaServiceRegistry.register(EurekaServiceRegistry.java:38)
	at org.springframework.cloud.netflix.eureka.serviceregistry.EurekaAutoServiceRegistration.start(EurekaAutoServiceRegistration.java:83)
	at org.springframework.context.support.DefaultLifecycleProcessor.doStart(DefaultLifecycleProcessor.java:182)
	at org.springframework.context.support.DefaultLifecycleProcessor.access$200(DefaultLifecycleProcessor.java:53)
	at org.springframework.context.support.DefaultLifecycleProcessor$LifecycleGroup.start(DefaultLifecycleProcessor.java:360)
	at org.springframework.context.support.DefaultLifecycleProcessor.startBeans(DefaultLifecycleProcessor.java:158)
	at org.springframework.context.support.DefaultLifecycleProcessor.onRefresh(DefaultLifecycleProcessor.java:122)
	at org.springframework.context.support.AbstractApplicationContext.finishRefresh(AbstractApplicationContext.java:895)
	at org.springframework.context.support.AbstractApplicationContext.refresh(AbstractApplicationContext.java:554)
	at org.springframework.boot.web.servlet.context.ServletWebServerApplicationContext.refresh(ServletWebServerApplicationContext.java:143)
	at org.springframework.boot.SpringApplication.refresh(SpringApplication.java:758)
	at org.springframework.boot.SpringApplication.refresh(SpringApplication.java:750)
	at org.springframework.boot.SpringApplication.refreshContext(SpringApplication.java:397)
	at org.springframework.boot.SpringApplication.run(SpringApplication.java:315)
	at org.springframework.boot.SpringApplication.run(SpringApplication.java:1237)
	at org.springframework.boot.SpringApplication.run(SpringApplication.java:1226)
	at com.devd.spring.bookstorepaymentservice.BookstorePaymentServiceApplication.main(BookstorePaymentServiceApplication.java:20)
[2026-08-24 08:29:46 IST] WARN [Service Name -> bookstore-payment-service], [TraceId -> ], [SpanId -> ] 
      <main> com.netflix.discovery.DiscoveryClient : Using default backup registry implementation which does not do anything.
[2026-08-24 08:29:46 IST] INFO [Service Name -> bookstore-payment-service], [TraceId -> ], [SpanId -> ] 
      <main> com.netflix.discovery.DiscoveryClient : Starting heartbeat executor: renew interval is: 30
[2026-08-24 08:29:46 IST] INFO [Service Name -> bookstore-payment-service], [TraceId -> ], [SpanId -> ] 
      <main> com.netflix.discovery.InstanceInfoReplicator : InstanceInfoReplicator onDemand update allowed rate per min is 4
[2026-08-24 08:29:46 IST] INFO [Service Name -> bookstore-payment-service], [TraceId -> ], [SpanId -> ] 
      <main> com.netflix.discovery.DiscoveryClient : Discovery Client initialized at timestamp 1787540386201 with initial instances count: 0
[2026-08-24 08:29:46 IST] INFO [Service Name -> bookstore-payment-service], [TraceId -> ], [SpanId -> ] 
      <main> org.springframework.cloud.netflix.eureka.serviceregistry.EurekaServiceRegistry : Registering application BOOKSTORE-PAYMENT-SERVICE with eureka with status UP
[2026-08-24 08:29:46 IST] INFO [Service Name -> bookstore-payment-service], [TraceId -> ], [SpanId -> ] 
      <main> com.netflix.discovery.DiscoveryClient : Saw local status change event StatusChangeEvent [timestamp=1787540386215, current=UP, previous=STARTING]
[2026-08-24 08:29:46 IST] INFO [Service Name -> bookstore-payment-service], [TraceId -> ], [SpanId -> ] 
      <main> org.apache.coyote.http11.Http11NioProtocol : Starting ProtocolHandler ["http-nio-8001"]
[2026-08-24 08:29:46 IST] INFO [Service Name -> bookstore-payment-service], [TraceId -> ], [SpanId -> ] 
      <DiscoveryClient-InstanceInfoReplicator-0> com.netflix.discovery.DiscoveryClient : DiscoveryClient_BOOKSTORE-PAYMENT-SERVICE/LAPTOP-PIAE5DDA:bookstore-payment-service:8001: registering service...
[2026-08-24 08:29:46 IST] INFO [Service Name -> bookstore-payment-service], [TraceId -> ], [SpanId -> ] 
      <main> org.springframework.boot.web.embedded.tomcat.TomcatWebServer : Tomcat started on port(s): 8001 (http) with context path ''
[2026-08-24 08:29:46 IST] INFO [Service Name -> bookstore-payment-service], [TraceId -> ], [SpanId -> ] 
      <main> org.springframework.cloud.netflix.eureka.serviceregistry.EurekaAutoServiceRegistration : Updating port to 8001
[2026-08-24 08:29:47 IST] INFO [Service Name -> bookstore-payment-service], [TraceId -> ], [SpanId -> ] 
      <main> org.springframework.data.repository.config.DeferredRepositoryInitializationListener : Triggering deferred initialization of Spring Data repositories…
[2026-08-24 08:29:47 IST] INFO [Service Name -> bookstore-payment-service], [TraceId -> ], [SpanId -> ] 
      <main> org.springframework.data.repository.config.DeferredRepositoryInitializationListener : Spring Data repositories initialized!
[2026-08-24 08:29:48 IST] INFO [Service Name -> bookstore-payment-service], [TraceId -> ], [SpanId -> ] 
      <main> com.devd.spring.bookstorepaymentservice.BookstorePaymentServiceApplication : Started BookstorePaymentServiceApplication in 32.502 seconds (JVM running for 39.283)
[2026-08-24 08:29:48 IST] INFO [Service Name -> bookstore-payment-service], [TraceId -> ], [SpanId -> ] 
      <RMI TCP Connection(3)-192.168.43.173> org.apache.catalina.core.ContainerBase.[Tomcat].[localhost].[/] : Initializing Spring DispatcherServlet 'dispatcherServlet'
[2026-08-24 08:29:48 IST] INFO [Service Name -> bookstore-payment-service], [TraceId -> ], [SpanId -> ] 
      <RMI TCP Connection(3)-192.168.43.173> org.springframework.web.servlet.DispatcherServlet : Initializing Servlet 'dispatcherServlet'
[2026-08-24 08:29:48 IST] INFO [Service Name -> bookstore-payment-service], [TraceId -> ], [SpanId -> ] 
      <RMI TCP Connection(3)-192.168.43.173> org.springframework.web.servlet.DispatcherServlet : Completed initialization in 24 ms
[2026-08-24 08:29:50 IST] ERROR [Service Name -> bookstore-payment-service], [TraceId -> ], [SpanId -> ] 
      <DiscoveryClient-InstanceInfoReplicator-0> com.netflix.discovery.shared.transport.decorator.RedirectingEurekaHttpClient : Request execution error. endpoint=DefaultEndpoint{ serviceUrl='http://localhost:8761/eureka/}
com.sun.jersey.api.client.ClientHandlerException: java.net.ConnectException: Connection refused: connect
	at com.sun.jersey.client.apache4.ApacheHttpClient4Handler.handle(ApacheHttpClient4Handler.java:187)
	at com.sun.jersey.api.client.filter.GZIPContentEncodingFilter.handle(GZIPContentEncodingFilter.java:123)
	at com.netflix.discovery.EurekaIdentityHeaderFilter.handle(EurekaIdentityHeaderFilter.java:27)
	at com.sun.jersey.api.client.Client.handle(Client.java:652)
	at com.sun.jersey.api.client.WebResource.handle(WebResource.java:682)
	at com.sun.jersey.api.client.WebResource.access$200(WebResource.java:74)
	at com.sun.jersey.api.client.WebResource$Builder.post(WebResource.java:570)
	at com.netflix.discovery.shared.transport.jersey.AbstractJerseyEurekaHttpClient.register(AbstractJerseyEurekaHttpClient.java:56)
	at com.netflix.discovery.shared.transport.decorator.EurekaHttpClientDecorator$1.execute(EurekaHttpClientDecorator.java:59)
	at com.netflix.discovery.shared.transport.decorator.MetricsCollectingEurekaHttpClient.execute(MetricsCollectingEurekaHttpClient.java:73)
	at com.netflix.discovery.shared.transport.decorator.EurekaHttpClientDecorator.register(EurekaHttpClientDecorator.java:56)
	at com.netflix.discovery.shared.transport.decorator.EurekaHttpClientDecorator$1.execute(EurekaHttpClientDecorator.java:59)
	at com.netflix.discovery.shared.transport.decorator.RedirectingEurekaHttpClient.executeOnNewServer(RedirectingEurekaHttpClient.java:118)
	at com.netflix.discovery.shared.transport.decorator.RedirectingEurekaHttpClient.execute(RedirectingEurekaHttpClient.java:79)
	at com.netflix.discovery.shared.transport.decorator.EurekaHttpClientDecorator.register(EurekaHttpClientDecorator.java:56)
	at com.netflix.discovery.shared.transport.decorator.EurekaHttpClientDecorator$1.execute(EurekaHttpClientDecorator.java:59)
	at com.netflix.discovery.shared.transport.decorator.RetryableEurekaHttpClient.execute(RetryableEurekaHttpClient.java:120)
	at com.netflix.discovery.shared.transport.decorator.EurekaHttpClientDecorator.register(EurekaHttpClientDecorator.java:56)
	at com.netflix.discovery.shared.transport.decorator.EurekaHttpClientDecorator$1.execute(EurekaHttpClientDecorator.java:59)
	at com.netflix.discovery.shared.transport.decorator.SessionedEurekaHttpClient.execute(SessionedEurekaHttpClient.java:77)
	at com.netflix.discovery.shared.transport.decorator.EurekaHttpClientDecorator.register(EurekaHttpClientDecorator.java:56)
	at com.netflix.discovery.DiscoveryClient.register(DiscoveryClient.java:847)
	at com.netflix.discovery.InstanceInfoReplicator.run(InstanceInfoReplicator.java:121)
	at com.netflix.discovery.InstanceInfoReplicator$1.run(InstanceInfoReplicator.java:101)
	at java.util.concurrent.Executors$RunnableAdapter.call(Executors.java:511)
	at java.util.concurrent.FutureTask.run(FutureTask.java:266)
	at java.util.concurrent.ScheduledThreadPoolExecutor$ScheduledFutureTask.access$201(ScheduledThreadPoolExecutor.java:180)
	at java.util.concurrent.ScheduledThreadPoolExecutor$ScheduledFutureTask.run(ScheduledThreadPoolExecutor.java:293)
	at java.util.concurrent.ThreadPoolExecutor.runWorker(ThreadPoolExecutor.java:1149)
	at java.util.concurrent.ThreadPoolExecutor$Worker.run(ThreadPoolExecutor.java:624)
	at java.lang.Thread.run(Thread.java:750)
Caused by: java.net.ConnectException: Connection refused: connect
	at java.net.DualStackPlainSocketImpl.waitForConnect(Native Method)
	at java.net.DualStackPlainSocketImpl.socketConnect(DualStackPlainSocketImpl.java:85)
	at java.net.AbstractPlainSocketImpl.doConnect(AbstractPlainSocketImpl.java:350)
	at java.net.AbstractPlainSocketImpl.connectToAddress(AbstractPlainSocketImpl.java:206)
	at java.net.AbstractPlainSocketImpl.connect(AbstractPlainSocketImpl.java:188)
	at java.net.PlainSocketImpl.connect(PlainSocketImpl.java:172)
	at java.net.SocksSocketImpl.connect(SocksSocketImpl.java:392)
	at java.net.Socket.connect(Socket.java:607)
	at org.apache.http.conn.scheme.PlainSocketFactory.connectSocket(PlainSocketFactory.java:121)
	at org.apache.http.impl.conn.DefaultClientConnectionOperator.openConnection(DefaultClientConnectionOperator.java:180)
	at org.apache.http.impl.conn.AbstractPoolEntry.open(AbstractPoolEntry.java:144)
	at org.apache.http.impl.conn.AbstractPooledConnAdapter.open(AbstractPooledConnAdapter.java:134)
	at org.apache.http.impl.client.DefaultRequestDirector.tryConnect(DefaultRequestDirector.java:605)
	at org.apache.http.impl.client.DefaultRequestDirector.execute(DefaultRequestDirector.java:440)
	at org.apache.http.impl.client.AbstractHttpClient.doExecute(AbstractHttpClient.java:835)
	at org.apache.http.impl.client.CloseableHttpClient.execute(CloseableHttpClient.java:118)
	at org.apache.http.impl.client.CloseableHttpClient.execute(CloseableHttpClient.java:56)
	at com.sun.jersey.client.apache4.ApacheHttpClient4Handler.handle(ApacheHttpClient4Handler.java:173)
	... 30 common frames omitted
[2026-08-24 08:29:50 IST] WARN [Service Name -> bookstore-payment-service], [TraceId -> ], [SpanId -> ] 
      <DiscoveryClient-InstanceInfoReplicator-0> com.netflix.discovery.shared.transport.decorator.RetryableEurekaHttpClient : Request execution failed with message: java.net.ConnectException: Connection refused: connect
[2026-08-24 08:29:50 IST] WARN [Service Name -> bookstore-payment-service], [TraceId -> ], [SpanId -> ] 
      <DiscoveryClient-InstanceInfoReplicator-0> com.netflix.discovery.DiscoveryClient : DiscoveryClient_BOOKSTORE-PAYMENT-SERVICE/LAPTOP-PIAE5DDA:bookstore-payment-service:8001 - registration failed Cannot execute request on any known server
com.netflix.discovery.shared.transport.TransportException: Cannot execute request on any known server
	at com.netflix.discovery.shared.transport.decorator.RetryableEurekaHttpClient.execute(RetryableEurekaHttpClient.java:112)
	at com.netflix.discovery.shared.transport.decorator.EurekaHttpClientDecorator.register(EurekaHttpClientDecorator.java:56)
	at com.netflix.discovery.shared.transport.decorator.EurekaHttpClientDecorator$1.execute(EurekaHttpClientDecorator.java:59)
	at com.netflix.discovery.shared.transport.decorator.SessionedEurekaHttpClient.execute(SessionedEurekaHttpClient.java:77)
	at com.netflix.discovery.shared.transport.decorator.EurekaHttpClientDecorator.register(EurekaHttpClientDecorator.java:56)
	at com.netflix.discovery.DiscoveryClient.register(DiscoveryClient.java:847)
	at com.netflix.discovery.InstanceInfoReplicator.run(InstanceInfoReplicator.java:121)
	at com.netflix.discovery.InstanceInfoReplicator$1.run(InstanceInfoReplicator.java:101)
	at java.util.concurrent.Executors$RunnableAdapter.call(Executors.java:511)
	at java.util.concurrent.FutureTask.run(FutureTask.java:266)
	at java.util.concurrent.ScheduledThreadPoolExecutor$ScheduledFutureTask.access$201(ScheduledThreadPoolExecutor.java:180)
	at java.util.concurrent.ScheduledThreadPoolExecutor$ScheduledFutureTask.run(ScheduledThreadPoolExecutor.java:293)
	at java.util.concurrent.ThreadPoolExecutor.runWorker(ThreadPoolExecutor.java:1149)
	at java.util.concurrent.ThreadPoolExecutor$Worker.run(ThreadPoolExecutor.java:624)
	at java.lang.Thread.run(Thread.java:750)
[2026-08-24 08:29:50 IST] WARN [Service Name -> bookstore-payment-service], [TraceId -> ], [SpanId -> ] 
      <DiscoveryClient-InstanceInfoReplicator-0> com.netflix.discovery.InstanceInfoReplicator : There was a problem with the instance info replicator
com.netflix.discovery.shared.transport.TransportException: Cannot execute request on any known server
	at com.netflix.discovery.shared.transport.decorator.RetryableEurekaHttpClient.execute(RetryableEurekaHttpClient.java:112)
	at com.netflix.discovery.shared.transport.decorator.EurekaHttpClientDecorator.register(EurekaHttpClientDecorator.java:56)
	at com.netflix.discovery.shared.transport.decorator.EurekaHttpClientDecorator$1.execute(EurekaHttpClientDecorator.java:59)
	at com.netflix.discovery.shared.transport.decorator.SessionedEurekaHttpClient.execute(SessionedEurekaHttpClient.java:77)
	at com.netflix.discovery.shared.transport.decorator.EurekaHttpClientDecorator.register(EurekaHttpClientDecorator.java:56)
	at com.netflix.discovery.DiscoveryClient.register(DiscoveryClient.java:847)
	at com.netflix.discovery.InstanceInfoReplicator.run(InstanceInfoReplicator.java:121)
	at com.netflix.discovery.InstanceInfoReplicator$1.run(InstanceInfoReplicator.java:101)
	at java.util.concurrent.Executors$RunnableAdapter.call(Executors.java:511)
	at java.util.concurrent.FutureTask.run(FutureTask.java:266)
	at java.util.concurrent.ScheduledThreadPoolExecutor$ScheduledFutureTask.access$201(ScheduledThreadPoolExecutor.java:180)
	at java.util.concurrent.ScheduledThreadPoolExecutor$ScheduledFutureTask.run(ScheduledThreadPoolExecutor.java:293)
	at java.util.concurrent.ThreadPoolExecutor.runWorker(ThreadPoolExecutor.java:1149)
	at java.util.concurrent.ThreadPoolExecutor$Worker.run(ThreadPoolExecutor.java:624)
	at java.lang.Thread.run(Thread.java:750)
[2026-08-24 08:30:16 IST] INFO [Service Name -> bookstore-payment-service], [TraceId -> ], [SpanId -> ] 
      <DiscoveryClient-CacheRefreshExecutor-0> com.netflix.discovery.DiscoveryClient : Disable delta property : false
[2026-08-24 08:30:16 IST] INFO [Service Name -> bookstore-payment-service], [TraceId -> ], [SpanId -> ] 
      <DiscoveryClient-CacheRefreshExecutor-0> com.netflix.discovery.DiscoveryClient : Single vip registry refresh property : null
[2026-08-24 08:30:16 IST] INFO [Service Name -> bookstore-payment-service], [TraceId -> ], [SpanId -> ] 
      <DiscoveryClient-CacheRefreshExecutor-0> com.netflix.discovery.DiscoveryClient : Force full registry fetch : false
[2026-08-24 08:30:16 IST] INFO [Service Name -> bookstore-payment-service], [TraceId -> ], [SpanId -> ] 
      <DiscoveryClient-CacheRefreshExecutor-0> com.netflix.discovery.DiscoveryClient : Application is null : false
[2026-08-24 08:30:16 IST] INFO [Service Name -> bookstore-payment-service], [TraceId -> ], [SpanId -> ] 
      <DiscoveryClient-CacheRefreshExecutor-0> com.netflix.discovery.DiscoveryClient : Registered Applications size is zero : true
[2026-08-24 08:30:16 IST] INFO [Service Name -> bookstore-payment-service], [TraceId -> ], [SpanId -> ] 
      <DiscoveryClient-CacheRefreshExecutor-0> com.netflix.discovery.DiscoveryClient : Application version is -1: true
[2026-08-24 08:30:16 IST] INFO [Service Name -> bookstore-payment-service], [TraceId -> ], [SpanId -> ] 
      <DiscoveryClient-CacheRefreshExecutor-0> com.netflix.discovery.DiscoveryClient : Getting all instance registry info from the eureka server
[2026-08-24 08:30:20 IST] INFO [Service Name -> bookstore-payment-service], [TraceId -> ], [SpanId -> ] 
      <DiscoveryClient-InstanceInfoReplicator-0> com.netflix.discovery.DiscoveryClient : DiscoveryClient_BOOKSTORE-PAYMENT-SERVICE/LAPTOP-PIAE5DDA:bookstore-payment-service:8001: registering service...
[2026-08-24 08:30:20 IST] ERROR [Service Name -> bookstore-payment-service], [TraceId -> ], [SpanId -> ] 
      <DiscoveryClient-CacheRefreshExecutor-0> com.netflix.discovery.shared.transport.decorator.RedirectingEurekaHttpClient : Request execution error. endpoint=DefaultEndpoint{ serviceUrl='http://localhost:8761/eureka/}
com.sun.jersey.api.client.ClientHandlerException: java.net.ConnectException: Connection refused: connect
	at com.sun.jersey.client.apache4.ApacheHttpClient4Handler.handle(ApacheHttpClient4Handler.java:187)
	at com.sun.jersey.api.client.filter.GZIPContentEncodingFilter.handle(GZIPContentEncodingFilter.java:123)
	at com.netflix.discovery.EurekaIdentityHeaderFilter.handle(EurekaIdentityHeaderFilter.java:27)
	at com.sun.jersey.api.client.Client.handle(Client.java:652)
	at com.sun.jersey.api.client.WebResource.handle(WebResource.java:682)
	at com.sun.jersey.api.client.WebResource.access$200(WebResource.java:74)
	at com.sun.jersey.api.client.WebResource$Builder.get(WebResource.java:509)
	at com.netflix.discovery.shared.transport.jersey.AbstractJerseyEurekaHttpClient.getApplicationsInternal(AbstractJerseyEurekaHttpClient.java:194)
	at com.netflix.discovery.shared.transport.jersey.AbstractJerseyEurekaHttpClient.getApplications(AbstractJerseyEurekaHttpClient.java:165)
	at com.netflix.discovery.shared.transport.decorator.EurekaHttpClientDecorator$6.execute(EurekaHttpClientDecorator.java:137)
	at com.netflix.discovery.shared.transport.decorator.MetricsCollectingEurekaHttpClient.execute(MetricsCollectingEurekaHttpClient.java:73)
	at com.netflix.discovery.shared.transport.decorator.EurekaHttpClientDecorator.getApplications(EurekaHttpClientDecorator.java:134)
	at com.netflix.discovery.shared.transport.decorator.EurekaHttpClientDecorator$6.execute(EurekaHttpClientDecorator.java:137)
	at com.netflix.discovery.shared.transport.decorator.RedirectingEurekaHttpClient.executeOnNewServer(RedirectingEurekaHttpClient.java:118)
	at com.netflix.discovery.shared.transport.decorator.RedirectingEurekaHttpClient.execute(RedirectingEurekaHttpClient.java:79)
	at com.netflix.discovery.shared.transport.decorator.EurekaHttpClientDecorator.getApplications(EurekaHttpClientDecorator.java:134)
	at com.netflix.discovery.shared.transport.decorator.EurekaHttpClientDecorator$6.execute(EurekaHttpClientDecorator.java:137)
	at com.netflix.discovery.shared.transport.decorator.RetryableEurekaHttpClient.execute(RetryableEurekaHttpClient.java:120)
	at com.netflix.discovery.shared.transport.decorator.EurekaHttpClientDecorator.getApplications(EurekaHttpClientDecorator.java:134)
	at com.netflix.discovery.shared.transport.decorator.EurekaHttpClientDecorator$6.execute(EurekaHttpClientDecorator.java:137)
	at com.netflix.discovery.shared.transport.decorator.SessionedEurekaHttpClient.execute(SessionedEurekaHttpClient.java:77)
	at com.netflix.discovery.shared.transport.decorator.EurekaHttpClientDecorator.getApplications(EurekaHttpClientDecorator.java:134)
	at com.netflix.discovery.DiscoveryClient.getAndStoreFullRegistry(DiscoveryClient.java:1069)
	at com.netflix.discovery.DiscoveryClient.fetchRegistry(DiscoveryClient.java:983)
	at com.netflix.discovery.DiscoveryClient.refreshRegistry(DiscoveryClient.java:1497)
	at com.netflix.discovery.DiscoveryClient$CacheRefreshThread.run(DiscoveryClient.java:1464)
	at java.util.concurrent.Executors$RunnableAdapter.call(Executors.java:511)
	at java.util.concurrent.FutureTask.run(FutureTask.java:266)
	at java.util.concurrent.ThreadPoolExecutor.runWorker(ThreadPoolExecutor.java:1149)
	at java.util.concurrent.ThreadPoolExecutor$Worker.run(ThreadPoolExecutor.java:624)
	at java.lang.Thread.run(Thread.java:750)
Caused by: java.net.ConnectException: Connection refused: connect
	at java.net.DualStackPlainSocketImpl.waitForConnect(Native Method)
	at java.net.DualStackPlainSocketImpl.socketConnect(DualStackPlainSocketImpl.java:85)
	at java.net.AbstractPlainSocketImpl.doConnect(AbstractPlainSocketImpl.java:350)
	at java.net.AbstractPlainSocketImpl.connectToAddress(AbstractPlainSocketImpl.java:206)
	at java.net.AbstractPlainSocketImpl.connect(AbstractPlainSocketImpl.java:188)
	at java.net.PlainSocketImpl.connect(PlainSocketImpl.java:172)
	at java.net.SocksSocketImpl.connect(SocksSocketImpl.java:392)
	at java.net.Socket.connect(Socket.java:607)
	at org.apache.http.conn.scheme.PlainSocketFactory.connectSocket(PlainSocketFactory.java:121)
	at org.apache.http.impl.conn.DefaultClientConnectionOperator.openConnection(DefaultClientConnectionOperator.java:180)
	at org.apache.http.impl.conn.AbstractPoolEntry.open(AbstractPoolEntry.java:144)
	at org.apache.http.impl.conn.AbstractPooledConnAdapter.open(AbstractPooledConnAdapter.java:134)
	at org.apache.http.impl.client.DefaultRequestDirector.tryConnect(DefaultRequestDirector.java:605)
	at org.apache.http.impl.client.DefaultRequestDirector.execute(DefaultRequestDirector.java:440)
	at org.apache.http.impl.client.AbstractHttpClient.doExecute(AbstractHttpClient.java:835)
	at org.apache.http.impl.client.CloseableHttpClient.execute(CloseableHttpClient.java:118)
	at org.apache.http.impl.client.CloseableHttpClient.execute(CloseableHttpClient.java:56)
	at com.sun.jersey.client.apache4.ApacheHttpClient4Handler.handle(ApacheHttpClient4Handler.java:173)
	... 30 common frames omitted
[2026-08-24 08:30:20 IST] WARN [Service Name -> bookstore-payment-service], [TraceId -> ], [SpanId -> ] 
      <DiscoveryClient-CacheRefreshExecutor-0> com.netflix.discovery.shared.transport.decorator.RetryableEurekaHttpClient : Request execution failed with message: java.net.ConnectException: Connection refused: connect
[2026-08-24 08:30:20 IST] ERROR [Service Name -> bookstore-payment-service], [TraceId -> ], [SpanId -> ] 
      <DiscoveryClient-CacheRefreshExecutor-0> com.netflix.discovery.DiscoveryClient : DiscoveryClient_BOOKSTORE-PAYMENT-SERVICE/LAPTOP-PIAE5DDA:bookstore-payment-service:8001 - was unable to refresh its cache! status = Cannot execute request on any known server
com.netflix.discovery.shared.transport.TransportException: Cannot execute request on any known server
	at com.netflix.discovery.shared.transport.decorator.RetryableEurekaHttpClient.execute(RetryableEurekaHttpClient.java:112)
	at com.netflix.discovery.shared.transport.decorator.EurekaHttpClientDecorator.getApplications(EurekaHttpClientDecorator.java:134)
	at com.netflix.discovery.shared.transport.decorator.EurekaHttpClientDecorator$6.execute(EurekaHttpClientDecorator.java:137)
	at com.netflix.discovery.shared.transport.decorator.SessionedEurekaHttpClient.execute(SessionedEurekaHttpClient.java:77)
	at com.netflix.discovery.shared.transport.decorator.EurekaHttpClientDecorator.getApplications(EurekaHttpClientDecorator.java:134)
	at com.netflix.discovery.DiscoveryClient.getAndStoreFullRegistry(DiscoveryClient.java:1069)
	at com.netflix.discovery.DiscoveryClient.fetchRegistry(DiscoveryClient.java:983)
	at com.netflix.discovery.DiscoveryClient.refreshRegistry(DiscoveryClient.java:1497)
	at com.netflix.discovery.DiscoveryClient$CacheRefreshThread.run(DiscoveryClient.java:1464)
	at java.util.concurrent.Executors$RunnableAdapter.call(Executors.java:511)
	at java.util.concurrent.FutureTask.run(FutureTask.java:266)
	at java.util.concurrent.ThreadPoolExecutor.runWorker(ThreadPoolExecutor.java:1149)
	at java.util.concurrent.ThreadPoolExecutor$Worker.run(ThreadPoolExecutor.java:624)
	at java.lang.Thread.run(Thread.java:750)
[2026-08-24 08:30:20 IST] ERROR [Service Name -> bookstore-payment-service], [TraceId -> ], [SpanId -> ] 
      <DiscoveryClient-HeartbeatExecutor-0> com.netflix.discovery.shared.transport.decorator.RedirectingEurekaHttpClient : Request execution error. endpoint=DefaultEndpoint{ serviceUrl='http://localhost:8761/eureka/}
com.sun.jersey.api.client.ClientHandlerException: java.net.ConnectException: Connection refused: connect
	at com.sun.jersey.client.apache4.ApacheHttpClient4Handler.handle(ApacheHttpClient4Handler.java:187)
	at com.sun.jersey.api.client.filter.GZIPContentEncodingFilter.handle(GZIPContentEncodingFilter.java:123)
	at com.netflix.discovery.EurekaIdentityHeaderFilter.handle(EurekaIdentityHeaderFilter.java:27)
	at com.sun.jersey.api.client.Client.handle(Client.java:652)
	at com.sun.jersey.api.client.WebResource.handle(WebResource.java:682)
	at com.sun.jersey.api.client.WebResource.access$200(WebResource.java:74)
	at com.sun.jersey.api.client.WebResource$Builder.put(WebResource.java:529)
	at com.netflix.discovery.shared.transport.jersey.AbstractJerseyEurekaHttpClient.sendHeartBeat(AbstractJerseyEurekaHttpClient.java:102)
	at com.netflix.discovery.shared.transport.decorator.EurekaHttpClientDecorator$3.execute(EurekaHttpClientDecorator.java:92)
	at com.netflix.discovery.shared.transport.decorator.MetricsCollectingEurekaHttpClient.execute(MetricsCollectingEurekaHttpClient.java:73)
	at com.netflix.discovery.shared.transport.decorator.EurekaHttpClientDecorator.sendHeartBeat(EurekaHttpClientDecorator.java:89)
	at com.netflix.discovery.shared.transport.decorator.EurekaHttpClientDecorator$3.execute(EurekaHttpClientDecorator.java:92)
	at com.netflix.discovery.shared.transport.decorator.RedirectingEurekaHttpClient.executeOnNewServer(RedirectingEurekaHttpClient.java:118)
	at com.netflix.discovery.shared.transport.decorator.RedirectingEurekaHttpClient.execute(RedirectingEurekaHttpClient.java:79)
	at com.netflix.discovery.shared.transport.decorator.EurekaHttpClientDecorator.sendHeartBeat(EurekaHttpClientDecorator.java:89)
	at com.netflix.discovery.shared.transport.decorator.EurekaHttpClientDecorator$3.execute(EurekaHttpClientDecorator.java:92)
	at com.netflix.discovery.shared.transport.decorator.RetryableEurekaHttpClient.execute(RetryableEurekaHttpClient.java:120)
	at com.netflix.discovery.shared.transport.decorator.EurekaHttpClientDecorator.sendHeartBeat(EurekaHttpClientDecorator.java:89)
	at com.netflix.discovery.shared.transport.decorator.EurekaHttpClientDecorator$3.execute(EurekaHttpClientDecorator.java:92)
	at com.netflix.discovery.shared.transport.decorator.SessionedEurekaHttpClient.execute(SessionedEurekaHttpClient.java:77)
	at com.netflix.discovery.shared.transport.decorator.EurekaHttpClientDecorator.sendHeartBeat(EurekaHttpClientDecorator.java:89)
	at com.netflix.discovery.DiscoveryClient.renew(DiscoveryClient.java:864)
	at com.netflix.discovery.DiscoveryClient$HeartbeatThread.run(DiscoveryClient.java:1423)
	at java.util.concurrent.Executors$RunnableAdapter.call(Executors.java:511)
	at java.util.concurrent.FutureTask.run(FutureTask.java:266)
	at java.util.concurrent.ThreadPoolExecutor.runWorker(ThreadPoolExecutor.java:1149)
	at java.util.concurrent.ThreadPoolExecutor$Worker.run(ThreadPoolExecutor.java:624)
	at java.lang.Thread.run(Thread.java:750)
Caused by: java.net.ConnectException: Connection refused: connect
	at java.net.DualStackPlainSocketImpl.waitForConnect(Native Method)
	at java.net.DualStackPlainSocketImpl.socketConnect(DualStackPlainSocketImpl.java:85)
	at java.net.AbstractPlainSocketImpl.doConnect(AbstractPlainSocketImpl.java:350)
	at java.net.AbstractPlainSocketImpl.connectToAddress(AbstractPlainSocketImpl.java:206)
	at java.net.AbstractPlainSocketImpl.connect(AbstractPlainSocketImpl.java:188)
	at java.net.PlainSocketImpl.connect(PlainSocketImpl.java:172)
	at java.net.SocksSocketImpl.connect(SocksSocketImpl.java:392)
	at java.net.Socket.connect(Socket.java:607)
	at org.apache.http.conn.scheme.PlainSocketFactory.connectSocket(PlainSocketFactory.java:121)
	at org.apache.http.impl.conn.DefaultClientConnectionOperator.openConnection(DefaultClientConnectionOperator.java:180)
	at org.apache.http.impl.conn.AbstractPoolEntry.open(AbstractPoolEntry.java:144)
	at org.apache.http.impl.conn.AbstractPooledConnAdapter.open(AbstractPooledConnAdapter.java:134)
	at org.apache.http.impl.client.DefaultRequestDirector.tryConnect(DefaultRequestDirector.java:605)
	at org.apache.http.impl.client.DefaultRequestDirector.execute(DefaultRequestDirector.java:440)
	at org.apache.http.impl.client.AbstractHttpClient.doExecute(AbstractHttpClient.java:835)
	at org.apache.http.impl.client.CloseableHttpClient.execute(CloseableHttpClient.java:118)
	at org.apache.http.impl.client.CloseableHttpClient.execute(CloseableHttpClient.java:56)
	at com.sun.jersey.client.apache4.ApacheHttpClient4Handler.handle(ApacheHttpClient4Handler.java:173)
	... 27 common frames omitted
[2026-08-24 08:30:20 IST] WARN [Service Name -> bookstore-payment-service], [TraceId -> ], [SpanId -> ] 
      <DiscoveryClient-HeartbeatExecutor-0> com.netflix.discovery.shared.transport.decorator.RetryableEurekaHttpClient : Request execution failed with message: java.net.ConnectException: Connection refused: connect
[2026-08-24 08:30:20 IST] ERROR [Service Name -> bookstore-payment-service], [TraceId -> ], [SpanId -> ] 
      <DiscoveryClient-HeartbeatExecutor-0> com.netflix.discovery.DiscoveryClient : DiscoveryClient_BOOKSTORE-PAYMENT-SERVICE/LAPTOP-PIAE5DDA:bookstore-payment-service:8001 - was unable to send heartbeat!
com.netflix.discovery.shared.transport.TransportException: Cannot execute request on any known server
	at com.netflix.discovery.shared.transport.decorator.RetryableEurekaHttpClient.execute(RetryableEurekaHttpClient.java:112)
	at com.netflix.discovery.shared.transport.decorator.EurekaHttpClientDecorator.sendHeartBeat(EurekaHttpClientDecorator.java:89)
	at com.netflix.discovery.shared.transport.decorator.EurekaHttpClientDecorator$3.execute(EurekaHttpClientDecorator.java:92)
	at com.netflix.discovery.shared.transport.decorator.SessionedEurekaHttpClient.execute(SessionedEurekaHttpClient.java:77)
	at com.netflix.discovery.shared.transport.decorator.EurekaHttpClientDecorator.sendHeartBeat(EurekaHttpClientDecorator.java:89)
	at com.netflix.discovery.DiscoveryClient.renew(DiscoveryClient.java:864)
	at com.netflix.discovery.DiscoveryClient$HeartbeatThread.run(DiscoveryClient.java:1423)
	at java.util.concurrent.Executors$RunnableAdapter.call(Executors.java:511)
	at java.util.concurrent.FutureTask.run(FutureTask.java:266)
	at java.util.concurrent.ThreadPoolExecutor.runWorker(ThreadPoolExecutor.java:1149)
	at java.util.concurrent.ThreadPoolExecutor$Worker.run(ThreadPoolExecutor.java:624)
	at java.lang.Thread.run(Thread.java:750)
[2026-08-24 08:30:24 IST] ERROR [Service Name -> bookstore-payment-service], [TraceId -> ], [SpanId -> ] 
      <DiscoveryClient-InstanceInfoReplicator-0> com.netflix.discovery.shared.transport.decorator.RedirectingEurekaHttpClient : Request execution error. endpoint=DefaultEndpoint{ serviceUrl='http://localhost:8761/eureka/}
com.sun.jersey.api.client.ClientHandlerException: java.net.ConnectException: Connection refused: connect
	at com.sun.jersey.client.apache4.ApacheHttpClient4Handler.handle(ApacheHttpClient4Handler.java:187)
	at com.sun.jersey.api.client.filter.GZIPContentEncodingFilter.handle(GZIPContentEncodingFilter.java:123)
	at com.netflix.discovery.EurekaIdentityHeaderFilter.handle(EurekaIdentityHeaderFilter.java:27)
	at com.sun.jersey.api.client.Client.handle(Client.java:652)
	at com.sun.jersey.api.client.WebResource.handle(WebResource.java:682)
	at com.sun.jersey.api.client.WebResource.access$200(WebResource.java:74)
	at com.sun.jersey.api.client.WebResource$Builder.post(WebResource.java:570)
	at com.netflix.discovery.shared.transport.jersey.AbstractJerseyEurekaHttpClient.register(AbstractJerseyEurekaHttpClient.java:56)
	at com.netflix.discovery.shared.transport.decorator.EurekaHttpClientDecorator$1.execute(EurekaHttpClientDecorator.java:59)
	at com.netflix.discovery.shared.transport.decorator.MetricsCollectingEurekaHttpClient.execute(MetricsCollectingEurekaHttpClient.java:73)
	at com.netflix.discovery.shared.transport.decorator.EurekaHttpClientDecorator.register(EurekaHttpClientDecorator.java:56)
	at com.netflix.discovery.shared.transport.decorator.EurekaHttpClientDecorator$1.execute(EurekaHttpClientDecorator.java:59)
	at com.netflix.discovery.shared.transport.decorator.RedirectingEurekaHttpClient.executeOnNewServer(RedirectingEurekaHttpClient.java:118)
	at com.netflix.discovery.shared.transport.decorator.RedirectingEurekaHttpClient.execute(RedirectingEurekaHttpClient.java:79)
	at com.netflix.discovery.shared.transport.decorator.EurekaHttpClientDecorator.register(EurekaHttpClientDecorator.java:56)
	at com.netflix.discovery.shared.transport.decorator.EurekaHttpClientDecorator$1.execute(EurekaHttpClientDecorator.java:59)
	at com.netflix.discovery.shared.transport.decorator.RetryableEurekaHttpClient.execute(RetryableEurekaHttpClient.java:120)
	at com.netflix.discovery.shared.transport.decorator.EurekaHttpClientDecorator.register(EurekaHttpClientDecorator.java:56)
	at com.netflix.discovery.shared.transport.decorator.EurekaHttpClientDecorator$1.execute(EurekaHttpClientDecorator.java:59)
	at com.netflix.discovery.shared.transport.decorator.SessionedEurekaHttpClient.execute(SessionedEurekaHttpClient.java:77)
	at com.netflix.discovery.shared.transport.decorator.EurekaHttpClientDecorator.register(EurekaHttpClientDecorator.java:56)
	at com.netflix.discovery.DiscoveryClient.register(DiscoveryClient.java:847)
	at com.netflix.discovery.InstanceInfoReplicator.run(InstanceInfoReplicator.java:121)
	at java.util.concurrent.Executors$RunnableAdapter.call(Executors.java:511)
	at java.util.concurrent.FutureTask.run(FutureTask.java:266)
	at java.util.concurrent.ScheduledThreadPoolExecutor$ScheduledFutureTask.access$201(ScheduledThreadPoolExecutor.java:180)
	at java.util.concurrent.ScheduledThreadPoolExecutor$ScheduledFutureTask.run(ScheduledThreadPoolExecutor.java:293)
	at java.util.concurrent.ThreadPoolExecutor.runWorker(ThreadPoolExecutor.java:1149)
	at java.util.concurrent.ThreadPoolExecutor$Worker.run(ThreadPoolExecutor.java:624)
	at java.lang.Thread.run(Thread.java:750)
Caused by: java.net.ConnectException: Connection refused: connect
	at java.net.DualStackPlainSocketImpl.waitForConnect(Native Method)
	at java.net.DualStackPlainSocketImpl.socketConnect(DualStackPlainSocketImpl.java:85)
	at java.net.AbstractPlainSocketImpl.doConnect(AbstractPlainSocketImpl.java:350)
	at java.net.AbstractPlainSocketImpl.connectToAddress(AbstractPlainSocketImpl.java:206)
	at java.net.AbstractPlainSocketImpl.connect(AbstractPlainSocketImpl.java:188)
	at java.net.PlainSocketImpl.connect(PlainSocketImpl.java:172)
	at java.net.SocksSocketImpl.connect(SocksSocketImpl.java:392)
	at java.net.Socket.connect(Socket.java:607)
	at org.apache.http.conn.scheme.PlainSocketFactory.connectSocket(PlainSocketFactory.java:121)
	at org.apache.http.impl.conn.DefaultClientConnectionOperator.openConnection(DefaultClientConnectionOperator.java:180)
	at org.apache.http.impl.conn.AbstractPoolEntry.open(AbstractPoolEntry.java:144)
	at org.apache.http.impl.conn.AbstractPooledConnAdapter.open(AbstractPooledConnAdapter.java:134)
	at org.apache.http.impl.client.DefaultRequestDirector.tryConnect(DefaultRequestDirector.java:605)
	at org.apache.http.impl.client.DefaultRequestDirector.execute(DefaultRequestDirector.java:440)
	at org.apache.http.impl.client.AbstractHttpClient.doExecute(AbstractHttpClient.java:835)
	at org.apache.http.impl.client.CloseableHttpClient.execute(CloseableHttpClient.java:118)
	at org.apache.http.impl.client.CloseableHttpClient.execute(CloseableHttpClient.java:56)
	at com.sun.jersey.client.apache4.ApacheHttpClient4Handler.handle(ApacheHttpClient4Handler.java:173)
	... 29 common frames omitted
[2026-08-24 08:30:24 IST] WARN [Service Name -> bookstore-payment-service], [TraceId -> ], [SpanId -> ] 
      <DiscoveryClient-InstanceInfoReplicator-0> com.netflix.discovery.shared.transport.decorator.RetryableEurekaHttpClient : Request execution failed with message: java.net.ConnectException: Connection refused: connect
[2026-08-24 08:30:24 IST] WARN [Service Name -> bookstore-payment-service], [TraceId -> ], [SpanId -> ] 
      <DiscoveryClient-InstanceInfoReplicator-0> com.netflix.discovery.DiscoveryClient : DiscoveryClient_BOOKSTORE-PAYMENT-SERVICE/LAPTOP-PIAE5DDA:bookstore-payment-service:8001 - registration failed Cannot execute request on any known server
com.netflix.discovery.shared.transport.TransportException: Cannot execute request on any known server
	at com.netflix.discovery.shared.transport.decorator.RetryableEurekaHttpClient.execute(RetryableEurekaHttpClient.java:112)
	at com.netflix.discovery.shared.transport.decorator.EurekaHttpClientDecorator.register(EurekaHttpClientDecorator.java:56)
	at com.netflix.discovery.shared.transport.decorator.EurekaHttpClientDecorator$1.execute(EurekaHttpClientDecorator.java:59)
	at com.netflix.discovery.shared.transport.decorator.SessionedEurekaHttpClient.execute(SessionedEurekaHttpClient.java:77)
	at com.netflix.discovery.shared.transport.decorator.EurekaHttpClientDecorator.register(EurekaHttpClientDecorator.java:56)
	at com.netflix.discovery.DiscoveryClient.register(DiscoveryClient.java:847)
	at com.netflix.discovery.InstanceInfoReplicator.run(InstanceInfoReplicator.java:121)
	at java.util.concurrent.Executors$RunnableAdapter.call(Executors.java:511)
	at java.util.concurrent.FutureTask.run(FutureTask.java:266)
	at java.util.concurrent.ScheduledThreadPoolExecutor$ScheduledFutureTask.access$201(ScheduledThreadPoolExecutor.java:180)
	at java.util.concurrent.ScheduledThreadPoolExecutor$ScheduledFutureTask.run(ScheduledThreadPoolExecutor.java:293)
	at java.util.concurrent.ThreadPoolExecutor.runWorker(ThreadPoolExecutor.java:1149)
	at java.util.concurrent.ThreadPoolExecutor$Worker.run(ThreadPoolExecutor.java:624)
	at java.lang.Thread.run(Thread.java:750)
[2026-08-24 08:30:24 IST] WARN [Service Name -> bookstore-payment-service], [TraceId -> ], [SpanId -> ] 
      <DiscoveryClient-InstanceInfoReplicator-0> com.netflix.discovery.InstanceInfoReplicator : There was a problem with the instance info replicator
com.netflix.discovery.shared.transport.TransportException: Cannot execute request on any known server
	at com.netflix.discovery.shared.transport.decorator.RetryableEurekaHttpClient.execute(RetryableEurekaHttpClient.java:112)
	at com.netflix.discovery.shared.transport.decorator.EurekaHttpClientDecorator.register(EurekaHttpClientDecorator.java:56)
	at com.netflix.discovery.shared.transport.decorator.EurekaHttpClientDecorator$1.execute(EurekaHttpClientDecorator.java:59)
	at com.netflix.discovery.shared.transport.decorator.SessionedEurekaHttpClient.execute(SessionedEurekaHttpClient.java:77)
	at com.netflix.discovery.shared.transport.decorator.EurekaHttpClientDecorator.register(EurekaHttpClientDecorator.java:56)
	at com.netflix.discovery.DiscoveryClient.register(DiscoveryClient.java:847)
	at com.netflix.discovery.InstanceInfoReplicator.run(InstanceInfoReplicator.java:121)
	at java.util.concurrent.Executors$RunnableAdapter.call(Executors.java:511)
	at java.util.concurrent.FutureTask.run(FutureTask.java:266)
	at java.util.concurrent.ScheduledThreadPoolExecutor$ScheduledFutureTask.access$201(ScheduledThreadPoolExecutor.java:180)
	at java.util.concurrent.ScheduledThreadPoolExecutor$ScheduledFutureTask.run(ScheduledThreadPoolExecutor.java:293)
	at java.util.concurrent.ThreadPoolExecutor.runWorker(ThreadPoolExecutor.java:1149)
	at java.util.concurrent.ThreadPoolExecutor$Worker.run(ThreadPoolExecutor.java:624)
	at java.lang.Thread.run(Thread.java:750)
[2026-08-24 08:30:50 IST] INFO [Service Name -> bookstore-payment-service], [TraceId -> ], [SpanId -> ] 
      <DiscoveryClient-CacheRefreshExecutor-0> com.netflix.discovery.DiscoveryClient : Disable delta property : false
[2026-08-24 08:30:50 IST] INFO [Service Name -> bookstore-payment-service], [TraceId -> ], [SpanId -> ] 
      <DiscoveryClient-CacheRefreshExecutor-0> com.netflix.discovery.DiscoveryClient : Single vip registry refresh property : null
[2026-08-24 08:30:50 IST] INFO [Service Name -> bookstore-payment-service], [TraceId -> ], [SpanId -> ] 
      <DiscoveryClient-CacheRefreshExecutor-0> com.netflix.discovery.DiscoveryClient : Force full registry fetch : false
[2026-08-24 08:30:50 IST] INFO [Service Name -> bookstore-payment-service], [TraceId -> ], [SpanId -> ] 
      <DiscoveryClient-CacheRefreshExecutor-0> com.netflix.discovery.DiscoveryClient : Application is null : false
[2026-08-24 08:30:50 IST] INFO [Service Name -> bookstore-payment-service], [TraceId -> ], [SpanId -> ] 
      <DiscoveryClient-CacheRefreshExecutor-0> com.netflix.discovery.DiscoveryClient : Registered Applications size is zero : true
[2026-08-24 08:30:50 IST] INFO [Service Name -> bookstore-payment-service], [TraceId -> ], [SpanId -> ] 
      <DiscoveryClient-CacheRefreshExecutor-0> com.netflix.discovery.DiscoveryClient : Application version is -1: true
[2026-08-24 08:30:50 IST] INFO [Service Name -> bookstore-payment-service], [TraceId -> ], [SpanId -> ] 
      <DiscoveryClient-CacheRefreshExecutor-0> com.netflix.discovery.DiscoveryClient : Getting all instance registry info from the eureka server
[2026-08-24 08:30:54 IST] INFO [Service Name -> bookstore-payment-service], [TraceId -> ], [SpanId -> ] 
      <DiscoveryClient-InstanceInfoReplicator-0> com.netflix.discovery.DiscoveryClient : DiscoveryClient_BOOKSTORE-PAYMENT-SERVICE/LAPTOP-PIAE5DDA:bookstore-payment-service:8001: registering service...
[2026-08-24 08:30:54 IST] ERROR [Service Name -> bookstore-payment-service], [TraceId -> ], [SpanId -> ] 
      <DiscoveryClient-CacheRefreshExecutor-0> com.netflix.discovery.shared.transport.decorator.RedirectingEurekaHttpClient : Request execution error. endpoint=DefaultEndpoint{ serviceUrl='http://localhost:8761/eureka/}
com.sun.jersey.api.client.ClientHandlerException: java.net.ConnectException: Connection refused: connect
	at com.sun.jersey.client.apache4.ApacheHttpClient4Handler.handle(ApacheHttpClient4Handler.java:187)
	at com.sun.jersey.api.client.filter.GZIPContentEncodingFilter.handle(GZIPContentEncodingFilter.java:123)
	at com.netflix.discovery.EurekaIdentityHeaderFilter.handle(EurekaIdentityHeaderFilter.java:27)
	at com.sun.jersey.api.client.Client.handle(Client.java:652)
	at com.sun.jersey.api.client.WebResource.handle(WebResource.java:682)
	at com.sun.jersey.api.client.WebResource.access$200(WebResource.java:74)
	at com.sun.jersey.api.client.WebResource$Builder.get(WebResource.java:509)
	at com.netflix.discovery.shared.transport.jersey.AbstractJerseyEurekaHttpClient.getApplicationsInternal(AbstractJerseyEurekaHttpClient.java:194)
	at com.netflix.discovery.shared.transport.jersey.AbstractJerseyEurekaHttpClient.getApplications(AbstractJerseyEurekaHttpClient.java:165)
	at com.netflix.discovery.shared.transport.decorator.EurekaHttpClientDecorator$6.execute(EurekaHttpClientDecorator.java:137)
	at com.netflix.discovery.shared.transport.decorator.MetricsCollectingEurekaHttpClient.execute(MetricsCollectingEurekaHttpClient.java:73)
	at com.netflix.discovery.shared.transport.decorator.EurekaHttpClientDecorator.getApplications(EurekaHttpClientDecorator.java:134)
	at com.netflix.discovery.shared.transport.decorator.EurekaHttpClientDecorator$6.execute(EurekaHttpClientDecorator.java:137)
	at com.netflix.discovery.shared.transport.decorator.RedirectingEurekaHttpClient.executeOnNewServer(RedirectingEurekaHttpClient.java:118)
	at com.netflix.discovery.shared.transport.decorator.RedirectingEurekaHttpClient.execute(RedirectingEurekaHttpClient.java:79)
	at com.netflix.discovery.shared.transport.decorator.EurekaHttpClientDecorator.getApplications(EurekaHttpClientDecorator.java:134)
	at com.netflix.discovery.shared.transport.decorator.EurekaHttpClientDecorator$6.execute(EurekaHttpClientDecorator.java:137)
	at com.netflix.discovery.shared.transport.decorator.RetryableEurekaHttpClient.execute(RetryableEurekaHttpClient.java:120)
	at com.netflix.discovery.shared.transport.decorator.EurekaHttpClientDecorator.getApplications(EurekaHttpClientDecorator.java:134)
	at com.netflix.discovery.shared.transport.decorator.EurekaHttpClientDecorator$6.execute(EurekaHttpClientDecorator.java:137)
	at com.netflix.discovery.shared.transport.decorator.SessionedEurekaHttpClient.execute(SessionedEurekaHttpClient.java:77)
	at com.netflix.discovery.shared.transport.decorator.EurekaHttpClientDecorator.getApplications(EurekaHttpClientDecorator.java:134)
	at com.netflix.discovery.DiscoveryClient.getAndStoreFullRegistry(DiscoveryClient.java:1069)
	at com.netflix.discovery.DiscoveryClient.fetchRegistry(DiscoveryClient.java:983)
	at com.netflix.discovery.DiscoveryClient.refreshRegistry(DiscoveryClient.java:1497)
	at com.netflix.discovery.DiscoveryClient$CacheRefreshThread.run(DiscoveryClient.java:1464)
	at java.util.concurrent.Executors$RunnableAdapter.call(Executors.java:511)
	at java.util.concurrent.FutureTask.run(FutureTask.java:266)
	at java.util.concurrent.ThreadPoolExecutor.runWorker(ThreadPoolExecutor.java:1149)
	at java.util.concurrent.ThreadPoolExecutor$Worker.run(ThreadPoolExecutor.java:624)
	at java.lang.Thread.run(Thread.java:750)
Caused by: java.net.ConnectException: Connection refused: connect
	at java.net.DualStackPlainSocketImpl.waitForConnect(Native Method)
	at java.net.DualStackPlainSocketImpl.socketConnect(DualStackPlainSocketImpl.java:85)
	at java.net.AbstractPlainSocketImpl.doConnect(AbstractPlainSocketImpl.java:350)
	at java.net.AbstractPlainSocketImpl.connectToAddress(AbstractPlainSocketImpl.java:206)
	at java.net.AbstractPlainSocketImpl.connect(AbstractPlainSocketImpl.java:188)
	at java.net.PlainSocketImpl.connect(PlainSocketImpl.java:172)
	at java.net.SocksSocketImpl.connect(SocksSocketImpl.java:392)
	at java.net.Socket.connect(Socket.java:607)
	at org.apache.http.conn.scheme.PlainSocketFactory.connectSocket(PlainSocketFactory.java:121)
	at org.apache.http.impl.conn.DefaultClientConnectionOperator.openConnection(DefaultClientConnectionOperator.java:180)
	at org.apache.http.impl.conn.AbstractPoolEntry.open(AbstractPoolEntry.java:144)
	at org.apache.http.impl.conn.AbstractPooledConnAdapter.open(AbstractPooledConnAdapter.java:134)
	at org.apache.http.impl.client.DefaultRequestDirector.tryConnect(DefaultRequestDirector.java:605)
	at org.apache.http.impl.client.DefaultRequestDirector.execute(DefaultRequestDirector.java:440)
	at org.apache.http.impl.client.AbstractHttpClient.doExecute(AbstractHttpClient.java:835)
	at org.apache.http.impl.client.CloseableHttpClient.execute(CloseableHttpClient.java:118)
	at org.apache.http.impl.client.CloseableHttpClient.execute(CloseableHttpClient.java:56)
	at com.sun.jersey.client.apache4.ApacheHttpClient4Handler.handle(ApacheHttpClient4Handler.java:173)
	... 30 common frames omitted
[2026-08-24 08:30:54 IST] WARN [Service Name -> bookstore-payment-service], [TraceId -> ], [SpanId -> ] 
      <DiscoveryClient-CacheRefreshExecutor-0> com.netflix.discovery.shared.transport.decorator.RetryableEurekaHttpClient : Request execution failed with message: java.net.ConnectException: Connection refused: connect
[2026-08-24 08:30:54 IST] ERROR [Service Name -> bookstore-payment-service], [TraceId -> ], [SpanId -> ] 
      <DiscoveryClient-CacheRefreshExecutor-0> com.netflix.discovery.DiscoveryClient : DiscoveryClient_BOOKSTORE-PAYMENT-SERVICE/LAPTOP-PIAE5DDA:bookstore-payment-service:8001 - was unable to refresh its cache! status = Cannot execute request on any known server
com.netflix.discovery.shared.transport.TransportException: Cannot execute request on any known server
	at com.netflix.discovery.shared.transport.decorator.RetryableEurekaHttpClient.execute(RetryableEurekaHttpClient.java:112)
	at com.netflix.discovery.shared.transport.decorator.EurekaHttpClientDecorator.getApplications(EurekaHttpClientDecorator.java:134)
	at com.netflix.discovery.shared.transport.decorator.EurekaHttpClientDecorator$6.execute(EurekaHttpClientDecorator.java:137)
	at com.netflix.discovery.shared.transport.decorator.SessionedEurekaHttpClient.execute(SessionedEurekaHttpClient.java:77)
	at com.netflix.discovery.shared.transport.decorator.EurekaHttpClientDecorator.getApplications(EurekaHttpClientDecorator.java:134)
	at com.netflix.discovery.DiscoveryClient.getAndStoreFullRegistry(DiscoveryClient.java:1069)
	at com.netflix.discovery.DiscoveryClient.fetchRegistry(DiscoveryClient.java:983)
	at com.netflix.discovery.DiscoveryClient.refreshRegistry(DiscoveryClient.java:1497)
	at com.netflix.discovery.DiscoveryClient$CacheRefreshThread.run(DiscoveryClient.java:1464)
	at java.util.concurrent.Executors$RunnableAdapter.call(Executors.java:511)
	at java.util.concurrent.FutureTask.run(FutureTask.java:266)
	at java.util.concurrent.ThreadPoolExecutor.runWorker(ThreadPoolExecutor.java:1149)
	at java.util.concurrent.ThreadPoolExecutor$Worker.run(ThreadPoolExecutor.java:624)
	at java.lang.Thread.run(Thread.java:750)
[2026-08-24 08:30:54 IST] ERROR [Service Name -> bookstore-payment-service], [TraceId -> ], [SpanId -> ] 
      <DiscoveryClient-HeartbeatExecutor-0> com.netflix.discovery.shared.transport.decorator.RedirectingEurekaHttpClient : Request execution error. endpoint=DefaultEndpoint{ serviceUrl='http://localhost:8761/eureka/}
com.sun.jersey.api.client.ClientHandlerException: java.net.ConnectException: Connection refused: connect
	at com.sun.jersey.client.apache4.ApacheHttpClient4Handler.handle(ApacheHttpClient4Handler.java:187)
	at com.sun.jersey.api.client.filter.GZIPContentEncodingFilter.handle(GZIPContentEncodingFilter.java:123)
	at com.netflix.discovery.EurekaIdentityHeaderFilter.handle(EurekaIdentityHeaderFilter.java:27)
	at com.sun.jersey.api.client.Client.handle(Client.java:652)
	at com.sun.jersey.api.client.WebResource.handle(WebResource.java:682)
	at com.sun.jersey.api.client.WebResource.access$200(WebResource.java:74)
	at com.sun.jersey.api.client.WebResource$Builder.put(WebResource.java:529)
	at com.netflix.discovery.shared.transport.jersey.AbstractJerseyEurekaHttpClient.sendHeartBeat(AbstractJerseyEurekaHttpClient.java:102)
	at com.netflix.discovery.shared.transport.decorator.EurekaHttpClientDecorator$3.execute(EurekaHttpClientDecorator.java:92)
	at com.netflix.discovery.shared.transport.decorator.MetricsCollectingEurekaHttpClient.execute(MetricsCollectingEurekaHttpClient.java:73)
	at com.netflix.discovery.shared.transport.decorator.EurekaHttpClientDecorator.sendHeartBeat(EurekaHttpClientDecorator.java:89)
	at com.netflix.discovery.shared.transport.decorator.EurekaHttpClientDecorator$3.execute(EurekaHttpClientDecorator.java:92)
	at com.netflix.discovery.shared.transport.decorator.RedirectingEurekaHttpClient.executeOnNewServer(RedirectingEurekaHttpClient.java:118)
	at com.netflix.discovery.shared.transport.decorator.RedirectingEurekaHttpClient.execute(RedirectingEurekaHttpClient.java:79)
	at com.netflix.discovery.shared.transport.decorator.EurekaHttpClientDecorator.sendHeartBeat(EurekaHttpClientDecorator.java:89)
	at com.netflix.discovery.shared.transport.decorator.EurekaHttpClientDecorator$3.execute(EurekaHttpClientDecorator.java:92)
	at com.netflix.discovery.shared.transport.decorator.RetryableEurekaHttpClient.execute(RetryableEurekaHttpClient.java:120)
	at com.netflix.discovery.shared.transport.decorator.EurekaHttpClientDecorator.sendHeartBeat(EurekaHttpClientDecorator.java:89)
	at com.netflix.discovery.shared.transport.decorator.EurekaHttpClientDecorator$3.execute(EurekaHttpClientDecorator.java:92)
	at com.netflix.discovery.shared.transport.decorator.SessionedEurekaHttpClient.execute(SessionedEurekaHttpClient.java:77)
	at com.netflix.discovery.shared.transport.decorator.EurekaHttpClientDecorator.sendHeartBeat(EurekaHttpClientDecorator.java:89)
	at com.netflix.discovery.DiscoveryClient.renew(DiscoveryClient.java:864)
	at com.netflix.discovery.DiscoveryClient$HeartbeatThread.run(DiscoveryClient.java:1423)
	at java.util.concurrent.Executors$RunnableAdapter.call(Executors.java:511)
	at java.util.concurrent.FutureTask.run(FutureTask.java:266)
	at java.util.concurrent.ThreadPoolExecutor.runWorker(ThreadPoolExecutor.java:1149)
	at java.util.concurrent.ThreadPoolExecutor$Worker.run(ThreadPoolExecutor.java:624)
	at java.lang.Thread.run(Thread.java:750)
Caused by: java.net.ConnectException: Connection refused: connect
	at java.net.DualStackPlainSocketImpl.waitForConnect(Native Method)
	at java.net.DualStackPlainSocketImpl.socketConnect(DualStackPlainSocketImpl.java:85)
	at java.net.AbstractPlainSocketImpl.doConnect(AbstractPlainSocketImpl.java:350)
	at java.net.AbstractPlainSocketImpl.connectToAddress(AbstractPlainSocketImpl.java:206)
	at java.net.AbstractPlainSocketImpl.connect(AbstractPlainSocketImpl.java:188)
	at java.net.PlainSocketImpl.connect(PlainSocketImpl.java:172)
	at java.net.SocksSocketImpl.connect(SocksSocketImpl.java:392)
	at java.net.Socket.connect(Socket.java:607)
	at org.apache.http.conn.scheme.PlainSocketFactory.connectSocket(PlainSocketFactory.java:121)
	at org.apache.http.impl.conn.DefaultClientConnectionOperator.openConnection(DefaultClientConnectionOperator.java:180)
	at org.apache.http.impl.conn.AbstractPoolEntry.open(AbstractPoolEntry.java:144)
	at org.apache.http.impl.conn.AbstractPooledConnAdapter.open(AbstractPooledConnAdapter.java:134)
	at org.apache.http.impl.client.DefaultRequestDirector.tryConnect(DefaultRequestDirector.java:605)
	at org.apache.http.impl.client.DefaultRequestDirector.execute(DefaultRequestDirector.java:440)
	at org.apache.http.impl.client.AbstractHttpClient.doExecute(AbstractHttpClient.java:835)
	at org.apache.http.impl.client.CloseableHttpClient.execute(CloseableHttpClient.java:118)
	at org.apache.http.impl.client.CloseableHttpClient.execute(CloseableHttpClient.java:56)
	at com.sun.jersey.client.apache4.ApacheHttpClient4Handler.handle(ApacheHttpClient4Handler.java:173)
	... 27 common frames omitted
[2026-08-24 08:30:54 IST] WARN [Service Name -> bookstore-payment-service], [TraceId -> ], [SpanId -> ] 
      <DiscoveryClient-HeartbeatExecutor-0> com.netflix.discovery.shared.transport.decorator.RetryableEurekaHttpClient : Request execution failed with message: java.net.ConnectException: Connection refused: connect
[2026-08-24 08:30:54 IST] ERROR [Service Name -> bookstore-payment-service], [TraceId -> ], [SpanId -> ] 
      <DiscoveryClient-HeartbeatExecutor-0> com.netflix.discovery.DiscoveryClient : DiscoveryClient_BOOKSTORE-PAYMENT-SERVICE/LAPTOP-PIAE5DDA:bookstore-payment-service:8001 - was unable to send heartbeat!
com.netflix.discovery.shared.transport.TransportException: Cannot execute request on any known server
	at com.netflix.discovery.shared.transport.decorator.RetryableEurekaHttpClient.execute(RetryableEurekaHttpClient.java:112)
	at com.netflix.discovery.shared.transport.decorator.EurekaHttpClientDecorator.sendHeartBeat(EurekaHttpClientDecorator.java:89)
	at com.netflix.discovery.shared.transport.decorator.EurekaHttpClientDecorator$3.execute(EurekaHttpClientDecorator.java:92)
	at com.netflix.discovery.shared.transport.decorator.SessionedEurekaHttpClient.execute(SessionedEurekaHttpClient.java:77)
	at com.netflix.discovery.shared.transport.decorator.EurekaHttpClientDecorator.sendHeartBeat(EurekaHttpClientDecorator.java:89)
	at com.netflix.discovery.DiscoveryClient.renew(DiscoveryClient.java:864)
	at com.netflix.discovery.DiscoveryClient$HeartbeatThread.run(DiscoveryClient.java:1423)
	at java.util.concurrent.Executors$RunnableAdapter.call(Executors.java:511)
	at java.util.concurrent.FutureTask.run(FutureTask.java:266)
	at java.util.concurrent.ThreadPoolExecutor.runWorker(ThreadPoolExecutor.java:1149)
	at java.util.concurrent.ThreadPoolExecutor$Worker.run(ThreadPoolExecutor.java:624)
	at java.lang.Thread.run(Thread.java:750)
[2026-08-24 08:30:58 IST] ERROR [Service Name -> bookstore-payment-service], [TraceId -> ], [SpanId -> ] 
      <DiscoveryClient-InstanceInfoReplicator-0> com.netflix.discovery.shared.transport.decorator.RedirectingEurekaHttpClient : Request execution error. endpoint=DefaultEndpoint{ serviceUrl='http://localhost:8761/eureka/}
com.sun.jersey.api.client.ClientHandlerException: java.net.ConnectException: Connection refused: connect
	at com.sun.jersey.client.apache4.ApacheHttpClient4Handler.handle(ApacheHttpClient4Handler.java:187)
	at com.sun.jersey.api.client.filter.GZIPContentEncodingFilter.handle(GZIPContentEncodingFilter.java:123)
	at com.netflix.discovery.EurekaIdentityHeaderFilter.handle(EurekaIdentityHeaderFilter.java:27)
	at com.sun.jersey.api.client.Client.handle(Client.java:652)
	at com.sun.jersey.api.client.WebResource.handle(WebResource.java:682)
	at com.sun.jersey.api.client.WebResource.access$200(WebResource.java:74)
	at com.sun.jersey.api.client.WebResource$Builder.post(WebResource.java:570)
	at com.netflix.discovery.shared.transport.jersey.AbstractJerseyEurekaHttpClient.register(AbstractJerseyEurekaHttpClient.java:56)
	at com.netflix.discovery.shared.transport.decorator.EurekaHttpClientDecorator$1.execute(EurekaHttpClientDecorator.java:59)
	at com.netflix.discovery.shared.transport.decorator.MetricsCollectingEurekaHttpClient.execute(MetricsCollectingEurekaHttpClient.java:73)
	at com.netflix.discovery.shared.transport.decorator.EurekaHttpClientDecorator.register(EurekaHttpClientDecorator.java:56)
	at com.netflix.discovery.shared.transport.decorator.EurekaHttpClientDecorator$1.execute(EurekaHttpClientDecorator.java:59)
	at com.netflix.discovery.shared.transport.decorator.RedirectingEurekaHttpClient.executeOnNewServer(RedirectingEurekaHttpClient.java:118)
	at com.netflix.discovery.shared.transport.decorator.RedirectingEurekaHttpClient.execute(RedirectingEurekaHttpClient.java:79)
	at com.netflix.discovery.shared.transport.decorator.EurekaHttpClientDecorator.register(EurekaHttpClientDecorator.java:56)
	at com.netflix.discovery.shared.transport.decorator.EurekaHttpClientDecorator$1.execute(EurekaHttpClientDecorator.java:59)
	at com.netflix.discovery.shared.transport.decorator.RetryableEurekaHttpClient.execute(RetryableEurekaHttpClient.java:120)
	at com.netflix.discovery.shared.transport.decorator.EurekaHttpClientDecorator.register(EurekaHttpClientDecorator.java:56)
	at com.netflix.discovery.shared.transport.decorator.EurekaHttpClientDecorator$1.execute(EurekaHttpClientDecorator.java:59)
	at com.netflix.discovery.shared.transport.decorator.SessionedEurekaHttpClient.execute(SessionedEurekaHttpClient.java:77)
	at com.netflix.discovery.shared.transport.decorator.EurekaHttpClientDecorator.register(EurekaHttpClientDecorator.java:56)
	at com.netflix.discovery.DiscoveryClient.register(DiscoveryClient.java:847)
	at com.netflix.discovery.InstanceInfoReplicator.run(InstanceInfoReplicator.java:121)
	at java.util.concurrent.Executors$RunnableAdapter.call(Executors.java:511)
	at java.util.concurrent.FutureTask.run(FutureTask.java:266)
	at java.util.concurrent.ScheduledThreadPoolExecutor$ScheduledFutureTask.access$201(ScheduledThreadPoolExecutor.java:180)
	at java.util.concurrent.ScheduledThreadPoolExecutor$ScheduledFutureTask.run(ScheduledThreadPoolExecutor.java:293)
	at java.util.concurrent.ThreadPoolExecutor.runWorker(ThreadPoolExecutor.java:1149)
	at java.util.concurrent.ThreadPoolExecutor$Worker.run(ThreadPoolExecutor.java:624)
	at java.lang.Thread.run(Thread.java:750)
Caused by: java.net.ConnectException: Connection refused: connect
	at java.net.DualStackPlainSocketImpl.waitForConnect(Native Method)
	at java.net.DualStackPlainSocketImpl.socketConnect(DualStackPlainSocketImpl.java:85)
	at java.net.AbstractPlainSocketImpl.doConnect(AbstractPlainSocketImpl.java:350)
	at java.net.AbstractPlainSocketImpl.connectToAddress(AbstractPlainSocketImpl.java:206)
	at java.net.AbstractPlainSocketImpl.connect(AbstractPlainSocketImpl.java:188)
	at java.net.PlainSocketImpl.connect(PlainSocketImpl.java:172)
	at java.net.SocksSocketImpl.connect(SocksSocketImpl.java:392)
	at java.net.Socket.connect(Socket.java:607)
	at org.apache.http.conn.scheme.PlainSocketFactory.connectSocket(PlainSocketFactory.java:121)
	at org.apache.http.impl.conn.DefaultClientConnectionOperator.openConnection(DefaultClientConnectionOperator.java:180)
	at org.apache.http.impl.conn.AbstractPoolEntry.open(AbstractPoolEntry.java:144)
	at org.apache.http.impl.conn.AbstractPooledConnAdapter.open(AbstractPooledConnAdapter.java:134)
	at org.apache.http.impl.client.DefaultRequestDirector.tryConnect(DefaultRequestDirector.java:605)
	at org.apache.http.impl.client.DefaultRequestDirector.execute(DefaultRequestDirector.java:440)
	at org.apache.http.impl.client.AbstractHttpClient.doExecute(AbstractHttpClient.java:835)
	at org.apache.http.impl.client.CloseableHttpClient.execute(CloseableHttpClient.java:118)
	at org.apache.http.impl.client.CloseableHttpClient.execute(CloseableHttpClient.java:56)
	at com.sun.jersey.client.apache4.ApacheHttpClient4Handler.handle(ApacheHttpClient4Handler.java:173)
	... 29 common frames omitted
[2026-08-24 08:30:58 IST] WARN [Service Name -> bookstore-payment-service], [TraceId -> ], [SpanId -> ] 
      <DiscoveryClient-InstanceInfoReplicator-0> com.netflix.discovery.shared.transport.decorator.RetryableEurekaHttpClient : Request execution failed with message: java.net.ConnectException: Connection refused: connect
[2026-08-24 08:30:58 IST] WARN [Service Name -> bookstore-payment-service], [TraceId -> ], [SpanId -> ] 
      <DiscoveryClient-InstanceInfoReplicator-0> com.netflix.discovery.DiscoveryClient : DiscoveryClient_BOOKSTORE-PAYMENT-SERVICE/LAPTOP-PIAE5DDA:bookstore-payment-service:8001 - registration failed Cannot execute request on any known server
com.netflix.discovery.shared.transport.TransportException: Cannot execute request on any known server
	at com.netflix.discovery.shared.transport.decorator.RetryableEurekaHttpClient.execute(RetryableEurekaHttpClient.java:112)
	at com.netflix.discovery.shared.transport.decorator.EurekaHttpClientDecorator.register(EurekaHttpClientDecorator.java:56)
	at com.netflix.discovery.shared.transport.decorator.EurekaHttpClientDecorator$1.execute(EurekaHttpClientDecorator.java:59)
	at com.netflix.discovery.shared.transport.decorator.SessionedEurekaHttpClient.execute(SessionedEurekaHttpClient.java:77)
	at com.netflix.discovery.shared.transport.decorator.EurekaHttpClientDecorator.register(EurekaHttpClientDecorator.java:56)
	at com.netflix.discovery.DiscoveryClient.register(DiscoveryClient.java:847)
	at com.netflix.discovery.InstanceInfoReplicator.run(InstanceInfoReplicator.java:121)
	at java.util.concurrent.Executors$RunnableAdapter.call(Executors.java:511)
	at java.util.concurrent.FutureTask.run(FutureTask.java:266)
	at java.util.concurrent.ScheduledThreadPoolExecutor$ScheduledFutureTask.access$201(ScheduledThreadPoolExecutor.java:180)
	at java.util.concurrent.ScheduledThreadPoolExecutor$ScheduledFutureTask.run(ScheduledThreadPoolExecutor.java:293)
	at java.util.concurrent.ThreadPoolExecutor.runWorker(ThreadPoolExecutor.java:1149)
	at java.util.concurrent.ThreadPoolExecutor$Worker.run(ThreadPoolExecutor.java:624)
	at java.lang.Thread.run(Thread.java:750)
[2026-08-24 08:30:58 IST] WARN [Service Name -> bookstore-payment-service], [TraceId -> ], [SpanId -> ] 
      <DiscoveryClient-InstanceInfoReplicator-0> com.netflix.discovery.InstanceInfoReplicator : There was a problem with the instance info replicator
com.netflix.discovery.shared.transport.TransportException: Cannot execute request on any known server
	at com.netflix.discovery.shared.transport.decorator.RetryableEurekaHttpClient.execute(RetryableEurekaHttpClient.java:112)
	at com.netflix.discovery.shared.transport.decorator.EurekaHttpClientDecorator.register(EurekaHttpClientDecorator.java:56)
	at com.netflix.discovery.shared.transport.decorator.EurekaHttpClientDecorator$1.execute(EurekaHttpClientDecorator.java:59)
	at com.netflix.discovery.shared.transport.decorator.SessionedEurekaHttpClient.execute(SessionedEurekaHttpClient.java:77)
	at com.netflix.discovery.shared.transport.decorator.EurekaHttpClientDecorator.register(EurekaHttpClientDecorator.java:56)
	at com.netflix.discovery.DiscoveryClient.register(DiscoveryClient.java:847)
	at com.netflix.discovery.InstanceInfoReplicator.run(InstanceInfoReplicator.java:121)
	at java.util.concurrent.Executors$RunnableAdapter.call(Executors.java:511)
	at java.util.concurrent.FutureTask.run(FutureTask.java:266)
	at java.util.concurrent.ScheduledThreadPoolExecutor$ScheduledFutureTask.access$201(ScheduledThreadPoolExecutor.java:180)
	at java.util.concurrent.ScheduledThreadPoolExecutor$ScheduledFutureTask.run(ScheduledThreadPoolExecutor.java:293)
	at java.util.concurrent.ThreadPoolExecutor.runWorker(ThreadPoolExecutor.java:1149)
	at java.util.concurrent.ThreadPoolExecutor$Worker.run(ThreadPoolExecutor.java:624)
	at java.lang.Thread.run(Thread.java:750)
[2026-08-24 08:31:03 IST] INFO [Service Name -> bookstore-payment-service], [TraceId -> ], [SpanId -> ] 
      <SpringContextShutdownHook> org.springframework.cloud.netflix.eureka.serviceregistry.EurekaServiceRegistry : Unregistering application BOOKSTORE-PAYMENT-SERVICE with eureka with status DOWN
[2026-08-24 08:31:03 IST] WARN [Service Name -> bookstore-payment-service], [TraceId -> ], [SpanId -> ] 
      <SpringContextShutdownHook> com.netflix.discovery.DiscoveryClient : Saw local status change event StatusChangeEvent [timestamp=1787540463613, current=DOWN, previous=UP]
[2026-08-24 08:31:03 IST] INFO [Service Name -> bookstore-payment-service], [TraceId -> ], [SpanId -> ] 
      <DiscoveryClient-InstanceInfoReplicator-0> com.netflix.discovery.DiscoveryClient : DiscoveryClient_BOOKSTORE-PAYMENT-SERVICE/LAPTOP-PIAE5DDA:bookstore-payment-service:8001: registering service...
[2026-08-24 08:31:03 IST] INFO [Service Name -> bookstore-payment-service], [TraceId -> ], [SpanId -> ] 
      <DiscoveryClient-InstanceInfoReplicator-0> org.apache.http.impl.client.DefaultHttpClient : I/O exception (java.net.SocketException) caught when processing request to {}->http://localhost:8761: Software caused connection abort: socket write error
[2026-08-24 08:31:03 IST] INFO [Service Name -> bookstore-payment-service], [TraceId -> ], [SpanId -> ] 
      <DiscoveryClient-InstanceInfoReplicator-0> org.apache.http.impl.client.DefaultHttpClient : Retrying request to {}->http://localhost:8761
[2026-08-24 08:31:03 IST] ERROR [Service Name -> bookstore-payment-service], [TraceId -> ], [SpanId -> ] 
      <DiscoveryClient-InstanceInfoReplicator-0> com.netflix.discovery.shared.transport.decorator.RedirectingEurekaHttpClient : Request execution error. endpoint=DefaultEndpoint{ serviceUrl='http://localhost:8761/eureka/}
com.sun.jersey.api.client.ClientHandlerException: org.apache.http.client.ClientProtocolException
	at com.sun.jersey.client.apache4.ApacheHttpClient4Handler.handle(ApacheHttpClient4Handler.java:187)
	at com.sun.jersey.api.client.filter.GZIPContentEncodingFilter.handle(GZIPContentEncodingFilter.java:123)
	at com.netflix.discovery.EurekaIdentityHeaderFilter.handle(EurekaIdentityHeaderFilter.java:27)
	at com.sun.jersey.api.client.Client.handle(Client.java:652)
	at com.sun.jersey.api.client.WebResource.handle(WebResource.java:682)
	at com.sun.jersey.api.client.WebResource.access$200(WebResource.java:74)
	at com.sun.jersey.api.client.WebResource$Builder.post(WebResource.java:570)
	at com.netflix.discovery.shared.transport.jersey.AbstractJerseyEurekaHttpClient.register(AbstractJerseyEurekaHttpClient.java:56)
	at com.netflix.discovery.shared.transport.decorator.EurekaHttpClientDecorator$1.execute(EurekaHttpClientDecorator.java:59)
	at com.netflix.discovery.shared.transport.decorator.MetricsCollectingEurekaHttpClient.execute(MetricsCollectingEurekaHttpClient.java:73)
	at com.netflix.discovery.shared.transport.decorator.EurekaHttpClientDecorator.register(EurekaHttpClientDecorator.java:56)
	at com.netflix.discovery.shared.transport.decorator.EurekaHttpClientDecorator$1.execute(EurekaHttpClientDecorator.java:59)
	at com.netflix.discovery.shared.transport.decorator.RedirectingEurekaHttpClient.executeOnNewServer(RedirectingEurekaHttpClient.java:118)
	at com.netflix.discovery.shared.transport.decorator.RedirectingEurekaHttpClient.execute(RedirectingEurekaHttpClient.java:79)
	at com.netflix.discovery.shared.transport.decorator.EurekaHttpClientDecorator.register(EurekaHttpClientDecorator.java:56)
	at com.netflix.discovery.shared.transport.decorator.EurekaHttpClientDecorator$1.execute(EurekaHttpClientDecorator.java:59)
	at com.netflix.discovery.shared.transport.decorator.RetryableEurekaHttpClient.execute(RetryableEurekaHttpClient.java:120)
	at com.netflix.discovery.shared.transport.decorator.EurekaHttpClientDecorator.register(EurekaHttpClientDecorator.java:56)
	at com.netflix.discovery.shared.transport.decorator.EurekaHttpClientDecorator$1.execute(EurekaHttpClientDecorator.java:59)
	at com.netflix.discovery.shared.transport.decorator.SessionedEurekaHttpClient.execute(SessionedEurekaHttpClient.java:77)
	at com.netflix.discovery.shared.transport.decorator.EurekaHttpClientDecorator.register(EurekaHttpClientDecorator.java:56)
	at com.netflix.discovery.DiscoveryClient.register(DiscoveryClient.java:847)
	at com.netflix.discovery.InstanceInfoReplicator.run(InstanceInfoReplicator.java:121)
	at com.netflix.discovery.InstanceInfoReplicator$1.run(InstanceInfoReplicator.java:101)
	at java.util.concurrent.Executors$RunnableAdapter.call(Executors.java:511)
	at java.util.concurrent.FutureTask.run(FutureTask.java:266)
	at java.util.concurrent.ScheduledThreadPoolExecutor$ScheduledFutureTask.access$201(ScheduledThreadPoolExecutor.java:180)
	at java.util.concurrent.ScheduledThreadPoolExecutor$ScheduledFutureTask.run(ScheduledThreadPoolExecutor.java:293)
	at java.util.concurrent.ThreadPoolExecutor.runWorker(ThreadPoolExecutor.java:1149)
	at java.util.concurrent.ThreadPoolExecutor$Worker.run(ThreadPoolExecutor.java:624)
	at java.lang.Thread.run(Thread.java:750)
Caused by: org.apache.http.client.ClientProtocolException: null
	at org.apache.http.impl.client.AbstractHttpClient.doExecute(AbstractHttpClient.java:839)
	at org.apache.http.impl.client.CloseableHttpClient.execute(CloseableHttpClient.java:118)
	at org.apache.http.impl.client.CloseableHttpClient.execute(CloseableHttpClient.java:56)
	at com.sun.jersey.client.apache4.ApacheHttpClient4Handler.handle(ApacheHttpClient4Handler.java:173)
	... 30 common frames omitted
Caused by: org.apache.http.client.NonRepeatableRequestException: Cannot retry request with a non-repeatable request entity.  The cause lists the reason the original request failed.
	at org.apache.http.impl.client.DefaultRequestDirector.tryExecute(DefaultRequestDirector.java:653)
	at org.apache.http.impl.client.DefaultRequestDirector.execute(DefaultRequestDirector.java:481)
	at org.apache.http.impl.client.AbstractHttpClient.doExecute(AbstractHttpClient.java:835)
	... 33 common frames omitted
Caused by: java.net.SocketException: Software caused connection abort: socket write error
	at java.net.SocketOutputStream.socketWrite0(Native Method)
	at java.net.SocketOutputStream.socketWrite(SocketOutputStream.java:111)
	at java.net.SocketOutputStream.write(SocketOutputStream.java:155)
	at org.apache.http.impl.io.AbstractSessionOutputBuffer.flushBuffer(AbstractSessionOutputBuffer.java:160)
	at org.apache.http.impl.io.AbstractSessionOutputBuffer.flush(AbstractSessionOutputBuffer.java:168)
	at org.apache.http.impl.io.ChunkedOutputStream.flush(ChunkedOutputStream.java:192)
	at com.fasterxml.jackson.core.json.UTF8JsonGenerator.flush(UTF8JsonGenerator.java:1176)
	at com.fasterxml.jackson.databind.ObjectMapper.writeValue(ObjectMapper.java:3058)
	at com.fasterxml.jackson.core.base.GeneratorBase.writeObject(GeneratorBase.java:388)
	at com.fasterxml.jackson.core.JsonGenerator.writeObjectField(JsonGenerator.java:1838)
	at com.netflix.discovery.converters.EurekaJacksonCodec$InstanceInfoSerializer.serialize(EurekaJacksonCodec.java:387)
	at com.netflix.discovery.converters.EurekaJacksonCodec$InstanceInfoSerializer.serialize(EurekaJacksonCodec.java:343)
	at com.fasterxml.jackson.databind.ser.DefaultSerializerProvider._serialize(DefaultSerializerProvider.java:468)
	at com.fasterxml.jackson.databind.ser.DefaultSerializerProvider.serializeValue(DefaultSerializerProvider.java:397)
	at com.fasterxml.jackson.databind.ObjectWriter$Prefetch.serialize(ObjectWriter.java:1512)
	at com.fasterxml.jackson.databind.ObjectWriter._writeValueAndClose(ObjectWriter.java:1217)
	at com.fasterxml.jackson.databind.ObjectWriter.writeValue(ObjectWriter.java:1043)
	at com.netflix.discovery.converters.EurekaJacksonCodec.writeTo(EurekaJacksonCodec.java:237)
	at com.netflix.discovery.converters.wrappers.CodecWrappers$LegacyJacksonJson.encode(CodecWrappers.java:304)
	at com.netflix.discovery.provider.DiscoveryJerseyProvider.writeTo(DiscoveryJerseyProvider.java:135)
	at com.sun.jersey.api.client.RequestWriter$RequestEntityWriterImpl.writeRequestEntity(RequestWriter.java:231)
	at com.sun.jersey.client.apache4.ApacheHttpClient4Handler$2.writeTo(ApacheHttpClient4Handler.java:289)
	at org.apache.http.entity.HttpEntityWrapper.writeTo(HttpEntityWrapper.java:96)
	at org.apache.http.impl.client.EntityEnclosingRequestWrapper$EntityWrapper.writeTo(EntityEnclosingRequestWrapper.java:110)
	at org.apache.http.impl.entity.EntitySerializer.serialize(EntitySerializer.java:118)
	at org.apache.http.impl.AbstractHttpClientConnection.sendRequestEntity(AbstractHttpClientConnection.java:274)
	at org.apache.http.impl.conn.AbstractClientConnAdapter.sendRequestEntity(AbstractClientConnAdapter.java:239)
	at org.apache.http.protocol.HttpRequestExecutor.doSendRequest(HttpRequestExecutor.java:238)
	at org.apache.http.protocol.HttpRequestExecutor.execute(HttpRequestExecutor.java:123)
	at org.apache.http.impl.client.DefaultRequestDirector.tryExecute(DefaultRequestDirector.java:679)
	... 35 common frames omitted
	Suppressed: java.net.SocketException: Software caused connection abort: socket write error
		at java.net.SocketOutputStream.socketWrite0(Native Method)
		at java.net.SocketOutputStream.socketWrite(SocketOutputStream.java:111)
		at java.net.SocketOutputStream.write(SocketOutputStream.java:155)
		at org.apache.http.impl.io.AbstractSessionOutputBuffer.flushBuffer(AbstractSessionOutputBuffer.java:160)
		at org.apache.http.impl.io.AbstractSessionOutputBuffer.flush(AbstractSessionOutputBuffer.java:168)
		at org.apache.http.impl.io.ChunkedOutputStream.close(ChunkedOutputStream.java:203)
		at com.fasterxml.jackson.core.json.UTF8JsonGenerator.close(UTF8JsonGenerator.java:1214)
		at com.fasterxml.jackson.databind.util.ClassUtil.closeOnFailAndThrowAsIOE(ClassUtil.java:486)
		at com.fasterxml.jackson.databind.ObjectWriter._writeValueAndClose(ObjectWriter.java:1219)
		... 49 common frames omitted
[2026-08-24 08:31:03 IST] WARN [Service Name -> bookstore-payment-service], [TraceId -> ], [SpanId -> ] 
      <DiscoveryClient-InstanceInfoReplicator-0> com.netflix.discovery.shared.transport.decorator.RetryableEurekaHttpClient : Request execution failed with message: org.apache.http.client.ClientProtocolException
[2026-08-24 08:31:03 IST] WARN [Service Name -> bookstore-payment-service], [TraceId -> ], [SpanId -> ] 
      <DiscoveryClient-InstanceInfoReplicator-0> com.netflix.discovery.DiscoveryClient : DiscoveryClient_BOOKSTORE-PAYMENT-SERVICE/LAPTOP-PIAE5DDA:bookstore-payment-service:8001 - registration failed Cannot execute request on any known server
com.netflix.discovery.shared.transport.TransportException: Cannot execute request on any known server
	at com.netflix.discovery.shared.transport.decorator.RetryableEurekaHttpClient.execute(RetryableEurekaHttpClient.java:112)
	at com.netflix.discovery.shared.transport.decorator.EurekaHttpClientDecorator.register(EurekaHttpClientDecorator.java:56)
	at com.netflix.discovery.shared.transport.decorator.EurekaHttpClientDecorator$1.execute(EurekaHttpClientDecorator.java:59)
	at com.netflix.discovery.shared.transport.decorator.SessionedEurekaHttpClient.execute(SessionedEurekaHttpClient.java:77)
	at com.netflix.discovery.shared.transport.decorator.EurekaHttpClientDecorator.register(EurekaHttpClientDecorator.java:56)
	at com.netflix.discovery.DiscoveryClient.register(DiscoveryClient.java:847)
	at com.netflix.discovery.InstanceInfoReplicator.run(InstanceInfoReplicator.java:121)
	at com.netflix.discovery.InstanceInfoReplicator$1.run(InstanceInfoReplicator.java:101)
	at java.util.concurrent.Executors$RunnableAdapter.call(Executors.java:511)
	at java.util.concurrent.FutureTask.run(FutureTask.java:266)
	at java.util.concurrent.ScheduledThreadPoolExecutor$ScheduledFutureTask.access$201(ScheduledThreadPoolExecutor.java:180)
	at java.util.concurrent.ScheduledThreadPoolExecutor$ScheduledFutureTask.run(ScheduledThreadPoolExecutor.java:293)
	at java.util.concurrent.ThreadPoolExecutor.runWorker(ThreadPoolExecutor.java:1149)
	at java.util.concurrent.ThreadPoolExecutor$Worker.run(ThreadPoolExecutor.java:624)
	at java.lang.Thread.run(Thread.java:750)
[2026-08-24 08:31:03 IST] WARN [Service Name -> bookstore-payment-service], [TraceId -> ], [SpanId -> ] 
      <DiscoveryClient-InstanceInfoReplicator-0> com.netflix.discovery.InstanceInfoReplicator : There was a problem with the instance info replicator
com.netflix.discovery.shared.transport.TransportException: Cannot execute request on any known server
	at com.netflix.discovery.shared.transport.decorator.RetryableEurekaHttpClient.execute(RetryableEurekaHttpClient.java:112)
	at com.netflix.discovery.shared.transport.decorator.EurekaHttpClientDecorator.register(EurekaHttpClientDecorator.java:56)
	at com.netflix.discovery.shared.transport.decorator.EurekaHttpClientDecorator$1.execute(EurekaHttpClientDecorator.java:59)
	at com.netflix.discovery.shared.transport.decorator.SessionedEurekaHttpClient.execute(SessionedEurekaHttpClient.java:77)
	at com.netflix.discovery.shared.transport.decorator.EurekaHttpClientDecorator.register(EurekaHttpClientDecorator.java:56)
	at com.netflix.discovery.DiscoveryClient.register(DiscoveryClient.java:847)
	at com.netflix.discovery.InstanceInfoReplicator.run(InstanceInfoReplicator.java:121)
	at com.netflix.discovery.InstanceInfoReplicator$1.run(InstanceInfoReplicator.java:101)
	at java.util.concurrent.Executors$RunnableAdapter.call(Executors.java:511)
	at java.util.concurrent.FutureTask.run(FutureTask.java:266)
	at java.util.concurrent.ScheduledThreadPoolExecutor$ScheduledFutureTask.access$201(ScheduledThreadPoolExecutor.java:180)
	at java.util.concurrent.ScheduledThreadPoolExecutor$ScheduledFutureTask.run(ScheduledThreadPoolExecutor.java:293)
	at java.util.concurrent.ThreadPoolExecutor.runWorker(ThreadPoolExecutor.java:1149)
	at java.util.concurrent.ThreadPoolExecutor$Worker.run(ThreadPoolExecutor.java:624)
	at java.lang.Thread.run(Thread.java:750)
[2026-08-24 08:31:04 IST] INFO [Service Name -> bookstore-payment-service], [TraceId -> ], [SpanId -> ] 
      <SpringContextShutdownHook> org.springframework.orm.jpa.LocalContainerEntityManagerFactoryBean : Closing JPA EntityManagerFactory for persistence unit 'default'
[2026-08-24 08:31:04 IST] INFO [Service Name -> bookstore-payment-service], [TraceId -> ], [SpanId -> ] 
      <SpringContextShutdownHook> org.springframework.scheduling.concurrent.ThreadPoolTaskExecutor : Shutting down ExecutorService 'applicationTaskExecutor'
[2026-08-24 08:31:05 IST] INFO [Service Name -> bookstore-payment-service], [TraceId -> ], [SpanId -> ] 
      <SpringContextShutdownHook> com.netflix.discovery.DiscoveryClient : Shutting down DiscoveryClient ...
[2026-08-24 08:31:08 IST] INFO [Service Name -> bookstore-payment-service], [TraceId -> ], [SpanId -> ] 
      <SpringContextShutdownHook> com.netflix.discovery.DiscoveryClient : Unregistering ...
[2026-08-24 08:31:12 IST] ERROR [Service Name -> bookstore-payment-service], [TraceId -> ], [SpanId -> ] 
      <SpringContextShutdownHook> com.netflix.discovery.shared.transport.decorator.RedirectingEurekaHttpClient : Request execution error. endpoint=DefaultEndpoint{ serviceUrl='http://localhost:8761/eureka/}
com.sun.jersey.api.client.ClientHandlerException: java.net.ConnectException: Connection refused: connect
	at com.sun.jersey.client.apache4.ApacheHttpClient4Handler.handle(ApacheHttpClient4Handler.java:187)
	at com.sun.jersey.api.client.filter.GZIPContentEncodingFilter.handle(GZIPContentEncodingFilter.java:123)
	at com.netflix.discovery.EurekaIdentityHeaderFilter.handle(EurekaIdentityHeaderFilter.java:27)
	at com.sun.jersey.api.client.Client.handle(Client.java:652)
	at com.sun.jersey.api.client.WebResource.handle(WebResource.java:682)
	at com.sun.jersey.api.client.WebResource.access$200(WebResource.java:74)
	at com.sun.jersey.api.client.WebResource$Builder.delete(WebResource.java:591)
	at com.netflix.discovery.shared.transport.jersey.AbstractJerseyEurekaHttpClient.cancel(AbstractJerseyEurekaHttpClient.java:76)
	at com.netflix.discovery.shared.transport.decorator.EurekaHttpClientDecorator$2.execute(EurekaHttpClientDecorator.java:74)
	at com.netflix.discovery.shared.transport.decorator.MetricsCollectingEurekaHttpClient.execute(MetricsCollectingEurekaHttpClient.java:73)
	at com.netflix.discovery.shared.transport.decorator.EurekaHttpClientDecorator.cancel(EurekaHttpClientDecorator.java:71)
	at com.netflix.discovery.shared.transport.decorator.EurekaHttpClientDecorator$2.execute(EurekaHttpClientDecorator.java:74)
	at com.netflix.discovery.shared.transport.decorator.RedirectingEurekaHttpClient.executeOnNewServer(RedirectingEurekaHttpClient.java:118)
	at com.netflix.discovery.shared.transport.decorator.RedirectingEurekaHttpClient.execute(RedirectingEurekaHttpClient.java:79)
	at com.netflix.discovery.shared.transport.decorator.EurekaHttpClientDecorator.cancel(EurekaHttpClientDecorator.java:71)
	at com.netflix.discovery.shared.transport.decorator.EurekaHttpClientDecorator$2.execute(EurekaHttpClientDecorator.java:74)
	at com.netflix.discovery.shared.transport.decorator.RetryableEurekaHttpClient.execute(RetryableEurekaHttpClient.java:120)
	at com.netflix.discovery.shared.transport.decorator.EurekaHttpClientDecorator.cancel(EurekaHttpClientDecorator.java:71)
	at com.netflix.discovery.shared.transport.decorator.EurekaHttpClientDecorator$2.execute(EurekaHttpClientDecorator.java:74)
	at com.netflix.discovery.shared.transport.decorator.SessionedEurekaHttpClient.execute(SessionedEurekaHttpClient.java:77)
	at com.netflix.discovery.shared.transport.decorator.EurekaHttpClientDecorator.cancel(EurekaHttpClientDecorator.java:71)
	at com.netflix.discovery.DiscoveryClient.unregister(DiscoveryClient.java:941)
	at com.netflix.discovery.DiscoveryClient.shutdown(DiscoveryClient.java:919)
	at sun.reflect.NativeMethodAccessorImpl.invoke0(Native Method)
	at sun.reflect.NativeMethodAccessorImpl.invoke(NativeMethodAccessorImpl.java:62)
	at sun.reflect.DelegatingMethodAccessorImpl.invoke(DelegatingMethodAccessorImpl.java:43)
	at java.lang.reflect.Method.invoke(Method.java:498)
	at org.springframework.beans.factory.annotation.InitDestroyAnnotationBeanPostProcessor$LifecycleElement.invoke(InitDestroyAnnotationBeanPostProcessor.java:389)
	at org.springframework.beans.factory.annotation.InitDestroyAnnotationBeanPostProcessor$LifecycleMetadata.invokeDestroyMethods(InitDestroyAnnotationBeanPostProcessor.java:347)
	at org.springframework.beans.factory.annotation.InitDestroyAnnotationBeanPostProcessor.postProcessBeforeDestruction(InitDestroyAnnotationBeanPostProcessor.java:177)
	at org.springframework.beans.factory.support.DisposableBeanAdapter.destroy(DisposableBeanAdapter.java:242)
	at org.springframework.beans.factory.support.DisposableBeanAdapter.run(DisposableBeanAdapter.java:235)
	at org.springframework.cloud.context.scope.GenericScope$BeanLifecycleWrapper.destroy(GenericScope.java:403)
	at org.springframework.cloud.context.scope.GenericScope.destroy(GenericScope.java:142)
	at org.springframework.beans.factory.support.DisposableBeanAdapter.destroy(DisposableBeanAdapter.java:258)
	at org.springframework.beans.factory.support.DefaultSingletonBeanRegistry.destroyBean(DefaultSingletonBeanRegistry.java:587)
	at org.springframework.beans.factory.support.DefaultSingletonBeanRegistry.destroySingleton(DefaultSingletonBeanRegistry.java:559)
	at org.springframework.beans.factory.support.DefaultListableBeanFactory.destroySingleton(DefaultListableBeanFactory.java:1092)
	at org.springframework.beans.factory.support.DefaultSingletonBeanRegistry.destroySingletons(DefaultSingletonBeanRegistry.java:520)
	at org.springframework.beans.factory.support.DefaultListableBeanFactory.destroySingletons(DefaultListableBeanFactory.java:1085)
	at org.springframework.context.support.AbstractApplicationContext.destroyBeans(AbstractApplicationContext.java:1061)
	at org.springframework.context.support.AbstractApplicationContext.doClose(AbstractApplicationContext.java:1030)
	at org.springframework.boot.web.servlet.context.ServletWebServerApplicationContext.doClose(ServletWebServerApplicationContext.java:170)
	at org.springframework.context.support.AbstractApplicationContext$1.run(AbstractApplicationContext.java:949)
Caused by: java.net.ConnectException: Connection refused: connect
	at java.net.DualStackPlainSocketImpl.waitForConnect(Native Method)
	at java.net.DualStackPlainSocketImpl.socketConnect(DualStackPlainSocketImpl.java:85)
	at java.net.AbstractPlainSocketImpl.doConnect(AbstractPlainSocketImpl.java:350)
	at java.net.AbstractPlainSocketImpl.connectToAddress(AbstractPlainSocketImpl.java:206)
	at java.net.AbstractPlainSocketImpl.connect(AbstractPlainSocketImpl.java:188)
	at java.net.PlainSocketImpl.connect(PlainSocketImpl.java:172)
	at java.net.SocksSocketImpl.connect(SocksSocketImpl.java:392)
	at java.net.Socket.connect(Socket.java:607)
	at org.apache.http.conn.scheme.PlainSocketFactory.connectSocket(PlainSocketFactory.java:121)
	at org.apache.http.impl.conn.DefaultClientConnectionOperator.openConnection(DefaultClientConnectionOperator.java:180)
	at org.apache.http.impl.conn.AbstractPoolEntry.open(AbstractPoolEntry.java:144)
	at org.apache.http.impl.conn.AbstractPooledConnAdapter.open(AbstractPooledConnAdapter.java:134)
	at org.apache.http.impl.client.DefaultRequestDirector.tryConnect(DefaultRequestDirector.java:605)
	at org.apache.http.impl.client.DefaultRequestDirector.execute(DefaultRequestDirector.java:440)
	at org.apache.http.impl.client.AbstractHttpClient.doExecute(AbstractHttpClient.java:835)
	at org.apache.http.impl.client.CloseableHttpClient.execute(CloseableHttpClient.java:118)
	at org.apache.http.impl.client.CloseableHttpClient.execute(CloseableHttpClient.java:56)
	at com.sun.jersey.client.apache4.ApacheHttpClient4Handler.handle(ApacheHttpClient4Handler.java:173)
	... 43 common frames omitted
[2026-08-24 08:31:12 IST] WARN [Service Name -> bookstore-payment-service], [TraceId -> ], [SpanId -> ] 
      <SpringContextShutdownHook> com.netflix.discovery.shared.transport.decorator.RetryableEurekaHttpClient : Request execution failed with message: java.net.ConnectException: Connection refused: connect
[2026-08-24 08:31:12 IST] ERROR [Service Name -> bookstore-payment-service], [TraceId -> ], [SpanId -> ] 
      <SpringContextShutdownHook> com.netflix.discovery.DiscoveryClient : DiscoveryClient_BOOKSTORE-PAYMENT-SERVICE/LAPTOP-PIAE5DDA:bookstore-payment-service:8001 - de-registration failedCannot execute request on any known server
com.netflix.discovery.shared.transport.TransportException: Cannot execute request on any known server
	at com.netflix.discovery.shared.transport.decorator.RetryableEurekaHttpClient.execute(RetryableEurekaHttpClient.java:112)
	at com.netflix.discovery.shared.transport.decorator.EurekaHttpClientDecorator.cancel(EurekaHttpClientDecorator.java:71)
	at com.netflix.discovery.shared.transport.decorator.EurekaHttpClientDecorator$2.execute(EurekaHttpClientDecorator.java:74)
	at com.netflix.discovery.shared.transport.decorator.SessionedEurekaHttpClient.execute(SessionedEurekaHttpClient.java:77)
	at com.netflix.discovery.shared.transport.decorator.EurekaHttpClientDecorator.cancel(EurekaHttpClientDecorator.java:71)
	at com.netflix.discovery.DiscoveryClient.unregister(DiscoveryClient.java:941)
	at com.netflix.discovery.DiscoveryClient.shutdown(DiscoveryClient.java:919)
	at sun.reflect.NativeMethodAccessorImpl.invoke0(Native Method)
	at sun.reflect.NativeMethodAccessorImpl.invoke(NativeMethodAccessorImpl.java:62)
	at sun.reflect.DelegatingMethodAccessorImpl.invoke(DelegatingMethodAccessorImpl.java:43)
	at java.lang.reflect.Method.invoke(Method.java:498)
	at org.springframework.beans.factory.annotation.InitDestroyAnnotationBeanPostProcessor$LifecycleElement.invoke(InitDestroyAnnotationBeanPostProcessor.java:389)
	at org.springframework.beans.factory.annotation.InitDestroyAnnotationBeanPostProcessor$LifecycleMetadata.invokeDestroyMethods(InitDestroyAnnotationBeanPostProcessor.java:347)
	at org.springframework.beans.factory.annotation.InitDestroyAnnotationBeanPostProcessor.postProcessBeforeDestruction(InitDestroyAnnotationBeanPostProcessor.java:177)
	at org.springframework.beans.factory.support.DisposableBeanAdapter.destroy(DisposableBeanAdapter.java:242)
	at org.springframework.beans.factory.support.DisposableBeanAdapter.run(DisposableBeanAdapter.java:235)
	at org.springframework.cloud.context.scope.GenericScope$BeanLifecycleWrapper.destroy(GenericScope.java:403)
	at org.springframework.cloud.context.scope.GenericScope.destroy(GenericScope.java:142)
	at org.springframework.beans.factory.support.DisposableBeanAdapter.destroy(DisposableBeanAdapter.java:258)
	at org.springframework.beans.factory.support.DefaultSingletonBeanRegistry.destroyBean(DefaultSingletonBeanRegistry.java:587)
	at org.springframework.beans.factory.support.DefaultSingletonBeanRegistry.destroySingleton(DefaultSingletonBeanRegistry.java:559)
	at org.springframework.beans.factory.support.DefaultListableBeanFactory.destroySingleton(DefaultListableBeanFactory.java:1092)
	at org.springframework.beans.factory.support.DefaultSingletonBeanRegistry.destroySingletons(DefaultSingletonBeanRegistry.java:520)
	at org.springframework.beans.factory.support.DefaultListableBeanFactory.destroySingletons(DefaultListableBeanFactory.java:1085)
	at org.springframework.context.support.AbstractApplicationContext.destroyBeans(AbstractApplicationContext.java:1061)
	at org.springframework.context.support.AbstractApplicationContext.doClose(AbstractApplicationContext.java:1030)
	at org.springframework.boot.web.servlet.context.ServletWebServerApplicationContext.doClose(ServletWebServerApplicationContext.java:170)
	at org.springframework.context.support.AbstractApplicationContext$1.run(AbstractApplicationContext.java:949)
[2026-08-24 08:31:12 IST] INFO [Service Name -> bookstore-payment-service], [TraceId -> ], [SpanId -> ] 
      <SpringContextShutdownHook> com.netflix.discovery.DiscoveryClient : Completed shut down of DiscoveryClient
[2026-08-24 08:31:12 IST] INFO [Service Name -> bookstore-payment-service], [TraceId -> ], [SpanId -> ] 
      <SpringContextShutdownHook> com.zaxxer.hikari.HikariDataSource : HikariPool-1 - Shutdown initiated...
[2026-08-24 08:31:12 IST] INFO [Service Name -> bookstore-payment-service], [TraceId -> ], [SpanId -> ] 
      <SpringContextShutdownHook> com.zaxxer.hikari.HikariDataSource : HikariPool-1 - Shutdown completed.
[2026-08-24 08:35:31 IST] INFO [Service Name -> bookstore-payment-service], [TraceId -> ], [SpanId -> ] 
      <background-preinit> org.hibernate.validator.internal.util.Version : HV000001: Hibernate Validator 6.1.5.Final
[2026-08-24 08:35:32 IST] INFO [Service Name -> bookstore-payment-service], [TraceId -> ], [SpanId -> ] 
      <main> org.springframework.context.support.PostProcessorRegistrationDelegate$BeanPostProcessorChecker : Bean 'org.springframework.cloud.autoconfigure.ConfigurationPropertiesRebinderAutoConfiguration' of type [org.springframework.cloud.autoconfigure.ConfigurationPropertiesRebinderAutoConfiguration] is not eligible for getting processed by all BeanPostProcessors (for example: not eligible for auto-proxying)
[2026-08-24 08:35:33 IST] INFO [Service Name -> bookstore-payment-service], [TraceId -> ], [SpanId -> ] 
      <main> com.devd.spring.bookstorepaymentservice.BookstorePaymentServiceApplication : The following profiles are active: local
[2026-08-24 08:35:35 IST] INFO [Service Name -> bookstore-payment-service], [TraceId -> ], [SpanId -> ] 
      <main> org.springframework.data.repository.config.RepositoryConfigurationDelegate : Bootstrapping Spring Data JPA repositories in DEFERRED mode.
[2026-08-24 08:35:35 IST] INFO [Service Name -> bookstore-payment-service], [TraceId -> ], [SpanId -> ] 
      <main> org.springframework.data.repository.config.RepositoryConfigurationDelegate : Finished Spring Data repository scanning in 100ms. Found 1 JPA repository interfaces.
[2026-08-24 08:35:36 IST] INFO [Service Name -> bookstore-payment-service], [TraceId -> ], [SpanId -> ] 
      <main> org.springframework.cloud.context.scope.GenericScope : BeanFactory id=d82a646a-c52c-3d56-a721-1d2b71dce6aa
[2026-08-24 08:35:37 IST] INFO [Service Name -> bookstore-payment-service], [TraceId -> ], [SpanId -> ] 
      <main> org.springframework.context.support.PostProcessorRegistrationDelegate$BeanPostProcessorChecker : Bean 'org.springframework.security.access.expression.method.DefaultMethodSecurityExpressionHandler@2c06b113' of type [org.springframework.security.access.expression.method.DefaultMethodSecurityExpressionHandler] is not eligible for getting processed by all BeanPostProcessors (for example: not eligible for auto-proxying)
[2026-08-24 08:35:37 IST] INFO [Service Name -> bookstore-payment-service], [TraceId -> ], [SpanId -> ] 
      <main> org.springframework.context.support.PostProcessorRegistrationDelegate$BeanPostProcessorChecker : Bean 'methodSecurityMetadataSource' of type [org.springframework.security.access.method.DelegatingMethodSecurityMetadataSource] is not eligible for getting processed by all BeanPostProcessors (for example: not eligible for auto-proxying)
[2026-08-24 08:35:37 IST] INFO [Service Name -> bookstore-payment-service], [TraceId -> ], [SpanId -> ] 
      <main> org.springframework.context.support.PostProcessorRegistrationDelegate$BeanPostProcessorChecker : Bean 'org.springframework.cloud.autoconfigure.ConfigurationPropertiesRebinderAutoConfiguration' of type [org.springframework.cloud.autoconfigure.ConfigurationPropertiesRebinderAutoConfiguration] is not eligible for getting processed by all BeanPostProcessors (for example: not eligible for auto-proxying)
[2026-08-24 08:35:37 IST] INFO [Service Name -> bookstore-payment-service], [TraceId -> ], [SpanId -> ] 
      <main> org.springframework.boot.web.embedded.tomcat.TomcatWebServer : Tomcat initialized with port(s): 8001 (http)
[2026-08-24 08:35:37 IST] INFO [Service Name -> bookstore-payment-service], [TraceId -> ], [SpanId -> ] 
      <main> org.apache.coyote.http11.Http11NioProtocol : Initializing ProtocolHandler ["http-nio-8001"]
[2026-08-24 08:35:37 IST] INFO [Service Name -> bookstore-payment-service], [TraceId -> ], [SpanId -> ] 
      <main> org.apache.catalina.core.StandardService : Starting service [Tomcat]
[2026-08-24 08:35:37 IST] INFO [Service Name -> bookstore-payment-service], [TraceId -> ], [SpanId -> ] 
      <main> org.apache.catalina.core.StandardEngine : Starting Servlet engine: [Apache Tomcat/9.0.38]
[2026-08-24 08:35:37 IST] INFO [Service Name -> bookstore-payment-service], [TraceId -> ], [SpanId -> ] 
      <main> org.apache.catalina.core.ContainerBase.[Tomcat].[localhost].[/] : Initializing Spring embedded WebApplicationContext
[2026-08-24 08:35:37 IST] INFO [Service Name -> bookstore-payment-service], [TraceId -> ], [SpanId -> ] 
      <main> org.springframework.boot.web.servlet.context.ServletWebServerApplicationContext : Root WebApplicationContext: initialization completed in 4754 ms
[2026-08-24 08:35:38 IST] WARN [Service Name -> bookstore-payment-service], [TraceId -> ], [SpanId -> ] 
      <main> com.netflix.config.sources.URLConfigurationSource : No URLs will be polled as dynamic configuration sources.
[2026-08-24 08:35:38 IST] INFO [Service Name -> bookstore-payment-service], [TraceId -> ], [SpanId -> ] 
      <main> com.netflix.config.sources.URLConfigurationSource : To enable URLs as dynamic configuration sources, define System property archaius.configurationSource.additionalUrls or make config.properties available on classpath.
[2026-08-24 08:35:38 IST] INFO [Service Name -> bookstore-payment-service], [TraceId -> ], [SpanId -> ] 
      <main> com.netflix.config.DynamicPropertyFactory : DynamicPropertyFactory is initialized with configuration sources: com.netflix.config.ConcurrentCompositeConfiguration@4228f269
[2026-08-24 08:35:38 IST] INFO [Service Name -> bookstore-payment-service], [TraceId -> ], [SpanId -> ] 
      <main> com.zaxxer.hikari.HikariDataSource : HikariPool-1 - Starting...
[2026-08-24 08:35:38 IST] INFO [Service Name -> bookstore-payment-service], [TraceId -> ], [SpanId -> ] 
      <main> com.zaxxer.hikari.HikariDataSource : HikariPool-1 - Start completed.
[2026-08-24 08:35:38 IST] INFO [Service Name -> bookstore-payment-service], [TraceId -> ], [SpanId -> ] 
      <main> org.springframework.boot.autoconfigure.h2.H2ConsoleAutoConfiguration : H2 console available at '/h2-console'. Database available at 'jdbc:h2:mem:bookstore_db'
[2026-08-24 08:35:38 IST] WARN [Service Name -> bookstore-payment-service], [TraceId -> ], [SpanId -> ] 
      <main> org.springframework.boot.actuate.endpoint.EndpointId : Endpoint ID 'service-registry' contains invalid characters, please migrate to a valid format.
[2026-08-24 08:35:39 IST] WARN [Service Name -> bookstore-payment-service], [TraceId -> ], [SpanId -> ] 
      <main> org.springframework.cloud.sleuth.zipkin2.ZipkinAutoConfiguration : Check result of the [AsyncReporter{org.springframework.cloud.sleuth.zipkin2.sender.RestTemplateSender@621dc63d}] contains an error [CheckResult{ok=false, error=org.springframework.web.client.ResourceAccessException: I/O error on POST request for "http://localhost:9411/api/v2/spans": connect timed out; nested exception is java.net.SocketTimeoutException: connect timed out}]
[2026-08-24 08:35:40 IST] INFO [Service Name -> bookstore-payment-service], [TraceId -> ], [SpanId -> ] 
      <main> org.flywaydb.core.internal.license.VersionPrinter : Flyway Community Edition 5.2.4 by Boxfuse
[2026-08-24 08:35:40 IST] INFO [Service Name -> bookstore-payment-service], [TraceId -> ], [SpanId -> ] 
      <main> org.flywaydb.core.internal.database.DatabaseFactory : Database: jdbc:h2:mem:bookstore_db (H2 1.4)
[2026-08-24 08:35:40 IST] INFO [Service Name -> bookstore-payment-service], [TraceId -> ], [SpanId -> ] 
      <main> org.flywaydb.core.internal.command.DbValidate : Successfully validated 1 migration (execution time 00:00.046s)
[2026-08-24 08:35:40 IST] INFO [Service Name -> bookstore-payment-service], [TraceId -> ], [SpanId -> ] 
      <main> org.flywaydb.core.internal.schemahistory.JdbcTableSchemaHistory : Creating Schema History table: "PUBLIC"."payment_service_flyway_history"
[2026-08-24 08:35:40 IST] INFO [Service Name -> bookstore-payment-service], [TraceId -> ], [SpanId -> ] 
      <main> org.flywaydb.core.internal.command.DbMigrate : Current version of schema "PUBLIC": << Empty Schema >>
[2026-08-24 08:35:40 IST] INFO [Service Name -> bookstore-payment-service], [TraceId -> ], [SpanId -> ] 
      <main> org.flywaydb.core.internal.command.DbMigrate : Migrating schema "PUBLIC" to version 1 - payment-service-schema
[2026-08-24 08:35:40 IST] INFO [Service Name -> bookstore-payment-service], [TraceId -> ], [SpanId -> ] 
      <main> org.flywaydb.core.internal.command.DbMigrate : Successfully applied 1 migration to schema "PUBLIC" (execution time 00:00.064s)
[2026-08-24 08:35:40 IST] INFO [Service Name -> bookstore-payment-service], [TraceId -> ], [SpanId -> ] 
      <main> org.springframework.scheduling.concurrent.ThreadPoolTaskExecutor : Initializing ExecutorService 'applicationTaskExecutor'
[2026-08-24 08:35:40 IST] INFO [Service Name -> bookstore-payment-service], [TraceId -> ], [SpanId -> ] 
      <task-1> org.hibernate.jpa.internal.util.LogHelper : HHH000204: Processing PersistenceUnitInfo [name: default]
[2026-08-24 08:35:40 IST] INFO [Service Name -> bookstore-payment-service], [TraceId -> ], [SpanId -> ] 
      <task-1> org.hibernate.Version : HHH000412: Hibernate ORM core version 5.4.21.Final
[2026-08-24 08:35:41 IST] INFO [Service Name -> bookstore-payment-service], [TraceId -> ], [SpanId -> ] 
      <task-1> org.hibernate.annotations.common.Version : HCANN000001: Hibernate Commons Annotations {5.1.0.Final}
[2026-08-24 08:35:41 IST] INFO [Service Name -> bookstore-payment-service], [TraceId -> ], [SpanId -> ] 
      <task-1> org.hibernate.dialect.Dialect : HHH000400: Using dialect: org.hibernate.dialect.H2Dialect
[2026-08-24 08:35:42 IST] INFO [Service Name -> bookstore-payment-service], [TraceId -> ], [SpanId -> ] 
      <task-1> org.hibernate.engine.transaction.jta.platform.internal.JtaPlatformInitiator : HHH000490: Using JtaPlatform implementation: [org.hibernate.engine.transaction.jta.platform.internal.NoJtaPlatform]
[2026-08-24 08:35:42 IST] INFO [Service Name -> bookstore-payment-service], [TraceId -> ], [SpanId -> ] 
      <task-1> org.springframework.orm.jpa.LocalContainerEntityManagerFactoryBean : Initialized JPA EntityManagerFactory for persistence unit 'default'
[2026-08-24 08:35:43 IST] INFO [Service Name -> bookstore-payment-service], [TraceId -> ], [SpanId -> ] 
      <main> org.springframework.boot.actuate.endpoint.web.EndpointLinksResolver : Exposing 22 endpoint(s) beneath base path '/actuator'
[2026-08-24 08:35:44 IST] INFO [Service Name -> bookstore-payment-service], [TraceId -> ], [SpanId -> ] 
      <main> org.springframework.security.web.DefaultSecurityFilterChain : Creating filter chain: Ant [pattern='/v2/api-docs'], []
[2026-08-24 08:35:44 IST] INFO [Service Name -> bookstore-payment-service], [TraceId -> ], [SpanId -> ] 
      <main> org.springframework.security.web.DefaultSecurityFilterChain : Creating filter chain: Ant [pattern='/configuration/ui'], []
[2026-08-24 08:35:44 IST] INFO [Service Name -> bookstore-payment-service], [TraceId -> ], [SpanId -> ] 
      <main> org.springframework.security.web.DefaultSecurityFilterChain : Creating filter chain: Ant [pattern='/swagger-resources/**'], []
[2026-08-24 08:35:44 IST] INFO [Service Name -> bookstore-payment-service], [TraceId -> ], [SpanId -> ] 
      <main> org.springframework.security.web.DefaultSecurityFilterChain : Creating filter chain: Ant [pattern='/configuration/**'], []
[2026-08-24 08:35:44 IST] INFO [Service Name -> bookstore-payment-service], [TraceId -> ], [SpanId -> ] 
      <main> org.springframework.security.web.DefaultSecurityFilterChain : Creating filter chain: Ant [pattern='/swagger-ui.html'], []
[2026-08-24 08:35:44 IST] INFO [Service Name -> bookstore-payment-service], [TraceId -> ], [SpanId -> ] 
      <main> org.springframework.security.web.DefaultSecurityFilterChain : Creating filter chain: Ant [pattern='/webjars/**'], []
[2026-08-24 08:35:44 IST] INFO [Service Name -> bookstore-payment-service], [TraceId -> ], [SpanId -> ] 
      <main> org.springframework.security.web.DefaultSecurityFilterChain : Creating filter chain: any request, [org.springframework.security.web.context.request.async.WebAsyncManagerIntegrationFilter@39dce2df, org.springframework.security.web.context.SecurityContextPersistenceFilter@33a7331, org.springframework.security.web.header.HeaderWriterFilter@70bc9070, org.springframework.web.filter.CorsFilter@662d3e85, org.springframework.security.web.authentication.logout.LogoutFilter@5b80b41d, org.springframework.security.oauth2.provider.authentication.OAuth2AuthenticationProcessingFilter@3539cf45, org.springframework.security.web.savedrequest.RequestCacheAwareFilter@44a98a23, org.springframework.security.web.servletapi.SecurityContextHolderAwareRequestFilter@f0381f0, org.springframework.security.web.authentication.AnonymousAuthenticationFilter@5598dff2, org.springframework.security.web.session.SessionManagementFilter@6f36e806, org.springframework.security.web.access.ExceptionTranslationFilter@49f41c2e, org.springframework.security.web.access.intercept.FilterSecurityInterceptor@35277c6c]
[2026-08-24 08:35:45 IST] INFO [Service Name -> bookstore-payment-service], [TraceId -> ], [SpanId -> ] 
      <main> org.springframework.security.web.DefaultSecurityFilterChain : Creating filter chain: any request, [org.springframework.security.web.context.request.async.WebAsyncManagerIntegrationFilter@56ec6ac0, org.springframework.security.web.context.SecurityContextPersistenceFilter@4bc9451b, org.springframework.security.web.header.HeaderWriterFilter@54a5799f, org.springframework.web.filter.CorsFilter@54b35809, org.springframework.security.web.authentication.logout.LogoutFilter@716eae1, org.springframework.security.web.authentication.www.BasicAuthenticationFilter@7bfc36d5, org.springframework.security.web.savedrequest.RequestCacheAwareFilter@6987b74e, org.springframework.security.web.servletapi.SecurityContextHolderAwareRequestFilter@1cc81ea1, org.springframework.security.web.authentication.AnonymousAuthenticationFilter@4a3383dc, org.springframework.security.web.session.SessionManagementFilter@332fa6ce, org.springframework.security.web.access.ExceptionTranslationFilter@66779435]
[2026-08-24 08:35:45 IST] WARN [Service Name -> bookstore-payment-service], [TraceId -> ], [SpanId -> ] 
      <main> com.netflix.config.sources.URLConfigurationSource : No URLs will be polled as dynamic configuration sources.
[2026-08-24 08:35:45 IST] INFO [Service Name -> bookstore-payment-service], [TraceId -> ], [SpanId -> ] 
      <main> com.netflix.config.sources.URLConfigurationSource : To enable URLs as dynamic configuration sources, define System property archaius.configurationSource.additionalUrls or make config.properties available on classpath.
[2026-08-24 08:35:47 IST] WARN [Service Name -> bookstore-payment-service], [TraceId -> ], [SpanId -> ] 
      <main> org.springframework.cloud.loadbalancer.config.BlockingLoadBalancerClientAutoConfiguration$BlockingLoadBalancerClientRibbonWarnLogger : You already have RibbonLoadBalancerClient on your classpath. It will be used by default. As Spring Cloud Ribbon is in maintenance mode. We recommend switching to BlockingLoadBalancerClient instead. In order to use it, set the value of `spring.cloud.loadbalancer.ribbon.enabled` to `false` or remove spring-cloud-starter-netflix-ribbon from your project.
[2026-08-24 08:35:48 IST] WARN [Service Name -> bookstore-payment-service], [TraceId -> ], [SpanId -> ] 
      <main> org.springframework.cloud.loadbalancer.config.LoadBalancerCacheAutoConfiguration$LoadBalancerCaffeineWarnLogger : Spring Cloud LoadBalancer is currently working with default default cache. You can switch to using Caffeine cache, by adding it to the classpath.
[2026-08-24 08:35:48 IST] INFO [Service Name -> bookstore-payment-service], [TraceId -> ], [SpanId -> ] 
      <main> org.springframework.cloud.netflix.eureka.InstanceInfoFactory : Setting initial instance status as: STARTING
[2026-08-24 08:35:48 IST] INFO [Service Name -> bookstore-payment-service], [TraceId -> ], [SpanId -> ] 
      <main> com.netflix.discovery.DiscoveryClient : Initializing Eureka in region us-east-1
[2026-08-24 08:35:48 IST] INFO [Service Name -> bookstore-payment-service], [TraceId -> ], [SpanId -> ] 
      <main> com.netflix.discovery.provider.DiscoveryJerseyProvider : Using JSON encoding codec LegacyJacksonJson
[2026-08-24 08:35:48 IST] INFO [Service Name -> bookstore-payment-service], [TraceId -> ], [SpanId -> ] 
      <main> com.netflix.discovery.provider.DiscoveryJerseyProvider : Using JSON decoding codec LegacyJacksonJson
[2026-08-24 08:35:48 IST] INFO [Service Name -> bookstore-payment-service], [TraceId -> ], [SpanId -> ] 
      <main> com.netflix.discovery.provider.DiscoveryJerseyProvider : Using XML encoding codec XStreamXml
[2026-08-24 08:35:48 IST] INFO [Service Name -> bookstore-payment-service], [TraceId -> ], [SpanId -> ] 
      <main> com.netflix.discovery.provider.DiscoveryJerseyProvider : Using XML decoding codec XStreamXml
[2026-08-24 08:35:49 IST] INFO [Service Name -> bookstore-payment-service], [TraceId -> ], [SpanId -> ] 
      <main> com.netflix.discovery.shared.resolver.aws.ConfigClusterResolver : Resolving eureka endpoints via configuration
[2026-08-24 08:35:49 IST] INFO [Service Name -> bookstore-payment-service], [TraceId -> ], [SpanId -> ] 
      <main> com.netflix.discovery.DiscoveryClient : Disable delta property : false
[2026-08-24 08:35:49 IST] INFO [Service Name -> bookstore-payment-service], [TraceId -> ], [SpanId -> ] 
      <main> com.netflix.discovery.DiscoveryClient : Single vip registry refresh property : null
[2026-08-24 08:35:49 IST] INFO [Service Name -> bookstore-payment-service], [TraceId -> ], [SpanId -> ] 
      <main> com.netflix.discovery.DiscoveryClient : Force full registry fetch : false
[2026-08-24 08:35:49 IST] INFO [Service Name -> bookstore-payment-service], [TraceId -> ], [SpanId -> ] 
      <main> com.netflix.discovery.DiscoveryClient : Application is null : false
[2026-08-24 08:35:49 IST] INFO [Service Name -> bookstore-payment-service], [TraceId -> ], [SpanId -> ] 
      <main> com.netflix.discovery.DiscoveryClient : Registered Applications size is zero : true
[2026-08-24 08:35:49 IST] INFO [Service Name -> bookstore-payment-service], [TraceId -> ], [SpanId -> ] 
      <main> com.netflix.discovery.DiscoveryClient : Application version is -1: true
[2026-08-24 08:35:49 IST] INFO [Service Name -> bookstore-payment-service], [TraceId -> ], [SpanId -> ] 
      <main> com.netflix.discovery.DiscoveryClient : Getting all instance registry info from the eureka server
[2026-08-24 08:35:49 IST] INFO [Service Name -> bookstore-payment-service], [TraceId -> ], [SpanId -> ] 
      <main> com.netflix.discovery.DiscoveryClient : The response status is 200
[2026-08-24 08:35:49 IST] INFO [Service Name -> bookstore-payment-service], [TraceId -> ], [SpanId -> ] 
      <main> com.netflix.discovery.DiscoveryClient : Starting heartbeat executor: renew interval is: 30
[2026-08-24 08:35:49 IST] INFO [Service Name -> bookstore-payment-service], [TraceId -> ], [SpanId -> ] 
      <main> com.netflix.discovery.InstanceInfoReplicator : InstanceInfoReplicator onDemand update allowed rate per min is 4
[2026-08-24 08:35:49 IST] INFO [Service Name -> bookstore-payment-service], [TraceId -> ], [SpanId -> ] 
      <main> com.netflix.discovery.DiscoveryClient : Discovery Client initialized at timestamp 1787540749861 with initial instances count: 4
[2026-08-24 08:35:49 IST] INFO [Service Name -> bookstore-payment-service], [TraceId -> ], [SpanId -> ] 
      <main> org.springframework.cloud.netflix.eureka.serviceregistry.EurekaServiceRegistry : Registering application BOOKSTORE-PAYMENT-SERVICE with eureka with status UP
[2026-08-24 08:35:49 IST] INFO [Service Name -> bookstore-payment-service], [TraceId -> ], [SpanId -> ] 
      <main> com.netflix.discovery.DiscoveryClient : Saw local status change event StatusChangeEvent [timestamp=1787540749881, current=UP, previous=STARTING]
[2026-08-24 08:35:49 IST] INFO [Service Name -> bookstore-payment-service], [TraceId -> ], [SpanId -> ] 
      <main> org.apache.coyote.http11.Http11NioProtocol : Starting ProtocolHandler ["http-nio-8001"]
[2026-08-24 08:35:49 IST] INFO [Service Name -> bookstore-payment-service], [TraceId -> ], [SpanId -> ] 
      <DiscoveryClient-InstanceInfoReplicator-0> com.netflix.discovery.DiscoveryClient : DiscoveryClient_BOOKSTORE-PAYMENT-SERVICE/LAPTOP-PIAE5DDA:bookstore-payment-service:8001: registering service...
[2026-08-24 08:35:49 IST] INFO [Service Name -> bookstore-payment-service], [TraceId -> ], [SpanId -> ] 
      <main> org.springframework.boot.web.embedded.tomcat.TomcatWebServer : Tomcat started on port(s): 8001 (http) with context path ''
[2026-08-24 08:35:49 IST] INFO [Service Name -> bookstore-payment-service], [TraceId -> ], [SpanId -> ] 
      <main> org.springframework.cloud.netflix.eureka.serviceregistry.EurekaAutoServiceRegistration : Updating port to 8001
[2026-08-24 08:35:49 IST] INFO [Service Name -> bookstore-payment-service], [TraceId -> ], [SpanId -> ] 
      <DiscoveryClient-InstanceInfoReplicator-0> com.netflix.discovery.DiscoveryClient : DiscoveryClient_BOOKSTORE-PAYMENT-SERVICE/LAPTOP-PIAE5DDA:bookstore-payment-service:8001 - registration status: 204
[2026-08-24 08:35:50 IST] INFO [Service Name -> bookstore-payment-service], [TraceId -> ], [SpanId -> ] 
      <main> org.springframework.data.repository.config.DeferredRepositoryInitializationListener : Triggering deferred initialization of Spring Data repositories…
[2026-08-24 08:35:51 IST] INFO [Service Name -> bookstore-payment-service], [TraceId -> ], [SpanId -> ] 
      <main> org.springframework.data.repository.config.DeferredRepositoryInitializationListener : Spring Data repositories initialized!
[2026-08-24 08:35:51 IST] INFO [Service Name -> bookstore-payment-service], [TraceId -> ], [SpanId -> ] 
      <main> com.devd.spring.bookstorepaymentservice.BookstorePaymentServiceApplication : Started BookstorePaymentServiceApplication in 21.202 seconds (JVM running for 24.253)
[2026-08-24 08:35:52 IST] INFO [Service Name -> bookstore-payment-service], [TraceId -> ], [SpanId -> ] 
      <RMI TCP Connection(4)-192.168.43.173> org.apache.catalina.core.ContainerBase.[Tomcat].[localhost].[/] : Initializing Spring DispatcherServlet 'dispatcherServlet'
[2026-08-24 08:35:52 IST] INFO [Service Name -> bookstore-payment-service], [TraceId -> ], [SpanId -> ] 
      <RMI TCP Connection(4)-192.168.43.173> org.springframework.web.servlet.DispatcherServlet : Initializing Servlet 'dispatcherServlet'
[2026-08-24 08:35:52 IST] INFO [Service Name -> bookstore-payment-service], [TraceId -> ], [SpanId -> ] 
      <RMI TCP Connection(4)-192.168.43.173> org.springframework.web.servlet.DispatcherServlet : Completed initialization in 26 ms
[2026-08-24 08:40:49 IST] INFO [Service Name -> bookstore-payment-service], [TraceId -> ], [SpanId -> ] 
      <AsyncResolver-bootstrap-executor-0> com.netflix.discovery.shared.resolver.aws.ConfigClusterResolver : Resolving eureka endpoints via configuration
[2026-08-24 08:45:49 IST] INFO [Service Name -> bookstore-payment-service], [TraceId -> ], [SpanId -> ] 
      <AsyncResolver-bootstrap-executor-0> com.netflix.discovery.shared.resolver.aws.ConfigClusterResolver : Resolving eureka endpoints via configuration
[2026-08-24 08:50:49 IST] INFO [Service Name -> bookstore-payment-service], [TraceId -> ], [SpanId -> ] 
      <AsyncResolver-bootstrap-executor-0> com.netflix.discovery.shared.resolver.aws.ConfigClusterResolver : Resolving eureka endpoints via configuration
[2026-08-24 08:55:49 IST] INFO [Service Name -> bookstore-payment-service], [TraceId -> ], [SpanId -> ] 
      <AsyncResolver-bootstrap-executor-0> com.netflix.discovery.shared.resolver.aws.ConfigClusterResolver : Resolving eureka endpoints via configuration
[2026-08-24 09:00:49 IST] INFO [Service Name -> bookstore-payment-service], [TraceId -> ], [SpanId -> ] 
      <AsyncResolver-bootstrap-executor-0> com.netflix.discovery.shared.resolver.aws.ConfigClusterResolver : Resolving eureka endpoints via configuration
[2026-08-24 09:05:49 IST] INFO [Service Name -> bookstore-payment-service], [TraceId -> ], [SpanId -> ] 
      <AsyncResolver-bootstrap-executor-0> com.netflix.discovery.shared.resolver.aws.ConfigClusterResolver : Resolving eureka endpoints via configuration
[2026-08-24 09:06:50 IST] INFO [Service Name -> bookstore-payment-service], [TraceId -> ], [SpanId -> ] 
      <SpringContextShutdownHook> org.springframework.cloud.netflix.eureka.serviceregistry.EurekaServiceRegistry : Unregistering application BOOKSTORE-PAYMENT-SERVICE with eureka with status DOWN
[2026-08-24 09:06:50 IST] WARN [Service Name -> bookstore-payment-service], [TraceId -> ], [SpanId -> ] 
      <SpringContextShutdownHook> com.netflix.discovery.DiscoveryClient : Saw local status change event StatusChangeEvent [timestamp=1787542610865, current=DOWN, previous=UP]
[2026-08-24 09:06:50 IST] INFO [Service Name -> bookstore-payment-service], [TraceId -> ], [SpanId -> ] 
      <DiscoveryClient-InstanceInfoReplicator-0> com.netflix.discovery.DiscoveryClient : DiscoveryClient_BOOKSTORE-PAYMENT-SERVICE/LAPTOP-PIAE5DDA:bookstore-payment-service:8001: registering service...
[2026-08-24 09:06:50 IST] ERROR [Service Name -> bookstore-payment-service], [TraceId -> ], [SpanId -> ] 
      <DiscoveryClient-InstanceInfoReplicator-0> com.netflix.discovery.shared.transport.decorator.RedirectingEurekaHttpClient : Request execution error. endpoint=DefaultEndpoint{ serviceUrl='http://localhost:8761/eureka/}
com.sun.jersey.api.client.ClientHandlerException: org.apache.http.NoHttpResponseException: localhost:8761 failed to respond
	at com.sun.jersey.client.apache4.ApacheHttpClient4Handler.handle(ApacheHttpClient4Handler.java:187)
	at com.sun.jersey.api.client.filter.GZIPContentEncodingFilter.handle(GZIPContentEncodingFilter.java:123)
	at com.netflix.discovery.EurekaIdentityHeaderFilter.handle(EurekaIdentityHeaderFilter.java:27)
	at com.sun.jersey.api.client.Client.handle(Client.java:652)
	at com.sun.jersey.api.client.WebResource.handle(WebResource.java:682)
	at com.sun.jersey.api.client.WebResource.access$200(WebResource.java:74)
	at com.sun.jersey.api.client.WebResource$Builder.post(WebResource.java:570)
	at com.netflix.discovery.shared.transport.jersey.AbstractJerseyEurekaHttpClient.register(AbstractJerseyEurekaHttpClient.java:56)
	at com.netflix.discovery.shared.transport.decorator.EurekaHttpClientDecorator$1.execute(EurekaHttpClientDecorator.java:59)
	at com.netflix.discovery.shared.transport.decorator.MetricsCollectingEurekaHttpClient.execute(MetricsCollectingEurekaHttpClient.java:73)
	at com.netflix.discovery.shared.transport.decorator.EurekaHttpClientDecorator.register(EurekaHttpClientDecorator.java:56)
	at com.netflix.discovery.shared.transport.decorator.EurekaHttpClientDecorator$1.execute(EurekaHttpClientDecorator.java:59)
	at com.netflix.discovery.shared.transport.decorator.RedirectingEurekaHttpClient.execute(RedirectingEurekaHttpClient.java:89)
	at com.netflix.discovery.shared.transport.decorator.EurekaHttpClientDecorator.register(EurekaHttpClientDecorator.java:56)
	at com.netflix.discovery.shared.transport.decorator.EurekaHttpClientDecorator$1.execute(EurekaHttpClientDecorator.java:59)
	at com.netflix.discovery.shared.transport.decorator.RetryableEurekaHttpClient.execute(RetryableEurekaHttpClient.java:120)
	at com.netflix.discovery.shared.transport.decorator.EurekaHttpClientDecorator.register(EurekaHttpClientDecorator.java:56)
	at com.netflix.discovery.shared.transport.decorator.EurekaHttpClientDecorator$1.execute(EurekaHttpClientDecorator.java:59)
	at com.netflix.discovery.shared.transport.decorator.SessionedEurekaHttpClient.execute(SessionedEurekaHttpClient.java:77)
	at com.netflix.discovery.shared.transport.decorator.EurekaHttpClientDecorator.register(EurekaHttpClientDecorator.java:56)
	at com.netflix.discovery.DiscoveryClient.register(DiscoveryClient.java:847)
	at com.netflix.discovery.InstanceInfoReplicator.run(InstanceInfoReplicator.java:121)
	at com.netflix.discovery.InstanceInfoReplicator$1.run(InstanceInfoReplicator.java:101)
	at java.util.concurrent.Executors$RunnableAdapter.call(Executors.java:511)
	at java.util.concurrent.FutureTask.run(FutureTask.java:266)
	at java.util.concurrent.ScheduledThreadPoolExecutor$ScheduledFutureTask.access$201(ScheduledThreadPoolExecutor.java:180)
	at java.util.concurrent.ScheduledThreadPoolExecutor$ScheduledFutureTask.run(ScheduledThreadPoolExecutor.java:293)
	at java.util.concurrent.ThreadPoolExecutor.runWorker(ThreadPoolExecutor.java:1149)
	at java.util.concurrent.ThreadPoolExecutor$Worker.run(ThreadPoolExecutor.java:624)
	at java.lang.Thread.run(Thread.java:750)
Caused by: org.apache.http.NoHttpResponseException: localhost:8761 failed to respond
	at org.apache.http.impl.conn.DefaultHttpResponseParser.parseHead(DefaultHttpResponseParser.java:141)
	at org.apache.http.impl.conn.DefaultHttpResponseParser.parseHead(DefaultHttpResponseParser.java:56)
	at org.apache.http.impl.io.AbstractMessageParser.parse(AbstractMessageParser.java:259)
	at org.apache.http.impl.AbstractHttpClientConnection.receiveResponseHeader(AbstractHttpClientConnection.java:294)
	at org.apache.http.impl.conn.DefaultClientConnection.receiveResponseHeader(DefaultClientConnection.java:257)
	at org.apache.http.impl.conn.AbstractClientConnAdapter.receiveResponseHeader(AbstractClientConnAdapter.java:230)
	at org.apache.http.protocol.HttpRequestExecutor.doReceiveResponse(HttpRequestExecutor.java:273)
	at org.apache.http.protocol.HttpRequestExecutor.execute(HttpRequestExecutor.java:125)
	at org.apache.http.impl.client.DefaultRequestDirector.tryExecute(DefaultRequestDirector.java:679)
	at org.apache.http.impl.client.DefaultRequestDirector.execute(DefaultRequestDirector.java:481)
	at org.apache.http.impl.client.AbstractHttpClient.doExecute(AbstractHttpClient.java:835)
	at org.apache.http.impl.client.CloseableHttpClient.execute(CloseableHttpClient.java:118)
	at org.apache.http.impl.client.CloseableHttpClient.execute(CloseableHttpClient.java:56)
	at com.sun.jersey.client.apache4.ApacheHttpClient4Handler.handle(ApacheHttpClient4Handler.java:173)
	... 29 common frames omitted
[2026-08-24 09:06:50 IST] WARN [Service Name -> bookstore-payment-service], [TraceId -> ], [SpanId -> ] 
      <DiscoveryClient-InstanceInfoReplicator-0> com.netflix.discovery.shared.transport.decorator.RetryableEurekaHttpClient : Request execution failed with message: org.apache.http.NoHttpResponseException: localhost:8761 failed to respond
[2026-08-24 09:06:50 IST] ERROR [Service Name -> bookstore-payment-service], [TraceId -> ], [SpanId -> ] 
      <DiscoveryClient-InstanceInfoReplicator-0> com.netflix.discovery.shared.transport.decorator.RedirectingEurekaHttpClient : Request execution error. endpoint=DefaultEndpoint{ serviceUrl='http://localhost:8761/eureka/}
com.sun.jersey.api.client.ClientHandlerException: org.apache.http.NoHttpResponseException: localhost:8761 failed to respond
	at com.sun.jersey.client.apache4.ApacheHttpClient4Handler.handle(ApacheHttpClient4Handler.java:187)
	at com.sun.jersey.api.client.filter.GZIPContentEncodingFilter.handle(GZIPContentEncodingFilter.java:123)
	at com.netflix.discovery.EurekaIdentityHeaderFilter.handle(EurekaIdentityHeaderFilter.java:27)
	at com.sun.jersey.api.client.Client.handle(Client.java:652)
	at com.sun.jersey.api.client.WebResource.handle(WebResource.java:682)
	at com.sun.jersey.api.client.WebResource.access$200(WebResource.java:74)
	at com.sun.jersey.api.client.WebResource$Builder.post(WebResource.java:570)
	at com.netflix.discovery.shared.transport.jersey.AbstractJerseyEurekaHttpClient.register(AbstractJerseyEurekaHttpClient.java:56)
	at com.netflix.discovery.shared.transport.decorator.EurekaHttpClientDecorator$1.execute(EurekaHttpClientDecorator.java:59)
	at com.netflix.discovery.shared.transport.decorator.MetricsCollectingEurekaHttpClient.execute(MetricsCollectingEurekaHttpClient.java:73)
	at com.netflix.discovery.shared.transport.decorator.EurekaHttpClientDecorator.register(EurekaHttpClientDecorator.java:56)
	at com.netflix.discovery.shared.transport.decorator.EurekaHttpClientDecorator$1.execute(EurekaHttpClientDecorator.java:59)
	at com.netflix.discovery.shared.transport.decorator.RedirectingEurekaHttpClient.executeOnNewServer(RedirectingEurekaHttpClient.java:118)
	at com.netflix.discovery.shared.transport.decorator.RedirectingEurekaHttpClient.execute(RedirectingEurekaHttpClient.java:79)
	at com.netflix.discovery.shared.transport.decorator.EurekaHttpClientDecorator.register(EurekaHttpClientDecorator.java:56)
	at com.netflix.discovery.shared.transport.decorator.EurekaHttpClientDecorator$1.execute(EurekaHttpClientDecorator.java:59)
	at com.netflix.discovery.shared.transport.decorator.RetryableEurekaHttpClient.execute(RetryableEurekaHttpClient.java:120)
	at com.netflix.discovery.shared.transport.decorator.EurekaHttpClientDecorator.register(EurekaHttpClientDecorator.java:56)
	at com.netflix.discovery.shared.transport.decorator.EurekaHttpClientDecorator$1.execute(EurekaHttpClientDecorator.java:59)
	at com.netflix.discovery.shared.transport.decorator.SessionedEurekaHttpClient.execute(SessionedEurekaHttpClient.java:77)
	at com.netflix.discovery.shared.transport.decorator.EurekaHttpClientDecorator.register(EurekaHttpClientDecorator.java:56)
	at com.netflix.discovery.DiscoveryClient.register(DiscoveryClient.java:847)
	at com.netflix.discovery.InstanceInfoReplicator.run(InstanceInfoReplicator.java:121)
	at com.netflix.discovery.InstanceInfoReplicator$1.run(InstanceInfoReplicator.java:101)
	at java.util.concurrent.Executors$RunnableAdapter.call(Executors.java:511)
	at java.util.concurrent.FutureTask.run(FutureTask.java:266)
	at java.util.concurrent.ScheduledThreadPoolExecutor$ScheduledFutureTask.access$201(ScheduledThreadPoolExecutor.java:180)
	at java.util.concurrent.ScheduledThreadPoolExecutor$ScheduledFutureTask.run(ScheduledThreadPoolExecutor.java:293)
	at java.util.concurrent.ThreadPoolExecutor.runWorker(ThreadPoolExecutor.java:1149)
	at java.util.concurrent.ThreadPoolExecutor$Worker.run(ThreadPoolExecutor.java:624)
	at java.lang.Thread.run(Thread.java:750)
Caused by: org.apache.http.NoHttpResponseException: localhost:8761 failed to respond
	at org.apache.http.impl.conn.DefaultHttpResponseParser.parseHead(DefaultHttpResponseParser.java:141)
	at org.apache.http.impl.conn.DefaultHttpResponseParser.parseHead(DefaultHttpResponseParser.java:56)
	at org.apache.http.impl.io.AbstractMessageParser.parse(AbstractMessageParser.java:259)
	at org.apache.http.impl.AbstractHttpClientConnection.receiveResponseHeader(AbstractHttpClientConnection.java:294)
	at org.apache.http.impl.conn.DefaultClientConnection.receiveResponseHeader(DefaultClientConnection.java:257)
	at org.apache.http.impl.conn.AbstractClientConnAdapter.receiveResponseHeader(AbstractClientConnAdapter.java:230)
	at org.apache.http.protocol.HttpRequestExecutor.doReceiveResponse(HttpRequestExecutor.java:273)
	at org.apache.http.protocol.HttpRequestExecutor.execute(HttpRequestExecutor.java:125)
	at org.apache.http.impl.client.DefaultRequestDirector.tryExecute(DefaultRequestDirector.java:679)
	at org.apache.http.impl.client.DefaultRequestDirector.execute(DefaultRequestDirector.java:481)
	at org.apache.http.impl.client.AbstractHttpClient.doExecute(AbstractHttpClient.java:835)
	at org.apache.http.impl.client.CloseableHttpClient.execute(CloseableHttpClient.java:118)
	at org.apache.http.impl.client.CloseableHttpClient.execute(CloseableHttpClient.java:56)
	at com.sun.jersey.client.apache4.ApacheHttpClient4Handler.handle(ApacheHttpClient4Handler.java:173)
	... 30 common frames omitted
[2026-08-24 09:06:50 IST] WARN [Service Name -> bookstore-payment-service], [TraceId -> ], [SpanId -> ] 
      <DiscoveryClient-InstanceInfoReplicator-0> com.netflix.discovery.shared.transport.decorator.RetryableEurekaHttpClient : Request execution failed with message: org.apache.http.NoHttpResponseException: localhost:8761 failed to respond
[2026-08-24 09:06:50 IST] WARN [Service Name -> bookstore-payment-service], [TraceId -> ], [SpanId -> ] 
      <DiscoveryClient-InstanceInfoReplicator-0> com.netflix.discovery.DiscoveryClient : DiscoveryClient_BOOKSTORE-PAYMENT-SERVICE/LAPTOP-PIAE5DDA:bookstore-payment-service:8001 - registration failed Cannot execute request on any known server
com.netflix.discovery.shared.transport.TransportException: Cannot execute request on any known server
	at com.netflix.discovery.shared.transport.decorator.RetryableEurekaHttpClient.execute(RetryableEurekaHttpClient.java:112)
	at com.netflix.discovery.shared.transport.decorator.EurekaHttpClientDecorator.register(EurekaHttpClientDecorator.java:56)
	at com.netflix.discovery.shared.transport.decorator.EurekaHttpClientDecorator$1.execute(EurekaHttpClientDecorator.java:59)
	at com.netflix.discovery.shared.transport.decorator.SessionedEurekaHttpClient.execute(SessionedEurekaHttpClient.java:77)
	at com.netflix.discovery.shared.transport.decorator.EurekaHttpClientDecorator.register(EurekaHttpClientDecorator.java:56)
	at com.netflix.discovery.DiscoveryClient.register(DiscoveryClient.java:847)
	at com.netflix.discovery.InstanceInfoReplicator.run(InstanceInfoReplicator.java:121)
	at com.netflix.discovery.InstanceInfoReplicator$1.run(InstanceInfoReplicator.java:101)
	at java.util.concurrent.Executors$RunnableAdapter.call(Executors.java:511)
	at java.util.concurrent.FutureTask.run(FutureTask.java:266)
	at java.util.concurrent.ScheduledThreadPoolExecutor$ScheduledFutureTask.access$201(ScheduledThreadPoolExecutor.java:180)
	at java.util.concurrent.ScheduledThreadPoolExecutor$ScheduledFutureTask.run(ScheduledThreadPoolExecutor.java:293)
	at java.util.concurrent.ThreadPoolExecutor.runWorker(ThreadPoolExecutor.java:1149)
	at java.util.concurrent.ThreadPoolExecutor$Worker.run(ThreadPoolExecutor.java:624)
	at java.lang.Thread.run(Thread.java:750)
[2026-08-24 09:06:50 IST] WARN [Service Name -> bookstore-payment-service], [TraceId -> ], [SpanId -> ] 
      <DiscoveryClient-InstanceInfoReplicator-0> com.netflix.discovery.InstanceInfoReplicator : There was a problem with the instance info replicator
com.netflix.discovery.shared.transport.TransportException: Cannot execute request on any known server
	at com.netflix.discovery.shared.transport.decorator.RetryableEurekaHttpClient.execute(RetryableEurekaHttpClient.java:112)
	at com.netflix.discovery.shared.transport.decorator.EurekaHttpClientDecorator.register(EurekaHttpClientDecorator.java:56)
	at com.netflix.discovery.shared.transport.decorator.EurekaHttpClientDecorator$1.execute(EurekaHttpClientDecorator.java:59)
	at com.netflix.discovery.shared.transport.decorator.SessionedEurekaHttpClient.execute(SessionedEurekaHttpClient.java:77)
	at com.netflix.discovery.shared.transport.decorator.EurekaHttpClientDecorator.register(EurekaHttpClientDecorator.java:56)
	at com.netflix.discovery.DiscoveryClient.register(DiscoveryClient.java:847)
	at com.netflix.discovery.InstanceInfoReplicator.run(InstanceInfoReplicator.java:121)
	at com.netflix.discovery.InstanceInfoReplicator$1.run(InstanceInfoReplicator.java:101)
	at java.util.concurrent.Executors$RunnableAdapter.call(Executors.java:511)
	at java.util.concurrent.FutureTask.run(FutureTask.java:266)
	at java.util.concurrent.ScheduledThreadPoolExecutor$ScheduledFutureTask.access$201(ScheduledThreadPoolExecutor.java:180)
	at java.util.concurrent.ScheduledThreadPoolExecutor$ScheduledFutureTask.run(ScheduledThreadPoolExecutor.java:293)
	at java.util.concurrent.ThreadPoolExecutor.runWorker(ThreadPoolExecutor.java:1149)
	at java.util.concurrent.ThreadPoolExecutor$Worker.run(ThreadPoolExecutor.java:624)
	at java.lang.Thread.run(Thread.java:750)
[2026-08-24 09:06:51 IST] INFO [Service Name -> bookstore-payment-service], [TraceId -> ], [SpanId -> ] 
      <DiscoveryClient-CacheRefreshExecutor-0> org.apache.http.impl.client.DefaultHttpClient : I/O exception (java.net.SocketException) caught when processing request to {}->http://localhost:8761: Connection reset
[2026-08-24 09:06:51 IST] INFO [Service Name -> bookstore-payment-service], [TraceId -> ], [SpanId -> ] 
      <DiscoveryClient-CacheRefreshExecutor-0> org.apache.http.impl.client.DefaultHttpClient : Retrying request to {}->http://localhost:8761
[2026-08-24 09:06:51 IST] ERROR [Service Name -> bookstore-payment-service], [TraceId -> ], [SpanId -> ] 
      <DiscoveryClient-HeartbeatExecutor-0> com.netflix.discovery.shared.transport.decorator.RedirectingEurekaHttpClient : Request execution error. endpoint=DefaultEndpoint{ serviceUrl='http://localhost:8761/eureka/}
com.sun.jersey.api.client.ClientHandlerException: java.net.SocketException: Connection reset
	at com.sun.jersey.client.apache4.ApacheHttpClient4Handler.handle(ApacheHttpClient4Handler.java:187)
	at com.sun.jersey.api.client.filter.GZIPContentEncodingFilter.handle(GZIPContentEncodingFilter.java:123)
	at com.netflix.discovery.EurekaIdentityHeaderFilter.handle(EurekaIdentityHeaderFilter.java:27)
	at com.sun.jersey.api.client.Client.handle(Client.java:652)
	at com.sun.jersey.api.client.WebResource.handle(WebResource.java:682)
	at com.sun.jersey.api.client.WebResource.access$200(WebResource.java:74)
	at com.sun.jersey.api.client.WebResource$Builder.put(WebResource.java:529)
	at com.netflix.discovery.shared.transport.jersey.AbstractJerseyEurekaHttpClient.sendHeartBeat(AbstractJerseyEurekaHttpClient.java:102)
	at com.netflix.discovery.shared.transport.decorator.EurekaHttpClientDecorator$3.execute(EurekaHttpClientDecorator.java:92)
	at com.netflix.discovery.shared.transport.decorator.MetricsCollectingEurekaHttpClient.execute(MetricsCollectingEurekaHttpClient.java:73)
	at com.netflix.discovery.shared.transport.decorator.EurekaHttpClientDecorator.sendHeartBeat(EurekaHttpClientDecorator.java:89)
	at com.netflix.discovery.shared.transport.decorator.EurekaHttpClientDecorator$3.execute(EurekaHttpClientDecorator.java:92)
	at com.netflix.discovery.shared.transport.decorator.RedirectingEurekaHttpClient.executeOnNewServer(RedirectingEurekaHttpClient.java:118)
	at com.netflix.discovery.shared.transport.decorator.RedirectingEurekaHttpClient.execute(RedirectingEurekaHttpClient.java:79)
	at com.netflix.discovery.shared.transport.decorator.EurekaHttpClientDecorator.sendHeartBeat(EurekaHttpClientDecorator.java:89)
	at com.netflix.discovery.shared.transport.decorator.EurekaHttpClientDecorator$3.execute(EurekaHttpClientDecorator.java:92)
	at com.netflix.discovery.shared.transport.decorator.RetryableEurekaHttpClient.execute(RetryableEurekaHttpClient.java:120)
	at com.netflix.discovery.shared.transport.decorator.EurekaHttpClientDecorator.sendHeartBeat(EurekaHttpClientDecorator.java:89)
	at com.netflix.discovery.shared.transport.decorator.EurekaHttpClientDecorator$3.execute(EurekaHttpClientDecorator.java:92)
	at com.netflix.discovery.shared.transport.decorator.SessionedEurekaHttpClient.execute(SessionedEurekaHttpClient.java:77)
	at com.netflix.discovery.shared.transport.decorator.EurekaHttpClientDecorator.sendHeartBeat(EurekaHttpClientDecorator.java:89)
	at com.netflix.discovery.DiscoveryClient.renew(DiscoveryClient.java:864)
	at com.netflix.discovery.DiscoveryClient$HeartbeatThread.run(DiscoveryClient.java:1423)
	at java.util.concurrent.Executors$RunnableAdapter.call(Executors.java:511)
	at java.util.concurrent.FutureTask.run(FutureTask.java:266)
	at java.util.concurrent.ThreadPoolExecutor.runWorker(ThreadPoolExecutor.java:1149)
	at java.util.concurrent.ThreadPoolExecutor$Worker.run(ThreadPoolExecutor.java:624)
	at java.lang.Thread.run(Thread.java:750)
Caused by: java.net.SocketException: Connection reset
	at java.net.SocketInputStream.read(SocketInputStream.java:210)
	at java.net.SocketInputStream.read(SocketInputStream.java:141)
	at org.apache.http.impl.io.AbstractSessionInputBuffer.fillBuffer(AbstractSessionInputBuffer.java:161)
	at org.apache.http.impl.io.SocketInputBuffer.fillBuffer(SocketInputBuffer.java:82)
	at org.apache.http.impl.io.AbstractSessionInputBuffer.readLine(AbstractSessionInputBuffer.java:276)
	at org.apache.http.impl.conn.DefaultHttpResponseParser.parseHead(DefaultHttpResponseParser.java:138)
	at org.apache.http.impl.conn.DefaultHttpResponseParser.parseHead(DefaultHttpResponseParser.java:56)
	at org.apache.http.impl.io.AbstractMessageParser.parse(AbstractMessageParser.java:259)
	at org.apache.http.impl.AbstractHttpClientConnection.receiveResponseHeader(AbstractHttpClientConnection.java:294)
	at org.apache.http.impl.conn.DefaultClientConnection.receiveResponseHeader(DefaultClientConnection.java:257)
	at org.apache.http.impl.conn.AbstractClientConnAdapter.receiveResponseHeader(AbstractClientConnAdapter.java:230)
	at org.apache.http.protocol.HttpRequestExecutor.doReceiveResponse(HttpRequestExecutor.java:273)
	at org.apache.http.protocol.HttpRequestExecutor.execute(HttpRequestExecutor.java:125)
	at org.apache.http.impl.client.DefaultRequestDirector.tryExecute(DefaultRequestDirector.java:679)
	at org.apache.http.impl.client.DefaultRequestDirector.execute(DefaultRequestDirector.java:481)
	at org.apache.http.impl.client.AbstractHttpClient.doExecute(AbstractHttpClient.java:835)
	at org.apache.http.impl.client.CloseableHttpClient.execute(CloseableHttpClient.java:118)
	at org.apache.http.impl.client.CloseableHttpClient.execute(CloseableHttpClient.java:56)
	at com.sun.jersey.client.apache4.ApacheHttpClient4Handler.handle(ApacheHttpClient4Handler.java:173)
	... 27 common frames omitted
[2026-08-24 09:06:51 IST] WARN [Service Name -> bookstore-payment-service], [TraceId -> ], [SpanId -> ] 
      <DiscoveryClient-HeartbeatExecutor-0> com.netflix.discovery.shared.transport.decorator.RetryableEurekaHttpClient : Request execution failed with message: java.net.SocketException: Connection reset
[2026-08-24 09:06:51 IST] ERROR [Service Name -> bookstore-payment-service], [TraceId -> ], [SpanId -> ] 
      <DiscoveryClient-HeartbeatExecutor-0> com.netflix.discovery.DiscoveryClient : DiscoveryClient_BOOKSTORE-PAYMENT-SERVICE/LAPTOP-PIAE5DDA:bookstore-payment-service:8001 - was unable to send heartbeat!
com.netflix.discovery.shared.transport.TransportException: Cannot execute request on any known server
	at com.netflix.discovery.shared.transport.decorator.RetryableEurekaHttpClient.execute(RetryableEurekaHttpClient.java:112)
	at com.netflix.discovery.shared.transport.decorator.EurekaHttpClientDecorator.sendHeartBeat(EurekaHttpClientDecorator.java:89)
	at com.netflix.discovery.shared.transport.decorator.EurekaHttpClientDecorator$3.execute(EurekaHttpClientDecorator.java:92)
	at com.netflix.discovery.shared.transport.decorator.SessionedEurekaHttpClient.execute(SessionedEurekaHttpClient.java:77)
	at com.netflix.discovery.shared.transport.decorator.EurekaHttpClientDecorator.sendHeartBeat(EurekaHttpClientDecorator.java:89)
	at com.netflix.discovery.DiscoveryClient.renew(DiscoveryClient.java:864)
	at com.netflix.discovery.DiscoveryClient$HeartbeatThread.run(DiscoveryClient.java:1423)
	at java.util.concurrent.Executors$RunnableAdapter.call(Executors.java:511)
	at java.util.concurrent.FutureTask.run(FutureTask.java:266)
	at java.util.concurrent.ThreadPoolExecutor.runWorker(ThreadPoolExecutor.java:1149)
	at java.util.concurrent.ThreadPoolExecutor$Worker.run(ThreadPoolExecutor.java:624)
	at java.lang.Thread.run(Thread.java:750)
[2026-08-24 09:06:51 IST] INFO [Service Name -> bookstore-payment-service], [TraceId -> ], [SpanId -> ] 
      <SpringContextShutdownHook> org.springframework.orm.jpa.LocalContainerEntityManagerFactoryBean : Closing JPA EntityManagerFactory for persistence unit 'default'
[2026-08-24 09:06:51 IST] INFO [Service Name -> bookstore-payment-service], [TraceId -> ], [SpanId -> ] 
      <SpringContextShutdownHook> org.springframework.scheduling.concurrent.ThreadPoolTaskExecutor : Shutting down ExecutorService 'applicationTaskExecutor'
[2026-08-24 09:06:52 IST] INFO [Service Name -> bookstore-payment-service], [TraceId -> ], [SpanId -> ] 
      <SpringContextShutdownHook> com.netflix.discovery.DiscoveryClient : Shutting down DiscoveryClient ...
[2026-08-24 09:06:55 IST] ERROR [Service Name -> bookstore-payment-service], [TraceId -> ], [SpanId -> ] 
      <DiscoveryClient-CacheRefreshExecutor-0> com.netflix.discovery.shared.transport.decorator.RedirectingEurekaHttpClient : Request execution error. endpoint=DefaultEndpoint{ serviceUrl='http://localhost:8761/eureka/}
com.sun.jersey.api.client.ClientHandlerException: java.net.ConnectException: Connection refused: connect
	at com.sun.jersey.client.apache4.ApacheHttpClient4Handler.handle(ApacheHttpClient4Handler.java:187)
	at com.sun.jersey.api.client.filter.GZIPContentEncodingFilter.handle(GZIPContentEncodingFilter.java:123)
	at com.netflix.discovery.EurekaIdentityHeaderFilter.handle(EurekaIdentityHeaderFilter.java:27)
	at com.sun.jersey.api.client.Client.handle(Client.java:652)
	at com.sun.jersey.api.client.WebResource.handle(WebResource.java:682)
	at com.sun.jersey.api.client.WebResource.access$200(WebResource.java:74)
	at com.sun.jersey.api.client.WebResource$Builder.get(WebResource.java:509)
	at com.netflix.discovery.shared.transport.jersey.AbstractJerseyEurekaHttpClient.getApplicationsInternal(AbstractJerseyEurekaHttpClient.java:194)
	at com.netflix.discovery.shared.transport.jersey.AbstractJerseyEurekaHttpClient.getDelta(AbstractJerseyEurekaHttpClient.java:170)
	at com.netflix.discovery.shared.transport.decorator.EurekaHttpClientDecorator$7.execute(EurekaHttpClientDecorator.java:152)
	at com.netflix.discovery.shared.transport.decorator.MetricsCollectingEurekaHttpClient.execute(MetricsCollectingEurekaHttpClient.java:73)
	at com.netflix.discovery.shared.transport.decorator.EurekaHttpClientDecorator.getDelta(EurekaHttpClientDecorator.java:149)
	at com.netflix.discovery.shared.transport.decorator.EurekaHttpClientDecorator$7.execute(EurekaHttpClientDecorator.java:152)
	at com.netflix.discovery.shared.transport.decorator.RedirectingEurekaHttpClient.execute(RedirectingEurekaHttpClient.java:89)
	at com.netflix.discovery.shared.transport.decorator.EurekaHttpClientDecorator.getDelta(EurekaHttpClientDecorator.java:149)
	at com.netflix.discovery.shared.transport.decorator.EurekaHttpClientDecorator$7.execute(EurekaHttpClientDecorator.java:152)
	at com.netflix.discovery.shared.transport.decorator.RetryableEurekaHttpClient.execute(RetryableEurekaHttpClient.java:120)
	at com.netflix.discovery.shared.transport.decorator.EurekaHttpClientDecorator.getDelta(EurekaHttpClientDecorator.java:149)
	at com.netflix.discovery.shared.transport.decorator.EurekaHttpClientDecorator$7.execute(EurekaHttpClientDecorator.java:152)
	at com.netflix.discovery.shared.transport.decorator.SessionedEurekaHttpClient.execute(SessionedEurekaHttpClient.java:77)
	at com.netflix.discovery.shared.transport.decorator.EurekaHttpClientDecorator.getDelta(EurekaHttpClientDecorator.java:149)
	at com.netflix.discovery.DiscoveryClient.getAndUpdateDelta(DiscoveryClient.java:1103)
	at com.netflix.discovery.DiscoveryClient.fetchRegistry(DiscoveryClient.java:985)
	at com.netflix.discovery.DiscoveryClient.refreshRegistry(DiscoveryClient.java:1497)
	at com.netflix.discovery.DiscoveryClient$CacheRefreshThread.run(DiscoveryClient.java:1464)
	at java.util.concurrent.Executors$RunnableAdapter.call(Executors.java:511)
	at java.util.concurrent.FutureTask.run(FutureTask.java:266)
	at java.util.concurrent.ThreadPoolExecutor.runWorker(ThreadPoolExecutor.java:1149)
	at java.util.concurrent.ThreadPoolExecutor$Worker.run(ThreadPoolExecutor.java:624)
	at java.lang.Thread.run(Thread.java:750)
Caused by: java.net.ConnectException: Connection refused: connect
	at java.net.DualStackPlainSocketImpl.waitForConnect(Native Method)
	at java.net.DualStackPlainSocketImpl.socketConnect(DualStackPlainSocketImpl.java:85)
	at java.net.AbstractPlainSocketImpl.doConnect(AbstractPlainSocketImpl.java:350)
	at java.net.AbstractPlainSocketImpl.connectToAddress(AbstractPlainSocketImpl.java:206)
	at java.net.AbstractPlainSocketImpl.connect(AbstractPlainSocketImpl.java:188)
	at java.net.PlainSocketImpl.connect(PlainSocketImpl.java:172)
	at java.net.SocksSocketImpl.connect(SocksSocketImpl.java:392)
	at java.net.Socket.connect(Socket.java:607)
	at org.apache.http.conn.scheme.PlainSocketFactory.connectSocket(PlainSocketFactory.java:121)
	at org.apache.http.impl.conn.DefaultClientConnectionOperator.openConnection(DefaultClientConnectionOperator.java:180)
	at org.apache.http.impl.conn.AbstractPoolEntry.open(AbstractPoolEntry.java:144)
	at org.apache.http.impl.conn.AbstractPooledConnAdapter.open(AbstractPooledConnAdapter.java:134)
	at org.apache.http.impl.client.DefaultRequestDirector.tryExecute(DefaultRequestDirector.java:668)
	at org.apache.http.impl.client.DefaultRequestDirector.execute(DefaultRequestDirector.java:481)
	at org.apache.http.impl.client.AbstractHttpClient.doExecute(AbstractHttpClient.java:835)
	at org.apache.http.impl.client.CloseableHttpClient.execute(CloseableHttpClient.java:118)
	at org.apache.http.impl.client.CloseableHttpClient.execute(CloseableHttpClient.java:56)
	at com.sun.jersey.client.apache4.ApacheHttpClient4Handler.handle(ApacheHttpClient4Handler.java:173)
	... 29 common frames omitted
[2026-08-24 09:06:55 IST] WARN [Service Name -> bookstore-payment-service], [TraceId -> ], [SpanId -> ] 
      <DiscoveryClient-CacheRefreshExecutor-0> com.netflix.discovery.shared.transport.decorator.RetryableEurekaHttpClient : Request execution failed with message: java.net.ConnectException: Connection refused: connect
[2026-08-24 09:06:55 IST] INFO [Service Name -> bookstore-payment-service], [TraceId -> ], [SpanId -> ] 
      <SpringContextShutdownHook> com.netflix.discovery.DiscoveryClient : Unregistering ...
[2026-08-24 09:06:55 IST] WARN [Service Name -> bookstore-payment-service], [TraceId -> ], [SpanId -> ] 
      <DiscoveryClient-1> com.netflix.discovery.TimedSupervisorTask : task supervisor shutting down, can't accept the task
[2026-08-24 09:06:59 IST] ERROR [Service Name -> bookstore-payment-service], [TraceId -> ], [SpanId -> ] 
      <DiscoveryClient-CacheRefreshExecutor-0> com.netflix.discovery.shared.transport.decorator.RedirectingEurekaHttpClient : Request execution error. endpoint=DefaultEndpoint{ serviceUrl='http://localhost:8761/eureka/}
com.sun.jersey.api.client.ClientHandlerException: java.net.ConnectException: Connection refused: connect
	at com.sun.jersey.client.apache4.ApacheHttpClient4Handler.handle(ApacheHttpClient4Handler.java:187)
	at com.sun.jersey.api.client.filter.GZIPContentEncodingFilter.handle(GZIPContentEncodingFilter.java:123)
	at com.netflix.discovery.EurekaIdentityHeaderFilter.handle(EurekaIdentityHeaderFilter.java:27)
	at com.sun.jersey.api.client.Client.handle(Client.java:652)
	at com.sun.jersey.api.client.WebResource.handle(WebResource.java:682)
	at com.sun.jersey.api.client.WebResource.access$200(WebResource.java:74)
	at com.sun.jersey.api.client.WebResource$Builder.get(WebResource.java:509)
	at com.netflix.discovery.shared.transport.jersey.AbstractJerseyEurekaHttpClient.getApplicationsInternal(AbstractJerseyEurekaHttpClient.java:194)
	at com.netflix.discovery.shared.transport.jersey.AbstractJerseyEurekaHttpClient.getDelta(AbstractJerseyEurekaHttpClient.java:170)
	at com.netflix.discovery.shared.transport.decorator.EurekaHttpClientDecorator$7.execute(EurekaHttpClientDecorator.java:152)
	at com.netflix.discovery.shared.transport.decorator.MetricsCollectingEurekaHttpClient.execute(MetricsCollectingEurekaHttpClient.java:73)
	at com.netflix.discovery.shared.transport.decorator.EurekaHttpClientDecorator.getDelta(EurekaHttpClientDecorator.java:149)
	at com.netflix.discovery.shared.transport.decorator.EurekaHttpClientDecorator$7.execute(EurekaHttpClientDecorator.java:152)
	at com.netflix.discovery.shared.transport.decorator.RedirectingEurekaHttpClient.executeOnNewServer(RedirectingEurekaHttpClient.java:118)
	at com.netflix.discovery.shared.transport.decorator.RedirectingEurekaHttpClient.execute(RedirectingEurekaHttpClient.java:79)
	at com.netflix.discovery.shared.transport.decorator.EurekaHttpClientDecorator.getDelta(EurekaHttpClientDecorator.java:149)
	at com.netflix.discovery.shared.transport.decorator.EurekaHttpClientDecorator$7.execute(EurekaHttpClientDecorator.java:152)
	at com.netflix.discovery.shared.transport.decorator.RetryableEurekaHttpClient.execute(RetryableEurekaHttpClient.java:120)
	at com.netflix.discovery.shared.transport.decorator.EurekaHttpClientDecorator.getDelta(EurekaHttpClientDecorator.java:149)
	at com.netflix.discovery.shared.transport.decorator.EurekaHttpClientDecorator$7.execute(EurekaHttpClientDecorator.java:152)
	at com.netflix.discovery.shared.transport.decorator.SessionedEurekaHttpClient.execute(SessionedEurekaHttpClient.java:77)
	at com.netflix.discovery.shared.transport.decorator.EurekaHttpClientDecorator.getDelta(EurekaHttpClientDecorator.java:149)
	at com.netflix.discovery.DiscoveryClient.getAndUpdateDelta(DiscoveryClient.java:1103)
	at com.netflix.discovery.DiscoveryClient.fetchRegistry(DiscoveryClient.java:985)
	at com.netflix.discovery.DiscoveryClient.refreshRegistry(DiscoveryClient.java:1497)
	at com.netflix.discovery.DiscoveryClient$CacheRefreshThread.run(DiscoveryClient.java:1464)
	at java.util.concurrent.Executors$RunnableAdapter.call(Executors.java:511)
	at java.util.concurrent.FutureTask.run(FutureTask.java:266)
	at java.util.concurrent.ThreadPoolExecutor.runWorker(ThreadPoolExecutor.java:1149)
	at java.util.concurrent.ThreadPoolExecutor$Worker.run(ThreadPoolExecutor.java:624)
	at java.lang.Thread.run(Thread.java:750)
Caused by: java.net.ConnectException: Connection refused: connect
	at java.net.DualStackPlainSocketImpl.waitForConnect(Native Method)
	at java.net.DualStackPlainSocketImpl.socketConnect(DualStackPlainSocketImpl.java:85)
	at java.net.AbstractPlainSocketImpl.doConnect(AbstractPlainSocketImpl.java:350)
	at java.net.AbstractPlainSocketImpl.connectToAddress(AbstractPlainSocketImpl.java:206)
	at java.net.AbstractPlainSocketImpl.connect(AbstractPlainSocketImpl.java:188)
	at java.net.PlainSocketImpl.connect(PlainSocketImpl.java:172)
	at java.net.SocksSocketImpl.connect(SocksSocketImpl.java:392)
	at java.net.Socket.connect(Socket.java:607)
	at org.apache.http.conn.scheme.PlainSocketFactory.connectSocket(PlainSocketFactory.java:121)
	at org.apache.http.impl.conn.DefaultClientConnectionOperator.openConnection(DefaultClientConnectionOperator.java:180)
	at org.apache.http.impl.conn.AbstractPoolEntry.open(AbstractPoolEntry.java:144)
	at org.apache.http.impl.conn.AbstractPooledConnAdapter.open(AbstractPooledConnAdapter.java:134)
	at org.apache.http.impl.client.DefaultRequestDirector.tryConnect(DefaultRequestDirector.java:605)
	at org.apache.http.impl.client.DefaultRequestDirector.execute(DefaultRequestDirector.java:440)
	at org.apache.http.impl.client.AbstractHttpClient.doExecute(AbstractHttpClient.java:835)
	at org.apache.http.impl.client.CloseableHttpClient.execute(CloseableHttpClient.java:118)
	at org.apache.http.impl.client.CloseableHttpClient.execute(CloseableHttpClient.java:56)
	at com.sun.jersey.client.apache4.ApacheHttpClient4Handler.handle(ApacheHttpClient4Handler.java:173)
	... 30 common frames omitted
[2026-08-24 09:06:59 IST] WARN [Service Name -> bookstore-payment-service], [TraceId -> ], [SpanId -> ] 
      <DiscoveryClient-CacheRefreshExecutor-0> com.netflix.discovery.shared.transport.decorator.RetryableEurekaHttpClient : Request execution failed with message: java.net.ConnectException: Connection refused: connect
[2026-08-24 09:06:59 IST] ERROR [Service Name -> bookstore-payment-service], [TraceId -> ], [SpanId -> ] 
      <DiscoveryClient-CacheRefreshExecutor-0> com.netflix.discovery.DiscoveryClient : DiscoveryClient_BOOKSTORE-PAYMENT-SERVICE/LAPTOP-PIAE5DDA:bookstore-payment-service:8001 - was unable to refresh its cache! status = Cannot execute request on any known server
com.netflix.discovery.shared.transport.TransportException: Cannot execute request on any known server
	at com.netflix.discovery.shared.transport.decorator.RetryableEurekaHttpClient.execute(RetryableEurekaHttpClient.java:112)
	at com.netflix.discovery.shared.transport.decorator.EurekaHttpClientDecorator.getDelta(EurekaHttpClientDecorator.java:149)
	at com.netflix.discovery.shared.transport.decorator.EurekaHttpClientDecorator$7.execute(EurekaHttpClientDecorator.java:152)
	at com.netflix.discovery.shared.transport.decorator.SessionedEurekaHttpClient.execute(SessionedEurekaHttpClient.java:77)
	at com.netflix.discovery.shared.transport.decorator.EurekaHttpClientDecorator.getDelta(EurekaHttpClientDecorator.java:149)
	at com.netflix.discovery.DiscoveryClient.getAndUpdateDelta(DiscoveryClient.java:1103)
	at com.netflix.discovery.DiscoveryClient.fetchRegistry(DiscoveryClient.java:985)
	at com.netflix.discovery.DiscoveryClient.refreshRegistry(DiscoveryClient.java:1497)
	at com.netflix.discovery.DiscoveryClient$CacheRefreshThread.run(DiscoveryClient.java:1464)
	at java.util.concurrent.Executors$RunnableAdapter.call(Executors.java:511)
	at java.util.concurrent.FutureTask.run(FutureTask.java:266)
	at java.util.concurrent.ThreadPoolExecutor.runWorker(ThreadPoolExecutor.java:1149)
	at java.util.concurrent.ThreadPoolExecutor$Worker.run(ThreadPoolExecutor.java:624)
	at java.lang.Thread.run(Thread.java:750)
[2026-08-24 09:06:59 IST] ERROR [Service Name -> bookstore-payment-service], [TraceId -> ], [SpanId -> ] 
      <SpringContextShutdownHook> com.netflix.discovery.shared.transport.decorator.RedirectingEurekaHttpClient : Request execution error. endpoint=DefaultEndpoint{ serviceUrl='http://localhost:8761/eureka/}
com.sun.jersey.api.client.ClientHandlerException: java.net.ConnectException: Connection refused: connect
	at com.sun.jersey.client.apache4.ApacheHttpClient4Handler.handle(ApacheHttpClient4Handler.java:187)
	at com.sun.jersey.api.client.filter.GZIPContentEncodingFilter.handle(GZIPContentEncodingFilter.java:123)
	at com.netflix.discovery.EurekaIdentityHeaderFilter.handle(EurekaIdentityHeaderFilter.java:27)
	at com.sun.jersey.api.client.Client.handle(Client.java:652)
	at com.sun.jersey.api.client.WebResource.handle(WebResource.java:682)
	at com.sun.jersey.api.client.WebResource.access$200(WebResource.java:74)
	at com.sun.jersey.api.client.WebResource$Builder.delete(WebResource.java:591)
	at com.netflix.discovery.shared.transport.jersey.AbstractJerseyEurekaHttpClient.cancel(AbstractJerseyEurekaHttpClient.java:76)
	at com.netflix.discovery.shared.transport.decorator.EurekaHttpClientDecorator$2.execute(EurekaHttpClientDecorator.java:74)
	at com.netflix.discovery.shared.transport.decorator.MetricsCollectingEurekaHttpClient.execute(MetricsCollectingEurekaHttpClient.java:73)
	at com.netflix.discovery.shared.transport.decorator.EurekaHttpClientDecorator.cancel(EurekaHttpClientDecorator.java:71)
	at com.netflix.discovery.shared.transport.decorator.EurekaHttpClientDecorator$2.execute(EurekaHttpClientDecorator.java:74)
	at com.netflix.discovery.shared.transport.decorator.RedirectingEurekaHttpClient.executeOnNewServer(RedirectingEurekaHttpClient.java:118)
	at com.netflix.discovery.shared.transport.decorator.RedirectingEurekaHttpClient.execute(RedirectingEurekaHttpClient.java:79)
	at com.netflix.discovery.shared.transport.decorator.EurekaHttpClientDecorator.cancel(EurekaHttpClientDecorator.java:71)
	at com.netflix.discovery.shared.transport.decorator.EurekaHttpClientDecorator$2.execute(EurekaHttpClientDecorator.java:74)
	at com.netflix.discovery.shared.transport.decorator.RetryableEurekaHttpClient.execute(RetryableEurekaHttpClient.java:120)
	at com.netflix.discovery.shared.transport.decorator.EurekaHttpClientDecorator.cancel(EurekaHttpClientDecorator.java:71)
	at com.netflix.discovery.shared.transport.decorator.EurekaHttpClientDecorator$2.execute(EurekaHttpClientDecorator.java:74)
	at com.netflix.discovery.shared.transport.decorator.SessionedEurekaHttpClient.execute(SessionedEurekaHttpClient.java:77)
	at com.netflix.discovery.shared.transport.decorator.EurekaHttpClientDecorator.cancel(EurekaHttpClientDecorator.java:71)
	at com.netflix.discovery.DiscoveryClient.unregister(DiscoveryClient.java:941)
	at com.netflix.discovery.DiscoveryClient.shutdown(DiscoveryClient.java:919)
	at sun.reflect.NativeMethodAccessorImpl.invoke0(Native Method)
	at sun.reflect.NativeMethodAccessorImpl.invoke(NativeMethodAccessorImpl.java:62)
	at sun.reflect.DelegatingMethodAccessorImpl.invoke(DelegatingMethodAccessorImpl.java:43)
	at java.lang.reflect.Method.invoke(Method.java:498)
	at org.springframework.beans.factory.annotation.InitDestroyAnnotationBeanPostProcessor$LifecycleElement.invoke(InitDestroyAnnotationBeanPostProcessor.java:389)
	at org.springframework.beans.factory.annotation.InitDestroyAnnotationBeanPostProcessor$LifecycleMetadata.invokeDestroyMethods(InitDestroyAnnotationBeanPostProcessor.java:347)
	at org.springframework.beans.factory.annotation.InitDestroyAnnotationBeanPostProcessor.postProcessBeforeDestruction(InitDestroyAnnotationBeanPostProcessor.java:177)
	at org.springframework.beans.factory.support.DisposableBeanAdapter.destroy(DisposableBeanAdapter.java:242)
	at org.springframework.beans.factory.support.DisposableBeanAdapter.run(DisposableBeanAdapter.java:235)
	at org.springframework.cloud.context.scope.GenericScope$BeanLifecycleWrapper.destroy(GenericScope.java:403)
	at org.springframework.cloud.context.scope.GenericScope.destroy(GenericScope.java:142)
	at org.springframework.beans.factory.support.DisposableBeanAdapter.destroy(DisposableBeanAdapter.java:258)
	at org.springframework.beans.factory.support.DefaultSingletonBeanRegistry.destroyBean(DefaultSingletonBeanRegistry.java:587)
	at org.springframework.beans.factory.support.DefaultSingletonBeanRegistry.destroySingleton(DefaultSingletonBeanRegistry.java:559)
	at org.springframework.beans.factory.support.DefaultListableBeanFactory.destroySingleton(DefaultListableBeanFactory.java:1092)
	at org.springframework.beans.factory.support.DefaultSingletonBeanRegistry.destroySingletons(DefaultSingletonBeanRegistry.java:520)
	at org.springframework.beans.factory.support.DefaultListableBeanFactory.destroySingletons(DefaultListableBeanFactory.java:1085)
	at org.springframework.context.support.AbstractApplicationContext.destroyBeans(AbstractApplicationContext.java:1061)
	at org.springframework.context.support.AbstractApplicationContext.doClose(AbstractApplicationContext.java:1030)
	at org.springframework.boot.web.servlet.context.ServletWebServerApplicationContext.doClose(ServletWebServerApplicationContext.java:170)
	at org.springframework.context.support.AbstractApplicationContext$1.run(AbstractApplicationContext.java:949)
Caused by: java.net.ConnectException: Connection refused: connect
	at java.net.DualStackPlainSocketImpl.waitForConnect(Native Method)
	at java.net.DualStackPlainSocketImpl.socketConnect(DualStackPlainSocketImpl.java:85)
	at java.net.AbstractPlainSocketImpl.doConnect(AbstractPlainSocketImpl.java:350)
	at java.net.AbstractPlainSocketImpl.connectToAddress(AbstractPlainSocketImpl.java:206)
	at java.net.AbstractPlainSocketImpl.connect(AbstractPlainSocketImpl.java:188)
	at java.net.PlainSocketImpl.connect(PlainSocketImpl.java:172)
	at java.net.SocksSocketImpl.connect(SocksSocketImpl.java:392)
	at java.net.Socket.connect(Socket.java:607)
	at org.apache.http.conn.scheme.PlainSocketFactory.connectSocket(PlainSocketFactory.java:121)
	at org.apache.http.impl.conn.DefaultClientConnectionOperator.openConnection(DefaultClientConnectionOperator.java:180)
	at org.apache.http.impl.conn.AbstractPoolEntry.open(AbstractPoolEntry.java:144)
	at org.apache.http.impl.conn.AbstractPooledConnAdapter.open(AbstractPooledConnAdapter.java:134)
	at org.apache.http.impl.client.DefaultRequestDirector.tryConnect(DefaultRequestDirector.java:605)
	at org.apache.http.impl.client.DefaultRequestDirector.execute(DefaultRequestDirector.java:440)
	at org.apache.http.impl.client.AbstractHttpClient.doExecute(AbstractHttpClient.java:835)
	at org.apache.http.impl.client.CloseableHttpClient.execute(CloseableHttpClient.java:118)
	at org.apache.http.impl.client.CloseableHttpClient.execute(CloseableHttpClient.java:56)
	at com.sun.jersey.client.apache4.ApacheHttpClient4Handler.handle(ApacheHttpClient4Handler.java:173)
	... 43 common frames omitted
[2026-08-24 09:06:59 IST] WARN [Service Name -> bookstore-payment-service], [TraceId -> ], [SpanId -> ] 
      <SpringContextShutdownHook> com.netflix.discovery.shared.transport.decorator.RetryableEurekaHttpClient : Request execution failed with message: java.net.ConnectException: Connection refused: connect
[2026-08-24 09:06:59 IST] ERROR [Service Name -> bookstore-payment-service], [TraceId -> ], [SpanId -> ] 
      <SpringContextShutdownHook> com.netflix.discovery.DiscoveryClient : DiscoveryClient_BOOKSTORE-PAYMENT-SERVICE/LAPTOP-PIAE5DDA:bookstore-payment-service:8001 - de-registration failedCannot execute request on any known server
com.netflix.discovery.shared.transport.TransportException: Cannot execute request on any known server
	at com.netflix.discovery.shared.transport.decorator.RetryableEurekaHttpClient.execute(RetryableEurekaHttpClient.java:112)
	at com.netflix.discovery.shared.transport.decorator.EurekaHttpClientDecorator.cancel(EurekaHttpClientDecorator.java:71)
	at com.netflix.discovery.shared.transport.decorator.EurekaHttpClientDecorator$2.execute(EurekaHttpClientDecorator.java:74)
	at com.netflix.discovery.shared.transport.decorator.SessionedEurekaHttpClient.execute(SessionedEurekaHttpClient.java:77)
	at com.netflix.discovery.shared.transport.decorator.EurekaHttpClientDecorator.cancel(EurekaHttpClientDecorator.java:71)
	at com.netflix.discovery.DiscoveryClient.unregister(DiscoveryClient.java:941)
	at com.netflix.discovery.DiscoveryClient.shutdown(DiscoveryClient.java:919)
	at sun.reflect.NativeMethodAccessorImpl.invoke0(Native Method)
	at sun.reflect.NativeMethodAccessorImpl.invoke(NativeMethodAccessorImpl.java:62)
	at sun.reflect.DelegatingMethodAccessorImpl.invoke(DelegatingMethodAccessorImpl.java:43)
	at java.lang.reflect.Method.invoke(Method.java:498)
	at org.springframework.beans.factory.annotation.InitDestroyAnnotationBeanPostProcessor$LifecycleElement.invoke(InitDestroyAnnotationBeanPostProcessor.java:389)
	at org.springframework.beans.factory.annotation.InitDestroyAnnotationBeanPostProcessor$LifecycleMetadata.invokeDestroyMethods(InitDestroyAnnotationBeanPostProcessor.java:347)
	at org.springframework.beans.factory.annotation.InitDestroyAnnotationBeanPostProcessor.postProcessBeforeDestruction(InitDestroyAnnotationBeanPostProcessor.java:177)
	at org.springframework.beans.factory.support.DisposableBeanAdapter.destroy(DisposableBeanAdapter.java:242)
	at org.springframework.beans.factory.support.DisposableBeanAdapter.run(DisposableBeanAdapter.java:235)
	at org.springframework.cloud.context.scope.GenericScope$BeanLifecycleWrapper.destroy(GenericScope.java:403)
	at org.springframework.cloud.context.scope.GenericScope.destroy(GenericScope.java:142)
	at org.springframework.beans.factory.support.DisposableBeanAdapter.destroy(DisposableBeanAdapter.java:258)
	at org.springframework.beans.factory.support.DefaultSingletonBeanRegistry.destroyBean(DefaultSingletonBeanRegistry.java:587)
	at org.springframework.beans.factory.support.DefaultSingletonBeanRegistry.destroySingleton(DefaultSingletonBeanRegistry.java:559)
	at org.springframework.beans.factory.support.DefaultListableBeanFactory.destroySingleton(DefaultListableBeanFactory.java:1092)
	at org.springframework.beans.factory.support.DefaultSingletonBeanRegistry.destroySingletons(DefaultSingletonBeanRegistry.java:520)
	at org.springframework.beans.factory.support.DefaultListableBeanFactory.destroySingletons(DefaultListableBeanFactory.java:1085)
	at org.springframework.context.support.AbstractApplicationContext.destroyBeans(AbstractApplicationContext.java:1061)
	at org.springframework.context.support.AbstractApplicationContext.doClose(AbstractApplicationContext.java:1030)
	at org.springframework.boot.web.servlet.context.ServletWebServerApplicationContext.doClose(ServletWebServerApplicationContext.java:170)
	at org.springframework.context.support.AbstractApplicationContext$1.run(AbstractApplicationContext.java:949)
[2026-08-24 09:06:59 IST] INFO [Service Name -> bookstore-payment-service], [TraceId -> ], [SpanId -> ] 
      <SpringContextShutdownHook> com.netflix.discovery.DiscoveryClient : Completed shut down of DiscoveryClient
[2026-08-24 09:06:59 IST] INFO [Service Name -> bookstore-payment-service], [TraceId -> ], [SpanId -> ] 
      <SpringContextShutdownHook> com.zaxxer.hikari.HikariDataSource : HikariPool-1 - Shutdown initiated...
[2026-08-24 09:06:59 IST] INFO [Service Name -> bookstore-payment-service], [TraceId -> ], [SpanId -> ] 
      <SpringContextShutdownHook> com.zaxxer.hikari.HikariDataSource : HikariPool-1 - Shutdown completed.
